4.944125976562500000e+02,9.919353515625000000e+03,8.248022460937500000e+01,4.929399414062500000e+03,1.128134643554687500e+03,9.292987060546875000e+01,3.820602722167968750e+02,1.449853668212890625e+02,2.930859375000000000e+03,1.412282128906250000e+04,7.436694335937500000e+01,1.510075683593750000e+03,8.268565673828125000e+02,2.373254394531250000e+01,3.725565429687500000e+03,1.388098632812500000e+03,7.548579101562500000e+02,7.916920471191406250e+01,1.862364746093750000e+03,6.082114257812500000e+02,4.663714355468750000e+03,1.586801757812500000e+02,1.987495727539062500e+02,1.880155517578125000e+03,2.391320800781250000e+02,4.316973876953125000e+01,2.713574707031250000e+03,1.490264892578125000e+02,9.030781250000000000e+02,5.709402465820312500e+02,1.666664062500000000e+03,1.614418164062500000e+04,1.975488281250000000e+01,4.999895507812500000e+03,7.794384155273437500e+02,2.347131347656250000e+01,3.242473144531250000e+03,7.147229003906250000e+01,2.348260742187500000e+03,8.760984497070312500e+02,1.184355346679687500e+03,1.529481445312500000e+03,2.443552734375000000e+03,8.678485107421875000e+02,1.581347656250000000e+02,2.986018798828125000e+03,4.601386718750000000e+02,1.983188476562500000e+02,2.200618133544921875e+02
6.077979736328125000e+02,3.928340332031250000e+03,2.061250610351562500e+02,6.730766601562500000e+03,7.489035156250000000e+03,7.576354980468750000e+01,4.034419860839843750e+02,1.280571594238281250e+02,2.948442382812500000e+03,3.102169677734375000e+03,7.718096923828125000e+02,9.296645507812500000e+02,1.988739257812500000e+03,4.939281616210937500e+02,7.937226562500000000e+02,1.140286499023437500e+03,8.699077148437500000e+02,2.660171508789062500e+01,4.017359619140625000e+02,5.808615722656250000e+02,2.671670166015625000e+03,1.052780761718750000e+02,1.082584838867187500e+02,2.599338867187500000e+03,2.607894287109375000e+02,2.591970214843750000e+02,7.399758300781250000e+02,1.393737182617187500e+02,3.903222656250000000e+01,6.273784179687500000e+02,2.414562500000000000e+03,3.606309570312500000e+03,2.492430725097656250e+02,1.089780273437500000e+04,1.001712097167968750e+03,9.316781005859375000e+02,4.296221679687500000e+03,9.150100708007812500e+01,2.732767333984375000e+03,2.089004058837890625e+02,1.035275878906250000e+02,1.957110351562500000e+03,4.468219726562500000e+03,2.186566772460937500e+02,8.630932617187500000e+02,1.839054077148437500e+03,4.340440673828125000e+02,1.015989257812500000e+03,3.126449584960937500e+02
3.812860107421875000e+02,2.876327392578125000e+03,1.590941162109375000e+02,3.714216406250000000e+04,2.680107421875000000e+03,3.348059082031250000e+01,9.747320556640625000e+02,6.700987243652343750e+01,3.077120117187500000e+03,3.046311035156250000e+03,1.355108642578125000e+01,3.048448242187500000e+03,3.043395996093750000e+02,1.470112915039062500e+03,7.249206542968750000e+02,8.431442871093750000e+02,1.165287109375000000e+03,6.730004882812500000e+01,2.553911132812500000e+02,4.396289062500000000e+02,3.384831542968750000e+03,3.221252441406250000e+02,9.432324218750000000e+01,4.636717773437500000e+03,1.140767456054687500e+03,4.498550415039062500e+02,7.843410644531250000e+02,2.439138793945312500e+01,7.287109375000000000e+00,5.926363525390625000e+02,5.895638671875000000e+03,2.834379882812500000e+03,1.273547058105468750e+02,3.763219726562500000e+03,6.987920532226562500e+02,2.332165527343750000e+02,2.140573730468750000e+03,9.999514770507812500e+01,2.156820312500000000e+03,2.381613311767578125e+02,2.976857910156250000e+02,9.281611328125000000e+02,1.260878540039062500e+03,1.139263916015625000e+02,6.763305664062500000e+02,3.386037109375000000e+03,3.781987304687500000e+02,5.729416503906250000e+02,4.567507934570312500e+02
8.376351928710937500e+02,5.487821777343750000e+03,2.354691162109375000e+02,1.405312500000000000e+04,1.929134277343750000e+03,6.356912841796875000e+02,3.926182861328125000e+02,9.754327392578125000e+01,1.246514648437500000e+03,3.233620605468750000e+03,1.016321533203125000e+03,3.225395019531250000e+03,2.140938232421875000e+03,1.477363281250000000e+02,9.612813720703125000e+02,1.842710937500000000e+03,1.038080810546875000e+03,5.542340087890625000e+01,1.306798339843750000e+03,3.047028808593750000e+03,3.912535156250000000e+03,1.986723144531250000e+03,7.759907226562500000e+02,2.755587890625000000e+03,6.802515258789062500e+02,1.131998046875000000e+03,9.936084594726562500e+02,4.103841552734375000e+02,2.892951171875000000e+03,7.118202514648437500e+02,6.708721679687500000e+03,3.476819335937500000e+03,2.440771179199218750e+02,3.769439941406250000e+03,3.799967041015625000e+02,1.029934082031250000e+03,2.979350097656250000e+03,3.045068664550781250e+02,2.207245605468750000e+03,2.430642700195312500e+02,2.452513671875000000e+03,9.945673828125000000e+02,3.008379394531250000e+03,1.975335083007812500e+02,2.803516601562500000e+03,1.951354492187500000e+03,9.958291015625000000e+02,2.552873779296875000e+03,4.570792236328125000e+02
1.006217956542968750e+03,3.430358398437500000e+03,4.171176147460937500e+02,1.254296777343750000e+04,1.802948974609375000e+03,8.484450683593750000e+02,3.812198791503906250e+02,2.207257385253906250e+02,9.268278320312500000e+03,3.151423828125000000e+03,9.919415893554687500e+02,3.739973144531250000e+03,2.203267822265625000e+03,1.270341552734375000e+03,9.241734619140625000e+02,1.259539062500000000e+03,1.060013183593750000e+03,3.042716674804687500e+02,1.315114135742187500e+03,2.901764892578125000e+03,3.412677734375000000e+03,1.849305419921875000e+03,8.085786132812500000e+02,2.770887695312500000e+03,3.815554199218750000e+02,9.944510498046875000e+02,1.498101318359375000e+03,4.877225036621093750e+02,2.175868164062500000e+03,5.729678955078125000e+02,7.632425781250000000e+03,3.360088134765625000e+03,3.067546386718750000e+02,4.496710449218750000e+03,1.067592041015625000e+03,2.143372314453125000e+03,4.235979003906250000e+03,3.372406921386718750e+02,2.214613281250000000e+03,2.263290100097656250e+02,2.626193359375000000e+03,1.980630859375000000e+03,1.555541015625000000e+03,1.970089569091796875e+02,2.732006103515625000e+03,2.519358642578125000e+03,1.296031250000000000e+03,2.041609375000000000e+03,3.132235717773437500e+02
1.855121582031250000e+03,2.805576904296875000e+03,5.235618896484375000e+02,1.039324609375000000e+04,8.552944335937500000e+02,8.492687988281250000e+02,4.089637145996093750e+02,1.614679107666015625e+02,6.918286132812500000e+03,3.045663085937500000e+03,1.410891113281250000e+02,4.766942382812500000e+03,1.514229858398437500e+03,8.332436523437500000e+02,8.370665283203125000e+02,8.253609375000000000e+03,1.386750732421875000e+03,2.560839538574218750e+02,5.618847656250000000e+02,1.534277099609375000e+03,3.266465576171875000e+03,1.603247070312500000e+01,8.325867919921875000e+02,2.428556640625000000e+03,3.675664062500000000e+02,9.823797607421875000e+02,8.992003173828125000e+02,1.782681274414062500e+02,2.765352783203125000e+03,2.013337646484375000e+03,5.776275390625000000e+03,2.905145019531250000e+03,2.548458557128906250e+02,3.626861328125000000e+03,8.978643188476562500e+02,2.819943115234375000e+03,4.059352783203125000e+03,3.158524169921875000e+02,3.172276123046875000e+03,2.309407348632812500e+02,2.688942382812500000e+03,2.688299316406250000e+03,1.356587158203125000e+03,1.268696289062500000e+02,4.324617675781250000e+03,3.922082519531250000e+03,6.436041259765625000e+02,2.198994140625000000e+03,4.630026245117187500e+02
3.159047851562500000e+02,3.202812500000000000e+03,1.071643066406250000e+02,2.031404492187500000e+04,1.410516113281250000e+03,1.600528564453125000e+02,4.091438293457031250e+02,2.520184936523437500e+02,9.351230468750000000e+02,3.106917236328125000e+03,7.720233764648437500e+02,2.885109863281250000e+02,2.000301147460937500e+03,1.054377441406250000e+02,9.873472290039062500e+02,1.442804443359375000e+03,1.313757080078125000e+03,1.884736328125000000e+02,1.955814941406250000e+03,9.866931152343750000e+02,3.056990234375000000e+03,2.206130859375000000e+03,8.577056884765625000e+01,2.031120605468750000e+03,6.078103027343750000e+02,3.224530029296875000e+02,3.516938476562500000e+02,2.547801818847656250e+02,1.236921386718750000e+02,8.882324218750000000e+01,4.555481445312500000e+03,1.972650634765625000e+03,3.103025817871093750e+02,3.631363769531250000e+03,5.889241943359375000e+02,1.048400878906250000e+02,2.544870117187500000e+03,1.910052185058593750e+02,8.170092773437500000e+03,2.688454589843750000e+02,3.927920898437500000e+03,1.918323730468750000e+03,1.374370361328125000e+03,1.972748565673828125e+02,4.700209960937500000e+02,1.906079345703125000e+03,2.466468505859375000e+02,8.954001464843750000e+02,2.003426635742187500e+03
9.337708740234375000e+02,1.111907812500000000e+04,1.876820068359375000e+02,6.489968750000000000e+03,3.905828857421875000e+02,2.932893066406250000e+02,7.760104980468750000e+02,2.031442260742187500e+01,4.712638671875000000e+03,1.166227539062500000e+04,1.696008300781250000e+01,3.050427734375000000e+03,1.696379394531250000e+02,1.790478515625000000e+02,1.378071044921875000e+03,1.504602905273437500e+03,6.593889770507812500e+02,1.092026824951171875e+02,3.887817382812500000e+01,1.043221679687500000e+03,5.882039550781250000e+03,3.412059326171875000e+02,3.573755493164062500e+02,1.807581054687500000e+03,3.242072143554687500e+02,5.203890380859375000e+02,2.600570312500000000e+03,3.549388427734375000e+02,1.309375000000000000e+01,3.376514282226562500e+02,3.989394531250000000e+03,2.144774804687500000e+04,2.818309326171875000e+02,3.748682128906250000e+03,7.426720581054687500e+02,2.585891113281250000e+02,3.749413574218750000e+03,1.454161682128906250e+02,2.134785644531250000e+03,3.971574707031250000e+02,1.002622924804687500e+03,1.610672851562500000e+03,2.840530761718750000e+03,5.747553710937500000e+02,6.318930664062500000e+02,3.681559326171875000e+03,4.732513427734375000e+02,1.802026367187500000e+02,4.272620849609375000e+02
9.466248779296875000e+02,4.724699218750000000e+03,1.940512695312500000e+02,8.229411132812500000e+03,2.488208007812500000e+03,1.010168457031250000e+02,1.279276123046875000e+02,5.552348327636718750e+01,3.877164062500000000e+03,3.186518066406250000e+03,9.390480957031250000e+02,2.467500000000000000e+03,1.986399291992187500e+03,7.090429687500000000e+02,9.142333984375000000e+02,1.489650756835937500e+03,8.678742675781250000e+02,2.832409667968750000e+01,3.723277587890625000e+02,9.264611816406250000e+02,3.025102294921875000e+03,2.255600585937500000e+02,1.730752563476562500e+02,2.468424316406250000e+03,4.426156921386718750e+02,4.865080566406250000e+02,5.076513671875000000e+01,1.736312866210937500e+02,5.924191894531250000e+02,6.355883789062500000e+01,2.590887695312500000e+03,2.783163085937500000e+03,4.748088989257812500e+02,8.814839843750000000e+03,1.003230285644531250e+03,2.728646240234375000e+02,4.126225585937500000e+03,1.637158203125000000e+01,2.637176757812500000e+03,2.449742736816406250e+02,8.728266601562500000e+02,2.246863769531250000e+03,3.439759033203125000e+03,1.789632263183593750e+02,1.223767089843750000e+02,1.582051147460937500e+03,5.130533447265625000e+02,2.217744140625000000e+02,4.552089843750000000e+02
8.903942260742187500e+02,3.099256835937500000e+03,2.318817138671875000e+01,2.060857812500000000e+04,1.785627929687500000e+03,5.255224609375000000e+01,1.474505615234375000e+02,4.066546630859375000e+01,3.173550781250000000e+03,3.132629394531250000e+03,8.788952636718750000e+01,4.803901367187500000e+02,7.260483398437500000e+02,1.199812377929687500e+03,7.578057250976562500e+02,5.130634765625000000e+02,1.016381347656250000e+03,8.099530029296875000e+01,5.949633789062500000e+02,1.037878662109375000e+03,3.080637695312500000e+03,3.954742431640625000e+02,3.669267578125000000e+02,4.513938476562500000e+03,1.079501708984375000e+03,4.580761718750000000e+02,1.956397705078125000e+02,2.415977172851562500e+02,8.958618164062500000e+01,8.578015136718750000e+01,3.379627929687500000e+03,3.216036865234375000e+03,1.724591674804687500e+02,3.802125488281250000e+03,8.046875000000000000e+02,1.566092529296875000e+02,3.986180175781250000e+03,4.876281738281250000e+00,4.699896484375000000e+03,2.699773559570312500e+02,1.758961914062500000e+03,2.544677734375000000e+02,1.739817749023437500e+03,1.556484527587890625e+02,5.132395019531250000e+02,4.783609375000000000e+03,8.502928466796875000e+02,1.637182617187500000e+02,4.616572875976562500e+02
1.042479980468750000e+03,5.594495605468750000e+03,8.538305664062500000e+01,1.385322363281250000e+04,3.356493652343750000e+03,7.028848266601562500e+02,3.929387512207031250e+02,1.923218536376953125e+02,8.998191406250000000e+03,3.317613769531250000e+03,1.019044067382812500e+03,3.517968505859375000e+03,2.184825683593750000e+03,9.735956420898437500e+02,1.012201477050781250e+03,1.673846679687500000e+03,1.190542480468750000e+03,2.882135009765625000e+01,1.173717529296875000e+03,2.899774169921875000e+03,3.528064208984375000e+03,1.781647338867187500e+03,8.181210327148437500e+02,2.811987792968750000e+03,7.593413085937500000e+02,1.230935302734375000e+03,1.172118164062500000e+03,3.093630371093750000e+02,9.510759277343750000e+02,9.646594238281250000e+02,6.276967773437500000e+03,3.504127685546875000e+03,3.068761596679687500e+02,3.651680908203125000e+03,1.000187011718750000e+03,1.246057006835937500e+03,6.002672363281250000e+03,2.772963562011718750e+02,3.796754882812500000e+03,5.102192077636718750e+02,3.046590576171875000e+03,2.111982421875000000e+03,3.049653808593750000e+03,1.550239410400390625e+02,2.692004882812500000e+03,1.687807739257812500e+03,7.574456787109375000e+02,1.742675537109375000e+03,4.617409667968750000e+02
7.825695800781250000e+02,3.549776367187500000e+03,2.361419677734375000e+02,2.632902148437500000e+04,3.261854003906250000e+03,5.978500976562500000e+02,3.785202331542968750e+02,1.513693237304687500e+02,8.707934570312500000e+03,3.176017333984375000e+03,9.822112426757812500e+02,2.934653808593750000e+03,2.073969970703125000e+03,9.487663574218750000e+02,9.082521972656250000e+02,1.831924194335937500e+03,1.182654174804687500e+03,2.921840515136718750e+02,1.182935546875000000e+03,2.813212646484375000e+03,3.316662841796875000e+03,2.127727294921875000e+03,8.099553222656250000e+02,2.384961181640625000e+03,6.920817260742187500e+02,1.049386474609375000e+03,9.660722656250000000e+02,2.877546997070312500e+02,1.397196044921875000e+03,1.003037170410156250e+03,6.760030761718750000e+03,3.550999511718750000e+03,2.947020263671875000e+02,3.685896484375000000e+03,1.038787597656250000e+03,1.148777709960937500e+03,4.059589355468750000e+03,2.731823425292968750e+02,3.419194335937500000e+03,2.410942687988281250e+02,2.883741455078125000e+03,3.038980468750000000e+03,1.912369628906250000e+03,1.388980102539062500e+02,1.969895751953125000e+03,1.455019775390625000e+03,6.892559814453125000e+02,1.820597656250000000e+03,4.501188964843750000e+02
2.481008544921875000e+03,3.289010009765625000e+03,6.039609375000000000e+02,8.352578125000000000e+02,8.861284179687500000e+02,8.409631958007812500e+02,4.177139892578125000e+02,1.155791015625000000e+02,8.680953125000000000e+03,3.132294921875000000e+03,9.993477783203125000e+02,3.290465820312500000e+03,7.609299316406250000e+02,7.319400634765625000e+02,9.302244873046875000e+02,4.011605957031250000e+03,3.605197998046875000e+03,2.664466247558593750e+02,8.946343994140625000e+02,2.764638427734375000e+03,3.056086914062500000e+03,2.179610595703125000e+03,7.381062622070312500e+02,3.488980712890625000e+03,7.004166259765625000e+02,1.156385742187500000e+03,1.033552490234375000e+03,1.797303466796875000e+02,1.764100585937500000e+03,1.502133178710937500e+03,6.714482910156250000e+03,3.252132812500000000e+03,3.155487365722656250e+02,3.617370117187500000e+03,8.269907836914062500e+02,8.081679687500000000e+02,3.591715087890625000e+03,3.378301086425781250e+02,2.473775390625000000e+03,2.380687255859375000e+02,2.938859619140625000e+03,2.279331054687500000e+03,1.252364379882812500e+03,1.670296936035156250e+02,3.780576171875000000e+03,1.544865234375000000e+03,7.136762695312500000e+02,2.845613525390625000e+03,4.627976684570312500e+02
1.066677612304687500e+03,4.566791015625000000e+03,1.023824462890625000e+02,3.384132031250000000e+04,3.393229980468750000e+02,1.452893066406250000e+01,2.148257446289062500e+02,1.095659332275390625e+02,2.875046484375000000e+04,3.099260742187500000e+03,7.900996704101562500e+02,1.035688867187500000e+04,1.977865966796875000e+03,1.695952880859375000e+03,8.360615234375000000e+02,1.060640747070312500e+03,1.649507568359375000e+03,2.897250671386718750e+02,7.836401367187500000e+01,1.567378417968750000e+03,1.335498046875000000e+03,7.821088867187500000e+02,2.701599609375000000e+03,3.405234375000000000e+02,5.772434692382812500e+02,4.156527099609375000e+02,1.553673339843750000e+03,5.845419311523437500e+01,3.844785156250000000e+02,1.851595214843750000e+03,5.498150878906250000e+03,3.193222656250000000e+03,4.782812500000000000e+01,3.617055664062500000e+03,1.158989257812500000e+03,2.945595214843750000e+03,9.605688476562500000e+02,3.873718261718750000e+01,7.450713867187500000e+03,2.362675476074218750e+02,3.396157714843750000e+03,1.275662792968750000e+04,1.373060913085937500e+03,1.273216552734375000e+02,1.969042968750000000e+01,2.083770019531250000e+03,1.607042114257812500e+03,7.036083984375000000e+01,7.176182861328125000e+02
1.414009033203125000e+03,1.009020703125000000e+04,2.962365722656250000e+01,5.642297363281250000e+03,9.053569335937500000e+02,2.651934814453125000e+02,3.761183166503906250e+02,7.552260131835937500e+02,3.661879882812500000e+03,1.102761914062500000e+04,6.079035644531250000e+02,2.312744873046875000e+03,1.563743896484375000e+03,2.541108398437500000e+02,2.038746093750000000e+03,1.407827880859375000e+03,1.477790649414062500e+03,5.683593750000000000e+01,3.104382568359375000e+03,8.131691894531250000e+02,4.109099121093750000e+03,1.662202148437500000e+02,5.767968750000000000e+02,1.570822509765625000e+03,7.602133789062500000e+02,4.605765991210937500e+02,1.834895996093750000e+03,1.531298828125000000e+01,4.958840332031250000e+02,4.604467773437500000e+01,3.359726562500000000e+03,9.664078125000000000e+03,1.190069580078125000e+02,3.592240966796875000e+03,5.283189086914062500e+02,1.694626220703125000e+03,6.103380371093750000e+03,2.690875244140625000e+01,4.113084960937500000e+03,4.445227050781250000e+02,7.217075195312500000e+02,2.976589355468750000e+03,2.947210449218750000e+03,5.067075805664062500e+02,8.985089111328125000e+02,6.615488281250000000e+03,6.748669433593750000e+01,8.235458984375000000e+02,4.619218750000000000e+02
1.199892211914062500e+03,4.513383789062500000e+03,5.387086791992187500e+02,6.215868164062500000e+03,5.805741210937500000e+03,5.721673583984375000e+01,3.284658813476562500e+01,1.018429718017578125e+02,3.457043945312500000e+03,3.170432373046875000e+03,8.886025390625000000e+02,2.176943359375000000e+02,1.879789794921875000e+03,6.303524169921875000e+02,8.632786254882812500e+02,1.338064941406250000e+03,9.910422363281250000e+02,1.481474609375000000e+02,4.241342773437500000e+02,9.190139160156250000e+02,3.267714599609375000e+03,2.763991943359375000e+03,7.967807617187500000e+02,2.538206298828125000e+03,6.865021362304687500e+02,2.844155273437500000e+02,2.909284667968750000e+02,1.185578613281250000e+02,2.619067382812500000e+02,5.531369018554687500e+02,2.155817871093750000e+03,3.542687011718750000e+03,3.380275268554687500e+02,8.822510742187500000e+03,3.490563720703125000e+03,1.303265258789062500e+03,3.734145019531250000e+03,1.368446960449218750e+02,3.062903564453125000e+03,5.632740478515625000e+02,5.009873046875000000e+02,5.938871093750000000e+03,3.540213867187500000e+03,1.289758148193359375e+02,6.749201660156250000e+02,1.327039916992187500e+03,3.987688598632812500e+02,7.176787109375000000e+02,2.634807739257812500e+02
9.512075195312500000e+02,3.102001953125000000e+03,2.588709716796875000e+02,4.515527734375000000e+04,1.413762207031250000e+02,5.600170898437500000e+01,9.437399291992187500e+01,1.287062835693359375e+02,2.857202148437500000e+03,3.128660156250000000e+03,1.857190551757812500e+02,2.958189208984375000e+03,8.351715087890625000e+02,1.296445556640625000e+03,7.684184570312500000e+02,9.309194335937500000e+02,1.170427490234375000e+03,2.900944519042968750e+01,5.478400878906250000e+02,8.495158691406250000e+02,3.264736816406250000e+03,1.447294921875000000e+02,5.539000244140625000e+02,5.091672851562500000e+03,9.782528076171875000e+02,2.645163574218750000e+02,3.894742431640625000e+02,3.621292114257812500e+01,9.760107421875000000e+01,4.144939575195312500e+02,1.086210937500000000e+03,3.580845703125000000e+03,8.426507568359375000e+01,3.757027587890625000e+03,7.874956054687500000e+02,8.689628906250000000e+02,1.116200195312500000e+03,4.076757812500000000e+01,5.105545898437500000e+03,2.848102416992187500e+02,1.115630371093750000e+03,6.100767578125000000e+03,1.488639892578125000e+03,1.227211151123046875e+02,3.622973632812500000e+02,4.978760253906250000e+03,3.022770996093750000e+02,3.849509277343750000e+02,4.617480468750000000e+02
1.164461914062500000e+03,5.580910644531250000e+03,4.233459472656250000e+01,1.271471777343750000e+04,6.834482421875000000e+02,6.982860107421875000e+02,3.318212585449218750e+02,3.943869628906250000e+02,1.961472656250000000e+03,3.278298095703125000e+03,1.070175048828125000e+03,3.696971923828125000e+03,2.126351318359375000e+03,3.494086914062500000e+02,9.523398437500000000e+02,1.501665161132812500e+03,1.113420410156250000e+03,1.049540405273437500e+02,1.082729492187500000e+03,2.849909912109375000e+03,3.397303955078125000e+03,1.805681762695312500e+03,7.984921875000000000e+02,2.709442138671875000e+03,7.623406372070312500e+02,9.829169921875000000e+02,7.771459960937500000e+01,2.244758300781250000e+02,1.366975585937500000e+03,1.295334594726562500e+03,5.963347656250000000e+03,3.835881103515625000e+03,3.937060852050781250e+02,3.658465087890625000e+03,1.543369873046875000e+03,1.276969482421875000e+03,2.367431640625000000e+02,2.471191406250000000e+02,4.322232421875000000e+03,5.161754150390625000e+02,7.120500488281250000e+02,2.002562500000000000e+03,3.094822753906250000e+03,1.220587234497070312e+02,3.618959716796875000e+03,1.843176391601562500e+03,9.959566650390625000e+02,1.189456909179687500e+03,4.617353515625000000e+02
1.133422973632812500e+03,5.194974609375000000e+03,3.562762451171875000e+02,2.693221093750000000e+04,3.649256835937500000e+03,6.943071899414062500e+02,3.373932495117187500e+02,1.643834381103515625e+02,8.930494140625000000e+03,3.193675292968750000e+03,1.040797119140625000e+03,3.104551269531250000e+03,1.989607788085937500e+03,9.095346679687500000e+02,9.390632324218750000e+02,1.689302978515625000e+03,8.888615722656250000e+02,3.204751892089843750e+02,1.312485717773437500e+03,2.794333984375000000e+03,3.545779052734375000e+03,1.845763916015625000e+03,8.679132690429687500e+02,2.362895996093750000e+03,7.604843750000000000e+02,1.018849975585937500e+03,1.106866821289062500e+03,2.263470153808593750e+02,1.491767089843750000e+03,1.113084472656250000e+03,6.445188476562500000e+03,3.681013671875000000e+03,3.862717285156250000e+02,3.771205810546875000e+03,1.177290283203125000e+03,9.874570312500000000e+02,4.142800292968750000e+03,2.651683959960937500e+02,3.684167480468750000e+03,2.378484344482421875e+02,3.048991943359375000e+03,2.115963867187500000e+03,2.550331054687500000e+03,1.276274108886718750e+02,2.471247314453125000e+03,1.683994628906250000e+03,1.133934082031250000e+03,9.776671142578125000e+02,4.602662963867187500e+02
3.136049072265625000e+03,2.892060791015625000e+03,5.743148803710937500e+02,4.335048828125000000e+02,1.589044921875000000e+03,9.193297119140625000e+02,2.734240417480468750e+02,1.588132324218750000e+02,7.638304687500000000e+03,3.048511962890625000e+03,9.389904785156250000e+01,6.827532714843750000e+03,2.191534423828125000e+03,1.243593750000000000e+03,9.386718750000000000e+02,5.170824707031250000e+03,2.190740966796875000e+03,2.739023132324218750e+02,5.008034667968750000e+02,9.242526855468750000e+02,3.333093750000000000e+03,4.064691162109375000e+02,1.818110595703125000e+03,2.045201171875000000e+03,6.709437255859375000e+02,8.967751464843750000e+02,1.075853759765625000e+03,4.522997741699218750e+02,2.536781738281250000e+03,1.642706298828125000e+03,4.298382324218750000e+03,3.248682128906250000e+03,3.557096862792968750e+02,3.618902832031250000e+03,1.016919860839843750e+03,2.442437988281250000e+03,3.812620849609375000e+03,3.327415771484375000e+02,2.436424072265625000e+03,2.443260498046875000e+02,2.747550048828125000e+03,3.870625000000000000e+03,1.291879638671875000e+03,1.157420349121093750e+02,1.271809570312500000e+03,5.686359863281250000e+03,2.237451171875000000e+02,2.438626953125000000e+03,4.625547485351562500e+02
9.133754882812500000e+02,5.470117187500000000e+03,5.450776977539062500e+02,3.661432031250000000e+04,6.419819335937500000e+02,2.109312133789062500e+02,2.562557067871093750e+02,2.454504547119140625e+02,9.079482421875000000e+03,3.148098876953125000e+03,8.576056518554687500e+02,1.906812500000000000e+03,1.803863281250000000e+03,1.237433227539062500e+03,8.484003906250000000e+02,1.463500488281250000e+03,1.450345458984375000e+03,2.104745483398437500e+02,2.495674316406250000e+03,1.237625732421875000e+03,4.379467773437500000e+03,1.770343017578125000e+03,3.204197998046875000e+02,1.617289794921875000e+03,6.790194702148437500e+02,8.971458740234375000e+02,9.323612670898437500e+02,9.598910522460937500e+01,5.007294921875000000e+02,8.684110107421875000e+02,3.655432128906250000e+03,3.372743408203125000e+03,2.434104309082031250e+02,3.623145996093750000e+03,1.002507934570312500e+03,1.455595703125000000e+02,3.819532958984375000e+03,8.029760742187500000e+01,7.659100097656250000e+03,2.185572967529296875e+02,2.843096923828125000e+03,3.467687500000000000e+03,1.376569824218750000e+03,1.439219207763671875e+02,1.786979980468750000e+02,1.885925781250000000e+03,6.498796386718750000e+02,1.281641845703125000e+02,6.576278686523437500e+02
1.701028076171875000e+03,1.128524511718750000e+04,4.575509643554687500e+02,5.025477539062500000e+03,1.711938476562500000e+02,4.965319824218750000e+01,7.028713989257812500e+01,5.052005615234375000e+02,1.348823339843750000e+04,1.303933789062500000e+04,3.064165039062500000e+02,1.504412597656250000e+03,1.208956909179687500e+03,1.000016113281250000e+03,2.488033691406250000e+03,1.562699951171875000e+03,2.125872070312500000e+03,5.878839111328125000e+01,3.362033691406250000e+02,1.053599365234375000e+03,3.913106445312500000e+03,4.585723876953125000e+02,7.237006835937500000e+02,1.617149414062500000e+03,6.944479370117187500e+02,8.840485839843750000e+02,3.418187988281250000e+03,1.586538696289062500e+01,1.777055664062500000e+02,4.239990234375000000e+00,2.786588378906250000e+03,1.447264062500000000e+04,2.359307556152343750e+02,3.807321533203125000e+03,9.493330078125000000e+02,5.804166259765625000e+02,2.595650390625000000e+03,1.266592102050781250e+02,4.051013183593750000e+03,7.355504150390625000e+02,4.656377929687500000e+03,4.270978027343750000e+03,2.955473388671875000e+03,5.112741699218750000e+02,8.504042968750000000e+02,2.451972656250000000e+03,6.710195312500000000e+02,1.038260498046875000e+03,4.282854003906250000e+02
1.027728271484375000e+03,5.314714355468750000e+03,5.278916015625000000e+02,7.131874023437500000e+03,2.243862792968750000e+03,1.404880981445312500e+02,4.580471801757812500e+01,1.537164306640625000e+01,3.780542968750000000e+03,3.185026611328125000e+03,9.649979858398437500e+02,1.765015380859375000e+03,1.872565673828125000e+03,4.659793090820312500e+02,8.941204223632812500e+02,1.401842285156250000e+03,2.036119140625000000e+03,5.464343261718750000e+01,5.299729003906250000e+02,6.955998535156250000e+02,3.179493896484375000e+03,1.577101562500000000e+03,2.091492431640625000e+03,2.290916015625000000e+03,6.804903564453125000e+02,2.097302734375000000e+03,1.426923828125000000e+02,7.561810302734375000e+01,2.709460449218750000e+02,1.726512451171875000e+02,1.003731445312500000e+03,3.559644042968750000e+03,2.887033081054687500e+01,9.922805664062500000e+03,3.950246093750000000e+03,5.282530517578125000e+02,1.215822509765625000e+03,1.576878967285156250e+02,3.159130371093750000e+03,2.303744964599609375e+02,5.007270507812500000e+02,5.414813476562500000e+03,4.361190917968750000e+03,1.654035491943359375e+02,8.001914062500000000e+02,1.435727294921875000e+03,4.141464843750000000e+02,8.316463623046875000e+02,3.411094970703125000e+02
6.503540039062500000e+02,3.009827392578125000e+03,3.701826171875000000e+02,3.993887500000000000e+04,1.771748535156250000e+03,2.093997314453125000e+03,2.224377441406250000e+01,7.614819335937500000e+01,2.883631835937500000e+03,3.095022216796875000e+03,7.003454589843750000e+01,1.753077880859375000e+03,1.688909667968750000e+03,9.890153808593750000e+02,6.705887451171875000e+02,1.539348999023437500e+03,1.320256347656250000e+03,8.770489501953125000e+01,5.622570800781250000e+02,9.371074218750000000e+02,3.228431640625000000e+03,1.650187377929687500e+03,8.716755371093750000e+02,5.951168945312500000e+03,1.080450805664062500e+03,4.178745117187500000e+02,9.487969970703125000e+02,1.016857299804687500e+02,2.054248046875000000e+01,6.423510742187500000e+01,1.172847656250000000e+03,3.512425537109375000e+03,2.554598999023437500e+02,3.691455078125000000e+03,8.648532104492187500e+02,4.118601684570312500e+02,4.143774902343750000e+03,2.373416137695312500e+01,5.376190429687500000e+03,2.259056854248046875e+02,3.417951660156250000e+02,5.365006835937500000e+03,1.402124023437500000e+03,1.690845489501953125e+02,7.449194335937500000e+02,5.349716796875000000e+03,2.551871337890625000e+02,3.460228271484375000e+02,4.608546752929687500e+02
1.248614379882812500e+03,5.600457031250000000e+03,5.594702148437500000e+02,1.546364257812500000e+04,3.775621826171875000e+03,7.961934814453125000e+02,3.513632202148437500e+02,2.179608306884765625e+02,9.137001953125000000e+03,3.484440429687500000e+03,1.071486816406250000e+03,3.051889404296875000e+03,2.160518554687500000e+03,1.185419555664062500e+03,2.210468750000000000e+03,1.531722290039062500e+03,1.216374389648437500e+03,1.377130126953125000e+02,1.309684814453125000e+03,2.900341796875000000e+03,3.526226562500000000e+03,1.883035766601562500e+03,8.072210083007812500e+02,2.976872558593750000e+03,7.614394531250000000e+02,1.374947998046875000e+03,1.200317871093750000e+03,3.498893127441406250e+02,6.074960937500000000e+02,8.851442260742187500e+02,5.858065429687500000e+03,3.812564453125000000e+03,2.828619384765625000e+02,3.683769531250000000e+03,1.225469970703125000e+03,1.369720214843750000e+03,4.110891113281250000e+03,2.413466186523437500e+02,4.559055664062500000e+03,4.826177673339843750e+02,3.186664306640625000e+03,8.491506835937500000e+03,3.035815429687500000e+03,1.776092376708984375e+02,4.179083984375000000e+03,2.210010742187500000e+03,1.264538696289062500e+03,1.140928955078125000e+03,4.620078735351562500e+02
1.003849182128906250e+03,4.781773437500000000e+03,9.653435058593750000e+02,2.887973632812500000e+04,3.599760253906250000e+03,8.182935791015625000e+02,3.702820129394531250e+02,2.871713256835937500e+02,1.002351269531250000e+04,3.229561279296875000e+03,1.036189941406250000e+03,4.211864746093750000e+03,2.241468750000000000e+03,1.722406494140625000e+03,1.076068359375000000e+03,1.633573974609375000e+03,1.202145141601562500e+03,3.370805358886718750e+02,1.354604492187500000e+03,2.826748535156250000e+03,3.472048095703125000e+03,2.190143066406250000e+03,8.576042480468750000e+02,2.213582031250000000e+03,7.345258789062500000e+02,1.221059326171875000e+03,1.263986206054687500e+03,4.084588928222656250e+02,1.846492675781250000e+03,1.033049560546875000e+03,7.471914062500000000e+03,3.727132324218750000e+03,3.143091125488281250e+02,4.405565429687500000e+03,1.592969970703125000e+03,1.838685913085937500e+03,4.298316406250000000e+03,2.942415771484375000e+02,4.212683593750000000e+03,2.492472991943359375e+02,3.116625488281250000e+03,1.045733789062500000e+04,1.989366210937500000e+03,1.993501892089843750e+02,3.452598144531250000e+03,3.590893798828125000e+03,1.260980957031250000e+03,2.556035888671875000e+03,3.764185791015625000e+02
2.471147460937500000e+03,3.430338867187500000e+03,5.725386352539062500e+02,1.208331250000000000e+04,5.384020996093750000e+02,6.572619018554687500e+02,2.731782836914062500e+02,2.407226104736328125e+02,9.767304687500000000e+03,3.112302734375000000e+03,8.755427856445312500e+02,4.162751953125000000e+03,2.152495361328125000e+03,8.749023437500000000e+02,1.721981079101562500e+03,2.295369628906250000e+03,9.132264404296875000e+02,2.775163879394531250e+02,1.037885253906250000e+03,2.828372314453125000e+03,8.597296875000000000e+03,1.980678344726562500e+03,7.712374267578125000e+02,4.027808593750000000e+03,7.611015625000000000e+02,1.333169189453125000e+03,1.341137817382812500e+03,3.185765380859375000e+02,1.648210693359375000e+03,1.285064941406250000e+03,6.805655273437500000e+03,3.570809814453125000e+03,2.959707946777343750e+02,3.605682128906250000e+03,1.216808593750000000e+03,9.227025146484375000e+02,3.950680175781250000e+03,2.359754028320312500e+02,3.081686523437500000e+03,2.534091949462890625e+02,2.709140380859375000e+03,6.645313476562500000e+03,1.914556884765625000e+03,1.739452972412109375e+02,3.956023193359375000e+03,1.961893554687500000e+03,5.953493652343750000e+02,2.108509521484375000e+03,4.633314208984375000e+02
4.716518554687500000e+02,4.743696777343750000e+03,6.939180297851562500e+02,8.972745117187500000e+03,1.801219482421875000e+03,4.716369628906250000e+02,2.156679077148437500e+02,4.759124755859375000e+00,2.324706640625000000e+04,3.125076904296875000e+03,8.153512573242187500e+02,6.883180664062500000e+03,2.063160644531250000e+03,1.436613281250000000e+03,1.088283691406250000e+03,6.082880371093750000e+03,3.263015869140625000e+03,3.138928527832031250e+02,2.829820556640625000e+02,1.619466064453125000e+03,2.545210937500000000e+03,2.446329101562500000e+03,2.420293457031250000e+03,1.056389160156250000e+02,6.193642578125000000e+02,8.420706787109375000e+02,2.097091308593750000e+03,3.137507934570312500e+02,1.750562744140625000e+03,2.035840087890625000e+03,7.575878906250000000e+03,3.147208740234375000e+03,2.845163269042968750e+02,3.592775878906250000e+03,1.942460449218750000e+03,3.722813720703125000e+03,1.014116699218750000e+03,3.739083557128906250e+02,3.477958984375000000e+03,2.947146301269531250e+02,5.769784179687500000e+03,2.885051953125000000e+04,1.418200561523437500e+03,2.238081207275390625e+02,3.295295410156250000e+02,1.473133056640625000e+03,1.369798828125000000e+03,9.246044921875000000e+02,7.042145996093750000e+02
3.469802246093750000e+03,1.503366601562500000e+04,1.481121948242187500e+03,3.782144140625000000e+04,7.611503906250000000e+02,5.482362670898437500e+02,1.341352539062500000e+02,2.406817169189453125e+02,6.478574218750000000e+02,1.398863281250000000e+04,8.290612792968750000e+02,2.727768798828125000e+03,4.484719726562500000e+03,1.767565917968750000e+01,2.444476074218750000e+03,1.336272338867187500e+03,1.924371337890625000e+03,1.816798400878906250e+02,3.506310546875000000e+03,1.415592163085937500e+03,1.465333984375000000e+03,2.091992919921875000e+03,5.824948120117187500e+02,1.430212890625000000e+03,7.121787109375000000e+02,1.498224853515625000e+03,3.992287597656250000e+02,2.503307800292968750e+02,1.424372558593750000e+02,8.816540527343750000e+01,3.486044921875000000e+03,1.653852148437500000e+04,6.534564208984375000e+01,3.637167480468750000e+03,1.762065795898437500e+03,7.062147216796875000e+02,4.957497070312500000e+03,3.435244750976562500e+01,8.828181640625000000e+03,5.985347900390625000e+02,2.088169921875000000e+03,3.210858398437500000e+03,2.699068359375000000e+03,3.611519165039062500e+02,8.209890136718750000e+02,6.079727539062500000e+03,5.211676025390625000e+01,1.249330810546875000e+03,4.384481811523437500e+02
2.005982177734375000e+03,4.486327148437500000e+03,9.289268798828125000e+02,2.158090429687500000e+04,1.127045898437500000e+02,1.072100830078125000e+02,3.581408691406250000e+01,4.327946472167968750e+02,9.522753906250000000e+01,3.205124023437500000e+03,9.969713134765625000e+02,2.150919677734375000e+03,1.848237670898437500e+03,9.306245117187500000e+02,2.391021972656250000e+03,1.212708129882812500e+03,4.353062500000000000e+03,7.669952392578125000e+01,6.074938964843750000e+01,7.321306152343750000e+02,6.979751953125000000e+03,6.223237792968750000e+03,1.032178588867187500e+03,3.252708496093750000e+03,7.177917480468750000e+02,1.308779785156250000e+03,2.733529785156250000e+03,1.760890197753906250e+02,5.939614257812500000e+02,6.465021972656250000e+02,2.745603515625000000e+03,3.889593017578125000e+03,8.860198974609375000e+01,1.151008593750000000e+04,4.707624511718750000e+02,3.480909423828125000e+02,4.169838867187500000e+03,7.267425537109375000e+00,2.621778320312500000e+03,6.040982666015625000e+02,2.334292968750000000e+03,2.754004882812500000e+03,3.788293212890625000e+03,2.054262542724609375e+02,9.121977539062500000e+02,1.893910888671875000e+03,1.295214843750000000e+02,1.170017578125000000e+03,3.496718750000000000e+02
1.792967041015625000e+03,3.601248779296875000e+03,1.031531494140625000e+03,1.881641796875000000e+04,6.285156250000000000e+01,1.240764160156250000e+02,4.284710693359375000e+01,1.971139526367187500e+01,4.705808593750000000e+03,3.096732421875000000e+03,7.687397460937500000e+02,2.254283691406250000e+03,3.011632568359375000e+03,1.127578491210937500e+03,9.404875488281250000e+02,1.219481689453125000e+03,1.941887451171875000e+03,2.956378173828125000e+01,7.842004394531250000e+02,7.614541015625000000e+02,4.549878906250000000e+03,1.808950073242187500e+03,1.259494873046875000e+03,5.515024902343750000e+03,1.229746093750000000e+03,5.512182617187500000e+01,4.523388671875000000e+01,2.139715576171875000e+01,1.238312500000000000e+03,3.387101440429687500e+02,1.223740234375000000e+02,3.480569335937500000e+03,3.135515441894531250e+02,3.727844726562500000e+03,1.339719848632812500e+03,8.604582519531250000e+02,9.500786132812500000e+02,1.378127136230468750e+02,2.557578613281250000e+03,2.692835083007812500e+02,5.985334472656250000e+02,2.312623046875000000e+03,1.540700805664062500e+03,1.619018402099609375e+02,1.036425292968750000e+03,5.266266601562500000e+03,1.825722656250000000e+02,1.485779052734375000e+03,4.611569824218750000e+02
1.017053161621093750e+03,5.603743164062500000e+03,6.763739013671875000e+02,1.319139062500000000e+04,3.164571044921875000e+03,9.417857666015625000e+02,4.050232849121093750e+02,1.083975753784179688e+02,9.481751953125000000e+03,3.208781494140625000e+03,1.074817382812500000e+03,4.040687011718750000e+03,2.104001220703125000e+03,1.078479125976562500e+03,1.932696289062500000e+03,1.602338378906250000e+03,1.262001464843750000e+03,1.016434631347656250e+02,1.144528686523437500e+03,2.961810546875000000e+03,4.941968261718750000e+03,2.103741455078125000e+03,7.514783325195312500e+02,2.751658203125000000e+03,7.626596679687500000e+02,1.505338867187500000e+03,1.211198852539062500e+03,3.074559936523437500e+02,2.364506835937500000e+03,1.331892333984375000e+03,5.871433593750000000e+03,3.869854980468750000e+03,3.566606445312500000e+02,3.685009765625000000e+03,1.214508056640625000e+03,1.794232177734375000e+03,4.040350341796875000e+03,2.725374755859375000e+02,2.494684082031250000e+03,6.080589599609375000e+02,2.800674072265625000e+03,2.931284179687500000e+03,3.077442382812500000e+03,1.573970489501953125e+02,2.531286376953125000e+03,2.235201416015625000e+03,7.188489990234375000e+02,2.797658691406250000e+03,4.620876464843750000e+02
1.144282958984375000e+03,5.475911132812500000e+03,2.743176879882812500e+02,1.760695117187500000e+04,3.900988769531250000e+03,3.613192138671875000e+02,4.325737609863281250e+02,1.896452789306640625e+02,1.035370214843750000e+04,3.203819580078125000e+03,7.870822753906250000e+02,3.449173828125000000e+03,1.769136718750000000e+03,1.285063720703125000e+03,1.049478637695312500e+03,1.414987304687500000e+03,1.119307617187500000e+03,3.058507385253906250e+02,1.252661254882812500e+03,2.822631835937500000e+03,3.808868408203125000e+03,2.478552246093750000e+03,8.505579833984375000e+02,2.028705688476562500e+03,7.317870483398437500e+02,1.485546386718750000e+03,1.004389892578125000e+03,2.139585571289062500e+02,3.772541015625000000e+03,1.161198242187500000e+03,8.610518554687500000e+03,3.792115478515625000e+03,4.063989562988281250e+02,3.856132080078125000e+03,1.224788085937500000e+03,9.262995605468750000e+02,4.686773925781250000e+03,2.857716674804687500e+02,4.221126953125000000e+03,2.497985382080078125e+02,2.516868896484375000e+03,2.712920898437500000e+03,2.971413574218750000e+03,1.361794128417968750e+02,2.328407958984375000e+03,2.340377929687500000e+03,7.622041625976562500e+02,4.770679931640625000e+02,3.630482788085937500e+02
2.970146484375000000e+03,2.984162841796875000e+03,3.336958618164062500e+02,2.798383789062500000e+03,7.560655273437500000e+03,4.929035644531250000e+02,3.795362548828125000e+02,1.067221374511718750e+02,1.840466406250000000e+04,3.249671386718750000e+03,4.128411254882812500e+02,7.568749511718750000e+03,1.544527587890625000e+03,9.107812500000000000e+01,2.746658691406250000e+03,9.039321289062500000e+03,4.414897460937500000e+03,3.610266418457031250e+02,7.283504638671875000e+02,2.899247802734375000e+03,4.099357910156250000e+03,2.344817382812500000e+03,2.833927734375000000e+03,2.409933593750000000e+03,7.026212158203125000e+02,1.477082031250000000e+03,1.018122558593750000e+02,3.077305297851562500e+02,4.866483398437500000e+03,1.509439208984375000e+03,5.799708007812500000e+03,3.370994384765625000e+03,3.728294677734375000e+02,3.646632324218750000e+03,1.489835205078125000e+03,1.745387939453125000e+03,6.224262695312500000e+02,2.757795410156250000e+02,2.439476074218750000e+03,5.890916748046875000e+02,2.647990722656250000e+02,1.326980468750000000e+03,1.513969848632812500e+03,1.479748992919921875e+02,2.389338867187500000e+03,4.635036132812500000e+03,8.505942382812500000e+02,1.286731201171875000e+03,4.638207397460937500e+02
2.892834960937500000e+03,5.625452148437500000e+03,7.881983642578125000e+02,3.973352343750000000e+04,1.668539550781250000e+03,6.167810058593750000e+01,2.337726287841796875e+02,2.507176208496093750e+02,3.195400390625000000e+03,3.232344970703125000e+03,9.271097412109375000e+02,1.785922851562500000e+03,1.871337402343750000e+03,3.680809326171875000e+02,1.089343994140625000e+03,1.615672607421875000e+03,2.658123779296875000e+03,1.536574707031250000e+02,2.871448242187500000e+03,2.828532714843750000e+03,5.491120117187500000e+03,1.936768310546875000e+03,8.767561035156250000e+02,2.317865722656250000e+03,6.830947265625000000e+02,8.644213867187500000e+02,1.855456542968750000e+01,9.181497192382812500e+01,6.834238281250000000e+02,8.868842773437500000e+02,1.794337890625000000e+03,3.511358398437500000e+03,6.101934814453125000e+01,3.647661376953125000e+03,6.518479492187500000e+03,3.274926757812500000e+01,2.117950195312500000e+03,7.049526367187500000e+02,9.826992187500000000e+03,3.262329711914062500e+02,3.684389892578125000e+03,1.839363281250000000e+03,2.366362792968750000e+03,1.435605621337890625e+02,6.029052734375000000e+02,2.328081542968750000e+03,6.783447265625000000e-01,5.768261718750000000e+02,1.304951171875000000e+03
1.676110107421875000e+03,9.682803710937500000e+03,8.359185180664062500e+02,5.024183593750000000e+03,7.784116210937500000e+02,6.792712402343750000e+01,7.421725463867187500e+01,9.002410888671875000e+00,1.441181640625000000e+03,1.875700195312500000e+04,4.176027832031250000e+02,1.628070312500000000e+03,1.501986083984375000e+03,3.775971679687500000e+02,4.508446289062500000e+03,1.622766723632812500e+03,2.301169433593750000e+03,1.409129333496093750e+01,5.564071044921875000e+02,2.757688964843750000e+03,3.252192382812500000e+03,3.655805175781250000e+03,9.405626220703125000e+02,2.001572753906250000e+03,6.987070312500000000e+02,8.229219970703125000e+02,2.126460693359375000e+03,6.430743408203125000e+01,2.662270507812500000e+02,1.542504882812500000e+02,3.414271484375000000e+03,1.661401757812500000e+04,1.310499877929687500e+02,5.328539550781250000e+03,1.265809082031250000e+03,2.365520019531250000e+02,5.029809570312500000e+02,1.137606506347656250e+02,2.556865234375000000e+03,9.748420410156250000e+02,2.893479003906250000e+02,1.340117187500000000e+03,3.059044433593750000e+03,4.279626159667968750e+02,3.856743164062500000e+02,1.124528320312500000e+03,4.093970947265625000e+02,1.739398315429687500e+03,4.400756835937500000e+02
1.525293579101562500e+03,5.613640625000000000e+03,6.991549072265625000e+02,4.008835937500000000e+03,1.900714843750000000e+03,7.436431884765625000e+01,4.012745361328125000e+02,7.413458251953125000e+01,1.911783203125000000e+03,3.303843017578125000e+03,9.704189453125000000e+02,2.009270019531250000e+03,1.950166870117187500e+03,8.049149169921875000e+02,2.360921875000000000e+03,1.511764038085937500e+03,2.180952392578125000e+03,4.767864990234375000e+01,6.710347900390625000e+02,5.076950195312500000e+03,3.622385498046875000e+03,5.464712402343750000e+03,1.055895996093750000e+03,3.351476562500000000e+03,7.168531494140625000e+02,8.868105468750000000e+02,1.077942504882812500e+03,6.457073974609375000e+01,2.796435546875000000e+02,3.207957763671875000e+02,9.425546875000000000e+02,3.969185058593750000e+03,8.514395141601562500e+01,1.711223632812500000e+04,2.882399414062500000e+03,1.177644042968750000e+02,4.996811035156250000e+03,5.521865844726562500e+01,3.631797851562500000e+03,6.124305419921875000e+02,7.781032714843750000e+02,4.602405273437500000e+03,4.732989257812500000e+03,1.277464370727539062e+02,1.069956054687500000e+03,1.671395385742187500e+03,3.388033447265625000e+02,5.676162109375000000e+02,3.493143310546875000e+02
1.447187500000000000e+03,5.592916992187500000e+03,7.407807617187500000e+02,4.769927734375000000e+04,2.353530273437500000e+02,1.965234375000000000e+01,2.633190612792968750e+02,9.273913574218750000e+01,2.007340820312500000e+03,3.205360839843750000e+03,3.142864379882812500e+02,1.284100585937500000e+03,8.925463867187500000e+02,1.095896972656250000e+03,1.149677978515625000e+03,1.941491699218750000e+02,1.596913452148437500e+03,4.671331787109375000e+01,7.034704589843750000e+02,2.866352539062500000e+03,3.569133056640625000e+03,1.840277343750000000e+03,8.403017578125000000e+02,7.340083984375000000e+03,1.692225341796875000e+03,1.846615600585937500e+02,1.503649902343750000e+02,2.350177001953125000e+02,3.655239257812500000e+02,8.860233764648437500e+02,7.414882812500000000e+02,3.143778564453125000e+03,2.208521118164062500e+02,3.734789306640625000e+03,1.617439575195312500e+03,1.221061279296875000e+03,1.312666748046875000e+03,4.637826538085937500e+01,4.970125976562500000e+03,5.167352294921875000e+02,4.226457519531250000e+02,5.565613281250000000e+03,1.554699096679687500e+03,1.252724075317382812e+02,1.072363037109375000e+03,4.558320800781250000e+03,1.159719848632812500e+02,1.368481933593750000e+03,4.614118652343750000e+02
2.461252929687500000e+03,5.605970703125000000e+03,1.178122558593750000e+02,1.391482617187500000e+04,4.096197753906250000e+03,8.264139404296875000e+02,3.774401550292968750e+02,1.527994689941406250e+02,1.285284277343750000e+04,4.110205078125000000e+03,1.071014526367187500e+03,3.324385742187500000e+03,2.019410156250000000e+03,1.589013671875000000e+03,2.858207031250000000e+03,1.476256835937500000e+03,1.441214355468750000e+03,1.682954406738281250e+02,1.215050903320312500e+03,2.934363525390625000e+03,3.696502685546875000e+03,1.870379150390625000e+03,8.998294677734375000e+02,3.444929199218750000e+03,7.612537841796875000e+02,1.483697753906250000e+03,9.777375488281250000e+02,2.554833984375000000e+02,1.556079101562500000e+01,8.376192626953125000e+02,5.230505859375000000e+03,4.101201660156250000e+03,4.182601013183593750e+02,3.705833740234375000e+03,1.401959350585937500e+03,1.554788208007812500e+03,4.416280273437500000e+03,3.192945556640625000e+02,2.773597167968750000e+03,6.129252929687500000e+02,3.778736328125000000e+03,1.335343750000000000e+03,3.045605468750000000e+03,1.663349151611328125e+02,2.713371337890625000e+03,2.555578369140625000e+03,6.977043457031250000e+02,9.488367919921875000e+02,4.619662475585937500e+02
1.292619628906250000e+03,3.900744140625000000e+03,2.225628051757812500e+02,1.342330078125000000e+04,2.770950927734375000e+03,2.654113769531250000e+00,4.013488464355468750e+02,1.791098632812500000e+02,1.128324609375000000e+04,3.315210693359375000e+03,9.619622192382812500e+02,3.896083740234375000e+03,2.135255859375000000e+03,1.708467041015625000e+03,1.168556152343750000e+03,1.582283325195312500e+03,1.430656005859375000e+03,3.381454772949218750e+02,1.293692016601562500e+03,3.190137695312500000e+03,3.861826904296875000e+03,2.031688964843750000e+03,8.791878662109375000e+02,2.283436279296875000e+03,7.594785156250000000e+02,1.334041992187500000e+03,1.340656372070312500e+03,3.526165771484375000e+01,8.414516601562500000e+02,1.176391601562500000e+03,7.272907226562500000e+03,3.751512939453125000e+03,4.258003540039062500e+02,4.187065917968750000e+03,1.782510986328125000e+03,1.503924072265625000e+03,4.563502929687500000e+03,3.578163452148437500e+02,4.552681640625000000e+03,5.258909912109375000e+02,3.436562500000000000e+03,5.378210937500000000e+03,2.728552734375000000e+03,1.691063690185546875e+02,2.434658935546875000e+03,2.571492675781250000e+03,8.357857055664062500e+02,8.219444580078125000e+02,3.647600708007812500e+02
5.034713867187500000e+03,5.004515625000000000e+03,6.118603515625000000e+02,9.128189453125000000e+03,6.411816406250000000e+01,3.001226196289062500e+02,1.786468505859375000e+02,1.877804107666015625e+02,1.759640429687500000e+04,3.173169921875000000e+03,2.115625000000000000e+01,7.098786132812500000e+03,2.061546142578125000e+03,6.396959228515625000e+02,1.210586059570312500e+03,5.900751953125000000e+03,4.162880859375000000e+03,3.141315002441406250e+02,7.290748291015625000e+02,2.946030273437500000e+03,3.639735595703125000e+03,1.974258300781250000e+03,2.474437011718750000e+03,2.629614746093750000e+03,6.917617187500000000e+02,1.410928955078125000e+03,3.680316162109375000e+02,1.545749206542968750e+02,1.999342285156250000e+03,1.453940673828125000e+03,7.145665039062500000e+03,3.426626464843750000e+03,4.749333496093750000e+02,3.626364257812500000e+03,2.267743896484375000e+03,2.048806640625000000e+03,1.394360351562500000e+01,3.285667724609375000e+02,4.383151855468750000e+03,4.315265197753906250e+02,2.618039550781250000e+02,9.075371093750000000e+02,2.861879882812500000e+03,1.221777725219726562e+02,5.120729980468750000e+03,5.123215820312500000e+03,1.435909057617187500e+03,3.780344970703125000e+03,4.637897338867187500e+02
1.109249145507812500e+03,4.176629394531250000e+03,6.878204345703125000e+02,2.272900195312500000e+04,6.707958984375000000e+02,5.118509521484375000e+02,1.266815185546875000e+02,5.856295166015625000e+02,3.138886718750000000e+02,3.225278808593750000e+03,9.192080078125000000e+02,1.501291503906250000e+02,2.012921264648437500e+03,4.407143554687500000e+02,2.889850341796875000e+03,1.498986328125000000e+03,2.343188476562500000e+03,1.452706909179687500e+02,2.324499267578125000e+03,2.839812255859375000e+03,5.524833496093750000e+03,1.769289672851562500e+03,6.134410400390625000e+02,1.497452636718750000e+03,7.022557983398437500e+02,5.008249511718750000e+02,9.450703735351562500e+02,1.700393371582031250e+02,6.435104980468750000e+02,3.657858886718750000e+02,2.471235839843750000e+03,3.468514648437500000e+03,1.192182617187500000e+02,3.600763916015625000e+03,2.095747070312500000e+02,6.525896606445312500e+02,2.386232910156250000e+03,5.991973876953125000e+00,1.101970312500000000e+04,6.127557373046875000e+02,2.881795410156250000e+03,3.533994140625000000e+02,1.819103271484375000e+03,2.072853240966796875e+02,8.641535644531250000e+02,1.769547363281250000e+03,1.963927001953125000e+02,1.207185791015625000e+03,8.286793212890625000e+02
2.159474609375000000e+03,1.294672851562500000e+04,9.170764160156250000e+02,5.308636718750000000e+03,6.491335449218750000e+02,2.315487060546875000e+02,3.553186950683593750e+02,6.431250762939453125e+01,2.479388671875000000e+03,1.890315625000000000e+04,4.336434326171875000e+02,2.511658203125000000e+03,2.717619140625000000e+03,1.901783447265625000e+02,4.630065917968750000e+03,1.410387939453125000e+03,1.779801635742187500e+03,3.420382690429687500e+01,1.140220214843750000e+03,3.035142822265625000e+03,3.579907714843750000e+03,1.861823242187500000e+03,9.077404785156250000e+02,1.341437011718750000e+03,7.610733642578125000e+02,6.233549804687500000e+02,2.304760253906250000e+03,9.023229980468750000e+01,5.366062011718750000e+02,3.466274414062500000e+02,3.161674804687500000e+02,2.093803515625000000e+04,1.153834838867187500e+02,3.666499267578125000e+03,1.370148437500000000e+03,5.525447998046875000e+02,2.419166503906250000e+03,3.546945190429687500e+01,5.434164062500000000e+03,9.097990722656250000e+02,3.145983886718750000e+02,3.029390625000000000e+03,2.985622070312500000e+03,4.589176330566406250e+02,1.384668823242187500e+03,3.254880371093750000e+03,2.597659912109375000e+02,1.627034301757812500e+03,4.598440551757812500e+02
1.730098632812500000e+03,4.917913085937500000e+03,2.032326660156250000e+02,4.319291992187500000e+03,2.502530761718750000e+03,2.849096679687500000e+01,4.081566162109375000e+02,4.271057128906250000e+01,7.777011718750000000e+02,3.398678710937500000e+03,7.173154907226562500e+02,2.232104003906250000e+03,1.947084594726562500e+03,6.024167480468750000e+02,1.358931518554687500e+03,1.381965087890625000e+03,1.923425537109375000e+03,8.549261474609375000e+01,9.349310302734375000e+02,8.497335937500000000e+03,3.742368652343750000e+03,5.325989746093750000e+03,1.111001464843750000e+03,2.326389160156250000e+03,6.518098754882812500e+02,7.088825683593750000e+02,7.853583984375000000e+02,7.949963378906250000e+01,4.648925781250000000e+02,2.602629394531250000e+02,2.234697265625000000e+02,3.751198242187500000e+03,8.381127929687500000e+01,1.918289062500000000e+04,2.226141601562500000e+03,7.534182739257812500e+02,4.273039550781250000e+03,2.693530273437500000e+01,4.671164062500000000e+03,6.135505371093750000e+02,8.249392089843750000e+02,3.620182617187500000e+03,3.812782714843750000e+03,1.942743835449218750e+02,1.254874023437500000e+03,1.694838378906250000e+03,3.429602661132812500e+02,1.020285766601562500e+03,2.991954345703125000e+02
1.400985839843750000e+03,2.897202880859375000e+03,7.686721191406250000e+02,3.092285742187500000e+04,1.776245117187500000e+02,4.865736694335937500e+02,1.976486206054687500e+01,4.507376098632812500e+01,1.888803710937500000e+03,3.349034667968750000e+03,1.099737548828125000e+02,1.225093261718750000e+03,3.443715820312500000e+03,1.057817260742187500e+03,9.048071899414062500e+02,3.666203613281250000e+02,1.152827026367187500e+03,7.473452758789062500e+01,5.631052246093750000e+02,3.090130615234375000e+03,3.786117431640625000e+03,1.837850219726562500e+03,7.345085449218750000e+02,6.564149414062500000e+03,1.278507324218750000e+03,1.009281494140625000e+03,2.493034667968750000e+02,3.465119628906250000e+02,2.613061523437500000e+02,2.050928955078125000e+02,8.361396484375000000e+02,3.380807861328125000e+03,1.463226928710937500e+02,3.738158935546875000e+03,3.413588378906250000e+03,4.350345458984375000e+02,1.323632812500000000e+03,4.747912597656250000e+01,5.787092773437500000e+03,5.991313476562500000e+02,2.689565429687500000e+02,4.358960937500000000e+03,2.705612304687500000e+03,1.888578186035156250e+02,1.281890625000000000e+03,4.891764648437500000e+03,3.652916259765625000e+02,1.572049682617187500e+03,4.614515991210937500e+02
1.284419921875000000e+03,5.558717773437500000e+03,3.501367187500000000e+01,1.412828906250000000e+04,1.934437744140625000e+03,7.330706176757812500e+02,4.612652893066406250e+02,3.043439941406250000e+02,1.049854296875000000e+04,5.217985351562500000e+03,1.073271972656250000e+03,4.176278808593750000e+03,2.379029296875000000e+03,1.526196411132812500e+03,2.617988525390625000e+03,1.255557373046875000e+03,1.603167358398437500e+03,1.391082458496093750e+02,1.271797119140625000e+03,3.368305419921875000e+03,3.705916503906250000e+03,1.887259155273437500e+03,9.078640747070312500e+02,3.994672119140625000e+03,7.633331298828125000e+02,1.437173583984375000e+03,1.413167602539062500e+03,3.768796386718750000e+02,2.071894531250000000e+02,1.068232666015625000e+03,5.983013671875000000e+03,4.278368164062500000e+03,4.568358764648437500e+02,3.752519287109375000e+03,2.457058349609375000e+03,1.293303710937500000e+03,4.090610839843750000e+03,2.970902404785156250e+02,5.298677734375000000e+03,5.970703125000000000e+02,3.149253906250000000e+03,8.591890625000000000e+03,3.086733886718750000e+03,1.704074096679687500e+02,2.998044921875000000e+03,2.268839355468750000e+03,6.536977539062500000e+02,8.264652099609375000e+02,4.615502319335937500e+02
1.205770996093750000e+03,4.746043457031250000e+03,6.268920898437500000e+02,2.879054687500000000e+04,3.141723876953125000e+03,5.987664184570312500e+02,4.667672119140625000e+02,1.956062774658203125e+02,9.298903320312500000e+03,3.533132324218750000e+03,7.066426391601562500e+02,3.476011718750000000e+03,1.981164550781250000e+03,1.229316406250000000e+03,1.132390014648437500e+03,1.695443847656250000e+03,1.486589599609375000e+03,3.266842956542968750e+02,1.266614746093750000e+03,3.876475341796875000e+03,3.915084472656250000e+03,1.907744750976562500e+03,9.710144042968750000e+02,2.096007568359375000e+03,7.565036621093750000e+02,1.297622070312500000e+03,1.461360839843750000e+03,3.817698059082031250e+02,5.463288574218750000e+02,1.052282958984375000e+03,6.554107421875000000e+03,3.838757080078125000e+03,3.746488037109375000e+02,3.907227050781250000e+03,3.192713378906250000e+03,9.172967529296875000e+02,4.263789062500000000e+03,4.272942504882812500e+02,3.865560546875000000e+03,3.861279907226562500e+02,2.863470214843750000e+03,7.771443359375000000e+03,1.599184814453125000e+03,1.830710144042968750e+02,1.898302978515625000e+03,1.755202880859375000e+03,6.309625244140625000e+02,7.357536621093750000e+02,4.290636596679687500e+02
4.111217285156250000e+03,3.306163085937500000e+03,3.011114501953125000e+02,1.560205078125000000e+02,6.307646484375000000e+02,1.273300170898437500e+02,4.637874145507812500e+02,2.142706298828125000e+01,1.750084960937500000e+04,3.193274169921875000e+03,1.703250732421875000e+02,9.805947265625000000e+03,1.279755371093750000e+03,8.732156982421875000e+02,8.187696533203125000e+02,1.109479394531250000e+04,2.847625244140625000e+03,3.013515014648437500e+02,8.423231811523437500e+02,3.324053466796875000e+03,3.647213867187500000e+03,1.879010620117187500e+03,2.626305664062500000e+03,2.540212890625000000e+03,6.794859619140625000e+02,1.384265502929687500e+03,1.302867553710937500e+03,2.830164184570312500e+02,1.806048583984375000e+03,1.425439941406250000e+03,6.598350585937500000e+03,3.625785400390625000e+03,4.421521606445312500e+02,3.691205322265625000e+03,1.353763183593750000e+03,2.031449218750000000e+03,2.078066406250000000e+02,4.001208496093750000e+02,3.998128906250000000e+03,3.028165893554687500e+02,8.970957031250000000e+02,6.455812500000000000e+03,1.531391235351562500e+03,1.575744323730468750e+02,6.031990722656250000e+03,3.589827148437500000e+03,1.618761962890625000e+03,4.285769531250000000e+03,4.636573486328125000e+02
1.511282104492187500e+03,5.076324218750000000e+03,5.042346191406250000e+01,3.453737500000000000e+04,2.909160156250000000e+02,2.820521850585937500e+02,2.159866333007812500e+02,5.045563354492187500e+02,1.957746093750000000e+03,3.432446289062500000e+03,9.791561889648437500e+02,1.931917968750000000e+03,2.030386352539062500e+03,5.090686035156250000e+02,2.951867675781250000e+03,1.417279907226562500e+03,9.786428222656250000e+02,1.650352172851562500e+02,2.692400878906250000e+03,3.106816162109375000e+03,8.487997070312500000e+03,1.719115600585937500e+03,1.366162109375000000e+02,1.193816406250000000e+03,7.078125000000000000e+02,9.119830322265625000e+02,9.480662841796875000e+02,7.971911621093750000e+02,1.113007812500000000e+02,3.260675048828125000e+01,2.232316894531250000e+03,3.314814208984375000e+03,4.721832275390625000e+01,3.648919677734375000e+03,5.207321777343750000e+02,4.566729736328125000e+02,2.833049316406250000e+03,1.903964233398437500e+01,1.417417382812500000e+04,6.120529785156250000e+02,3.283007080078125000e+03,5.894785156250000000e+02,1.531262329101562500e+03,1.899806671142578125e+02,4.544572753906250000e+02,1.652129150390625000e+03,2.742216796875000000e+02,1.352276733398437500e+03,8.912426147460937500e+02
2.137499755859375000e+03,1.175638769531250000e+04,1.014102294921875000e+03,4.344741210937500000e+03,8.909465332031250000e+02,8.897988281250000000e+02,1.552447509765625000e+01,5.522481689453125000e+02,1.806279296875000000e+03,2.081017578125000000e+04,3.536639404296875000e+02,3.037194824218750000e+02,4.185256835937500000e+03,2.073254394531250000e+02,4.505679687500000000e+03,1.483350341796875000e+03,8.821938476562500000e+02,8.639419555664062500e+01,5.179998779296875000e+02,3.409920654296875000e+03,3.766094726562500000e+03,1.743071533203125000e+03,8.772803955078125000e+02,2.086412597656250000e+03,7.342434082031250000e+02,5.070821533203125000e+02,2.623661718750000000e+04,4.575128173828125000e+01,1.184765625000000000e+03,1.905420532226562500e+02,1.735129882812500000e+03,2.337017382812500000e+04,7.128643798828125000e+01,3.850376220703125000e+03,3.274845458984375000e+03,4.182730102539062500e+02,3.935772949218750000e+03,5.717468261718750000e+00,4.972181640625000000e+03,9.076181030273437500e+02,1.581044921875000000e+02,4.918486328125000000e+02,2.700889648437500000e+03,2.706888732910156250e+02,1.919664062500000000e+03,2.107786865234375000e+03,3.304324951171875000e+02,1.748398681640625000e+03,4.501680297851562500e+02
1.582977905273437500e+03,5.576208984375000000e+03,3.096843261718750000e+02,8.064180664062500000e+03,1.475703125000000000e+03,1.409722900390625000e+02,8.743759155273437500e+01,4.843829345703125000e+01,2.701027343750000000e+03,5.963453125000000000e+03,9.420229492187500000e+02,3.964900390625000000e+03,2.167112548828125000e+03,6.275086669921875000e+02,2.654889404296875000e+03,2.108435058593750000e+03,1.949641235351562500e+03,5.435403442382812500e+01,4.485554199218750000e+02,7.092395507812500000e+03,3.721066406250000000e+03,5.746806640625000000e+03,6.802861938476562500e+02,2.199591796875000000e+03,6.994661865234375000e+02,7.602304687500000000e+02,2.698178710937500000e+02,8.532678222656250000e+01,9.132465820312500000e+02,1.783330078125000000e+02,4.112695312500000000e+02,4.398208496093750000e+03,1.538143310546875000e+02,2.242586718750000000e+04,2.586493408203125000e+03,2.097623291015625000e+02,4.189151367187500000e+03,2.692926025390625000e+01,4.823662109375000000e+03,6.080302734375000000e+02,4.630610351562500000e+02,1.204918945312500000e+03,2.826466796875000000e+03,1.943876953125000000e+02,6.601435546875000000e+02,1.812154541015625000e+03,3.960496215820312500e+02,1.218155639648437500e+03,3.085620117187500000e+02
1.431020751953125000e+03,5.508613281250000000e+03,2.942307128906250000e+02,2.837202734375000000e+04,1.631216308593750000e+03,2.661376953125000000e+01,3.181018066406250000e+01,4.254429626464843750e+01,1.669873046875000000e+03,4.076854248046875000e+03,1.169125976562500000e+02,1.799617675781250000e+03,1.783161865234375000e+03,1.038170898437500000e+03,8.444630737304687500e+02,1.315903808593750000e+03,6.813996582031250000e+02,2.200506591796875000e+01,3.723767089843750000e+02,3.495732421875000000e+03,3.860709228515625000e+03,1.931199951171875000e+03,4.155291748046875000e+02,6.301737304687500000e+03,1.279006347656250000e+03,7.654938964843750000e+02,2.141185791015625000e+03,2.885623168945312500e+01,2.074489746093750000e+02,2.223031005859375000e+02,8.024072265625000000e+03,3.691732177734375000e+03,2.832437133789062500e+02,4.105006347656250000e+03,2.712363769531250000e+03,1.237768554687500000e+02,1.187140625000000000e+03,8.633453369140625000e+00,5.900085937500000000e+03,6.094471435546875000e+02,5.415270996093750000e+02,4.023799804687500000e+03,1.561119018554687500e+03,1.484721832275390625e+02,8.103098144531250000e+02,1.983486328125000000e+02,2.016685791015625000e+02,1.507960693359375000e+03,4.611458740234375000e+02
1.411973144531250000e+03,5.605062500000000000e+03,3.715656738281250000e+02,1.352923144531250000e+04,3.190924316406250000e+03,1.086006225585937500e+03,5.238311157226562500e+02,2.215427246093750000e+02,1.021557910156250000e+04,6.775276367187500000e+03,1.062795410156250000e+03,3.786347167968750000e+03,2.962516601562500000e+03,1.521054809570312500e+03,1.927428833007812500e+03,1.603689086914062500e+03,1.614168945312500000e+03,1.720879821777343750e+02,1.708467285156250000e+03,3.957840332031250000e+03,3.750699218750000000e+03,1.883494506835937500e+03,9.396918334960937500e+02,4.269566406250000000e+03,7.622500000000000000e+02,1.431370483398437500e+03,2.328791992187500000e+03,2.555646972656250000e+02,2.121188964843750000e+02,1.089204345703125000e+03,8.817902343750000000e+03,5.827097656250000000e+03,4.640910644531250000e+02,4.228297363281250000e+03,2.930887207031250000e+03,1.782769775390625000e+03,4.617000000000000000e+03,3.463754272460937500e+02,5.422276367187500000e+03,5.883750000000000000e+02,3.499616210937500000e+03,1.009759179687500000e+04,3.091185546875000000e+03,1.261616439819335938e+02,3.596776611328125000e+03,3.420033935546875000e+03,7.430356445312500000e+02,7.867177734375000000e+02,4.613388671875000000e+02
1.014209411621093750e+03,5.236326171875000000e+03,6.316826171875000000e+02,3.070649804687500000e+04,2.589790039062500000e+03,2.030358886718750000e+01,4.770881652832031250e+02,2.990387573242187500e+02,9.759764648437500000e+03,3.535465576171875000e+03,1.034666381835937500e+03,3.281404296875000000e+03,2.919009277343750000e+03,1.302946166992187500e+03,1.028683349609375000e+03,1.646522827148437500e+03,1.512801879882812500e+03,3.598021545410156250e+02,2.122950195312500000e+03,4.841116210937500000e+03,3.981885009765625000e+03,2.029546020507812500e+03,9.423518066406250000e+02,2.365280761718750000e+03,7.593172607421875000e+02,1.292474609375000000e+03,1.796124389648437500e+03,2.474362182617187500e+02,1.892256835937500000e+03,7.546823120117187500e+02,8.410176757812500000e+03,4.156119140625000000e+03,4.367997436523437500e+02,5.050223144531250000e+03,3.305401855468750000e+03,1.457752197265625000e+03,4.251075683593750000e+03,4.847828063964843750e+02,4.928902343750000000e+03,5.632718505859375000e+02,3.181605224609375000e+03,1.505598339843750000e+04,2.875234619140625000e+03,1.344428558349609375e+02,2.125359375000000000e+03,2.263774902343750000e+03,6.859988403320312500e+02,8.825847167968750000e+02,3.390957641601562500e+02
9.243834228515625000e+02,4.352687988281250000e+03,1.694454345703125000e+02,1.819062500000000000e+02,3.863144531250000000e+02,5.007706298828125000e+02,2.720579223632812500e+02,2.467330932617187500e+01,1.654964257812500000e+04,3.211677246093750000e+03,3.378109130859375000e+02,6.184469238281250000e+03,9.766806640625000000e+02,2.332783813476562500e+02,8.025012207031250000e+02,1.095477441406250000e+04,2.464034667968750000e+03,3.175777282714843750e+02,3.824044189453125000e+02,4.087398681640625000e+03,3.701316894531250000e+03,1.888546875000000000e+03,1.785743896484375000e+03,3.120398925781250000e+03,7.130993652343750000e+02,1.389675781250000000e+03,2.287695800781250000e+03,3.362926330566406250e+02,2.301621093750000000e+03,1.158451171875000000e+03,7.582597656250000000e+03,3.469082275390625000e+03,5.095181274414062500e+02,3.827674072265625000e+03,2.772591796875000000e+03,1.251124267578125000e+03,2.458097167968750000e+03,4.098169555664062500e+02,4.298066894531250000e+03,4.013141784667968750e+02,5.362043457031250000e+02,1.857370312500000000e+04,1.439752563476562500e+03,1.293612213134765625e+02,5.115748535156250000e+03,6.325416015625000000e+03,1.626937377929687500e+03,4.072853515625000000e+03,4.636666259765625000e+02
1.250360351562500000e+03,4.878249511718750000e+03,3.758386230468750000e+02,2.707608984375000000e+04,5.404743652343750000e+02,3.805658569335937500e+02,2.499061584472656250e+02,1.370324096679687500e+02,1.041714648437500000e+04,3.412818847656250000e+03,8.557062988281250000e+02,1.448380859375000000e+03,2.760830810546875000e+03,1.163130249023437500e+03,2.808410400390625000e+03,1.848882690429687500e+03,5.753642578125000000e+02,1.014403076171875000e+02,1.712697021484375000e+03,3.333458984375000000e+03,8.734299804687500000e+03,1.830706176757812500e+03,4.578178100585937500e+02,1.757031494140625000e+03,7.120828857421875000e+02,1.433415039062500000e+03,2.331223632812500000e+03,1.333529052734375000e+02,1.525659179687500000e+02,5.744500732421875000e+01,6.033785156250000000e+03,4.258460449218750000e+03,5.512750854492187500e+02,3.699328369140625000e+03,1.578513793945312500e+03,7.079479980468750000e+02,4.684231445312500000e+03,5.119677734375000000e+01,5.355231445312500000e+03,6.103304443359375000e+02,3.021843750000000000e+03,4.616125000000000000e+03,1.328208374023437500e+03,1.289127960205078125e+02,7.145429687500000000e+02,1.751669921875000000e+03,2.115460205078125000e+02,1.120862915039062500e+03,8.312282104492187500e+02
5.430217285156250000e+02,9.680718750000000000e+03,4.034359130859375000e+02,5.584989746093750000e+03,8.455200195312500000e+02,4.408914794921875000e+02,7.423736572265625000e+00,3.695668334960937500e+02,1.010266503906250000e+04,1.928262109375000000e+04,1.669862670898437500e+02,2.330268066406250000e+03,1.531907226562500000e+03,2.792345214843750000e+03,3.799705078125000000e+03,2.069867431640625000e+03,7.134281005859375000e+02,5.725134277343750000e+01,3.478791503906250000e+02,4.196584960937500000e+03,3.903207275390625000e+03,1.796505371093750000e+03,7.188159790039062500e+02,2.184591552734375000e+03,7.063559570312500000e+02,1.167272460937500000e+03,1.660281982421875000e+03,3.173690795898437500e+01,3.610339355468750000e+02,4.063926696777343750e+02,6.122876953125000000e+03,2.279862890625000000e+04,3.842058715820312500e+02,5.061417968750000000e+03,2.604149414062500000e+03,7.590614013671875000e+02,1.043274609375000000e+04,1.596340942382812500e+01,5.761379394531250000e+03,9.816199340820312500e+02,5.196678222656250000e+03,7.551601562500000000e+02,2.765020996093750000e+03,3.801682434082031250e+02,1.718286743164062500e+03,2.085992187500000000e+03,9.753387451171875000e+01,1.645337646484375000e+03,4.348853759765625000e+02
1.100624023437500000e+04,5.107437500000000000e+03,5.568254394531250000e+02,7.630369140625000000e+03,7.218508300781250000e+02,6.312451171875000000e+01,1.380611877441406250e+02,5.201709747314453125e+01,1.525867187500000000e+03,3.584475830078125000e+03,9.846959228515625000e+02,1.127986328125000000e+03,2.794559326171875000e+03,5.906160888671875000e+02,1.328459106445312500e+03,3.023748535156250000e+03,5.722818603515625000e+02,5.737365722656250000e+00,6.444863281250000000e+02,6.469508789062500000e+03,3.753648193359375000e+03,6.257406738281250000e+03,6.250455932617187500e+02,3.279344726562500000e+03,7.282333984375000000e+02,5.622331542968750000e+02,1.835272949218750000e+03,7.290686035156250000e+01,5.004194335937500000e+02,3.330794067382812500e+02,2.970103515625000000e+03,3.742182128906250000e+03,1.640361328125000000e+02,2.031163281250000000e+04,2.889159667968750000e+03,3.476684570312500000e+01,4.521232910156250000e+03,5.285845947265625000e+01,1.209652050781250000e+04,6.046237792968750000e+02,6.522746582031250000e+02,1.725468750000000000e+03,3.046943359375000000e+03,1.317636871337890625e+02,8.182543945312500000e+02,1.604687622070312500e+03,1.457993774414062500e+02,9.587176513671875000e+02,3.123458862304687500e+02
8.984519042968750000e+02,4.138117187500000000e+03,3.703706665039062500e+02,2.410817187500000000e+04,9.890017089843750000e+02,7.252441406250000000e+00,7.737481689453125000e+01,4.456497955322265625e+01,5.930029296875000000e+02,3.257039062500000000e+03,8.236584472656250000e+01,2.987745117187500000e+03,2.194033691406250000e+03,9.047586669921875000e+02,6.873784179687500000e+02,1.692666992187500000e+03,3.663922119140625000e+02,1.200894165039062500e+02,3.775615234375000000e+02,3.532640136718750000e+03,3.874552490234375000e+03,1.784962646484375000e+03,2.727609863281250000e+02,4.969321289062500000e+03,1.164029785156250000e+03,3.530193481445312500e+02,2.759292602539062500e+02,1.656875610351562500e+01,4.785668945312500000e+01,4.223052978515625000e+02,3.730056640625000000e+03,3.636909423828125000e+03,2.794087219238281250e+02,4.178589843750000000e+03,1.534918823242187500e+03,3.290751953125000000e+02,1.186434570312500000e+03,3.131784057617187500e+01,4.848719238281250000e+03,2.419520263671875000e+02,7.969384765625000000e+01,2.447812500000000000e+03,1.365228149414062500e+03,1.479523468017578125e+02,1.447374023437500000e+03,2.993282714843750000e+03,2.421218872070312500e+02,1.423567138671875000e+03,4.612769165039062500e+02
1.605073120117187500e+03,5.594442871093750000e+03,2.313914184570312500e+02,1.277284472656250000e+04,2.585445800781250000e+03,7.726602172851562500e+02,4.480102233886718750e+02,2.183225250244140625e+02,9.567420898437500000e+03,5.604062011718750000e+03,1.051675292968750000e+03,3.495326416015625000e+03,2.972877197265625000e+03,1.083423706054687500e+03,1.145249145507812500e+03,2.095382812500000000e+03,1.612306640625000000e+03,1.707237243652343750e+02,1.468477416992187500e+03,3.905349609375000000e+03,3.850914306640625000e+03,1.888354858398437500e+03,1.047576904296875000e+03,4.276625976562500000e+03,7.628830566406250000e+02,1.269837402343750000e+03,2.302961425781250000e+03,2.769094238281250000e+02,7.956054687500000000e+01,6.538947753906250000e+02,7.617862304687500000e+03,4.269587402343750000e+03,4.655037841796875000e+02,4.072145263671875000e+03,1.094475097656250000e+03,1.582680664062500000e+03,4.067962890625000000e+03,3.804406433105468750e+02,4.311272460937500000e+03,6.068572998046875000e+02,2.947320800781250000e+03,9.999549804687500000e+03,3.052118896484375000e+03,1.544899749755859375e+02,2.865284423828125000e+03,2.058110107421875000e+03,7.885737304687500000e+02,7.810666503906250000e+02,4.619370727539062500e+02
1.522978881835937500e+03,4.703533203125000000e+03,3.589392089843750000e+02,3.051312304687500000e+04,2.392398437500000000e+03,9.984998779296875000e+02,4.246542053222656250e+02,2.614527587890625000e+02,9.511541992187500000e+03,3.337114013671875000e+03,1.028109375000000000e+03,2.955411376953125000e+03,2.903144042968750000e+03,1.121482177734375000e+03,9.033309936523437500e+02,1.615680175781250000e+03,1.582237304687500000e+03,3.750719299316406250e+02,1.778300415039062500e+03,4.736650390625000000e+03,4.052548828125000000e+03,1.881291381835937500e+03,1.053237670898437500e+03,2.189259521484375000e+03,7.533945312500000000e+02,1.313504028320312500e+03,9.566276855468750000e+02,3.389434204101562500e+02,1.564170410156250000e+03,6.176390380859375000e+02,9.160328125000000000e+03,3.763391601562500000e+03,3.865516967773437500e+02,4.279516113281250000e+03,2.176183105468750000e+03,1.168339233398437500e+03,4.378446777343750000e+03,4.516266174316406250e+02,3.874520996093750000e+03,2.395629730224609375e+02,2.961333984375000000e+03,9.854712890625000000e+03,1.534217163085937500e+03,1.817654876708984375e+02,2.078176269531250000e+03,1.767935546875000000e+03,6.975683593750000000e+02,1.010987548828125000e+03,3.475650024414062500e+02
1.253040161132812500e+03,3.786617675781250000e+03,3.738381347656250000e+02,2.625664062500000000e+03,7.496984863281250000e+02,8.482120971679687500e+02,4.004508361816406250e+02,1.658495483398437500e+02,1.158948828125000000e+04,3.191785400390625000e+03,3.550161132812500000e+02,7.012875488281250000e+03,7.198129882812500000e+02,1.064319580078125000e+03,7.393579101562500000e+02,1.027437109375000000e+04,1.780224853515625000e+03,3.497359619140625000e+02,2.906513671875000000e+02,3.785767578125000000e+03,3.714109863281250000e+03,1.854748046875000000e+03,1.691784179687500000e+03,3.713318359375000000e+03,7.093214111328125000e+02,1.248154663085937500e+03,1.329069824218750000e+03,1.888357543945312500e+02,2.417489990234375000e+03,1.209106201171875000e+03,1.806698242187500000e+03,3.613872558593750000e+03,4.248665466308593750e+02,3.974765136718750000e+03,3.114957031250000000e+03,9.248519897460937500e+02,5.127617187500000000e+02,2.746752624511718750e+02,3.734459960937500000e+03,3.005939636230468750e+02,4.268979492187500000e+02,1.518545800781250000e+04,1.504762939453125000e+03,1.309329986572265625e+02,4.730333007812500000e+03,2.018537597656250000e+02,1.455478271484375000e+03,3.720811035156250000e+03,4.638009033203125000e+02
1.405428466796875000e+03,4.212712890625000000e+03,3.362949218750000000e+02,1.142994921875000000e+04,1.468030273437500000e+03,6.138486328125000000e+02,2.528193054199218750e+02,2.891479187011718750e+02,4.916376953125000000e+02,3.215282470703125000e+03,9.236762695312500000e+02,1.310927246093750000e+03,2.408801025390625000e+03,7.928854370117187500e+02,8.513155517578125000e+02,1.629682006835937500e+03,1.149610351562500000e+03,1.057765502929687500e+02,1.109241210937500000e+03,3.153791259765625000e+03,4.629808593750000000e+03,1.713894042968750000e+03,1.188453979492187500e+02,1.800385498046875000e+03,7.128732910156250000e+02,7.480858764648437500e+02,8.438970947265625000e+02,1.873502197265625000e+02,5.778393554687500000e+01,9.216229248046875000e+01,5.571946289062500000e+03,3.334597656250000000e+03,1.555618286132812500e+02,3.676745117187500000e+03,2.055619140625000000e+03,4.501892089843750000e+02,2.852972167968750000e+03,3.180524597167968750e+02,1.263497265625000000e+04,2.794535827636718750e+02,2.519989990234375000e+03,1.935705078125000000e+03,1.909524658203125000e+03,2.239415435791015625e+02,9.960859375000000000e+02,1.765425537109375000e+03,2.492027587890625000e+02,1.073780639648437500e+03,6.907918701171875000e+02
1.531250488281250000e+03,8.141870117187500000e+03,4.821622924804687500e+02,7.318103515625000000e+03,3.025885009765625000e+02,3.546812133789062500e+02,3.068127441406250000e+01,4.916351318359375000e+01,5.310576171875000000e+02,1.676173437500000000e+04,3.869091796875000000e+01,1.053898681640625000e+03,3.580802978515625000e+03,5.053638916015625000e+02,4.410014160156250000e+03,2.062627197265625000e+03,3.739704589843750000e+02,1.643746948242187500e+01,5.143791503906250000e+02,3.364581298828125000e+03,4.035813232421875000e+03,1.773999023437500000e+03,1.012808715820312500e+03,2.411814453125000000e+03,7.382502441406250000e+02,5.942215576171875000e+02,7.019663085937500000e+02,1.129061279296875000e+02,5.288647460937500000e+02,3.660059814453125000e+02,4.827826171875000000e+03,2.326212500000000000e+04,2.897900390625000000e+01,4.130488769531250000e+03,1.328807983398437500e+03,2.549792480468750000e+02,5.706743164062500000e+02,2.765505676269531250e+02,5.665546875000000000e+03,8.681251220703125000e+02,2.557998046875000000e+02,1.346419921875000000e+03,2.058123535156250000e+03,5.025389709472656250e+02,1.775158203125000000e+03,5.033464843750000000e+03,2.565053710937500000e+02,1.323331054687500000e+03,4.493859863281250000e+02
1.096761230468750000e+04,5.398063476562500000e+03,3.977355957031250000e+02,7.598541015625000000e+03,7.841198730468750000e+02,2.194017944335937500e+02,2.058298339843750000e+02,1.146588592529296875e+02,1.419121093750000000e+02,3.628627441406250000e+03,9.942246093750000000e+02,3.457995117187500000e+03,2.619470458984375000e+03,6.638789062500000000e+02,8.483844604492187500e+02,3.344090332031250000e+03,5.649146728515625000e+02,4.479656982421875000e+01,4.873210449218750000e+02,5.995284179687500000e+03,3.609747558593750000e+03,5.782807617187500000e+03,4.823372802734375000e+02,3.474880371093750000e+03,7.379342041015625000e+02,6.405148315429687500e+02,8.173094482421875000e+02,1.829115600585937500e+02,5.995776367187500000e+01,3.012388916015625000e+02,8.060136718750000000e+02,3.856297607421875000e+03,9.581072998046875000e+01,1.855966992187500000e+04,3.001035888671875000e+03,1.901582031250000000e+02,4.144665039062500000e+03,4.946968078613281250e+02,4.933357910156250000e+03,3.080295104980468750e+02,7.212500000000000000e+02,1.910700195312500000e+03,3.170165527343750000e+03,2.433852844238281250e+02,1.225386718750000000e+03,1.589348388671875000e+03,1.765930175781250000e+02,6.469338378906250000e+02,2.707960815429687500e+02
1.564854492187500000e+03,3.683622558593750000e+03,2.284672851562500000e+02,2.351519921875000000e+04,7.367238769531250000e+02,1.291203613281250000e+02,6.006625366210937500e+01,4.589775085449218750e+01,1.225796875000000000e+03,3.187113281250000000e+03,2.869888916015625000e+02,1.277704833984375000e+03,1.840652099609375000e+03,8.835200195312500000e+02,6.521041870117187500e+02,1.990773681640625000e+03,5.028657226562500000e+02,4.582238769531250000e+01,6.502978515625000000e+02,3.303927246093750000e+03,3.640298583984375000e+03,1.852381347656250000e+03,4.645046386718750000e+02,4.042650146484375000e+03,9.640440673828125000e+02,1.130844116210937500e+02,6.956088867187500000e+02,2.827673339843750000e+01,4.896220703125000000e+02,2.040244140625000000e+02,4.527289062500000000e+03,3.626959716796875000e+03,2.615216064453125000e+01,3.927335449218750000e+03,8.922048950195312500e+02,5.612561035156250000e+01,1.082044189453125000e+03,2.821175231933593750e+02,5.230979492187500000e+03,2.958981323242187500e+02,2.844846191406250000e+02,4.188341796875000000e+03,1.818535156250000000e+03,1.558855895996093750e+02,1.107106201171875000e+03,2.939352783203125000e+03,2.802159423828125000e+02,1.144077758789062500e+03,4.609190063476562500e+02
1.553853515625000000e+03,5.569216796875000000e+03,1.572299804687500000e+02,1.271211328125000000e+04,2.646213378906250000e+03,5.265238647460937500e+02,3.872490844726562500e+02,1.665035095214843750e+02,9.224349609375000000e+03,3.337278808593750000e+03,1.051149169921875000e+03,2.583171386718750000e+03,2.788459716796875000e+03,8.298167114257812500e+02,8.468298950195312500e+02,1.825622558593750000e+03,1.488765625000000000e+03,1.474253845214843750e+02,1.258205932617187500e+03,3.585098144531250000e+03,3.709755859375000000e+03,1.838406005859375000e+03,1.110086059570312500e+03,2.666343994140625000e+03,7.628288574218750000e+02,8.595631103515625000e+02,1.140240356445312500e+03,2.457231140136718750e+02,3.399231201171875000e+03,6.419954833984375000e+02,7.148702148437500000e+03,3.721829101562500000e+03,3.541211242675781250e+02,3.811077148437500000e+03,8.349487915039062500e+02,9.540338745117187500e+02,4.029226318359375000e+03,3.457585144042968750e+02,4.782861328125000000e+03,2.989434204101562500e+02,2.774482910156250000e+03,9.509998046875000000e+03,2.653130371093750000e+03,1.284713897705078125e+02,2.134794189453125000e+03,1.347087402343750000e+03,7.271253051757812500e+02,7.842403564453125000e+02,4.611699218750000000e+02
1.551134399414062500e+03,3.944308105468750000e+03,4.587397460937500000e+02,2.353105859375000000e+04,2.236719238281250000e+03,5.540443725585937500e+02,4.121107482910156250e+02,1.613865509033203125e+02,8.937723632812500000e+03,3.227678710937500000e+03,1.015357299804687500e+03,2.640719726562500000e+03,2.866574951171875000e+03,9.046757812500000000e+02,8.641276245117187500e+02,1.737484863281250000e+03,1.481884765625000000e+03,3.484152832031250000e+02,1.731362304687500000e+03,4.091618164062500000e+03,3.876423828125000000e+03,1.931988891601562500e+03,1.095258056640625000e+03,2.223476318359375000e+03,7.588836669921875000e+02,8.760715332031250000e+02,1.213762695312500000e+03,2.634192810058593750e+02,1.276263427734375000e+03,6.071370239257812500e+02,7.533941406250000000e+03,3.692285156250000000e+03,5.079167175292968750e+02,4.013118164062500000e+03,9.125916137695312500e+02,8.031573486328125000e+02,4.062263671875000000e+03,4.349308166503906250e+02,4.804961914062500000e+03,3.423300170898437500e+02,2.854850830078125000e+03,9.247673828125000000e+03,1.641957519531250000e+03,1.402673797607421875e+02,1.754311767578125000e+03,1.276565307617187500e+03,6.774609375000000000e+02,9.776242675781250000e+02,2.980780029296875000e+02
1.540935913085937500e+03,3.424086914062500000e+03,5.142178955078125000e+02,2.136193359375000000e+03,7.708850097656250000e+02,7.030615234375000000e+02,4.045724792480468750e+02,1.836254119873046875e+02,7.658053710937500000e+03,3.203290771484375000e+03,4.322729492187500000e+02,5.724016601562500000e+03,3.587426757812500000e+02,2.266473388671875000e+02,5.916535644531250000e+02,1.110835546875000000e+04,1.927693115234375000e+03,3.101595764160156250e+02,3.990229492187500000e+02,3.345716064453125000e+03,3.610550781250000000e+03,1.835564819335937500e+03,1.429160888671875000e+03,3.711047363281250000e+03,7.144013671875000000e+02,7.002560424804687500e+02,9.349382324218750000e+02,2.103778381347656250e+02,2.056818359375000000e+03,8.605803833007812500e+02,1.838334960937500000e+03,3.432645996093750000e+03,4.010147399902343750e+02,3.729235351562500000e+03,2.253194824218750000e+03,9.346876220703125000e+02,2.225544433593750000e+02,3.085389709472656250e+02,5.114573242187500000e+03,2.932969665527343750e+02,4.184394531250000000e+02,1.231388085937500000e+04,1.661964111328125000e+03,1.328999633789062500e+02,4.385294921875000000e+03,2.442886474609375000e+03,1.278438598632812500e+03,3.302905273437500000e+03,4.617344970703125000e+02
1.528785644531250000e+03,4.066287597656250000e+03,1.183327636718750000e+02,1.658616406250000000e+04,8.296027832031250000e+02,1.317984619140625000e+02,2.607778015136718750e+02,7.012271118164062500e+01,1.925800781250000000e+03,3.258145019531250000e+03,9.369083251953125000e+02,1.596963867187500000e+03,2.405086914062500000e+03,7.025169677734375000e+02,8.529880981445312500e+02,1.744270385742187500e+03,7.269562988281250000e+02,1.839473266601562500e+02,1.596295898437500000e+03,3.042495361328125000e+03,1.162977734375000000e+04,1.791505981445312500e+03,4.917191162109375000e+02,8.160563964843750000e+02,7.267878417968750000e+02,1.025451171875000000e+03,4.736133422851562500e+02,9.066027832031250000e+01,3.874384765625000000e+02,1.409047241210937500e+02,5.359766113281250000e+03,3.659248535156250000e+03,1.202189941406250000e+02,3.669258056640625000e+03,1.727373291015625000e+03,4.397548217773437500e+02,2.373437744140625000e+03,2.542899780273437500e+02,8.572295898437500000e+03,5.559007568359375000e+02,3.375437988281250000e+03,1.509907226562500000e+03,1.662518066406250000e+03,1.193871307373046875e+02,9.688984375000000000e+02,8.342800292968750000e+02,1.314819335937500000e+02,1.001814697265625000e+03,5.575844726562500000e+02
1.531756103515625000e+03,6.901315429687500000e+03,3.935483398437500000e+02,7.084786132812500000e+03,9.119685058593750000e+02,3.148927612304687500e+02,1.229990234375000000e+02,2.119458007812500000e+01,2.456465820312500000e+03,1.778388085937500000e+04,1.571259765625000000e+02,1.070029296875000000e+03,1.096635986328125000e+03,4.049597167968750000e+01,2.676357421875000000e+03,1.776042968750000000e+03,5.113897705078125000e+02,1.057324218750000000e+01,1.541520996093750000e+02,3.320822753906250000e+03,4.383743164062500000e+03,1.780720092773437500e+03,3.345144042968750000e+02,2.747948242187500000e+03,7.346304931640625000e+02,1.044293457031250000e+03,2.051247558593750000e+02,1.350209350585937500e+02,8.964455566406250000e+02,3.310807189941406250e+02,2.151187500000000000e+03,1.751848242187500000e+04,1.093368530273437500e+01,3.809318359375000000e+03,1.015332641601562500e+03,1.791712646484375000e+02,2.235299072265625000e+03,2.990469970703125000e+02,5.551943359375000000e+03,1.045434204101562500e+03,7.694943847656250000e+02,3.491152343750000000e+02,1.532509887695312500e+03,3.348063659667968750e+02,1.545176513671875000e+03,1.753516601562500000e+03,1.714290771484375000e+02,1.196078125000000000e+03,4.286860961914062500e+02
1.090138964843750000e+04,4.959568847656250000e+03,1.282145996093750000e+02,7.875791015625000000e+03,1.114842529296875000e+03,6.614086914062500000e+01,1.529969177246093750e+02,6.141592407226562500e+01,2.819078125000000000e+03,3.286621337890625000e+03,9.926468505859375000e+02,2.074537353515625000e+03,3.007701904296875000e+03,8.120817871093750000e+02,8.267556152343750000e+02,3.079507812500000000e+03,4.888164062500000000e+02,1.781384277343750000e+01,6.067939453125000000e+02,5.624325683593750000e+03,3.578706787109375000e+03,5.702136718750000000e+03,5.486878662109375000e+02,2.004432128906250000e+03,7.370122680664062500e+02,9.197304077148437500e+02,6.531513061523437500e+02,5.017303466796875000e+00,4.493579101562500000e+01,1.146036376953125000e+02,1.804087890625000000e+03,3.880815429687500000e+03,1.768032531738281250e+02,1.661937304687500000e+04,5.090882812500000000e+03,1.265014648437500000e+02,3.575939453125000000e+03,1.314142944335937500e+03,4.514428710937500000e+03,5.726062011718750000e+02,6.372390136718750000e+02,8.138759765625000000e+02,9.205849609375000000e+02,1.228767089843750000e+02,1.244322387695312500e+03,8.981586914062500000e+02,1.688143920898437500e+02,2.208825683593750000e+02,2.877613525390625000e+02
1.584418579101562500e+03,3.269989257812500000e+03,1.730693359375000000e+02,1.984344921875000000e+04,1.109189697265625000e+03,6.033587646484375000e+02,6.998455810546875000e+01,1.186762542724609375e+02,2.873769531250000000e+02,3.219576660156250000e+03,3.643315429687500000e+02,2.727102050781250000e+03,2.027190429687500000e+03,9.036163330078125000e+02,8.388352050781250000e+02,1.884870117187500000e+03,8.328430175781250000e+02,4.228918457031250000e+01,2.488592529296875000e+02,3.202676757812500000e+03,3.722965820312500000e+03,1.824396240234375000e+03,4.752751464843750000e+02,4.193843750000000000e+03,9.574748535156250000e+02,2.247393188476562500e+02,5.321797485351562500e+02,5.108459472656250000e+00,4.899467773437500000e+02,8.344604492187500000e+01,2.840485351562500000e+03,3.680073242187500000e+03,5.620361328125000000e+00,3.939006591796875000e+03,9.566662597656250000e+02,1.854871215820312500e+02,3.904133789062500000e+03,3.946260986328125000e+02,5.878000976562500000e+03,2.593486022949218750e+02,1.405549316406250000e+02,4.523154296875000000e+02,1.592922851562500000e+03,1.247671508789062500e+02,9.840230712890625000e+02,2.632413574218750000e+03,1.661582641601562500e+02,1.005265258789062500e+03,4.602335205078125000e+02
1.565769775390625000e+03,5.523705566406250000e+03,7.709136962890625000e+01,1.295953125000000000e+04,2.384108886718750000e+03,5.833566284179687500e+02,3.997626342773437500e+02,1.505403289794921875e+02,9.788797851562500000e+03,3.392612548828125000e+03,1.032372314453125000e+03,2.642915527343750000e+03,2.565666992187500000e+03,1.537809570312500000e+03,8.877995605468750000e+02,2.035844116210937500e+03,1.494156250000000000e+03,1.281849060058593750e+02,1.368282958984375000e+03,3.416895263671875000e+03,3.807974853515625000e+03,1.853773681640625000e+03,1.123025878906250000e+03,3.543583496093750000e+03,7.625911254882812500e+02,9.686397705078125000e+02,1.044778930664062500e+03,2.016667785644531250e+02,6.957539062500000000e+02,6.487613525390625000e+02,7.795203125000000000e+03,3.926174804687500000e+03,4.624246215820312500e+02,3.739260498046875000e+03,1.535391845703125000e+03,9.668673706054687500e+02,3.956517822265625000e+03,4.947061767578125000e+02,4.601674804687500000e+03,6.018499755859375000e+02,3.221858398437500000e+03,9.674558593750000000e+03,2.700376464843750000e+03,1.290253143310546875e+02,2.189766113281250000e+03,1.087056152343750000e+03,6.873753662109375000e+02,7.341247558593750000e+02,4.602502441406250000e+02
1.566273803710937500e+03,3.445592529296875000e+03,8.793962402343750000e+02,1.667375000000000000e+04,2.239645263671875000e+03,3.908272094726562500e+02,4.007390747070312500e+02,2.400331878662109375e+02,9.065513671875000000e+03,3.241989746093750000e+03,1.008512878417968750e+03,1.494035156250000000e+03,2.718629638671875000e+03,1.153112304687500000e+03,8.799411010742187500e+02,1.103832397460937500e+03,1.386408691406250000e+03,3.117496948242187500e+02,1.441155029296875000e+03,3.762976806640625000e+03,3.801378662109375000e+03,1.850745117187500000e+03,1.097147460937500000e+03,2.499590576171875000e+03,7.318099365234375000e+02,1.038878906250000000e+03,1.047085937500000000e+03,2.135130920410156250e+02,1.741851684570312500e+03,5.916428222656250000e+02,5.538260742187500000e+03,3.724854492187500000e+03,3.307684936523437500e+02,3.860348876953125000e+03,2.547600585937500000e+03,7.333799438476562500e+02,4.025323730468750000e+03,4.803840942382812500e+02,3.064808349609375000e+03,2.596588745117187500e+02,2.996331298828125000e+03,9.659687500000000000e+03,1.565004882812500000e+03,1.336506500244140625e+02,1.542198486328125000e+03,8.945632324218750000e+02,6.559539794921875000e+02,8.740877685546875000e+02,3.034771728515625000e+02
4.681750976562500000e+03,3.003652587890625000e+03,1.057622070312500000e+02,4.121676757812500000e+03,8.019660644531250000e+02,2.438065185546875000e+02,2.533119201660156250e+02,1.236269149780273438e+02,7.154455078125000000e+03,3.084144775390625000e+03,5.274976806640625000e+02,6.269309570312500000e+03,3.040380859375000000e+02,7.786386718750000000e+02,6.881381835937500000e+02,7.893105468750000000e+03,1.664703369140625000e+03,2.645528259277343750e+02,3.303043212890625000e+02,3.203046386718750000e+03,3.534148193359375000e+03,1.815696533203125000e+03,1.074211669921875000e+03,3.353325683593750000e+03,7.206250610351562500e+02,1.019390502929687500e+03,5.489844360351562500e+02,2.519771728515625000e+02,2.371307861328125000e+03,7.292968139648437500e+02,2.179618164062500000e+03,3.639725097656250000e+03,3.606173706054687500e+02,3.658532470703125000e+03,1.915278320312500000e+03,8.261256103515625000e+02,1.139989257812500000e+03,3.985867004394531250e+02,4.174434082031250000e+03,2.436382751464843750e+02,2.791388183593750000e+03,1.049100878906250000e+04,1.426166381835937500e+03,1.197248535156250000e+02,4.516937500000000000e+03,1.838309204101562500e+03,1.295171875000000000e+03,3.739654785156250000e+03,4.619995117187500000e+02
1.969410644531250000e+03,3.028392089843750000e+03,8.949584960937500000e+01,1.586687207031250000e+04,1.668932128906250000e+03,8.248370361328125000e+01,4.272716979980468750e+02,2.185121307373046875e+02,1.970129882812500000e+03,3.198067138671875000e+03,8.744621582031250000e+02,9.300107421875000000e+02,2.509354980468750000e+03,4.306216430664062500e+02,7.875380859375000000e+02,1.745755981445312500e+03,1.119567382812500000e+03,2.566899414062500000e+02,1.985622314453125000e+03,2.980041503906250000e+03,7.672874511718750000e+03,1.756824707031250000e+03,2.947441650390625000e+03,1.929557128906250000e+03,7.244737548828125000e+02,6.828947753906250000e+02,3.254278564453125000e+02,1.068952331542968750e+02,2.134624023437500000e+02,2.418115234375000000e+01,2.564663085937500000e+03,3.658320312500000000e+03,5.557385253906250000e+01,3.640415771484375000e+03,1.469380859375000000e+03,1.461640625000000000e+02,4.089761474609375000e+03,2.650358276367187500e+02,6.303573730468750000e+03,2.861267089843750000e+02,2.860398925781250000e+03,3.106709960937500000e+03,1.549681152343750000e+03,1.149362564086914062e+02,1.140244506835937500e+03,1.338463500976562500e+03,1.761168823242187500e+02,7.769405517578125000e+02,2.718847656250000000e+02
1.379046020507812500e+03,3.267477050781250000e+03,3.995042114257812500e+02,6.225817382812500000e+03,5.855642089843750000e+02,7.065040283203125000e+02,4.482598876953125000e+01,2.520034790039062500e+00,2.229075195312500000e+03,1.548752539062500000e+04,2.430750732421875000e+02,3.446702148437500000e+03,3.272092773437500000e+03,1.306257324218750000e+02,2.159666992187500000e+03,1.631135620117187500e+03,1.182644042968750000e+03,4.192889404296875000e+01,2.262188720703125000e+01,3.190421630859375000e+03,4.492404785156250000e+03,1.782385498046875000e+03,1.082016357421875000e+03,2.796207275390625000e+03,6.501303710937500000e+02,3.696817626953125000e+02,2.660350341796875000e+02,2.626559448242187500e+01,1.035773681640625000e+03,1.775563659667968750e+02,3.016488769531250000e+03,1.483294433593750000e+04,4.170953369140625000e+01,3.637192871093750000e+03,2.572230712890625000e+03,1.336829833984375000e+02,1.320088476562500000e+04,4.237298583984375000e+02,5.460648437500000000e+03,1.157234497070312500e+03,1.807935351562500000e+04,1.365712890625000000e+03,1.260331665039062500e+03,4.311181030273437500e+02,1.712790649414062500e+03,1.667616088867187500e+03,1.160603027343750000e+02,1.165693603515625000e+03,4.387517700195312500e+02
5.428059082031250000e+02,3.300617187500000000e+03,2.654722900390625000e+02,7.256724609375000000e+03,1.193729980468750000e+03,4.630814819335937500e+02,2.673159179687500000e+02,1.242443084716796875e+01,1.722346679687500000e+03,3.216643554687500000e+03,9.417791748046875000e+02,6.434726562500000000e+02,2.652278808593750000e+03,7.765828857421875000e+02,8.675701904296875000e+02,1.813494628906250000e+03,1.177675292968750000e+03,5.868133544921875000e+01,4.711360473632812500e+02,5.691233398437500000e+03,3.505031250000000000e+03,5.328726074218750000e+03,1.081170898437500000e+03,2.718741210937500000e+03,6.838686523437500000e+02,2.760052490234375000e+02,3.532766113281250000e+02,1.189852905273437500e+01,3.504384765625000000e+02,1.389899291992187500e+02,1.408927246093750000e+03,3.684100830078125000e+03,3.681241760253906250e+02,1.601704980468750000e+04,2.866646972656250000e+03,3.939215087890625000e+01,3.244567871093750000e+03,1.248722045898437500e+03,3.988394531250000000e+03,4.428444519042968750e+02,1.890114990234375000e+03,6.466796875000000000e+00,1.801502197265625000e+03,1.175619125366210938e+02,1.495981689453125000e+03,7.314583740234375000e+02,3.731329345703125000e+02,3.681551513671875000e+02,3.456947021484375000e+02
1.660132812500000000e+03,2.793348876953125000e+03,2.456282348632812500e+02,2.104699609375000000e+04,1.073029296875000000e+03,1.088476562500000000e+02,2.616334533691406250e+02,4.436244201660156250e+01,2.156291015625000000e+03,3.193720458984375000e+03,2.248906250000000000e+02,4.861076660156250000e+02,1.890645507812500000e+03,8.546401977539062500e+02,8.424545898437500000e+02,1.368528320312500000e+03,9.061203613281250000e+02,1.157897949218750000e+01,1.492791748046875000e+02,3.112180175781250000e+03,3.630285644531250000e+03,1.830877075195312500e+03,1.119676879882812500e+03,3.730062255859375000e+03,8.815987548828125000e+02,3.986057739257812500e+02,4.771992797851562500e+02,1.179434814453125000e+02,5.980048828125000000e+02,2.005938720703125000e+01,3.012588378906250000e+03,3.617571533203125000e+03,3.079248046875000000e+02,3.783416992187500000e+03,2.189752441406250000e+03,2.912060546875000000e+01,3.976389160156250000e+03,5.046695251464843750e+02,5.597845214843750000e+03,2.784845886230468750e+02,8.448315429687500000e+02,1.388964843750000000e+01,1.498158935546875000e+03,1.349868774414062500e+02,9.923901367187500000e+02,1.159531738281250000e+03,3.645195922851562500e+02,8.500203857421875000e+02,4.551727905273437500e+02
1.495880737304687500e+03,4.192798828125000000e+03,1.084730224609375000e+02,1.356093554687500000e+04,2.009204956054687500e+03,5.317288818359375000e+02,3.864531860351562500e+02,1.529607391357421875e+02,8.487771484375000000e+03,3.429428710937500000e+03,1.002567871093750000e+03,3.383905273437500000e+03,2.465568359375000000e+03,1.701711547851562500e+03,8.605906982421875000e+02,2.309464599609375000e+03,1.437875244140625000e+03,2.251611328125000000e+01,1.024397949218750000e+03,3.298649658203125000e+03,3.750595458984375000e+03,1.847870361328125000e+03,9.941590576171875000e+02,3.254489990234375000e+03,7.611730957031250000e+02,1.260718505859375000e+03,8.940031738281250000e+02,2.039694824218750000e+02,5.394208984375000000e+02,6.111302490234375000e+02,7.595212890625000000e+03,3.873760498046875000e+03,4.453733825683593750e+02,3.690772705078125000e+03,9.001350097656250000e+02,8.294959716796875000e+02,3.946435058593750000e+03,4.861390991210937500e+02,4.463563964843750000e+03,6.009244384765625000e+02,3.844290039062500000e+03,9.378506835937500000e+03,2.262937011718750000e+03,1.224751510620117188e+02,1.958852783203125000e+03,1.257988403320312500e+03,6.668497314453125000e+02,8.619447021484375000e+02,4.573316040039062500e+02
1.575154663085937500e+03,2.897610351562500000e+03,4.141958007812500000e+02,1.097048828125000000e+04,2.358968505859375000e+03,1.004719848632812500e+02,3.795707092285156250e+02,1.852904510498046875e+02,8.774761718750000000e+03,3.210993164062500000e+03,9.745955810546875000e+02,2.630939208984375000e+03,2.303298339843750000e+03,1.304312500000000000e+03,8.988969726562500000e+02,1.435796508789062500e+03,1.172050537109375000e+03,3.045735168457031250e+02,1.362645629882812500e+03,3.559875488281250000e+03,3.709003662109375000e+03,1.889139160156250000e+03,1.110190551757812500e+03,2.253840087890625000e+03,7.417823486328125000e+02,1.218193359375000000e+03,8.540789794921875000e+02,2.101098327636718750e+02,1.524889160156250000e+03,5.950675659179687500e+02,5.752077636718750000e+03,3.728330566406250000e+03,4.029418029785156250e+02,3.798022949218750000e+03,2.041178955078125000e+03,7.143129272460937500e+02,4.110192382812500000e+03,4.654255676269531250e+02,3.744429199218750000e+03,4.638724670410156250e+02,5.176943359375000000e+03,8.720493164062500000e+03,1.555433715820312500e+03,1.314219818115234375e+02,1.508494384765625000e+03,1.069271850585937500e+03,6.866924438476562500e+02,9.268227539062500000e+02,3.114636230468750000e+02
1.598753662109375000e+03,2.705813476562500000e+03,6.148906250000000000e+02,4.749797851562500000e+03,2.196198730468750000e+02,3.558245239257812500e+02,2.195146484375000000e+02,7.910403442382812500e+01,6.031121093750000000e+03,3.150583251953125000e+03,4.940104980468750000e+02,5.540420898437500000e+03,1.389881103515625000e+03,7.853198242187500000e+02,8.600025024414062500e+02,8.599131835937500000e+03,2.787517089843750000e+03,2.932190856933593750e+02,3.441544189453125000e+02,3.105627197265625000e+03,3.525308105468750000e+03,1.805296630859375000e+03,1.114254272460937500e+03,3.551776855468750000e+03,7.213109130859375000e+02,9.750424804687500000e+02,7.822805175781250000e+02,3.610880126953125000e+02,4.013481445312500000e+02,6.448353271484375000e+02,1.505401855468750000e+03,3.576998535156250000e+03,1.236553344726562500e+02,3.626486816406250000e+03,2.203394287109375000e+03,6.531585083007812500e+02,4.019495361328125000e+03,4.271333007812500000e+02,2.817559570312500000e+03,2.403911437988281250e+02,1.659041015625000000e+03,8.523204101562500000e+03,1.339492187500000000e+03,1.182953720092773438e+02,4.594314941406250000e+03,2.534324218750000000e+03,1.591583251953125000e+03,2.616313964843750000e+03,4.292939453125000000e+02
1.694923583984375000e+03,2.612833984375000000e+03,3.906116943359375000e+02,1.724115234375000000e+04,6.476502685546875000e+02,5.817970581054687500e+02,2.306997680664062500e+02,1.453232116699218750e+02,2.056076171875000000e+03,3.138919189453125000e+03,8.391661376953125000e+02,2.186710449218750000e+03,1.842219360351562500e+03,4.083686523437500000e+02,1.048648071289062500e+03,1.939981567382812500e+03,1.694387695312500000e+03,2.160618286132812500e+02,8.689215087890625000e+02,2.950520263671875000e+03,7.417188476562500000e+03,1.787162597656250000e+03,7.073171875000000000e+03,1.924332763671875000e+03,6.993437500000000000e+02,5.271728515625000000e+00,5.799578857421875000e+01,9.980718994140625000e+01,2.457287841796875000e+03,9.705694580078125000e+01,3.189691406250000000e+03,3.425609375000000000e+03,2.557848205566406250e+02,3.606607421875000000e+03,2.044753906250000000e+03,1.213024291992187500e+02,4.026220703125000000e+03,3.100153198242187500e+02,1.019925097656250000e+04,6.100126953125000000e+02,7.272265625000000000e+01,1.480749023437500000e+03,1.153920898437500000e+03,1.172904357910156250e+02,9.646223144531250000e+02,8.690024414062500000e+02,2.836199951171875000e+02,5.953126220703125000e+02,1.873399353027343750e+02
1.119891210937500000e+04,5.148562988281250000e+03,3.838433837890625000e+02,7.187505859375000000e+03,4.239581298828125000e+02,1.895668334960937500e+02,1.088800659179687500e+02,8.523680114746093750e+01,1.661849121093750000e+03,1.038764453125000000e+04,1.555704345703125000e+02,2.563296142578125000e+03,2.100519531250000000e+03,9.225732421875000000e+01,3.642028320312500000e+03,1.944960327148437500e+03,8.617612304687500000e+02,1.076772766113281250e+02,5.020037841796875000e+01,3.157626708984375000e+03,4.651294921875000000e+03,1.782069580078125000e+03,9.707238769531250000e+02,1.375619384765625000e+03,5.262411499023437500e+02,5.073701171875000000e+02,2.077554931640625000e+02,2.365325927734375000e+00,9.912438964843750000e+02,1.426495361328125000e+02,5.248621093750000000e+03,1.805303320312500000e+04,8.986169433593750000e+01,3.728429687500000000e+03,5.873277587890625000e+02,8.739532470703125000e+01,1.082583398437500000e+04,4.003539733886718750e+02,4.272981933593750000e+03,7.873370971679687500e+02,4.189473632812500000e+03,5.124941406250000000e+02,1.317862548828125000e+03,4.248945617675781250e+02,1.377184326171875000e+03,1.084644775390625000e+03,2.315947265625000000e+02,8.920524902343750000e+02,4.083635864257812500e+02
1.292687744140625000e+03,2.710307128906250000e+03,4.642460937500000000e+02,6.283970703125000000e+03,1.655676269531250000e+01,2.512296142578125000e+02,1.771114196777343750e+02,2.130865478515625000e+01,1.528769531250000000e+03,3.182459472656250000e+03,9.101223144531250000e+02,2.164381103515625000e+03,1.923764282226562500e+03,6.988806152343750000e+02,8.669241943359375000e+02,3.122900634765625000e+03,1.337021362304687500e+03,4.578961181640625000e+01,4.088102416992187500e+02,5.639757812500000000e+03,3.474884765625000000e+03,4.522692871093750000e+03,1.158625732421875000e+03,2.372023925781250000e+03,5.574805297851562500e+02,4.076364746093750000e+02,3.994841308593750000e+02,4.654412841796875000e+01,6.704389648437500000e+02,3.913769531250000000e+01,1.629826660156250000e+03,3.610791503906250000e+03,1.379465026855468750e+02,1.787467968750000000e+04,2.941436767578125000e+03,2.030174560546875000e+02,4.091812011718750000e+03,1.596791503906250000e+03,3.715536132812500000e+03,5.167556152343750000e+02,3.126434570312500000e+03,1.061240234375000000e+03,1.686897949218750000e+03,1.203792572021484375e+02,1.241006591796875000e+03,8.608104248046875000e+02,4.002568969726562500e+02,3.062590332031250000e+02,4.035667724609375000e+02
4.710522460937500000e+02,2.636610839843750000e+03,3.077091064453125000e+02,1.382718945312500000e+04,1.169531005859375000e+03,7.171013793945312500e+02,1.797543945312500000e+02,7.318634033203125000e+01,2.190883789062500000e+03,3.163741699218750000e+03,3.330684814453125000e+02,2.383690917968750000e+03,1.109950195312500000e+03,7.548991699218750000e+02,6.306427001953125000e+02,1.846663208007812500e+03,4.964938964843750000e+02,4.900433349609375000e+01,2.776879882812500000e+01,3.084642822265625000e+03,3.441913085937500000e+03,1.785757324218750000e+03,1.783871826171875000e+03,4.670875000000000000e+03,5.361519775390625000e+02,1.476373901367187500e+02,3.331320800781250000e+02,1.549882202148437500e+02,7.502995605468750000e+02,2.119854736328125000e+02,4.729920898437500000e+03,2.642885742187500000e+03,2.370975646972656250e+02,3.722736816406250000e+03,7.460387573242187500e+02,3.245740356445312500e+02,4.048135009765625000e+03,4.301310119628906250e+02,5.408469726562500000e+03,2.443208007812500000e+02,7.745375976562500000e+02,7.025136718750000000e+02,1.172334228515625000e+03,1.563360748291015625e+02,1.070760864257812500e+03,1.274484985351562500e+03,2.977226562500000000e+02,7.975338134765625000e+02,4.276921997070312500e+02
1.522070678710937500e+03,2.820950927734375000e+03,1.620578002929687500e+02,1.245426464843750000e+04,2.349948730468750000e+03,6.677478027343750000e+02,3.870576782226562500e+02,1.507344818115234375e+02,8.114714843750000000e+03,3.194944824218750000e+03,9.837883300781250000e+02,2.652375976562500000e+03,1.990095947265625000e+03,1.371607910156250000e+03,8.494507446289062500e+02,1.752490478515625000e+03,1.575477416992187500e+03,1.495051879882812500e+02,1.247207519531250000e+03,3.202796386718750000e+03,3.616748535156250000e+03,1.820152221679687500e+03,1.755999023437500000e+03,3.355630859375000000e+03,7.597043457031250000e+02,1.268501953125000000e+03,7.929277954101562500e+02,2.764025268554687500e+02,1.221812988281250000e+03,6.688366699218750000e+02,8.086552734375000000e+03,2.575654296875000000e+03,3.377229309082031250e+02,3.683579101562500000e+03,9.317622680664062500e+02,8.288681640625000000e+02,4.113911621093750000e+03,4.745072937011718750e+02,4.450728515625000000e+03,5.808837890625000000e+02,4.733527343750000000e+03,9.207041015625000000e+03,1.572820556640625000e+03,1.289062347412109375e+02,1.460959716796875000e+03,1.052236694335937500e+03,7.277954711914062500e+02,7.613017578125000000e+02,4.431001586914062500e+02
1.457044433593750000e+03,2.740539550781250000e+03,6.387519531250000000e+02,8.332775390625000000e+03,2.091763427734375000e+03,7.504470214843750000e+02,3.822565002441406250e+02,1.307876281738281250e+02,7.566948242187500000e+03,3.152367919921875000e+03,9.509953613281250000e+02,2.228092041015625000e+03,1.838786865234375000e+03,1.023539794921875000e+03,8.672672729492187500e+02,1.675834594726562500e+03,1.309042480468750000e+03,3.083291625976562500e+02,1.544032714843750000e+03,3.433259765625000000e+03,3.539512207031250000e+03,1.848399902343750000e+03,1.401920288085937500e+03,2.186227050781250000e+03,4.632708129882812500e+02,9.865955200195312500e+02,8.137156982421875000e+02,2.778071594238281250e+02,1.662300781250000000e+03,6.257414550781250000e+02,6.289535644531250000e+03,2.379639404296875000e+03,3.398580322265625000e+02,3.794819335937500000e+03,2.195053955078125000e+03,7.017779541015625000e+02,4.061474853515625000e+03,5.134999389648437500e+02,3.458944335937500000e+03,2.782759704589843750e+02,3.219992431640625000e+03,9.349270507812500000e+03,1.267956420898437500e+03,1.712378082275390625e+02,1.313916381835937500e+03,9.641492919921875000e+02,6.303822021484375000e+02,8.800422363281250000e+02,3.307309570312500000e+02
1.529491333007812500e+03,2.661405517578125000e+03,5.694376220703125000e+02,5.439635742187500000e+03,3.689665527343750000e+02,2.460404052734375000e+02,5.144399414062500000e+02,1.234581985473632812e+02,7.910404296875000000e+03,3.131766845703125000e+03,9.547210693359375000e+02,2.284234130859375000e+03,2.185846923828125000e+03,8.025657348632812500e+02,7.991350097656250000e+02,4.037316406250000000e+03,1.275748535156250000e+03,2.840372619628906250e+02,1.011251831054687500e+03,3.057878906250000000e+03,3.496033691406250000e+03,1.722951293945312500e+03,1.546105468750000000e+03,3.617335449218750000e+03,7.240649414062500000e+02,1.013277465820312500e+03,7.206516113281250000e+02,2.834039611816406250e+02,2.292150634765625000e+03,6.367902832031250000e+02,6.218861328125000000e+03,2.535589843750000000e+03,3.001748352050781250e+02,3.635892333984375000e+03,5.911574707031250000e+02,7.435816040039062500e+02,3.139706054687500000e+03,5.019846801757812500e+02,3.713287109375000000e+03,2.455860595703125000e+02,3.006002441406250000e+03,9.042376953125000000e+03,1.077711791992187500e+03,1.247678222656250000e+02,4.090419921875000000e+03,1.040075683593750000e+03,6.181235351562500000e+02,6.034053955078125000e+02,3.910513305664062500e+02
2.735094482421875000e+03,2.622995849609375000e+03,7.026979980468750000e+02,7.081434570312500000e+03,1.690102539062500000e+03,1.787706909179687500e+02,2.015907897949218750e+02,4.458038330078125000e+00,6.237712402343750000e+03,3.016813232421875000e+03,8.385350341796875000e+02,8.040046386718750000e+03,1.607392578125000000e+03,1.978435302734375000e+03,8.572510986328125000e+02,8.875083007812500000e+03,2.514310058593750000e+03,2.503285980224609375e+02,3.177490234375000000e+00,2.818371826171875000e+03,4.216500488281250000e+03,1.562185791015625000e+03,4.610319824218750000e+03,8.105246582031250000e+02,3.649167480468750000e+02,1.486547851562500000e+02,3.212926025390625000e+02,2.924315185546875000e+02,3.586831054687500000e+02,2.808536376953125000e+02,2.328333007812500000e+03,1.750918945312500000e+03,2.974830932617187500e+02,3.614822509765625000e+03,4.654778808593750000e+03,7.288772583007812500e+02,4.023341552734375000e+03,3.648222045898437500e+02,3.269116699218750000e+03,4.997729187011718750e+02,4.451201660156250000e+03,1.472543554687500000e+04,1.014693237304687500e+03,2.054230651855468750e+02,4.223387451171875000e+02,8.826257324218750000e+01,1.859173706054687500e+03,2.738406250000000000e+03,4.950946044921875000e+01
1.642877197265625000e+02,2.259680175781250000e+02,1.850743408203125000e+02,1.141656640625000000e+04,6.449772949218750000e+02,3.382631225585937500e+02,2.136011047363281250e+02,1.504322052001953125e+02,8.051977539062500000e+03,6.281234375000000000e+03,6.616918945312500000e+01,1.160348876953125000e+03,4.067745849609375000e+03,2.274690551757812500e+02,3.388575927734375000e+03,1.623941772460937500e+03,3.259853515625000000e+02,1.625630798339843750e+02,2.224301025390625000e+03,2.853184082031250000e+03,4.845303222656250000e+03,1.484400146484375000e+03,2.088842773437500000e+03,1.834990966796875000e+03,3.846050109863281250e+02,3.237341308593750000e+02,2.333230590820312500e+02,3.657524414062500000e+02,1.762605224609375000e+03,1.624593811035156250e+02,5.112797851562500000e+03,1.926556250000000000e+04,2.132398529052734375e+02,3.634482666015625000e+03,5.842114257812500000e+02,2.772258300781250000e+02,8.524380859375000000e+03,4.811313781738281250e+02,8.781019531250000000e+03,6.909285888671875000e+02,1.440021850585937500e+03,3.073223632812500000e+03,1.084285400390625000e+03,3.173040771484375000e+02,4.640050048828125000e+02,1.861562255859375000e+03,3.256088867187500000e+02,7.002650146484375000e+02,3.866444702148437500e+02
2.291672363281250000e+02,2.728989013671875000e+03,3.735326538085937500e+02,5.616826171875000000e+03,7.119938964843750000e+02,6.780340576171875000e+01,1.334778747558593750e+02,3.077845764160156250e+01,2.095650878906250000e+03,3.079917724609375000e+03,9.091700439453125000e+02,2.209377685546875000e+03,1.571833251953125000e+03,3.262927856445312500e+02,8.213663940429687500e+02,1.540328613281250000e+03,3.853733520507812500e+02,2.396606445312500000e+01,1.514013671875000000e+01,4.519399414062500000e+03,3.281947753906250000e+03,4.856373535156250000e+03,1.351304687500000000e+03,2.080718261718750000e+03,3.717486877441406250e+02,3.828853759765625000e+02,1.027953491210937500e+02,3.432279357910156250e+02,4.194101562500000000e+02,1.492041625976562500e+02,2.779584960937500000e+03,2.311370605468750000e+03,3.075292053222656250e+02,1.432334765625000000e+04,1.250804931640625000e+03,2.054046630859375000e+01,4.063895751953125000e+03,8.994448242187500000e+02,2.170816162109375000e+03,5.357648925781250000e+02,5.858886718750000000e+00,1.932135742187500000e+03,1.418901855468750000e+03,1.825212860107421875e+02,1.151426513671875000e+03,3.025924072265625000e+02,2.283049926757812500e+02,7.800245361328125000e+02,3.573077392578125000e+02
2.735021972656250000e+02,2.350133789062500000e+03,5.206655883789062500e+02,1.017710937500000000e+04,7.396260986328125000e+02,2.098986816406250000e+02,6.594853210449218750e+01,1.702395629882812500e+01,1.501968750000000000e+03,2.688376708984375000e+03,3.216070556640625000e+02,1.790383544921875000e+03,1.427440917968750000e+03,6.516052246093750000e+02,5.019981689453125000e+02,7.861370849609375000e+02,4.448093261718750000e+02,2.979162597656250000e+01,4.638810424804687500e+02,2.828468505859375000e+03,3.128376464843750000e+03,1.415590698242187500e+03,1.403160522460937500e+03,3.522729980468750000e+03,2.735681152343750000e+02,1.780959472656250000e+02,3.045058593750000000e+02,9.586123657226562500e+01,7.764306640625000000e+01,2.067679443359375000e+02,5.503195800781250000e+03,1.762977539062500000e+03,6.622797241210937500e+02,3.792779052734375000e+03,7.826123046875000000e+02,8.086334228515625000e+01,4.027860839843750000e+03,4.496791992187500000e+02,2.474906494140625000e+03,2.079215240478515625e+02,5.808067626953125000e+02,2.611788085937500000e+03,9.994687500000000000e+02,1.242514801025390625e+02,1.611385742187500000e+03,1.686538085937500000e+03,3.094644165039062500e+02,1.003569213867187500e+03,3.772599487304687500e+02
1.478326049804687500e+03,2.601966552734375000e+03,2.766308593750000000e+01,6.211938476562500000e+03,1.714694213867187500e+03,6.139566650390625000e+02,3.536626586914062500e+02,9.058660888671875000e+01,6.750308593750000000e+03,2.999815429687500000e+03,1.011529479980468750e+03,1.770774658203125000e+03,1.795128906250000000e+03,1.185056030273437500e+03,8.115181884765625000e+02,1.890146484375000000e+03,1.472681030273437500e+03,1.211318969726562500e+00,1.084625244140625000e+03,2.981515869140625000e+03,3.456321533203125000e+03,1.476309082031250000e+03,1.796037841796875000e+03,2.964801269531250000e+03,7.543848876953125000e+02,9.102846069335937500e+02,6.689514770507812500e+02,2.136844787597656250e+02,2.960143798828125000e+03,4.770869750976562500e+02,4.503244628906250000e+03,2.666525634765625000e+03,2.716992797851562500e+02,3.669713623046875000e+03,1.189656494140625000e+03,7.841909179687500000e+02,4.042021484375000000e+03,4.220916748046875000e+02,1.657928222656250000e+03,4.849769897460937500e+02,2.224356445312500000e+03,8.987181640625000000e+03,1.140766113281250000e+03,1.227729034423828125e+02,1.909113281250000000e+03,9.015874023437500000e+02,8.035997924804687500e+02,7.080698242187500000e+02,4.134425659179687500e+02
1.253732055664062500e+03,2.444415283203125000e+03,9.124073486328125000e+02,6.017908203125000000e+03,1.764129150390625000e+03,2.871013183593750000e+02,3.650151977539062500e+02,9.849530029296875000e+01,7.059427734375000000e+03,2.970508544921875000e+03,7.175837402343750000e+02,1.751164062500000000e+03,1.678418334960937500e+03,8.296428222656250000e+02,7.982026367187500000e+02,1.390309570312500000e+03,1.315517089843750000e+03,2.454377746582031250e+02,1.141561157226562500e+03,3.098383300781250000e+03,3.324788085937500000e+03,1.756791381835937500e+03,1.631322998046875000e+03,2.173374023437500000e+03,3.932608947753906250e+02,7.165949096679687500e+02,6.081079101562500000e+02,1.628375244140625000e+01,1.131414062500000000e+03,4.452268981933593750e+02,5.590311523437500000e+03,2.539645751953125000e+03,3.773090820312500000e+02,3.805100097656250000e+03,1.077606201171875000e+03,6.588010864257812500e+02,4.045749023437500000e+03,5.036811828613281250e+02,3.228291748046875000e+03,3.150127258300781250e+02,2.015287353515625000e+03,8.992733398437500000e+03,1.001237792968750000e+03,1.179110412597656250e+02,1.890930664062500000e+03,7.577105712890625000e+02,7.344887695312500000e+02,5.904279785156250000e+02,3.170226440429687500e+02
1.144024291992187500e+03,2.387845214843750000e+03,8.754119873046875000e+01,2.137927734375000000e+03,5.377661132812500000e+01,2.202634887695312500e+02,2.261039123535156250e+02,8.835961914062500000e+01,2.421847656250000000e+03,2.905044677734375000e+03,1.815866699218750000e+02,5.157823730468750000e+03,4.953674316406250000e+02,9.148900756835937500e+02,7.653083496093750000e+02,5.949315917968750000e+03,8.086380615234375000e+02,2.428303070068359375e+02,3.430903320312500000e+02,2.875458496093750000e+03,3.456210937500000000e+03,1.892434326171875000e+03,9.915367431640625000e+02,2.788062011718750000e+03,2.956839599609375000e+02,6.232798461914062500e+02,3.587463378906250000e+02,3.151472167968750000e+02,2.497257812500000000e+03,2.901700134277343750e+02,2.331781738281250000e+03,2.159396484375000000e+03,3.476162414550781250e+02,3.610255126953125000e+03,1.399716186523437500e+03,5.121040649414062500e+02,3.386298828125000000e+03,3.823391723632812500e+02,1.762410888671875000e+03,2.569336853027343750e+02,2.012097167968750000e+02,7.055617187500000000e+03,8.012503662109375000e+02,1.290117034912109375e+02,1.835340820312500000e+03,1.421040405273437500e+03,6.908270263671875000e+02,2.339068115234375000e+03,2.317629852294921875e+02
1.135232543945312500e+03,1.751795043945312500e+03,2.949332885742187500e+02,3.431681640625000000e+03,5.864238281250000000e+02,2.524994628906250000e+03,2.283080139160156250e+02,7.850363159179687500e+01,2.644951171875000000e+03,2.108672119140625000e+03,5.701788330078125000e+02,7.363381347656250000e+02,1.771274780273437500e+03,3.930079956054687500e+02,6.513990478515625000e+02,2.978770019531250000e+03,3.277114257812500000e+02,2.002226867675781250e+02,1.386120117187500000e+03,2.681373779296875000e+03,6.797382812500000000e+03,1.421788574218750000e+03,2.616358398437500000e+03,2.279165039062500000e+03,3.682528076171875000e+02,5.493053588867187500e+02,2.130650024414062500e+02,1.179602050781250000e+02,1.025546875000000000e+02,1.008541870117187500e+02,3.190601562500000000e+03,3.379497070312500000e+03,2.875127868652343750e+02,3.645040039062500000e+03,1.136733642578125000e+03,1.198439331054687500e+02,3.964515380859375000e+03,3.161548461914062500e+02,7.299669921875000000e+03,2.875684814453125000e+02,1.418447998046875000e+03,7.278960937500000000e+03,7.388927001953125000e+02,1.474683074951171875e+02,2.383483886718750000e+02,7.369393310546875000e+02,1.805611572265625000e+02,8.185196533203125000e+02,1.753459777832031250e+02
7.653546142578125000e+02,4.365457519531250000e+03,3.138149414062500000e+02,3.563630859375000000e+03,6.812854003906250000e+02,4.030347290039062500e+02,1.768338012695312500e+02,2.738886718750000000e+02,1.934888671875000000e+03,7.060148437500000000e+03,3.999934692382812500e+02,1.577862548828125000e+03,1.622770996093750000e+02,1.441516113281250000e+01,3.470288085937500000e+03,1.748293212890625000e+03,1.155554199218750000e+01,1.435123901367187500e+02,7.734179687500000000e+01,2.694264648437500000e+03,5.012484375000000000e+03,1.519254394531250000e+03,8.368085937500000000e+02,1.036219238281250000e+03,3.519629516601562500e+02,1.371988830566406250e+02,4.705651855468750000e+02,1.386635742187500000e+02,4.860324707031250000e+02,1.226932983398437500e+02,2.888395019531250000e+03,1.693440625000000000e+04,2.696213073730468750e+02,4.378544433593750000e+03,9.417635498046875000e+02,9.905578613281250000e+00,1.016490234375000000e+04,4.194860229492187500e+02,2.178894287109375000e+03,9.746031494140625000e+02,4.860281982421875000e+02,1.194491699218750000e+03,5.977505493164062500e+02,4.357175292968750000e+02,5.157629394531250000e+01,5.554348144531250000e+02,6.417333984375000000e+02,9.815537109375000000e+02,2.218628845214843750e+02
6.152106933593750000e+02,1.941851440429687500e+03,1.894353027343750000e+02,1.709084375000000000e+04,6.667598876953125000e+02,1.857774047851562500e+02,5.693359375000000000e+01,1.590853881835937500e+01,2.845397949218750000e+03,2.669629150390625000e+03,6.201909790039062500e+02,1.588239746093750000e+03,1.323778198242187500e+03,3.982755126953125000e+02,7.782668457031250000e+02,1.701280151367187500e+03,2.302352294921875000e+02,1.190669708251953125e+02,4.401242675781250000e+02,6.288313476562500000e+03,3.095896484375000000e+03,4.108401367187500000e+03,8.589109497070312500e+02,2.468510253906250000e+03,3.311485900878906250e+02,5.514591064453125000e+02,4.798684082031250000e+02,6.370361328125000000e+01,3.352153320312500000e+02,3.342251586914062500e+01,3.663532714843750000e+03,3.539426269531250000e+03,4.997984008789062500e+02,1.321453515625000000e+04,1.693828369140625000e+03,6.091726074218750000e+02,4.048643310546875000e+03,1.327495361328125000e+03,3.020824707031250000e+03,4.085608215332031250e+02,3.130256347656250000e+02,6.693899414062500000e+03,1.833986572265625000e+03,1.272283859252929688e+02,5.008703613281250000e+01,5.370218505859375000e+02,1.709008789062500000e+02,7.611425781250000000e+02,2.193499908447265625e+02
5.948187255859375000e+02,1.903160156250000000e+03,1.215252685546875000e+02,3.499840820312500000e+03,6.736943359375000000e+02,7.513651123046875000e+02,1.953265380859375000e+01,8.572006225585937500e+00,2.363116699218750000e+03,1.649066894531250000e+03,8.808703613281250000e+01,1.260292236328125000e+03,1.871032714843750000e+02,4.914708251953125000e+02,5.615075073242187500e+02,1.187432861328125000e+03,1.532998046875000000e+02,9.364097595214843750e+01,5.248743896484375000e+02,2.621205566406250000e+03,2.917620117187500000e+03,2.143381347656250000e+03,9.112702636718750000e+02,4.114415527343750000e+03,6.981246337890625000e+02,1.691600036621093750e+02,7.641100463867187500e+02,9.777923583984375000e+00,1.757446289062500000e+02,1.319330749511718750e+02,7.508012695312500000e+02,3.462718505859375000e+03,4.697136230468750000e+02,3.663006103515625000e+03,6.493602905273437500e+02,5.681351928710937500e+02,4.006397460937500000e+03,2.259006958007812500e+02,2.284568115234375000e+03,3.113661804199218750e+02,1.463671875000000000e+02,1.662440429687500000e+03,6.694755249023437500e+02,1.113325653076171875e+02,4.097800292968750000e+02,3.877733642578125000e+03,2.787109375000000000e+00,8.236710205078125000e+02,2.963673706054687500e+02
4.004409179687500000e+02,2.236251220703125000e+03,1.270458984375000000e+01,5.360001953125000000e+03,1.653712890625000000e+03,5.979909057617187500e+02,3.058043212890625000e+02,8.308854675292968750e+01,6.008029296875000000e+03,2.263872558593750000e+03,7.057182617187500000e+02,1.398209228515625000e+03,1.412058959960937500e+03,9.114574584960937500e+02,8.145051269531250000e+02,1.810655883789062500e+03,1.100168457031250000e+03,9.332061767578125000e+00,1.011374145507812500e+03,2.907377685546875000e+03,3.366728759765625000e+03,1.639549316406250000e+03,8.236701660156250000e+02,2.896067626953125000e+03,6.490956420898437500e+02,6.858460083007812500e+02,5.015140686035156250e+02,1.865437316894531250e+02,4.301203613281250000e+02,3.413856506347656250e+02,3.153102539062500000e+03,3.562368408203125000e+03,2.923044128417968750e+02,3.632277343750000000e+03,1.168424804687500000e+03,6.203200683593750000e+02,4.045907470703125000e+03,3.261283569335937500e+02,1.922679687500000000e+03,4.608070983886718750e+02,2.036546875000000000e+03,8.848769531250000000e+03,8.174877929687500000e+02,1.236339645385742188e+02,2.092088134765625000e+03,6.902097167968750000e+02,7.478215942382812500e+02,4.976684570312500000e+02,3.053483276367187500e+02
4.813570556640625000e+02,2.286951171875000000e+03,3.513221435546875000e+02,5.636726562500000000e+03,1.571737670898437500e+03,4.140109252929687500e+02,3.312887268066406250e+02,1.134927368164062500e+02,6.407671386718750000e+03,2.305692382812500000e+03,6.767825317382812500e+02,1.608682373046875000e+03,1.458690673828125000e+03,7.117369384765625000e+02,7.869926757812500000e+02,1.714784423828125000e+03,9.840754394531250000e+02,2.348221740722656250e+02,1.000038879394531250e+03,2.873282714843750000e+03,3.217634277343750000e+03,1.749997192382812500e+03,8.637795410156250000e+02,2.227578125000000000e+03,3.710611877441406250e+02,6.022866821289062500e+02,5.946476440429687500e+02,2.089750976562500000e+02,1.621625000000000000e+03,3.885285034179687500e+02,5.696913085937500000e+03,3.546596923828125000e+03,2.801093444824218750e+02,3.795201171875000000e+03,1.946645751953125000e+03,6.140643310546875000e+02,4.045706542968750000e+03,4.120551757812500000e+02,2.060269531250000000e+03,3.694489746093750000e+02,1.928463867187500000e+03,8.987901367187500000e+03,8.099407348632812500e+02,1.259352645874023438e+02,1.771906616210937500e+03,7.836195068359375000e+02,9.022000732421875000e+02,5.416315917968750000e+02,2.792392578125000000e+02
1.250492553710937500e+03,2.039642089843750000e+03,3.882413940429687500e+02,1.450389648437500000e+03,8.479931640625000000e+01,4.494750976562500000e+01,3.037453002929687500e+02,1.546859741210937500e+01,6.175263671875000000e+02,1.874712280273437500e+03,3.443818969726562500e+02,3.269928710937500000e+03,2.736851806640625000e+02,4.683384094238281250e+02,5.905349121093750000e+02,6.475477539062500000e+03,6.643937988281250000e+02,2.159581298828125000e+02,2.627497558593750000e+02,2.613148437500000000e+03,3.162433593750000000e+03,1.738932983398437500e+03,7.716763916015625000e+02,2.474669189453125000e+03,1.968488159179687500e+02,4.883255004882812500e+02,1.992932128906250000e+01,2.273324279785156250e+02,7.956452636718750000e+02,2.016891479492187500e+02,1.284520507812500000e+03,3.523494140625000000e+03,3.745899047851562500e+02,3.586305664062500000e+03,1.370818481445312500e+03,5.864669799804687500e+02,2.243668212890625000e+03,2.815882568359375000e+02,2.354321533203125000e+03,2.577430419921875000e+02,1.229515380859375000e+02,2.038814453125000000e+03,5.868714599609375000e+02,9.234544372558593750e+01,2.345425048828125000e+03,1.944598999023437500e+03,5.821705322265625000e+02,4.646101074218750000e+02,1.950077667236328125e+02
7.151613769531250000e+02,2.232104492187500000e+03,1.336497802734375000e+02,3.643024414062500000e+03,6.289898681640625000e+02,2.974209594726562500e+02,1.808327026367187500e+02,2.945924682617187500e+02,3.091925781250000000e+03,1.449558105468750000e+03,6.029276123046875000e+02,5.026625976562500000e+02,1.223641113281250000e+03,2.971756591796875000e+02,6.000364379882812500e+02,1.772032226562500000e+03,1.041075439453125000e+02,2.237311248779296875e+02,1.189396484375000000e+03,2.663604492187500000e+03,5.341421386718750000e+03,1.395622192382812500e+03,2.228205078125000000e+03,1.844198974609375000e+03,3.485138244628906250e+02,7.483166503906250000e+01,2.792382202148437500e+02,2.055733642578125000e+02,9.156997070312500000e+02,2.145036926269531250e+02,2.727045898437500000e+03,3.456808593750000000e+03,2.842750549316406250e+02,3.582436767578125000e+03,8.780837402343750000e+02,5.844330444335937500e+02,3.993183349609375000e+03,2.041105957031250000e+02,4.655047851562500000e+03,4.245055236816406250e+02,2.882229003906250000e+02,7.313536132812500000e+03,6.561513671875000000e+02,1.738798522949218750e+02,2.830358886718750000e+01,5.958449707031250000e+02,1.985993347167968750e+02,3.449251464843750000e+03,2.790148315429687500e+02
6.618897705078125000e+02,2.006461181640625000e+03,1.132739257812500000e+01,5.532167480468750000e+03,4.414750976562500000e+02,1.384772949218750000e+02,7.321133422851562500e+01,5.773452758789062500e+01,2.417186523437500000e+03,5.628671875000000000e+03,1.946962280273437500e+02,2.302175537109375000e+03,8.290012207031250000e+02,1.157814331054687500e+02,1.976753906250000000e+03,1.774935546875000000e+03,8.833435058593750000e+01,8.506927490234375000e-01,4.096533203125000000e+02,2.532675537109375000e+03,5.172533203125000000e+03,9.255335693359375000e+02,7.504414672851562500e+02,1.097415283203125000e+03,3.191310424804687500e+02,1.645357055664062500e+02,1.853535766601562500e+02,2.621653442382812500e+02,1.088739746093750000e+03,2.587615966796875000e+00,3.206638671875000000e+03,1.599449414062500000e+04,3.490364685058593750e+02,3.561810058593750000e+03,4.830803222656250000e+02,3.981509033203125000e+03,9.145614257812500000e+03,2.927555541992187500e+02,2.568027099609375000e+03,7.991459350585937500e+02,2.785042724609375000e+02,1.417544921875000000e+03,4.500479736328125000e+02,4.565114440917968750e+02,6.056650390625000000e+02,1.499925537109375000e+03,1.660552978515625000e+01,1.021300415039062500e+03,1.808636932373046875e+02
4.482756347656250000e+02,2.309337402343750000e+03,8.077252197265625000e+01,1.999113671875000000e+04,4.689755859375000000e+02,5.884809570312500000e+02,9.651562500000000000e+01,3.821975708007812500e+00,2.860648437500000000e+03,1.593068969726562500e+03,7.759779052734375000e+02,4.152660156250000000e+03,1.086575927734375000e+03,2.939409790039062500e+02,7.843839111328125000e+02,1.753143432617187500e+03,7.733874511718750000e+01,1.341832885742187500e+02,4.637075805664062500e+02,7.624952148437500000e+03,2.939680664062500000e+03,5.514405761718750000e+03,8.047227783203125000e+02,2.172644775390625000e+03,3.606502075195312500e+02,2.939503479003906250e+02,4.348088378906250000e+02,1.336213073730468750e+02,5.817094726562500000e+02,5.914477539062500000e+01,4.304648437500000000e+02,3.542069335937500000e+03,3.211202697753906250e+02,7.304220703125000000e+03,1.159447387695312500e+03,5.871144409179687500e+02,4.044484130859375000e+03,1.609200805664062500e+03,1.472158203125000000e+03,3.997341003417968750e+02,3.882004394531250000e+02,6.840819335937500000e+03,1.238120361328125000e+03,1.603494873046875000e+02,4.043021240234375000e+02,5.450037841796875000e+02,1.634011840820312500e+02,7.932680664062500000e+02,2.881381835937500000e+02
5.061102294921875000e+02,2.051980224609375000e+03,1.118265991210937500e+02,3.974523437500000000e+03,7.223703613281250000e+02,5.342716064453125000e+02,4.554513549804687500e+01,8.038798522949218750e+01,3.134704101562500000e+03,1.388735839843750000e+03,3.754080810546875000e+02,1.114128662109375000e+03,1.161425781250000000e+02,4.953137207031250000e+02,4.924564819335937500e+02,1.845580810546875000e+03,5.492456054687500000e+01,4.518644714355468750e+01,2.979364013671875000e+01,2.621210449218750000e+03,2.919374023437500000e+03,1.183569213867187500e+03,8.623645019531250000e+02,3.406074462890625000e+03,5.167177734375000000e+02,3.557294006347656250e+02,4.746854248046875000e+02,7.269018554687500000e+01,4.060634765625000000e+02,8.868939208984375000e+01,1.617905761718750000e+03,3.484684326171875000e+03,7.085264892578125000e+02,3.635397460937500000e+03,4.392053222656250000e+02,6.871651611328125000e+02,4.016209716796875000e+03,2.475594482421875000e+02,2.581700927734375000e+03,2.409274597167968750e+02,3.528166503906250000e+02,1.748327148437500000e+03,7.604979858398437500e+02,1.351943359375000000e+02,3.799420166015625000e+02,1.733687744140625000e+03,1.639441223144531250e+02,7.828372802734375000e+02,3.683013916015625000e+02
4.852823486328125000e+02,2.135465576171875000e+03,1.714840087890625000e+02,6.480108886718750000e+03,1.464056396484375000e+03,4.190830688476562500e+02,3.429187011718750000e+02,3.275578308105468750e+01,5.687513183593750000e+03,1.432661132812500000e+03,9.137086791992187500e+02,1.209111816406250000e+03,1.382981689453125000e+03,9.767411499023437500e+02,7.020222778320312500e+02,1.857490722656250000e+03,9.326021118164062500e+02,2.971948242187500000e+01,8.749883422851562500e+02,2.735524902343750000e+03,3.266038574218750000e+03,1.265594726562500000e+03,8.086384277343750000e+02,1.903617797851562500e+03,6.438291015625000000e+02,7.945351562500000000e+02,5.976781005859375000e+02,2.701342773437500000e+02,4.466162109375000000e+01,3.727057189941406250e+02,4.853376953125000000e+03,3.547484619140625000e+03,2.593257141113281250e+02,3.582345947265625000e+03,4.849727783203125000e+02,7.134345092773437500e+02,4.028656982421875000e+03,3.289996032714843750e+02,2.379354980468750000e+03,3.241397094726562500e+02,1.931611694335937500e+03,8.164587402343750000e+03,8.095228271484375000e+02,1.262831573486328125e+02,1.356362060546875000e+03,8.264185791015625000e+02,6.221424560546875000e+02,4.842069091796875000e+02,3.667876586914062500e+02
3.876842041015625000e+02,2.166673339843750000e+03,4.485506591796875000e+02,9.616535156250000000e+03,1.502062988281250000e+03,6.269748535156250000e+02,3.220899963378906250e+02,5.397933959960937500e+01,6.532018066406250000e+03,1.897139160156250000e+03,7.734119873046875000e+02,1.187992431640625000e+03,1.314629882812500000e+03,5.175756835937500000e+02,7.976702880859375000e+02,1.705706665039062500e+03,8.023253173828125000e+02,2.245428466796875000e+02,8.631616210937500000e+02,2.657309814453125000e+03,3.049013671875000000e+03,1.448255737304687500e+03,8.208537597656250000e+02,1.724123046875000000e+03,3.568611450195312500e+02,6.548140869140625000e+02,6.582544555664062500e+02,2.364644470214843750e+02,1.372912597656250000e+03,3.197724914550781250e+02,4.645589355468750000e+03,3.556857421875000000e+03,3.419055175781250000e+02,3.612056396484375000e+03,8.018564453125000000e+02,7.734553222656250000e+02,4.039696777343750000e+03,3.426598510742187500e+02,2.633935791015625000e+03,3.159512634277343750e+02,1.723550781250000000e+03,8.890420898437500000e+03,7.793881225585937500e+02,1.325600738525390625e+02,1.282904418945312500e+03,7.798195800781250000e+02,6.188117675781250000e+02,4.947863769531250000e+02,3.076610717773437500e+02
1.747024169921875000e+03,2.010571166992187500e+03,5.430719604492187500e+02,3.017012207031250000e+03,1.797583007812500000e+01,1.551619262695312500e+02,2.696783447265625000e+02,4.375360107421875000e+01,1.250006835937500000e+03,1.919693115234375000e+03,5.384101562500000000e+02,1.908615966796875000e+03,6.035888671875000000e+00,2.147973022460937500e+02,5.699301757812500000e+02,7.023420898437500000e+03,9.989074707031250000e+01,2.194760437011718750e+02,6.174102172851562500e+02,2.184990234375000000e+03,3.186162597656250000e+03,1.582167724609375000e+03,8.098388061523437500e+02,1.031286010742187500e+03,2.037149658203125000e+02,5.169477539062500000e+02,1.776030883789062500e+02,4.253190612792968750e+02,1.774469726562500000e+03,9.870520019531250000e+01,1.431082031250000000e+03,3.516842529296875000e+03,3.345203247070312500e+02,3.568295898437500000e+03,9.095064697265625000e+02,6.526445312500000000e+02,3.047813964843750000e+03,3.322014160156250000e+02,1.116101440429687500e+03,2.562808227539062500e+02,4.738786621093750000e+02,1.839402343750000000e+03,7.031104736328125000e+02,1.255577850341796875e+02,1.708145385742187500e+03,1.928472045898437500e+03,3.538791503906250000e+02,4.521450195312500000e+02,2.495685119628906250e+02
1.986629638671875000e+02,1.759780761718750000e+03,7.705780029296875000e+01,4.821075683593750000e+03,4.653049316406250000e+02,4.961898193359375000e+02,1.665040283203125000e+02,3.688519287109375000e+01,3.398110351562500000e+03,1.574124633789062500e+03,7.239583129882812500e+02,8.027441406250000000e+01,1.230960693359375000e+03,7.491088867187500000e+00,6.145042114257812500e+02,1.842631469726562500e+03,7.869812011718750000e+01,2.272918243408203125e+02,9.287455444335937500e+02,2.567360595703125000e+03,2.996830810546875000e+03,1.371099853515625000e+03,9.922592773437500000e+02,1.558364990234375000e+03,4.005486755371093750e+02,5.346380615234375000e+01,2.007150878906250000e+02,1.088140869140625000e+02,3.854589843750000000e+01,2.318813781738281250e+02,2.523365234375000000e+03,3.436990234375000000e+03,3.328921813964843750e+02,3.566205810546875000e+03,6.270952148437500000e+02,1.302858886718750000e+03,3.979741943359375000e+03,2.186672973632812500e+02,2.552462646484375000e+03,3.558894348144531250e+02,3.673771972656250000e+02,7.860562500000000000e+03,6.881730957031250000e+02,1.143856964111328125e+02,8.317895507812500000e+01,8.833099365234375000e+02,2.884094238281250000e+02,2.778062988281250000e+03,1.671447753906250000e+02
1.926331787109375000e+02,1.672140258789062500e+03,1.398551025390625000e+02,4.936112304687500000e+03,4.169924316406250000e+02,5.527597045898437500e+02,1.236890869140625000e+02,4.491912841796875000e+01,3.136388183593750000e+03,3.245078125000000000e+03,1.359529418945312500e+02,4.117231445312500000e+02,2.429748535156250000e+02,3.469320678710937500e+01,2.263322021484375000e+03,1.854927734375000000e+03,3.869869995117187500e+02,1.003718261718750000e+02,3.293793334960937500e+02,2.473646728515625000e+03,5.273369140625000000e+03,1.276449707031250000e+03,7.756011962890625000e+02,1.485653564453125000e+03,3.395765686035156250e+02,2.055898132324218750e+02,4.869602966308593750e+02,3.209008789062500000e+01,5.203613281250000000e+01,3.178692626953125000e+01,2.862488769531250000e+03,1.172604492187500000e+04,2.742809143066406250e+02,3.516254882812500000e+03,4.208818359375000000e+02,3.425087890625000000e+03,6.857702148437500000e+03,3.677498779296875000e+02,1.257311035156250000e+03,4.749765625000000000e+02,8.629523925781250000e+02,3.024713867187500000e+03,5.211371459960937500e+02,4.999409790039062500e+02,3.869260253906250000e+02,1.661223022460937500e+03,2.241343383789062500e+02,7.205576171875000000e+02,2.643120727539062500e+02
3.545800781250000000e+02,1.833800537109375000e+03,2.163197021484375000e+02,1.950499804687500000e+04,2.732650146484375000e+02,3.449779663085937500e+02,2.281739501953125000e+02,8.328907775878906250e+01,3.737973632812500000e+03,1.457373535156250000e+03,7.048539428710937500e+02,6.068710937500000000e+02,1.045414428710937500e+03,3.166795043945312500e+02,5.295626220703125000e+02,1.829972778320312500e+03,3.145960693359375000e+02,3.811953735351562500e+01,2.605917968750000000e+02,7.458886718750000000e+03,2.860623046875000000e+03,4.130619628906250000e+03,7.548541259765625000e+02,1.393839477539062500e+03,3.427660522460937500e+02,4.585233154296875000e+02,3.806849365234375000e+02,7.427435302734375000e+01,3.870278320312500000e+02,3.576541137695312500e+01,1.957817382812500000e+02,3.524870361328125000e+03,4.538509216308593750e+02,6.478817382812500000e+03,8.499072265625000000e+02,1.320784179687500000e+03,4.041125488281250000e+03,1.589458984375000000e+03,1.358308105468750000e+03,4.813845520019531250e+02,7.088272705078125000e+02,6.916521484375000000e+03,1.299307861328125000e+03,1.099357604980468750e+02,2.323474121093750000e+02,7.327279052734375000e+02,9.400665283203125000e+01,6.438607177734375000e+02,2.691370849609375000e+02
2.710637207031250000e+02,1.763829956054687500e+03,2.515195312500000000e+02,4.264758789062500000e+03,5.379919433593750000e+02,3.458362426757812500e+02,8.096670532226562500e+01,7.970173645019531250e+01,4.248739746093750000e+03,1.598969482421875000e+03,4.231699218750000000e+02,8.148283691406250000e+02,1.218115112304687500e+03,4.510518798828125000e+02,8.390155029296875000e+02,1.856725830078125000e+03,3.038737792968750000e+02,1.027622680664062500e+02,2.463712768554687500e+02,2.697646484375000000e+03,2.930838134765625000e+03,2.035036865234375000e+03,8.073277587890625000e+02,5.514018554687500000e+02,4.863361206054687500e+02,2.470534057617187500e+02,2.736498413085937500e+02,1.122308349609375000e+01,5.882226562500000000e+01,9.383694458007812500e+01,8.661567382812500000e+02,3.377409912109375000e+03,4.659491577148437500e+02,3.580721679687500000e+03,4.782138671875000000e+02,8.815020751953125000e+02,4.002264404296875000e+03,2.762858276367187500e+02,1.187753784179687500e+03,3.668424377441406250e+02,5.510140380859375000e+02,2.329689453125000000e+03,6.940213623046875000e+02,1.275632247924804688e+02,1.777720947265625000e+02,1.917986816406250000e+03,1.750502929687500000e+02,5.813128662109375000e+02,3.790676879882812500e+02
4.680212402343750000e+02,1.866749877929687500e+03,4.848861694335937500e+02,6.650749511718750000e+03,1.457627563476562500e+03,3.974328002929687500e+02,3.465398254394531250e+02,1.374429168701171875e+02,5.555246582031250000e+03,1.458615966796875000e+03,9.468800048828125000e+02,1.290882812500000000e+03,1.392218017578125000e+03,6.875879516601562500e+02,8.610086669921875000e+02,1.863503173828125000e+03,1.093180419921875000e+03,8.453549194335937500e+01,7.874190063476562500e+02,2.718701904296875000e+03,3.194112304687500000e+03,1.516080566406250000e+03,8.918725585937500000e+02,1.876844970703125000e+03,7.577819824218750000e+02,5.819525146484375000e+02,6.026048583984375000e+02,3.065468750000000000e+02,3.061240234375000000e+02,3.325152282714843750e+02,4.959979492187500000e+03,3.462388671875000000e+03,3.171582946777343750e+02,3.556665527343750000e+03,5.868012695312500000e+02,1.042806152343750000e+03,4.023272949218750000e+03,3.965857238769531250e+02,1.066099243164062500e+03,4.488104553222656250e+02,2.063488525390625000e+03,7.911961425781250000e+03,8.632612304687500000e+02,1.193715972900390625e+02,1.213780029296875000e+03,9.710865478515625000e+02,5.939774169921875000e+02,4.729882812500000000e+02,4.057332153320312500e+02
4.427524414062500000e+02,1.955182250976562500e+03,6.265969848632812500e+02,9.575904296875000000e+03,1.440796386718750000e+03,7.544537963867187500e+02,3.291349487304687500e+02,1.557000122070312500e+02,6.063305664062500000e+03,1.685155029296875000e+03,9.736684570312500000e+02,1.243602050781250000e+03,1.364581909179687500e+03,4.952514648437500000e+02,7.890598144531250000e+02,1.769319702148437500e+03,9.200291748046875000e+02,2.424625091552734375e+02,7.941160278320312500e+02,2.539797607421875000e+03,3.021467285156250000e+03,1.570845703125000000e+03,8.176178588867187500e+02,1.839259155273437500e+03,7.524552001953125000e+02,5.566818237304687500e+02,7.090333251953125000e+02,3.668825073242187500e+02,1.071482910156250000e+03,3.783079528808593750e+02,5.238520507812500000e+03,3.492686279296875000e+03,3.125841064453125000e+02,3.565566894531250000e+03,5.864905395507812500e+02,1.272737548828125000e+03,4.036037109375000000e+03,4.032222595214843750e+02,1.632723876953125000e+03,3.864345703125000000e+02,1.823160156250000000e+03,8.452212890625000000e+03,8.461595458984375000e+02,1.777361450195312500e+02,1.154233032226562500e+03,8.818867187500000000e+02,6.110987548828125000e+02,4.949979248046875000e+02,3.279840698242187500e+02
5.247004394531250000e+02,1.808706054687500000e+03,5.395520019531250000e+02,3.495520019531250000e+03,9.138907470703125000e+02,1.433491210937500000e+02,1.604815368652343750e+02,1.434193572998046875e+02,1.817937500000000000e+03,1.601273437500000000e+03,6.274658203125000000e+02,2.485397705078125000e+03,1.146538330078125000e+03,8.804214477539062500e+01,8.400510253906250000e+02,5.386252929687500000e+03,1.877352294921875000e+02,2.322532958984375000e+02,2.067217407226562500e+02,2.446106689453125000e+03,3.086852783203125000e+03,2.082511718750000000e+03,8.225531616210937500e+02,1.370946411132812500e+03,4.172389526367187500e+02,5.926305541992187500e+02,4.258870239257812500e+02,2.109394531250000000e+02,1.346656005859375000e+03,2.127721862792968750e+02,1.637896972656250000e+03,3.444208007812500000e+03,4.032814941406250000e+02,3.543765625000000000e+03,6.438759765625000000e+02,9.144481201171875000e+02,3.718208251953125000e+03,3.942483520507812500e+02,1.174214965820312500e+03,2.611393737792968750e+02,7.238656005859375000e+02,2.597392578125000000e+03,7.710865478515625000e+02,1.110175781250000000e+02,1.345945556640625000e+03,1.601453247070312500e+03,1.663884887695312500e+02,4.607734375000000000e+02,2.958145751953125000e+02
1.331422119140625000e+02,1.778843872070312500e+03,3.658331298828125000e+02,5.247714355468750000e+03,1.704362792968750000e+02,4.949942016601562500e+02,2.473103027343750000e+02,2.342742156982421875e+01,3.868906250000000000e+03,1.520181640625000000e+03,8.565859375000000000e+02,3.561416015625000000e+02,1.238084472656250000e+03,9.139801025390625000e+00,8.584621582031250000e+02,1.806885253906250000e+03,5.187612915039062500e+02,2.860812988281250000e+02,7.964791870117187500e+02,2.498324707031250000e+03,1.318011718750000000e+03,1.369907958984375000e+03,7.642860107421875000e+02,1.483505126953125000e+03,7.156100463867187500e+02,6.094784545898437500e+02,2.963706359863281250e+02,2.489273986816406250e+02,7.236671142578125000e+02,1.042001647949218750e+02,2.922808593750000000e+03,3.149901123046875000e+03,2.931984863281250000e+02,3.543928222656250000e+03,1.414824218750000000e+02,9.397797851562500000e+02,3.963277832031250000e+03,3.348001098632812500e+02,2.717089843750000000e+03,2.678576965332031250e+02,2.347702636718750000e+02,7.849498046875000000e+03,7.522239990234375000e+02,1.733231048583984375e+02,7.988635253906250000e+01,3.636306152343750000e+02,2.980173339843750000e+02,2.877119140625000000e+03,5.903820800781250000e+01
1.165697021484375000e+02,1.913635131835937500e+03,3.840322875976562500e+02,4.547955078125000000e+03,4.582788085937500000e+02,2.342171630859375000e+02,1.803312072753906250e+02,1.431095581054687500e+02,2.949372070312500000e+03,2.739089599609375000e+03,4.595869140625000000e+02,6.540231933593750000e+02,2.455108642578125000e+03,2.015501098632812500e+02,1.467880126953125000e+03,1.715022460937500000e+03,5.055746459960937500e+02,5.018261718750000000e+01,1.425498046875000000e+02,2.244686279296875000e+03,5.246038085937500000e+03,1.351890014648437500e+03,8.299393310546875000e+02,1.521430541992187500e+03,4.201590576171875000e+02,2.665627441406250000e+02,1.107305297851562500e+02,1.382472534179687500e+02,2.668601074218750000e+02,7.226660156250000000e+01,3.987810058593750000e+03,9.254361328125000000e+03,2.875215454101562500e+02,3.472487304687500000e+03,3.380841064453125000e+02,3.589281738281250000e+03,4.901887695312500000e+03,3.809392700195312500e+02,9.513927001953125000e+02,6.054268798828125000e+02,6.180108642578125000e+02,4.621586425781250000e+03,6.431858520507812500e+02,1.471596527099609375e+02,3.777465820312500000e+02,7.329478759765625000e+02,1.590065917968750000e+02,8.590900878906250000e+02,3.707891845703125000e+02
1.486921386718750000e+02,1.932870361328125000e+03,1.525496826171875000e+02,1.527791210937500000e+04,9.348518066406250000e+02,1.749376831054687500e+02,2.038562011718750000e+01,1.923986816406250000e+01,3.296460937500000000e+03,1.249009033203125000e+03,8.489188842773437500e+02,1.289085937500000000e+03,1.072286621093750000e+03,2.611078491210937500e+02,8.621743164062500000e+02,1.740894897460937500e+03,2.788229980468750000e+02,6.399670410156250000e+01,2.571749877929687500e+02,6.984762207031250000e+03,2.777119140625000000e+03,4.478636718750000000e+03,7.519122314453125000e+02,2.665488281250000000e+03,7.476834106445312500e+02,5.300941162109375000e+02,5.368725585937500000e+01,5.222282714843750000e+02,2.160644531250000000e+01,1.456423950195312500e+01,1.183578613281250000e+03,3.287015136718750000e+03,2.642565307617187500e+02,5.561947753906250000e+03,1.110744140625000000e+03,6.762700195312500000e+02,4.022121826171875000e+03,1.137336303710937500e+03,1.028910034179687500e+03,4.776551818847656250e+02,2.134164062500000000e+03,6.583822265625000000e+03,1.081585205078125000e+03,3.968921508789062500e+02,3.347971191406250000e+02,1.142644042968750000e+02,2.059873046875000000e+02,5.989259033203125000e+02,3.448590087890625000e+02
1.554860839843750000e+02,1.857092773437500000e+03,2.310065917968750000e+02,3.823211914062500000e+03,7.370412597656250000e+02,2.715420532226562500e+02,3.112528076171875000e+02,1.441638031005859375e+02,2.932776367187500000e+03,1.176347900390625000e+03,3.840419921875000000e+02,7.850524902343750000e+02,1.186371215820312500e+03,3.791762695312500000e+02,8.455759887695312500e+02,1.745205200195312500e+03,4.299096679687500000e+02,1.407104492187500000e+01,2.130101928710937500e+02,2.571650634765625000e+03,2.947392089843750000e+03,1.610350341796875000e+03,8.340382080078125000e+02,5.576982421875000000e+02,2.606270751953125000e+02,5.320256347656250000e+02,2.382622070312500000e+02,1.374014892578125000e+02,1.625683593750000000e+02,5.029824829101562500e+01,1.855386230468750000e+03,1.714885009765625000e+03,6.508172607421875000e+02,3.523680175781250000e+03,3.203460693359375000e+02,6.343578491210937500e+02,3.970231933593750000e+03,3.648092346191406250e+02,7.288105468750000000e+02,2.747178344726562500e+02,1.901942626953125000e+03,4.025513671875000000e+03,7.473200073242187500e+02,1.261924285888671875e+02,3.450682373046875000e+02,6.927175292968750000e+02,2.429113769531250000e+02,7.444796142578125000e+02,3.918085937500000000e+02
5.307561035156250000e+02,1.948003540039062500e+03,2.577812500000000000e+02,5.649529296875000000e+03,1.463124511718750000e+03,4.015886840820312500e+02,3.025210571289062500e+02,1.414319152832031250e+02,4.726870605468750000e+03,1.153971435546875000e+03,7.972488403320312500e+02,1.153182128906250000e+03,1.241342163085937500e+03,4.260999145507812500e+02,8.594709472656250000e+02,1.765206542968750000e+03,8.226480712890625000e+02,1.489426269531250000e+02,6.329094848632812500e+02,2.337981445312500000e+03,2.914384277343750000e+03,1.049809692382812500e+03,7.840319824218750000e+02,1.821775146484375000e+03,7.552897338867187500e+02,5.121432495117187500e+02,4.536147460937500000e+02,2.501375427246093750e+02,2.439474609375000000e+03,2.645503845214843750e+02,3.445035156250000000e+03,1.328883544921875000e+03,3.702601318359375000e+02,3.515932373046875000e+03,5.484265747070312500e+02,7.803950195312500000e+02,3.991576660156250000e+03,3.763834228515625000e+02,6.598663330078125000e+02,2.752567443847656250e+02,2.260333984375000000e+03,7.368258300781250000e+03,7.301931762695312500e+02,1.101082916259765625e+02,1.094873657226562500e+03,9.170279541015625000e+02,5.488665161132812500e+02,5.409886474609375000e+02,4.042504882812500000e+02
4.849864501953125000e+02,2.095387451171875000e+03,4.356777954101562500e+02,7.305285644531250000e+03,1.511903076171875000e+03,4.106016845703125000e+02,2.967749938964843750e+02,1.457390594482421875e+02,5.089815429687500000e+03,1.253792236328125000e+03,7.521911621093750000e+02,1.185121337890625000e+03,1.183775634765625000e+03,4.082033691406250000e+02,8.610343627929687500e+02,1.734347534179687500e+03,8.331143798828125000e+02,2.916355895996093750e+02,6.198255615234375000e+02,2.327995605468750000e+03,2.950986328125000000e+03,1.457883056640625000e+03,7.806165771484375000e+02,1.702626953125000000e+03,4.858920898437500000e+02,6.136041870117187500e+02,4.416403808593750000e+02,2.887632141113281250e+02,1.126775390625000000e+03,3.263331298828125000e+02,3.832489257812500000e+03,1.312719970703125000e+03,2.784240722656250000e+02,3.526315429687500000e+03,5.637222900390625000e+02,8.869616699218750000e+02,4.015735839843750000e+03,3.540100097656250000e+02,9.496221923828125000e+02,3.348061828613281250e+02,2.039042724609375000e+03,7.773393554687500000e+03,7.566072387695312500e+02,1.537744293212890625e+02,1.091968872070312500e+03,8.140500488281250000e+02,5.680744628906250000e+02,4.851025390625000000e+02,2.224676971435546875e+02
4.713759765625000000e+02,1.877827270507812500e+03,5.100962524414062500e+02,5.183477539062500000e+03,2.666030273437500000e+02,7.714651489257812500e+02,3.579036865234375000e+02,1.459538726806640625e+02,4.791759277343750000e+03,1.208444091796875000e+03,6.035092773437500000e+02,1.063532714843750000e+03,1.068325927734375000e+03,4.075874023437500000e+02,8.361145019531250000e+02,4.940347167968750000e+03,1.446520996093750000e+02,2.481720428466796875e+02,5.455557861328125000e+02,1.996909912109375000e+03,2.949837402343750000e+03,2.016907226562500000e+03,7.861512451171875000e+02,1.287483398437500000e+03,4.705578308105468750e+02,4.988038940429687500e+02,3.913928222656250000e+02,2.814970092773437500e+02,1.207160156250000000e+03,3.240968933105468750e+02,4.022254394531250000e+03,1.579984863281250000e+03,3.193671569824218750e+02,3.478323730468750000e+03,5.578171997070312500e+02,7.331519165039062500e+02,3.365282470703125000e+03,3.194398803710937500e+02,7.050665283203125000e+02,3.689468383789062500e+02,1.927872070312500000e+03,2.858446289062500000e+03,6.542060546875000000e+02,1.349197235107421875e+02,1.424565185546875000e+03,1.108157104492187500e+03,4.957969055175781250e+02,4.646282958984375000e+02,2.525819549560546875e+02
9.081072998046875000e+02,1.866917114257812500e+03,1.382985839843750000e+02,2.002391601562500000e+03,4.524411621093750000e+02,6.631939697265625000e+01,2.193880004882812500e+02,4.670664978027343750e+01,5.639624023437500000e+02,1.150498291015625000e+03,4.050167846679687500e+02,3.429329589843750000e+03,1.142574829101562500e+03,6.702731323242187500e+02,9.466058349609375000e+01,1.862988037109375000e+03,1.959398193359375000e+02,2.624169006347656250e+02,1.410238037109375000e+02,1.887660766601562500e+03,1.180885253906250000e+03,1.446168823242187500e+03,5.866577758789062500e+02,1.052805786132812500e+03,1.088984680175781250e+02,1.350812988281250000e+02,9.689312744140625000e+01,4.559031982421875000e+02,5.911435546875000000e+02,5.456572875976562500e+02,4.028279296875000000e+03,1.745636718750000000e+03,2.624473571777343750e+02,3.493946777343750000e+03,6.744997558593750000e+02,6.662513427734375000e+02,3.895869628906250000e+03,2.949588623046875000e+02,2.211247070312500000e+03,1.998096313476562500e+02,5.841701660156250000e+02,7.287988281250000000e+03,4.823825073242187500e+02,1.164177551269531250e+02,3.140645751953125000e+02,7.367315673828125000e+02,2.763247070312500000e+02,2.765191406250000000e+03,3.033277587890625000e+02
2.371093750000000000e+01,5.965187988281250000e+02,2.949306030273437500e+02,4.617753906250000000e+03,6.220357666015625000e+02,6.816374511718750000e+02,1.368252563476562500e+02,5.212219238281250000e+01,2.309734863281250000e+03,2.315218505859375000e+03,2.777611083984375000e+02,6.683193359375000000e+02,1.173804687500000000e+03,1.518181152343750000e+02,2.744065429687500000e+03,1.834447875976562500e+03,2.503695068359375000e+02,3.370953674316406250e+02,1.462461791992187500e+03,1.936411621093750000e+03,5.457231445312500000e+03,1.050603637695312500e+03,7.407883300781250000e+02,1.303364990234375000e+03,2.939599304199218750e+02,2.737663574218750000e+02,5.092309570312500000e+01,4.610739135742187500e+01,1.975400390625000000e+02,5.999658203125000000e+01,1.996604492187500000e+03,8.899912109375000000e+03,3.336942749023437500e+02,3.366281005859375000e+03,3.141201171875000000e+02,2.698099365234375000e+03,6.087125976562500000e+03,2.776968078613281250e+02,4.519699707031250000e+02,4.437050170898437500e+02,1.227401367187500000e+03,3.336649414062500000e+03,4.723826904296875000e+02,5.218057250976562500e+02,2.718242187500000000e+02,4.142402343750000000e+02,1.589085998535156250e+02,9.006228027343750000e+02,1.334750518798828125e+02
6.382934570312500000e+01,1.871789794921875000e+03,1.221867675781250000e+02,1.671673437500000000e+04,5.980463867187500000e+02,2.259193725585937500e+02,2.526034240722656250e+02,6.423133850097656250e+01,2.233606445312500000e+03,1.138936523437500000e+03,3.349161987304687500e+02,1.227129638671875000e+03,3.357306152343750000e+03,2.115049438476562500e+02,1.307227783203125000e+02,1.805873535156250000e+03,1.492757568359375000e+02,2.328150329589843750e+02,1.898289794921875000e+02,6.643313476562500000e+03,2.534514892578125000e+03,3.446192871093750000e+03,6.924509887695312500e+02,1.060851928710937500e+03,2.657770996093750000e+02,1.806271667480468750e+02,3.402703857421875000e+01,9.501669311523437500e+01,2.722348632812500000e+02,5.351724243164062500e+01,5.701464843750000000e+01,1.491852539062500000e+03,2.596655273437500000e+02,5.121948730468750000e+03,1.498485107421875000e+03,6.071232299804687500e+02,3.931402832031250000e+03,1.404607666015625000e+03,4.683977050781250000e+02,2.474451599121093750e+02,1.136265258789062500e+03,6.446685058593750000e+03,9.797573852539062500e+02,9.941542053222656250e+01,9.733483886718750000e+01,7.990434570312500000e+02,1.956598815917968750e+02,6.851842041015625000e+02,1.072451019287109375e+02
5.033806152343750000e+02,1.744017578125000000e+03,2.159262695312500000e+02,3.590943359375000000e+03,3.931765136718750000e+02,3.518562011718750000e+02,2.481960754394531250e+02,3.473957519531250000e+02,2.400822753906250000e+03,1.121395263671875000e+03,8.795220947265625000e+01,8.129223632812500000e+02,1.051759277343750000e+03,3.295166625976562500e+02,1.092178955078125000e+02,1.843326904296875000e+03,2.590739746093750000e+02,1.905337982177734375e+02,2.282971191406250000e+02,2.012671875000000000e+03,2.646683105468750000e+03,2.223237060546875000e+03,7.388715209960937500e+02,1.342581542968750000e+03,6.034174194335937500e+02,3.010628662109375000e+02,2.513092041015625000e+01,3.102444458007812500e+01,1.196923828125000000e+01,1.234489135742187500e+02,2.270254394531250000e+03,1.252222900390625000e+03,3.066775512695312500e+02,3.401924316406250000e+03,3.094586181640625000e+02,4.861288452148437500e+02,3.927483886718750000e+03,2.133270874023437500e+02,4.566699218750000000e+02,2.657881164550781250e+02,6.936154785156250000e+02,3.542674804687500000e+03,5.111024169921875000e+02,1.181104507446289062e+02,8.828601074218750000e+01,6.995754394531250000e+02,2.480500488281250000e+02,7.242552490234375000e+02,1.091943435668945312e+02
5.360665283203125000e+02,1.731581420898437500e+03,2.318136596679687500e+02,4.874569335937500000e+03,1.310123535156250000e+03,3.656431274414062500e+02,2.902487182617187500e+02,2.810449218750000000e+01,4.028146484375000000e+03,1.115159667968750000e+03,4.014553222656250000e+02,1.031597167968750000e+03,1.036524902343750000e+03,3.653540649414062500e+02,3.316588134765625000e+02,1.858315551757812500e+03,7.273245849609375000e+02,7.534957885742187500e+01,5.382744140625000000e+02,2.069934082031250000e+03,2.581888671875000000e+03,1.276100708007812500e+03,7.477058105468750000e+02,1.496249511718750000e+03,2.908391113281250000e+02,3.378565063476562500e+02,3.064658203125000000e+02,1.807117919921875000e+02,1.894966308593750000e+03,2.746413879394531250e+02,3.086738769531250000e+03,1.432946044921875000e+03,2.616813659667968750e+02,3.397762695312500000e+03,3.538415527343750000e+02,5.008377685546875000e+02,3.962897216796875000e+03,2.699508666992187500e+02,5.762796630859375000e+02,1.620430603027343750e+02,1.715204101562500000e+03,7.707543457031250000e+03,5.128778686523437500e+02,1.002101593017578125e+02,1.108068969726562500e+03,1.180702148437500000e+03,5.155562744140625000e+02,4.958959960937500000e+02,1.194503631591796875e+02
5.006904296875000000e+02,1.816093017578125000e+03,3.808557128906250000e+02,5.481857421875000000e+03,1.411191894531250000e+03,3.908688354492187500e+02,4.013742675781250000e+02,1.481851196289062500e+01,4.276284667968750000e+03,1.147639404296875000e+03,3.896542053222656250e+02,1.042437500000000000e+03,1.097974487304687500e+03,3.454312744140625000e+02,4.871138916015625000e+02,1.735616455078125000e+03,6.058259277343750000e+02,2.311094055175781250e+02,5.628824462890625000e+02,1.975565917968750000e+03,2.556901855468750000e+03,1.006006958007812500e+03,7.127442626953125000e+02,1.419525634765625000e+03,2.786369018554687500e+02,3.220367126464843750e+02,3.233703613281250000e+02,1.842592468261718750e+02,4.359721679687500000e+02,2.349083251953125000e+02,3.381554687500000000e+03,1.466197265625000000e+03,2.989752502441406250e+02,3.471598388671875000e+03,3.334047851562500000e+02,5.387633056640625000e+02,4.002558349609375000e+03,2.595644226074218750e+02,6.371962890625000000e+02,1.534997863769531250e+02,1.530030273437500000e+03,7.421940917968750000e+03,5.850106811523437500e+02,1.131465148925781250e+02,1.116248779296875000e+03,9.317697753906250000e+02,5.127134399414062500e+02,4.856915283203125000e+02,1.364834442138671875e+02
7.055883789062500000e+02,1.732927734375000000e+03,3.949415283203125000e+02,3.012900390625000000e+03,1.424770507812500000e+02,9.531323242187500000e+01,1.576454162597656250e+02,5.866339111328125000e+01,6.654277343750000000e+02,1.149363525390625000e+03,3.741812133789062500e+02,3.135939941406250000e+03,1.002425659179687500e+03,1.941860961914062500e+02,3.102157592773437500e+02,4.584280273437500000e+03,5.105340576171875000e+02,2.282392272949218750e+02,2.941530761718750000e+02,1.693746459960937500e+03,2.631575439453125000e+03,1.840353515625000000e+03,7.449409790039062500e+02,1.268012573242187500e+03,1.650202026367187500e+02,2.945294799804687500e+02,2.936411743164062500e+02,7.570997314453125000e+02,7.158317871093750000e+02,5.059918212890625000e+02,5.013982421875000000e+03,1.300305175781250000e+03,2.640912780761718750e+02,3.351022460937500000e+03,7.533764648437500000e+02,4.989905395507812500e+02,3.418634033203125000e+03,2.561222839355468750e+02,4.520145263671875000e+02,2.196878662109375000e+02,3.541691894531250000e+02,3.213111816406250000e+03,4.412050781250000000e+02,1.049946899414062500e+02,1.495488281250000000e+03,2.918171386718750000e+02,1.975589904785156250e+02,4.411043701171875000e+02,9.383122253417968750e+01
