4.127152860164642334e-01,inf,8.177816122770309448e-02,7.722623348236083984e-01,4.437671005725860596e-01,2.211527377367019653e-01,5.807487368583679199e-01,7.014907598495483398e-01,3.527638912200927734e-01,inf,4.176722335815429688e+01,3.318378329277038574e-01,inf,1.995235532522201538e-01,inf,5.855727195739746094e+00,7.539400458335876465e-01,5.367483496665954590e-01,2.170226573944091797e-01,1.282096803188323975e-01,inf,7.186906933784484863e-01,3.871845006942749023e-01,1.454657554626464844e+00,1.218520879745483398e+00,7.475006580352783203e-01,inf,2.889026105403900146e-01,2.664654254913330078e-01,4.123308658599853516e-01,6.762418150901794434e-01,7.559502410888671875e+01,6.619021296501159668e-01,inf,5.186728835105895996e-01,4.805927723646163940e-02,2.119320183992385864e-01,4.825532436370849609e-01,8.119570016860961914e-01,4.232200500000000000e+06,4.996111690998077393e-01,4.073474556207656860e-02,inf,8.737851000000000000e+06,2.286868989467620850e-01,1.031071395874023438e+02,1.641748428344726562e+00,8.442076295614242554e-02,8.066893815994262695e-01
3.755970597267150879e-01,6.781784892082214355e-01,9.020555764436721802e-02,8.056282997131347656e-01,2.774846851825714111e-01,3.678515553474426270e-02,inf,5.422586202621459961e-01,3.772180676460266113e-01,7.952146530151367188e-01,1.847896575927734375e-01,3.160221278667449951e-01,4.384003877639770508e-01,2.411467432975769043e-01,7.997696399688720703e-01,2.556112289428710938e+00,6.813766360282897949e-01,1.155722662806510925e-01,1.639052182435989380e-01,3.154034912586212158e-02,6.188734769821166992e-01,2.058684825897216797e-01,4.636270105838775635e-01,3.034691333770751953e+00,5.317178249359130859e+00,3.271172940731048584e-01,4.343300163745880127e-01,4.331379234790802002e-01,2.110093384981155396e-01,6.053633093833923340e-01,2.215189486742019653e-01,8.191980123519897461e-01,5.575538873672485352e-01,inf,inf,1.246637850999832153e-02,4.010452330112457275e-01,1.709117889404296875e-01,inf,7.688140869140625000e-01,6.175140142440795898e-01,1.970220655202865601e-01,inf,7.803499102592468262e-01,8.915812522172927856e-02,6.548455953598022461e-01,8.033536076545715332e-01,9.566143155097961426e-01,2.559150000000000000e+07
3.772750496864318848e-01,inf,1.351870745420455933e-01,1.487186670303344727e+00,7.397384643554687500e-01,1.450657397508621216e-01,inf,9.988492354750633240e-03,4.185391068458557129e-01,inf,5.737562942504882812e+01,3.481237590312957764e-01,inf,2.834918022155761719e+00,inf,4.119776725769042969e+00,7.311888337135314941e-01,2.152338922023773193e-01,1.684435456991195679e-01,1.843630708754062653e-02,4.394159913063049316e-01,1.943957904586568475e-04,3.906361460685729980e-01,2.303733825683593750e+00,6.902755260467529297e+00,1.074465036392211914e+00,1.223045773804187775e-02,1.057216823101043701e-01,1.150453761219978333e-01,6.787281036376953125e-01,1.196500137448310852e-01,1.511367988586425781e+01,inf,7.676368355751037598e-01,6.584908366203308105e-01,6.439284086227416992e-01,inf,3.778426051139831543e-01,inf,8.841013000000000000e+06,8.690170943737030029e-02,3.363921344280242920e-01,7.936854362487792969e-01,7.530180500000000000e+06,1.425364017486572266e-01,inf,3.688478171825408936e-01,4.237728416919708252e-01,3.416262400000000000e+07
3.423601686954498291e-01,inf,1.619454026222229004e-01,6.608192324638366699e-01,5.809200406074523926e-01,2.099652290344238281e-01,6.790125966072082520e-01,5.353913903236389160e-01,3.295277655124664307e-01,inf,3.727249503135681152e-01,4.947229623794555664e-01,2.289480865001678467e-01,inf,inf,1.423824191093444824e+00,6.708248853683471680e-01,1.546282917261123657e-01,1.392083168029785156e-01,7.729660719633102417e-02,inf,1.554924063384532928e-02,3.551665246486663818e-01,5.461878776550292969e-01,5.362838506698608398e-01,1.943307757377624512e+00,4.104115664958953857e-01,4.249515235424041748e-01,7.914830446243286133e-01,2.533274292945861816e-01,2.274803638458251953e+00,1.088509368896484375e+01,4.697510302066802979e-01,inf,inf,7.791713625192642212e-02,1.874169707298278809e+00,3.827877938747406006e-01,inf,9.291490000000000000e+06,1.693967282772064209e-01,1.402267962694168091e-01,inf,1.327612700000000000e+07,3.153276443481445312e-02,6.276203989982604980e-01,1.139303445816040039e+00,7.446523904800415039e-01,3.462387200000000000e+07
inf,inf,3.250908553600311279e-01,inf,inf,inf,inf,1.704828441143035889e-02,2.976498305797576904e-01,inf,inf,inf,inf,1.886294782161712646e-01,inf,inf,inf,2.805597484111785889e-01,inf,inf,inf,inf,inf,inf,inf,inf,4.312685877084732056e-02,inf,5.732939839363098145e-01,inf,2.733307838439941406e+00,inf,inf,inf,3.159830570220947266e-01,inf,3.748617470264434814e-01,inf,inf,8.314652500000000000e+06,inf,1.766747049987316132e-02,inf,1.330182500000000000e+07,1.254188000000000000e+07,inf,inf,inf,2.602670800000000000e+07
inf,inf,7.034983038902282715e-01,2.295050506591796875e+02,1.793770045042037964e-01,inf,inf,1.124437100000000000e+07,inf,inf,inf,inf,inf,inf,inf,3.631399631500244141e+00,inf,8.506741000000000000e+06,inf,inf,inf,inf,inf,inf,inf,inf,inf,inf,8.553990721702575684e-01,inf,3.028086900711059570e+00,inf,inf,inf,inf,inf,inf,inf,inf,9.017804000000000000e+06,inf,2.743267454206943512e-02,inf,8.418621000000000000e+06,1.058224400000000000e+07,4.417284851074218750e+02,inf,inf,3.450193200000000000e+07
6.332917213439941406e-01,inf,1.298349380493164062e+00,1.509545803070068359e+00,3.337234258651733398e-01,6.734887361526489258e-01,inf,1.354730000000000000e+07,5.568638443946838379e-01,5.520756530761718750e+01,1.411926597356796265e-01,5.914072990417480469e-01,5.326231718063354492e-01,inf,inf,8.024911284446716309e-01,7.137590050697326660e-01,8.767085000000000000e+06,1.726986467838287354e-01,4.834585487842559814e-01,inf,1.433620881289243698e-02,6.601945757865905762e-01,1.402688980102539062e+00,9.592801094055175781e+00,inf,inf,2.370955646038055420e-01,2.402938127517700195e+00,7.326918840408325195e-01,5.011544823646545410e-01,4.259605884552001953e+00,inf,inf,inf,5.494937300682067871e-01,inf,5.835075378417968750e-01,inf,1.038448700000000000e+07,inf,3.088645637035369873e-01,inf,1.344016800000000000e+07,6.699994802474975586e-01,6.618363261222839355e-01,4.165149033069610596e-01,3.451536893844604492e-01,3.226605600000000000e+07
5.141436457633972168e-01,inf,8.395121991634368896e-02,6.845503449440002441e-01,3.666998445987701416e-01,3.292533755302429199e-01,inf,5.961273312568664551e-01,3.024951517581939697e-01,inf,5.957388687133789062e+01,3.929510414600372314e-01,inf,1.893448978662490845e-01,inf,4.101005077362060547e+00,7.908005714416503906e-01,4.402745664119720459e-01,6.696034073829650879e-01,8.850538730621337891e-02,inf,7.468442320823669434e-01,4.339528679847717285e-01,3.424937486648559570e+00,5.007964134216308594e+00,1.554387956857681274e-01,1.534793823957443237e-01,1.697504878044128418e+00,3.647883981466293335e-02,2.251434326171875000e-02,9.783316850662231445e-01,1.476066112518310547e+01,inf,inf,5.917438864707946777e-01,2.366890013217926025e-01,3.101595640182495117e-01,5.909616351127624512e-01,8.184465765953063965e-01,2.168821200000000000e+07,6.933455467224121094e-01,2.928275167942047119e-01,inf,9.327551000000000000e+06,2.914255559444427490e-01,2.031875801086425781e+01,1.133073925971984863e+00,1.454056650400161743e-01,7.892901301383972168e-01
5.535286664962768555e-01,6.556505560874938965e-01,2.466654628515243530e-01,1.418318390846252441e+00,1.717274546623229980e+00,3.466082215309143066e-01,5.867150425910949707e-01,1.016847267746925354e-01,4.792737066745758057e-01,7.988147139549255371e-01,2.071283459663391113e-01,5.602217316627502441e-01,2.587515115737915039e-01,2.312919497489929199e-02,7.041995525360107422e-01,4.618622303009033203e+00,5.467727780342102051e-01,2.575375139713287354e-01,1.421844959259033203e-01,2.417666465044021606e-01,5.665849447250366211e-01,1.540966629981994629e-01,5.200548171997070312e-01,3.838869094848632812e+00,9.738147735595703125e+00,1.261140346527099609e+00,6.814201474189758301e-01,5.828751325607299805e-01,3.850455582141876221e-01,9.259407222270965576e-02,6.866962313652038574e-01,8.668996095657348633e-01,inf,inf,inf,7.498749345541000366e-02,4.298227429389953613e-01,2.093804627656936646e-01,inf,6.999632120132446289e-01,2.097109317779541016e+00,1.530020684003829956e-01,inf,7.657545804977416992e-01,9.407503902912139893e-02,6.772499680519104004e-01,1.224462985992431641e+00,1.761358380317687988e-01,3.527164800000000000e+07
4.904841184616088867e-01,inf,2.904278039932250977e-01,2.170773267745971680e+00,9.110857248306274414e-01,4.290017485618591309e-01,1.173062682151794434e+00,3.366963565349578857e-02,4.606376886367797852e-01,inf,2.708966445922851562e+01,4.925745427608489990e-01,inf,2.215147495269775391e+00,inf,5.301724433898925781e+00,6.839057803153991699e-01,1.152522712945938110e-01,1.747155040502548218e-01,1.552018374204635620e-01,5.373150110244750977e-01,1.427993178367614746e-01,4.392107129096984863e-01,2.220268726348876953e+00,2.066162109375000000e+01,3.499294519424438477e-01,3.940411806106567383e-01,5.357336997985839844e-01,1.782864928245544434e-01,3.290196657180786133e-01,4.300726354122161865e-01,7.600733757019042969e+00,6.224020123481750488e-01,7.343159914016723633e-01,6.371953487396240234e-01,2.098715305328369141e-02,inf,3.113574981689453125e-01,inf,1.053397400000000000e+07,6.881178021430969238e-01,2.568201124668121338e-01,6.457117795944213867e-01,9.270492000000000000e+06,2.323086000978946686e-02,8.023625373840332031e+00,3.431198596954345703e-01,7.200117409229278564e-02,3.476217600000000000e+07
5.034253597259521484e-01,inf,1.020377948880195618e-01,5.055825710296630859e-01,4.203293472528457642e-02,2.897596359252929688e-01,2.139885872602462769e-01,1.679920107126235962e-01,4.101742208003997803e-01,inf,3.147452771663665771e-01,1.904470100998878479e-02,3.635470569133758545e-01,inf,3.865493774414062500e+01,5.639820098876953125e-01,inf,4.102657139301300049e-01,3.825417757034301758e-01,2.635168135166168213e-01,inf,2.391491271555423737e-02,5.120421051979064941e-01,5.269050002098083496e-01,5.314591526985168457e-01,1.836817502975463867e+00,2.236626595258712769e-01,2.877311706542968750e-01,3.282035887241363525e-02,2.983725443482398987e-02,3.906831145286560059e-01,2.299938201904296875e+01,3.435311913490295410e-01,inf,inf,2.207904160022735596e-01,inf,2.458545714616775513e-01,inf,1.995548400000000000e+07,4.326491653919219971e-01,3.487114235758781433e-02,inf,9.449365000000000000e+06,2.214893884956836700e-02,7.640908956527709961e-01,inf,1.287159770727157593e-01,3.522026000000000000e+07
inf,inf,1.040330436080694199e-02,inf,6.146667957305908203e+00,inf,inf,1.007717600000000000e+07,inf,inf,inf,inf,inf,inf,inf,9.167946815490722656e+00,inf,1.012376397848129272e-01,inf,inf,inf,inf,inf,inf,inf,inf,inf,inf,5.109333992004394531e-01,inf,2.244630575180053711e+00,inf,inf,inf,inf,inf,inf,inf,inf,9.264282000000000000e+06,inf,1.690785288810729980e-01,inf,8.818371000000000000e+06,7.374890000000000000e+06,7.511198425292968750e+01,inf,inf,3.538709600000000000e+07
inf,inf,3.199477791786193848e-01,inf,inf,inf,inf,7.065906500000000000e+06,inf,inf,inf,inf,inf,inf,inf,1.138588867187500000e+02,inf,8.560061000000000000e+06,inf,inf,inf,inf,inf,inf,inf,inf,inf,inf,3.799327313899993896e-01,inf,3.039729118347167969e+00,inf,inf,inf,inf,inf,inf,inf,inf,9.270954000000000000e+06,inf,5.079934597015380859e-01,inf,9.931967000000000000e+06,1.004595300000000000e+07,inf,inf,inf,3.514538000000000000e+07
7.511897087097167969e-01,inf,2.116489171981811523e+00,5.658882856369018555e-01,3.086116015911102295e-01,6.456060409545898438e-01,4.457446336746215820e-01,9.524899000000000000e+06,inf,inf,inf,inf,4.004824459552764893e-01,inf,inf,7.135410904884338379e-01,8.162349462509155273e-01,8.871995000000000000e+06,inf,inf,inf,inf,inf,1.214922332763671875e+01,1.322137832641601562e+01,inf,inf,5.288634300231933594e-01,1.270621180534362793e+00,inf,3.853360176086425781e+00,inf,inf,inf,inf,inf,inf,4.696693718433380127e-01,inf,8.960082000000000000e+06,inf,6.783124208450317383e-01,inf,7.765903500000000000e+06,5.635113716125488281e-01,3.004742813110351562e+01,inf,6.269202828407287598e-01,3.384058000000000000e+07
6.233399510383605957e-01,inf,8.853173255920410156e-02,7.208728790283203125e-01,2.287381291389465332e-01,1.794252246618270874e-01,2.382275581359863281e+00,6.490439772605895996e-01,8.237774372100830078e-01,2.619553833007812500e+02,2.015465164184570312e+01,8.464055657386779785e-01,inf,7.087603211402893066e-01,inf,1.562583088874816895e+00,8.192199468612670898e-01,9.375189000000000000e+06,4.423390924930572510e-01,5.401145219802856445e-01,4.543256759643554688e-01,1.314422935247421265e-01,8.580192923545837402e-01,3.840904831886291504e-01,3.911362409591674805e+00,2.794117927551269531e-01,5.618108510971069336e-01,1.730514615774154663e-01,3.908616304397583008e-02,7.077732682228088379e-01,4.872291982173919678e-01,1.888512802124023438e+01,3.361181914806365967e-01,inf,7.238113284111022949e-01,8.374651074409484863e-01,2.166605591773986816e-01,3.321617543697357178e-01,5.895298719406127930e-01,1.797715200000000000e+07,6.437408924102783203e-01,7.287443876266479492e-01,inf,6.783190000000000000e+06,4.007171392440795898e-01,7.508828639984130859e-01,7.226558923721313477e-01,4.185745716094970703e-01,5.421884655952453613e-01
6.049397587776184082e-01,6.507780551910400391e-01,6.980873644351959229e-02,1.143196940422058105e+00,2.494696974754333496e-01,2.496409267187118530e-01,2.893949508666992188e+00,8.487238287925720215e-01,4.005928039550781250e-01,7.924751639366149902e-01,3.789099752902984619e-01,3.123857080936431885e-01,5.566357970237731934e-01,1.688537001609802246e-01,7.452264428138732910e-01,3.542611122131347656e+00,7.117733955383300781e-01,8.422532677650451660e-02,7.157546877861022949e-01,8.366503566503524780e-02,4.958932399749755859e-01,7.501935213804244995e-02,6.056074500083923340e-01,4.397998332977294922e+00,inf,6.239485740661621094e-01,5.879583954811096191e-01,4.382620006799697876e-02,5.833868309855461121e-02,1.013560667634010315e-01,6.639119386672973633e-01,7.527112960815429688e-01,1.481989383697509766e+00,inf,inf,5.603389739990234375e-01,6.065756678581237793e-01,2.978081405162811279e-01,inf,3.105537295341491699e-01,8.324747681617736816e-01,3.171901702880859375e-01,2.437217330932617188e+01,8.113980889320373535e-01,1.679597049951553345e-02,8.490099310874938965e-01,9.043118357658386230e-01,4.152974486351013184e-01,2.196426400000000000e+07
5.299178957939147949e-01,inf,4.875345826148986816e-01,1.309639334678649902e+00,5.225377678871154785e-01,2.103566676378250122e-01,1.941255107522010803e-02,4.872648119926452637e-01,4.258270561695098877e-01,inf,3.973947143554687500e+01,3.564528226852416992e-01,inf,2.630126953125000000e+00,inf,3.245055437088012695e+00,7.191175818443298340e-01,3.789035677909851074e-01,3.016893565654754639e-01,1.441850066184997559e-01,inf,6.299726366996765137e-01,6.422531604766845703e-01,2.261470556259155273e+00,1.351205539703369141e+01,4.067702889442443848e-01,4.841003417968750000e-01,3.843593597412109375e-01,9.242048114538192749e-02,3.771275281906127930e-01,3.970751166343688965e-01,2.069119071960449219e+01,1.636657953262329102e+00,7.375519871711730957e-01,8.441630601882934570e-01,6.368677020072937012e-01,inf,4.889194667339324951e-01,inf,1.118827200000000000e+07,4.382743537425994873e-01,5.274963974952697754e-01,7.116441130638122559e-01,7.318686000000000000e+06,2.880566567182540894e-02,6.801403045654296875e+01,6.250325441360473633e-01,3.541450202465057373e-01,3.471295600000000000e+07
5.084335207939147949e-01,inf,2.417140454053878784e-01,7.386288642883300781e-01,4.360978305339813232e-01,2.406173348426818848e-01,2.055501043796539307e-01,1.040559900000000000e+07,3.671261072158813477e-01,inf,4.525825846940279007e-03,3.274529576301574707e-01,3.629478514194488525e-01,inf,inf,1.263430237770080566e+00,6.607677340507507324e-01,1.645808517932891846e-01,4.003943502902984619e-01,1.337730884552001953e-01,inf,1.797390053980052471e-03,6.061087250709533691e-01,5.764332413673400879e-01,5.013957023620605469e-01,6.245139837265014648e-01,2.140968479216098785e-02,6.880951113998889923e-03,4.108784794807434082e-01,2.815802097320556641e-01,6.026345491409301758e-02,2.477755165100097656e+01,8.800352364778518677e-02,inf,inf,2.468000501394271851e-01,2.543389499187469482e-01,2.587478458881378174e-01,inf,2.010518000000000000e+07,2.931410670280456543e-01,4.541559815406799316e-01,inf,7.642664000000000000e+06,4.128755629062652588e-01,7.365404963493347168e-01,7.311180830001831055e-01,4.324461221694946289e-01,3.513559200000000000e+07
inf,inf,1.202036514878273010e-01,inf,4.632627218961715698e-02,inf,inf,6.945552825927734375e-01,3.606677949428558350e-01,inf,inf,inf,inf,2.963690161705017090e-01,inf,4.269397735595703125e+00,inf,4.152414500713348389e-01,inf,inf,inf,inf,inf,inf,inf,inf,4.135524854063987732e-02,inf,3.549343645572662354e-01,inf,2.239418029785156250e+00,inf,inf,inf,4.796596169471740723e-01,inf,4.093569219112396240e-01,inf,inf,9.156671000000000000e+06,1.484545022249221802e-01,3.057948052883148193e-01,inf,7.607314500000000000e+06,1.136541300000000000e+07,inf,inf,inf,3.542389600000000000e+07
inf,inf,8.117731213569641113e-01,2.067343902587890625e+02,inf,inf,inf,1.061137700000000000e+07,inf,inf,inf,inf,inf,inf,inf,2.496126174926757812e+01,inf,8.724051000000000000e+06,inf,inf,inf,inf,inf,inf,inf,inf,inf,inf,6.869038343429565430e-01,inf,2.420347213745117188e+00,inf,inf,inf,inf,inf,inf,inf,inf,9.367593000000000000e+06,inf,3.831473588943481445e-01,inf,7.162422000000000000e+06,2.368442800000000000e+07,inf,inf,inf,3.449179200000000000e+07
7.196189165115356445e-01,inf,1.061089158058166504e+00,7.523471862077713013e-02,1.815428435802459717e-01,6.753723621368408203e-01,4.037092626094818115e-01,1.978216800000000000e+07,5.596672892570495605e-01,4.077527236938476562e+01,1.586063802242279053e-01,3.431368172168731689e-01,6.505600214004516602e-01,inf,inf,7.298240661621093750e-01,8.198411464691162109e-01,8.380516000000000000e+06,3.219313919544219971e-01,4.373336136341094971e-01,inf,6.161802262067794800e-02,7.863989472389221191e-01,5.707844495773315430e-01,8.620184898376464844e+00,inf,inf,6.923800706863403320e-01,1.118399739265441895e+00,3.412901163101196289e-01,4.263648688793182373e-01,1.032279586791992188e+01,inf,inf,inf,5.514243841171264648e-01,inf,6.432310342788696289e-01,inf,7.957545500000000000e+06,inf,3.892290294170379639e-01,inf,8.175230000000000000e+06,4.858120381832122803e-01,7.323610186576843262e-01,1.098898649215698242e-01,7.101732492446899414e-01,3.364208400000000000e+07
6.552240252494812012e-01,inf,4.045154452323913574e-01,7.133563756942749023e-01,2.011025846004486084e-01,3.597852289676666260e-01,1.678484320640563965e+00,1.708442400000000000e+07,inf,inf,3.510427093505859375e+01,2.871275842189788818e-01,inf,inf,inf,4.030512809753417969e+00,7.733579277992248535e-01,3.650743067264556885e-01,7.257682681083679199e-01,3.439290821552276611e-01,6.448460221290588379e-01,5.291525721549987793e-01,5.789530873298645020e-01,2.238001108169555664e+00,1.102081489562988281e+01,inf,inf,6.799956560134887695e-01,1.024528816342353821e-01,9.013837575912475586e-01,6.205439567565917969e-01,7.436955261230468750e+01,inf,inf,inf,1.707007735967636108e-01,inf,4.533929228782653809e-01,6.166335344314575195e-01,1.900042400000000000e+07,inf,4.576140642166137695e-01,inf,7.581627500000000000e+06,1.681516617536544800e-01,2.498695564270019531e+01,1.815739393234252930e+00,2.959480583667755127e-01,5.359914898872375488e-01
6.619347333908081055e-01,6.221657395362854004e-01,3.511432707309722900e-01,1.030985116958618164e+00,1.310054659843444824e+00,2.111979424953460693e-01,3.713677227497100830e-01,6.107434630393981934e-01,6.837117671966552734e-01,8.136345744132995605e-01,1.118478700518608093e-01,4.302835762500762939e-01,5.279598832130432129e-01,6.511703133583068848e-01,7.769058346748352051e-01,6.359055519104003906e+00,7.976179122924804688e-01,2.522784769535064697e-01,2.022547572851181030e-01,2.293010056018829346e-01,5.048749446868896484e-01,1.340315788984298706e-01,inf,3.579705238342285156e+00,1.202635288238525391e+01,inf,7.344911694526672363e-01,1.403749585151672363e-01,2.622840702533721924e-01,1.421783026307821274e-02,4.471830129623413086e-01,8.101097345352172852e-01,5.444577336311340332e-01,inf,inf,2.445754259824752808e-01,4.618048667907714844e-01,4.317230284214019775e-01,inf,7.876291275024414062e-01,6.758760213851928711e-01,3.203738033771514893e-01,inf,7.630112767219543457e-01,1.762567907571792603e-01,6.552030444145202637e-01,7.668656706809997559e-01,5.388230085372924805e-01,2.795594000000000000e+07
4.637913107872009277e-01,inf,4.545684754848480225e-01,2.332551717758178711e+00,1.779323697090148926e+00,9.708468616008758545e-02,3.121014237403869629e-01,3.591825664043426514e-01,4.557033479213714600e-01,inf,2.591308593750000000e+01,4.415349662303924561e-01,inf,1.305656313896179199e+00,inf,4.294591426849365234e+00,8.255004286766052246e-01,9.857438504695892334e-02,2.882767319679260254e-01,2.934178337454795837e-02,inf,inf,8.248091340065002441e-01,2.019535541534423828e+00,2.064493370056152344e+01,6.526588201522827148e-01,7.502620667219161987e-02,2.522546947002410889e-01,1.856954768300056458e-02,1.185846701264381409e-01,1.273381412029266357e-01,3.303274154663085938e+01,6.725754588842391968e-02,7.578484416007995605e-01,8.718354105949401855e-01,5.342758297920227051e-01,1.776438206434249878e-01,4.810034930706024170e-01,inf,8.293140000000000000e+06,9.978306293487548828e-02,4.939565956592559814e-01,7.591195702552795410e-01,1.080662200000000000e+07,7.816905528306961060e-02,6.412218093872070312e+00,5.811346173286437988e-01,3.598234951496124268e-01,3.445387200000000000e+07
3.316652476787567139e-01,inf,3.585584461688995361e-01,6.584461331367492676e-01,8.161664605140686035e-01,7.579941153526306152e-01,5.260392650961875916e-02,9.487800300121307373e-02,3.778635263442993164e-01,inf,1.145292967557907104e-01,3.230313062667846680e-01,4.986683130264282227e-01,inf,3.014459419250488281e+01,5.246531009674072266e+00,6.339949965476989746e-01,6.344649195671081543e-01,2.431684732437133789e-01,2.258485108613967896e-01,inf,inf,6.552805900573730469e-01,5.820137262344360352e-01,5.305622816085815430e-01,2.241774082183837891e+00,inf,1.960661858320236206e-01,1.683782786130905151e-01,3.474959433078765869e-01,1.367702186107635498e-01,5.422515106201171875e+01,5.155631303787231445e-01,inf,inf,6.987348198890686035e-02,inf,3.003399968147277832e-01,inf,1.879216800000000000e+07,3.221156448125839233e-02,4.084051251411437988e-01,inf,1.124482000000000000e+07,4.196438491344451904e-01,6.600296497344970703e-01,1.041725516319274902e+00,4.238636493682861328e-01,3.489701600000000000e+07
inf,inf,2.050396651029586792e-01,inf,inf,inf,inf,2.527919600000000000e+07,inf,inf,inf,1.682099533081054688e+01,inf,inf,inf,4.803859233856201172e+00,inf,4.931030273437500000e-01,inf,inf,inf,inf,inf,2.683573486328125000e+03,inf,inf,inf,inf,4.652948081493377686e-01,inf,2.172160148620605469e+00,6.374281692504882812e+01,inf,inf,inf,inf,inf,inf,inf,9.797004000000000000e+06,inf,inf,inf,1.295366000000000000e+07,1.611915500000000000e+07,inf,inf,inf,3.071328000000000000e+07
inf,inf,4.392191886901855469e+00,inf,inf,inf,inf,1.713059200000000000e+07,inf,inf,inf,inf,inf,inf,inf,1.329231739044189453e+01,inf,8.717033000000000000e+06,inf,inf,inf,inf,inf,inf,inf,inf,inf,inf,4.790868759155273438e-01,inf,2.854418754577636719e+00,inf,inf,inf,inf,inf,inf,inf,inf,9.717696000000000000e+06,inf,inf,inf,1.128574100000000000e+07,1.177334000000000000e+07,inf,inf,inf,3.447325600000000000e+07
6.480956673622131348e-01,inf,1.644174218177795410e+00,1.486081182956695557e-01,5.368882417678833008e-02,5.289333462715148926e-01,5.013491511344909668e-01,2.115176000000000000e+07,inf,inf,inf,inf,inf,inf,inf,6.495891571044921875e+00,inf,9.407815000000000000e+06,inf,inf,inf,inf,inf,inf,inf,inf,inf,inf,1.307764768600463867e+00,inf,3.520057201385498047e+00,inf,inf,inf,inf,inf,inf,inf,inf,1.186145300000000000e+07,inf,1.861844825744628906e+01,inf,1.571759200000000000e+07,5.979115962982177734e-01,inf,inf,inf,3.372367200000000000e+07
2.317185327410697937e-02,inf,1.878941416740417480e+00,1.673361778259277344e+00,1.752034902572631836e+00,6.014981269836425781e-01,1.117903947830200195e+00,6.702452432364225388e-03,7.814310789108276367e-01,1.401689147949218750e+02,1.593721866607666016e+01,7.775986194610595703e-01,inf,6.711580157279968262e-01,6.958710479736328125e+01,7.715694308280944824e-01,8.957726359367370605e-01,8.924215000000000000e+06,4.929753243923187256e-01,5.478897094726562500e-01,3.423454761505126953e-01,inf,8.438851833343505859e-01,4.705817997455596924e-02,5.376718997955322266e+00,inf,3.843952715396881104e-01,5.372253656387329102e-01,4.229445755481719971e-01,7.893013358116149902e-01,5.495343804359436035e-01,1.862627410888671875e+01,inf,inf,5.479013919830322266e-01,7.928051948547363281e-01,3.941329121589660645e-01,6.846407651901245117e-01,inf,2.080756400000000000e+07,7.158571481704711914e-01,8.467516303062438965e-01,inf,7.518957500000000000e+06,2.457229793071746826e-01,6.717306971549987793e-01,7.184527516365051270e-01,4.389730989933013916e-01,5.483184456825256348e-01
7.509152889251708984e-01,7.342731952667236328e-01,6.616961956024169922e-01,3.731145858764648438e-01,1.816814303398132324e+00,5.001256940886378288e-04,9.378947615623474121e-01,2.628846400000000000e+07,5.847370624542236328e-01,8.096667528152465820e-01,3.618776798248291016e-01,3.118803799152374268e-01,7.613573074340820312e-01,5.010569095611572266e-01,4.455611109733581543e-01,3.089461803436279297e+00,7.456420660018920898e-01,4.281820058822631836e-01,7.557948231697082520e-01,5.853071808815002441e-01,5.578033626079559326e-03,inf,5.909821987152099609e-01,5.657741546630859375e+00,1.783047485351562500e+01,inf,6.747911870479583740e-02,9.747335910797119141e-01,6.884191036224365234e-01,1.388529986143112183e-01,6.101338267326354980e-01,8.104978203773498535e-01,2.787466347217559814e-01,inf,1.142325401306152344e-01,2.590463459491729736e-01,4.951511323451995850e-01,2.600822746753692627e-01,8.312959671020507812e-01,4.024019539356231689e-01,7.302117347717285156e+00,8.162099123001098633e-02,inf,5.538058876991271973e-01,1.278161853551864624e-01,7.289585471153259277e-01,1.421777456998825073e-01,1.006068348884582520e+00,2.866300000000000000e+07
6.972910761833190918e-01,inf,5.032546520233154297e-01,4.783784389495849609e+00,8.845635503530502319e-02,2.237338423728942871e-01,2.485755383968353271e-01,7.420992255210876465e-01,3.456472456455230713e-01,inf,3.836428070068359375e+01,5.074329376220703125e-01,inf,1.219944834709167480e+00,inf,3.683798551559448242e+00,9.107033014297485352e-01,2.421918511390686035e-01,1.597303748130798340e-01,8.615504950284957886e-02,inf,7.777448296546936035e-01,7.245603799819946289e-01,3.184936046600341797e+00,2.454609680175781250e+01,6.345916390419006348e-01,6.980117559432983398e-01,1.565725356340408325e-01,6.951425671577453613e-01,1.557495146989822388e-01,6.066470146179199219e-01,inf,2.114801704883575439e-01,7.776105403900146484e-01,3.583118617534637451e-01,3.398512601852416992e-01,inf,1.399369984865188599e-01,inf,1.069736700000000000e+07,2.145159244537353516e-01,2.604302465915679932e-01,7.075510025024414062e-01,1.009542300000000000e+07,1.071640104055404663e-01,2.066940498352050781e+01,1.794658750295639038e-01,5.992212295532226562e-01,3.451744000000000000e+07
6.899918913841247559e-01,inf,6.301193237304687500e-01,6.653680801391601562e-01,2.901272177696228027e-01,9.556502103805541992e-02,2.281565666198730469e-01,5.640420913696289062e-01,4.116862118244171143e-01,inf,2.989146411418914795e-01,1.932879835367202759e-01,5.996223688125610352e-01,inf,3.189742851257324219e+01,3.724346876144409180e+00,6.960659623146057129e-01,1.339787691831588745e-01,4.097422063350677490e-01,1.430217921733856201e-01,inf,inf,7.471505999565124512e-01,6.197332739830017090e-01,5.628935098648071289e-01,1.444656491279602051e+00,5.856511592864990234e-01,1.130060926079750061e-01,3.688998520374298096e-01,3.112693130970001221e-01,5.883070640265941620e-03,4.892600250244140625e+01,4.329159557819366455e-01,inf,inf,2.390932850539684296e-02,4.458738267421722412e-01,4.612995088100433350e-01,inf,2.308766000000000000e+07,2.486193776130676270e-01,1.657444387674331665e-01,inf,9.843779000000000000e+06,2.284733057022094727e-01,6.548255085945129395e-01,1.973203420639038086e-01,4.058771133422851562e-01,3.494202400000000000e+07
inf,inf,3.178441524505615234e-01,inf,inf,inf,inf,1.190573300000000000e+07,inf,inf,inf,inf,inf,inf,inf,5.681324005126953125e+00,inf,3.951205909252166748e-01,inf,inf,inf,inf,inf,inf,inf,inf,inf,inf,1.028683543205261230e+00,inf,2.459250450134277344e+00,inf,inf,inf,inf,inf,inf,inf,inf,9.912374000000000000e+06,inf,3.595170080661773682e-01,inf,8.004858500000000000e+06,1.033043100000000000e+07,inf,inf,inf,2.974842000000000000e+07
inf,inf,3.761655986309051514e-01,inf,9.875144653320312500e+02,3.042146563529968262e-01,inf,1.035330900000000000e+07,inf,inf,inf,3.040027618408203125e+01,inf,inf,inf,4.494060039520263672e+00,inf,1.185116000000000000e+07,inf,inf,inf,inf,inf,inf,inf,inf,inf,inf,1.704396009445190430e+00,inf,2.822571277618408203e+00,inf,inf,inf,inf,inf,inf,inf,inf,2.291380800000000000e+07,inf,1.486826092004776001e-01,inf,8.542641000000000000e+06,2.490643200000000000e+07,4.856729125976562500e+02,inf,inf,3.461288000000000000e+07
8.107547760009765625e-01,inf,7.907905429601669312e-02,3.234831690788269043e-01,6.217132806777954102e-01,1.418048262596130371e+00,5.395120382308959961e-01,2.173263020813465118e-02,4.389200806617736816e-01,inf,6.844163686037063599e-02,6.237602233886718750e-01,5.072743296623229980e-01,4.087955057621002197e-01,8.894434928894042969e+00,7.978463768959045410e-01,8.885943889617919922e-01,1.074656300000000000e+07,3.861637711524963379e-01,inf,inf,inf,8.348402976989746094e-01,1.020132660865783691e+00,1.370686817169189453e+01,inf,9.557098150253295898e-01,6.251824498176574707e-01,1.989196300506591797e+00,2.293486744165420532e-01,3.789303004741668701e-01,1.240033531188964844e+01,inf,inf,inf,4.580837786197662354e-01,1.943664103746414185e-01,inf,inf,1.362221900000000000e+07,2.712997198104858398e-01,2.076105326414108276e-01,inf,8.016374500000000000e+06,6.092328429222106934e-01,6.495150327682495117e-01,6.423379182815551758e-01,6.906008124351501465e-01,3.413061200000000000e+07
7.726936936378479004e-01,inf,3.709946572780609131e-01,7.641779780387878418e-01,5.607112050056457520e-01,2.319139093160629272e-01,1.144333958625793457e+00,5.689097642898559570e-01,1.497458219528198242e-01,inf,2.903425216674804688e+01,4.343031644821166992e-01,inf,3.515472710132598877e-01,1.688531646728515625e+02,5.197043418884277344e+00,7.668493986129760742e-01,4.798942506313323975e-01,7.008535861968994141e-01,inf,6.984478235244750977e-01,inf,6.475958228111267090e-01,3.921119689941406250e+00,1.053526020050048828e+01,1.792526245117187500e-01,1.473920792341232300e-01,5.977657064795494080e-02,1.842535883188247681e-01,8.120333552360534668e-01,1.865541636943817139e-01,5.303205108642578125e+01,2.872603535652160645e-01,inf,8.318412899971008301e-01,1.070898622274398804e-01,2.090533263981342316e-02,7.745741605758666992e-01,8.470766544342041016e-01,2.149745200000000000e+07,5.236352682113647461e-01,2.479869574308395386e-01,inf,7.337494000000000000e+06,3.529378399252891541e-02,1.153303222656250000e+02,9.305992722511291504e-01,7.043580412864685059e-01,7.016388773918151855e-01
4.962357282638549805e-01,5.781082510948181152e-01,2.474737465381622314e-01,7.840707898139953613e-01,1.366680741310119629e+00,2.952294051647186279e-01,4.429850280284881592e-01,1.645677387714385986e-01,3.640573322772979736e-01,8.502296805381774902e-01,1.860548257827758789e-01,3.502455949783325195e-01,5.729065537452697754e-01,1.161136850714683533e-01,5.898217558860778809e-01,4.259526729583740234e+00,7.421448826789855957e-01,6.095751747488975525e-02,4.248418509960174561e-01,inf,6.342676281929016113e-01,inf,6.131497025489807129e-01,4.652034759521484375e+00,1.319279289245605469e+01,1.536063671112060547e+00,3.221829235553741455e-01,2.593957781791687012e-01,2.543399035930633545e-01,7.676142733544111252e-03,4.751482903957366943e-01,8.116914033889770508e-01,2.295129895210266113e-01,inf,inf,2.036853134632110596e-01,2.147035300731658936e-01,3.558306097984313965e-01,inf,5.486959815025329590e-01,1.726662814617156982e-01,2.702213227748870850e-01,inf,7.869651317596435547e-01,3.352766931056976318e-01,4.512535035610198975e-01,2.308012843132019043e-01,5.577090978622436523e-01,2.863022800000000000e+07
6.432614922523498535e-01,inf,6.238913536071777344e-01,8.187077641487121582e-01,4.202028214931488037e-01,7.271970808506011963e-02,inf,2.883369326591491699e-01,3.066843450069427490e-01,inf,2.411469459533691406e+01,3.844096958637237549e-01,inf,1.054492831230163574e+00,inf,5.026265621185302734e+00,8.312635421752929688e-01,4.050145447254180908e-01,4.425562322139739990e-01,7.181921005249023438e-01,inf,7.910720109939575195e-01,7.470898032188415527e-01,3.627950429916381836e+00,2.016565513610839844e+01,8.102363944053649902e-01,8.565135002136230469e-01,3.555665314197540283e-01,1.899719834327697754e-01,4.965274930000305176e-01,2.042101174592971802e-01,inf,4.094596505165100098e-01,8.284350633621215820e-01,5.166324377059936523e-01,2.075124979019165039e-01,inf,2.442114204168319702e-01,inf,2.066725600000000000e+07,1.437464654445648193e-01,4.374829828739166260e-01,7.395234107971191406e-01,7.520898500000000000e+06,1.726737618446350098e-01,6.805490493774414062e+00,4.032110869884490967e-01,7.496970295906066895e-01,3.461457600000000000e+07
2.639175206422805786e-02,inf,2.617610991001129150e-01,7.272681593894958496e-01,1.183532595634460449e+00,1.284636259078979492e-01,4.010276496410369873e-01,3.360516428947448730e-01,3.023287653923034668e-01,inf,6.353802978992462158e-02,2.913761436939239502e-01,4.633365273475646973e-01,inf,inf,3.420287370681762695e-01,6.011473536491394043e-01,2.674464881420135498e-01,3.117535412311553955e-01,inf,inf,inf,5.976163744926452637e-01,6.136406064033508301e-01,6.480310559272766113e-01,1.752546548843383789e+00,2.605130970478057861e-01,inf,1.448488533496856689e-01,3.907958567142486572e-01,4.755626618862152100e-02,9.666294097900390625e+00,3.525790274143218994e-01,inf,inf,1.791011095046997070e-01,6.756740212440490723e-01,1.944945901632308960e-01,inf,2.318286000000000000e+07,1.420989781618118286e-01,2.812234163284301758e-01,inf,1.048116100000000000e+07,1.192345544695854187e-01,5.711991190910339355e-01,1.439387053251266479e-01,6.497548818588256836e-01,3.504417600000000000e+07
inf,inf,1.784711182117462158e-01,inf,inf,inf,inf,1.216142300000000000e+07,inf,inf,inf,inf,inf,inf,inf,4.088241100311279297e+00,inf,4.028972685337066650e-01,inf,inf,inf,inf,inf,inf,inf,inf,inf,inf,9.039512835443019867e-03,inf,2.100445270538330078e+00,inf,inf,inf,inf,inf,inf,inf,inf,2.106485600000000000e+07,inf,3.264838457107543945e-01,inf,1.050219700000000000e+07,1.025490400000000000e+07,inf,inf,inf,2.998374000000000000e+07
inf,inf,6.234455108642578125e-01,inf,inf,1.073369234800338745e-01,inf,1.281544300000000000e+07,inf,inf,inf,inf,inf,inf,inf,1.263524627685546875e+01,inf,9.651709000000000000e+06,inf,inf,inf,inf,inf,inf,inf,inf,inf,3.770418465137481689e-01,2.218339443206787109e-01,inf,2.354746818542480469e+00,inf,inf,inf,inf,inf,inf,inf,inf,1.744458400000000000e+07,inf,1.943697035312652588e-01,inf,7.514530000000000000e+06,8.916443000000000000e+06,6.546121215820312500e+01,inf,inf,3.488594000000000000e+07
7.135539650917053223e-01,inf,6.888224482536315918e-01,8.795967102050781250e-01,2.570973634719848633e-01,7.539106905460357666e-02,4.468038976192474365e-01,1.579351200000000000e+07,5.103727579116821289e-01,2.169561767578125000e+02,1.564619876444339752e-02,6.237757205963134766e-01,5.892199873924255371e-01,3.245871663093566895e-01,6.663010406494140625e+01,7.741781473159790039e-01,8.259207010269165039e-01,9.032198000000000000e+06,3.612752556800842285e-01,inf,inf,inf,8.312932848930358887e-01,6.933926939964294434e-01,1.136891746520996094e+01,inf,1.320364475250244141e-01,3.931725621223449707e-01,6.000272631645202637e-01,3.901433944702148438e-01,5.361570119857788086e-01,1.797451210021972656e+01,inf,inf,1.220440724864602089e-03,7.400536537170410156e-01,4.568840377032756805e-03,6.647902727127075195e-01,inf,2.307872800000000000e+07,8.050144463777542114e-02,2.314973920583724976e-01,inf,1.350005800000000000e+07,6.753485202789306641e-01,7.488871216773986816e-01,7.191748023033142090e-01,8.620759844779968262e-01,3.417547200000000000e+07
7.240286469459533691e-01,inf,4.869304597377777100e-01,7.223547101020812988e-01,4.785937964916229248e-01,5.016000270843505859e-01,2.281145900487899780e-01,8.537193536758422852e-01,2.726087570190429688e-01,inf,3.071545028686523438e+01,3.678048551082611084e-01,inf,9.552446007728576660e-02,inf,4.299779415130615234e+00,7.730022668838500977e-01,3.869384229183197021e-01,7.790330648422241211e-01,inf,7.191128134727478027e-01,inf,5.827225446701049805e-01,2.862174034118652344e+00,1.425387859344482422e+01,2.460843771696090698e-01,inf,1.215034246444702148e+00,3.025043904781341553e-01,6.796292215585708618e-02,2.817759513854980469e-01,6.608531951904296875e+01,4.451819360256195068e-01,inf,5.361866354942321777e-01,5.282744765281677246e-01,2.318916469812393188e-01,1.388857215642929077e-01,5.362161397933959961e-01,2.206893200000000000e+07,6.847231388092041016e-01,8.024083822965621948e-02,inf,7.117896000000000000e+06,5.179299712181091309e-01,3.064216804504394531e+01,1.389673203229904175e-01,6.931443810462951660e-01,5.839411616325378418e-01
6.405267119407653809e-01,6.833742856979370117e-01,1.638007909059524536e-01,1.155796885490417480e+00,1.950264573097229004e-01,1.005424857139587402e-01,inf,5.086515545845031738e-01,1.489044129848480225e-01,8.487633466720581055e-01,3.931525349617004395e-01,8.587812632322311401e-02,6.540556550025939941e-01,3.064228296279907227e-01,7.514365315437316895e-01,3.477323293685913086e+00,6.236067414283752441e-01,1.088224574923515320e-01,4.835627675056457520e-01,inf,6.269695162773132324e-01,inf,6.475114226341247559e-01,3.371594429016113281e+00,inf,1.343953013420104980e+00,5.138640999794006348e-01,9.117213636636734009e-02,4.183489363640546799e-03,5.220762267708778381e-02,1.609116792678833008e-02,8.446094989776611328e-01,3.288225531578063965e-01,inf,inf,4.259511828422546387e-01,3.615476489067077637e-01,2.160041034221649170e-01,inf,5.269718766212463379e-01,1.089712679386138916e-01,2.192980796098709106e-01,inf,6.520767807960510254e-01,1.299282461404800415e-01,6.339759826660156250e-01,3.928421139717102051e-01,6.380864977836608887e-01,2.505486400000000000e+07
4.640423357486724854e-01,inf,5.304051041603088379e-01,2.583521842956542969e+00,4.876599311828613281e-01,1.939545124769210815e-01,4.862289428710937500e-01,5.064023137092590332e-01,2.362085878849029541e-01,inf,3.853058242797851562e+01,3.420398533344268799e-01,inf,6.208378076553344727e-01,inf,3.411715269088745117e+00,6.907213330268859863e-01,6.467037200927734375e-01,4.444195628166198730e-01,7.837250232696533203e-01,inf,7.924481630325317383e-01,7.371799945831298828e-01,3.974738359451293945e+00,7.337608814239501953e+00,1.544582009315490723e+00,1.133538842201232910e+00,2.240610122680664062e-01,1.856601238250732422e-01,4.228880256414413452e-02,2.297784574329853058e-02,inf,1.537434607744216919e-01,8.418255448341369629e-01,9.916386008262634277e-02,5.406001210212707520e-01,inf,2.563597857952117920e-01,inf,2.309398400000000000e+07,1.892827451229095459e-01,7.214223742485046387e-01,5.128835439682006836e-01,1.281863500000000000e+07,3.608448505401611328e-01,7.153569030761718750e+01,4.531932175159454346e-01,7.576193809509277344e-01,3.460512400000000000e+07
5.863975286483764648e-01,inf,3.529732525348663330e-01,6.979842185974121094e-01,1.094564557075500488e+00,4.874684810638427734e-01,3.163332045078277588e-01,8.454120159149169922e-01,2.477192878723144531e-01,inf,2.235062606632709503e-02,1.457215100526809692e-01,6.219139695167541504e-01,inf,8.969159126281738281e+00,4.013041257858276367e-01,5.803448557853698730e-01,2.803641855716705322e-01,2.586086094379425049e-01,inf,inf,inf,5.744140744209289551e-01,5.447657704353332520e-01,5.709442496299743652e-01,3.948745489120483398e+00,5.916611552238464355e-01,inf,2.345963865518569946e-01,1.790483295917510986e-01,1.004747115075588226e-02,1.348227691650390625e+01,2.050988525152206421e-01,inf,inf,1.084371060132980347e-01,4.236276149749755859e-01,2.480513304471969604e-01,inf,2.324496800000000000e+07,1.175679117441177368e-01,3.986118733882904053e-01,inf,1.034864500000000000e+07,1.326484084129333496e-01,6.418517231941223145e-01,3.887545764446258545e-01,7.156300544738769531e-01,3.502449600000000000e+07
inf,inf,4.960766434669494629e-01,inf,6.091836094856262207e-01,inf,inf,1.370080100000000000e+07,inf,inf,inf,inf,inf,inf,inf,2.282357692718505859e+00,inf,3.877320587635040283e-01,inf,inf,inf,inf,inf,inf,inf,inf,inf,inf,1.099875345826148987e-01,inf,1.685301065444946289e+00,inf,inf,inf,inf,inf,inf,inf,inf,1.569900900000000000e+07,inf,7.864853143692016602e-01,inf,1.184287500000000000e+07,7.117809000000000000e+06,inf,inf,inf,3.411398800000000000e+07
inf,inf,1.692494750022888184e-01,inf,inf,5.919016599655151367e-01,inf,2.240252800000000000e+07,inf,inf,inf,inf,inf,inf,inf,2.498719787597656250e+01,inf,9.299785000000000000e+06,inf,inf,inf,inf,inf,inf,inf,inf,inf,inf,1.129295006394386292e-01,inf,1.836426496505737305e+00,inf,inf,inf,inf,inf,inf,inf,inf,1.231071300000000000e+07,inf,9.250779747962951660e-01,inf,9.859523000000000000e+06,7.511451000000000000e+06,inf,inf,inf,3.461196000000000000e+07
7.497242093086242676e-01,inf,1.773667573928833008e+00,1.312582567334175110e-02,7.381346821784973145e-01,1.981876790523529053e-01,4.686630964279174805e-01,1.558749794960021973e+00,6.990402340888977051e-01,inf,2.795769870281219482e-01,7.806199789047241211e-01,4.762939214706420898e-01,3.802981972694396973e-01,2.520750808715820312e+01,8.530707359313964844e-01,7.832531929016113281e-01,9.626760000000000000e+06,2.285403758287429810e-01,inf,inf,inf,7.993853688240051270e-01,5.171245932579040527e-01,9.576153755187988281e+00,inf,inf,inf,8.209592103958129883e-01,5.908129811286926270e-01,5.382604002952575684e-01,inf,inf,inf,1.573594957590103149e-01,7.346644401550292969e-01,1.655129343271255493e-02,6.032408475875854492e-01,inf,2.319575200000000000e+07,2.779029607772827148e-01,2.092118412256240845e-01,inf,1.284797300000000000e+07,7.041531801223754883e-01,7.057458162307739258e-01,7.408974766731262207e-01,8.796093463897705078e-01,3.410566400000000000e+07
7.471231222152709961e-01,inf,5.158374309539794922e-01,7.133212089538574219e-01,8.676958084106445312e-02,4.081759750843048096e-01,6.994533538818359375e-01,7.052012000000000000e+06,3.237178027629852295e-01,inf,3.395305252075195312e+01,4.841840863227844238e-01,inf,9.058239310979843140e-02,inf,3.515388488769531250e+00,6.393042206764221191e-01,3.339276611804962158e-01,7.337855696678161621e-01,inf,7.832590341567993164e-01,inf,4.776452779769897461e-01,2.739659786224365234e+00,1.574348831176757812e+01,5.169767141342163086e-01,inf,7.777819037437438965e-01,1.090763956308364868e-01,6.747310608625411987e-02,4.237576723098754883e-01,1.412306308746337891e+01,4.544926434755325317e-02,inf,4.065450280904769897e-02,3.880471587181091309e-01,3.525101542472839355e-01,2.105168849229812622e-01,6.865682005882263184e-01,2.103435600000000000e+07,6.593741774559020996e-01,2.401372045278549194e-02,inf,7.170531000000000000e+06,4.617899060249328613e-01,2.194153213500976562e+01,2.106744199991226196e-01,7.184628248214721680e-01,6.059493422508239746e-01
6.447286009788513184e-01,6.280574798583984375e-01,2.449800521135330200e-01,1.334719181060791016e+00,7.859640121459960938e-01,3.868304193019866943e-01,2.042286694049835205e-01,6.757636666297912598e-01,2.318148165941238403e-01,7.499481439590454102e-01,1.761858016252517700e-01,1.034157127141952515e-01,7.071916460990905762e-01,3.507200479507446289e-01,5.477820038795471191e-01,5.612375259399414062e+00,5.339706540107727051e-01,1.099304184317588806e-01,2.057064697146415710e-02,inf,6.352609395980834961e-01,inf,6.229029893875122070e-01,5.000142574310302734e+00,3.116909980773925781e+01,1.509932398796081543e+00,9.472362995147705078e-01,1.848313361406326294e-01,2.523895204067230225e-01,4.371073469519615173e-02,3.029128313064575195e-01,8.282247781753540039e-01,2.942827939987182617e-01,inf,inf,3.070108890533447266e-01,4.649480283260345459e-01,6.132447347044944763e-02,inf,5.228566527366638184e-01,8.146445453166961670e-02,3.942432999610900879e-01,inf,4.859599769115447998e-01,2.831252515316009521e-01,5.206303596496582031e-01,2.820046246051788330e-01,6.804528236389160156e-01,2.563861600000000000e+07
5.846139788627624512e-01,inf,4.683384597301483154e-01,1.711833715438842773e+00,9.204849004745483398e-01,1.131389290094375610e-01,9.821031093597412109e-01,1.224148049950599670e-01,4.174779355525970459e-01,inf,2.331039047241210938e+01,3.408007323741912842e-01,inf,5.431303977966308594e-01,inf,7.063344478607177734e+00,6.482666134834289551e-01,3.567074537277221680e-01,8.183093369007110596e-02,7.176389694213867188e-01,inf,7.878169417381286621e-01,6.249638795852661133e-01,5.088953018188476562e+00,1.528664207458496094e+01,1.729009270668029785e+00,1.978111624717712402e+00,3.626639395952224731e-02,2.566537857055664062e-01,3.330550789833068848e-01,4.391337335109710693e-01,2.701161956787109375e+01,8.048927187919616699e-01,8.429574370384216309e-01,3.041337430477142334e-01,5.197043418884277344e-01,inf,8.979929238557815552e-02,inf,2.313338400000000000e+07,4.057918861508369446e-02,1.959199905395507812e-01,6.494809985160827637e-01,8.829506000000000000e+06,9.211397916078567505e-02,1.894488220214843750e+02,4.779376089572906494e-01,7.702672481536865234e-01,3.451863200000000000e+07
4.670417606830596924e-01,inf,2.967057824134826660e-01,6.252523064613342285e-01,8.455064296722412109e-01,2.611887753009796143e-01,1.047664806246757507e-01,3.603148460388183594e-01,1.914833039045333862e-01,inf,2.924607396125793457e-01,2.828241288661956787e-01,4.237177371978759766e-01,inf,2.272569084167480469e+01,4.694255590438842773e-01,4.746557176113128662e-01,1.046293303370475769e-01,9.420892596244812012e-02,inf,inf,inf,4.715162217617034912e-01,5.283947587013244629e-01,5.744372606277465820e-01,2.083549976348876953e+00,inf,9.787323325872421265e-02,1.842429786920547485e-01,3.396572768688201904e-01,2.613606929779052734e+00,2.386172294616699219e+01,3.622742593288421631e-01,inf,inf,3.660130500793457031e-01,7.183712124824523926e-01,6.388053297996520996e-02,inf,2.302692000000000000e+07,1.927025616168975830e-01,1.480874717235565186e-01,inf,7.576917500000000000e+06,2.660612948238849640e-02,5.046635866165161133e-01,1.572653651237487793e-01,7.082163691520690918e-01,3.498440800000000000e+07
inf,inf,1.884563118219375610e-01,inf,inf,inf,inf,2.389586400000000000e+07,inf,inf,inf,inf,inf,inf,inf,4.939703941345214844e+00,inf,7.821847200393676758e-01,inf,inf,inf,inf,inf,inf,inf,inf,inf,inf,1.096333377063274384e-02,inf,2.650918006896972656e+00,inf,inf,inf,inf,inf,inf,inf,inf,2.215413600000000000e+07,inf,inf,inf,7.512928000000000000e+06,8.312225000000000000e+06,inf,inf,inf,2.791379600000000000e+07
inf,inf,8.876144886016845703e-01,inf,5.788727283477783203e+00,3.260104060173034668e-01,inf,9.341962000000000000e+06,inf,inf,inf,inf,inf,inf,inf,1.543593692779541016e+01,inf,9.670061000000000000e+06,inf,inf,inf,inf,inf,inf,inf,inf,inf,inf,4.539191126823425293e-01,inf,3.270626544952392578e+00,inf,inf,inf,inf,inf,inf,inf,inf,1.642465300000000000e+07,inf,inf,inf,7.507743000000000000e+06,9.285473000000000000e+06,inf,inf,inf,3.461150400000000000e+07
inf,inf,5.510644316673278809e-01,6.344641447067260742e-01,1.101750954985618591e-01,7.095950841903686523e-01,4.496953785419464111e-01,2.689371705055236816e-01,6.246978044509887695e-01,inf,3.112154304981231689e-01,5.976074337959289551e-01,3.009971678256988525e-01,7.178170979022979736e-02,2.915859413146972656e+01,8.284618258476257324e-01,7.216791510581970215e-01,1.087696900000000000e+07,4.989093542098999023e-01,inf,inf,inf,7.417900562286376953e-01,1.461188912391662598e+00,1.697138023376464844e+01,inf,inf,6.441028118133544922e-01,1.046516418457031250e+00,5.931253433227539062e-01,4.017672836780548096e-01,2.261450576782226562e+01,inf,inf,4.907594919204711914e-01,1.563807278871536255e-01,2.142011821269989014e-01,5.533933639526367188e-01,inf,2.279926000000000000e+07,2.420319616794586182e-01,7.322014570236206055e-01,inf,7.568951500000000000e+06,6.954169273376464844e-01,8.073111176490783691e-01,7.124885916709899902e-01,8.652737140655517578e-01,3.373895200000000000e+07
inf,inf,4.763459563255310059e-01,6.788083910942077637e-01,3.422172158025205135e-04,4.588037133216857910e-01,1.211119532585144043e+00,8.064363000000000000e+06,inf,inf,2.462547111511230469e+01,5.229470729827880859e-01,inf,inf,inf,6.915874004364013672e+00,5.540114045143127441e-01,3.685892224311828613e-01,7.136361598968505859e-01,inf,7.809112071990966797e-01,inf,5.694908499717712402e-01,5.865603923797607422e+00,1.793124008178710938e+01,inf,inf,6.548178791999816895e-01,6.523998826742172241e-02,4.482826292514801025e-01,1.119038224220275879e+00,4.546440124511718750e+01,inf,inf,inf,1.796801537275314331e-01,inf,2.029873728752136230e-01,inf,2.134616000000000000e+07,inf,4.679133594036102295e-01,inf,6.956509000000000000e+06,5.248271822929382324e-01,inf,5.862876772880554199e-02,6.911373734474182129e-01,5.949339866638183594e-01
inf,6.015487909317016602e-01,2.819035351276397705e-01,1.245331048965454102e+00,9.995543360710144043e-01,2.750247418880462646e-01,5.046007633209228516e-01,6.678164601325988770e-01,5.745986700057983398e-01,8.425421118736267090e-01,4.810042306780815125e-02,4.317709505558013916e-01,4.521331191062927246e-01,7.722088694572448730e-01,7.284254431724548340e-01,8.685817718505859375e+00,4.592200219631195068e-01,1.421042531728744507e-01,4.352420195937156677e-02,inf,6.398836374282836914e-01,inf,5.779269933700561523e-01,8.684286117553710938e+00,1.541615104675292969e+01,3.685829639434814453e-01,2.996578514575958252e-01,4.613977670669555664e-02,2.535168230533599854e-01,2.609058916568756104e-01,1.944998979568481445e+00,8.532879352569580078e-01,3.388915956020355225e-01,inf,5.330174565315246582e-01,4.401063621044158936e-01,6.907648444175720215e-01,7.162415981292724609e-02,inf,5.471591353416442871e-01,6.873722672462463379e-01,2.444608211517333984e-01,inf,7.600609064102172852e-01,3.297468423843383789e-01,5.838678479194641113e-01,1.614679843187332153e-01,7.000809907913208008e-01,2.593476000000000000e+07
9.328454732894897461e-01,inf,5.147695541381835938e-01,2.223535537719726562e+00,2.180280387401580811e-01,8.492567390203475952e-02,3.509593009948730469e-01,4.137662947177886963e-01,2.359755486249923706e-01,inf,3.523191833496093750e+01,2.343201786279678345e-01,inf,7.250216603279113770e-01,inf,1.233463859558105469e+01,5.263805389404296875e-01,1.632025688886642456e-01,2.299490422010421753e-01,6.958419680595397949e-01,inf,8.148692846298217773e-01,6.049791574478149414e-01,4.217238426208496094e+00,3.100568771362304688e+01,5.245347619056701660e-01,1.280594110488891602e+00,3.700101077556610107e-01,2.733581885695457458e-02,2.142104059457778931e-01,1.370486021041870117e-01,2.242026138305664062e+01,1.242597326636314392e-01,8.275814652442932129e-01,6.241191625595092773e-01,1.413970589637756348e-01,inf,3.022312223911285400e-01,6.712922453880310059e-01,9.267716000000000000e+06,2.735417187213897705e-01,2.939332723617553711e-01,6.643775701522827148e-01,8.191834000000000000e+06,2.754233479499816895e-01,inf,2.784011363983154297e-01,6.985925436019897461e-01,3.455579200000000000e+07
inf,inf,3.670311868190765381e-01,5.968888401985168457e-01,6.302199959754943848e-01,1.946752220392227173e-01,3.965999782085418701e-01,1.028034329414367676e+00,1.561748683452606201e-01,inf,2.621213197708129883e-01,3.838921785354614258e-01,4.758309721946716309e-01,inf,8.382057189941406250e+00,8.438981175422668457e-01,3.293422460556030273e-01,6.245471835136413574e-01,1.985729113221168518e-02,inf,inf,inf,3.172196149826049805e-01,4.623116850852966309e-01,5.478767752647399902e-01,1.109863519668579102e+00,3.306555509567260742e+00,9.705947339534759521e-02,2.156864851713180542e-01,2.741849124431610107e-01,5.330745577812194824e-01,inf,2.966470420360565186e-01,inf,inf,1.686812192201614380e-01,3.897162079811096191e-01,1.789260953664779663e-01,inf,2.308768000000000000e+07,1.469129323959350586e-01,3.230075240135192871e-01,inf,9.162573000000000000e+06,1.060187891125679016e-01,5.481448173522949219e-01,2.066653370857238770e-01,7.023474574089050293e-01,3.498404000000000000e+07
inf,inf,8.602940291166305542e-02,inf,inf,inf,inf,2.009726000000000000e+07,inf,inf,inf,inf,inf,inf,inf,4.293763637542724609e+00,inf,8.240112066268920898e-01,inf,inf,inf,inf,inf,inf,inf,inf,inf,inf,9.941150993108749390e-02,inf,3.874712228775024414e+00,inf,inf,inf,inf,inf,inf,inf,inf,9.359803000000000000e+06,inf,inf,inf,1.148408500000000000e+07,7.862324000000000000e+06,inf,inf,inf,2.851336400000000000e+07
inf,inf,5.697257518768310547e-01,inf,5.708926200866699219e+00,inf,inf,1.124848300000000000e+07,inf,inf,inf,inf,inf,inf,inf,1.500796031951904297e+01,inf,1.126159300000000000e+07,inf,inf,inf,inf,inf,inf,inf,inf,inf,inf,2.758954465389251709e-01,inf,3.948784828186035156e+00,inf,inf,inf,inf,inf,inf,inf,inf,1.219130000000000000e+07,inf,inf,inf,7.836774000000000000e+06,7.584730000000000000e+06,inf,inf,inf,3.470480800000000000e+07
inf,inf,5.488222837448120117e-01,1.789634823799133301e+00,2.348591685295104980e-01,6.969361901283264160e-01,4.162182807922363281e-01,1.421784500000000000e+07,6.566937565803527832e-01,6.072017669677734375e+01,4.537595510482788086e-01,7.558381557464599609e-01,4.035754799842834473e-01,6.185667514801025391e-01,5.203341484069824219e+00,8.404133915901184082e-01,6.941958069801330566e-01,9.785050000000000000e+06,8.403919935226440430e-01,inf,inf,inf,7.331613898277282715e-01,3.499335765838623047e+00,1.563904571533203125e+01,inf,5.706561207771301270e-01,4.133676588535308838e-01,1.507271170616149902e+00,5.977477431297302246e-01,1.976509951055049896e-02,inf,inf,inf,7.273193597793579102e-01,6.292999982833862305e-01,9.905279427766799927e-02,inf,inf,1.077536000000000000e+07,2.003918290138244629e-01,6.632949113845825195e-01,inf,1.566604100000000000e+07,7.625737190246582031e-01,1.300737261772155762e-01,6.993109583854675293e-01,8.629244565963745117e-01,3.379938000000000000e+07
inf,inf,3.962643444538116455e-01,5.989439487457275391e-01,9.230012893676757812e-01,5.758424997329711914e-01,9.959629178047180176e-01,6.906539797782897949e-01,1.279811412096023560e-01,inf,4.282595443725585938e+01,5.142882466316223145e-01,inf,3.657152354717254639e-01,inf,5.028643608093261719e+00,6.858047842979431152e-01,3.802647590637207031e-01,6.601576805114746094e-01,inf,6.658277511596679688e-01,inf,2.535114586353302002e-01,1.186137390136718750e+01,1.791656303405761719e+01,2.211448401212692261e-01,inf,1.265523433685302734e+00,1.011527329683303833e-01,3.495319783687591553e-01,1.530093193054199219e+00,3.727750396728515625e+01,6.332378089427947998e-02,inf,6.160479784011840820e-01,4.835326671600341797e-01,1.667744964361190796e-01,inf,5.921902060508728027e-01,1.639836100000000000e+07,5.730490088462829590e-01,3.431384265422821045e-02,inf,7.706322000000000000e+06,5.122728347778320312e-01,3.870009994506835938e+01,1.373630315065383911e-01,6.531469821929931641e-01,5.374342203140258789e-01
inf,5.364258289337158203e-01,2.231428772211074829e-01,1.756984353065490723e+00,3.165296912193298340e-01,3.691632747650146484e-01,7.875533103942871094e-01,7.127537578344345093e-02,1.570440828800201416e-01,8.225323557853698730e-01,1.612297892570495605e-01,3.590672314167022705e-01,5.961053967475891113e-01,2.938848733901977539e-01,8.183888792991638184e-01,inf,3.591578602790832520e-01,6.048239767551422119e-02,1.129210442304611206e-01,inf,6.595330834388732910e-01,inf,6.278008222579956055e-01,1.531198883056640625e+01,3.841560363769531250e+01,2.867709696292877197e-01,2.425142824649810791e-01,1.495518684387207031e-01,1.278315782546997070e-01,3.027818500995635986e-01,3.893131017684936523e-01,8.502998352050781250e-01,3.488429486751556396e-01,inf,inf,3.107954263687133789e-01,3.326381444931030273e-01,inf,inf,7.248933911323547363e-01,1.026611849665641785e-01,2.572459876537322998e-01,inf,5.829302668571472168e-01,4.775972962379455566e-01,7.545781731605529785e-01,2.015096694231033325e-01,5.122169852256774902e-01,2.276604400000000000e+07
8.576532602310180664e-01,inf,3.230044245719909668e-01,2.252490043640136719e+00,8.132439851760864258e-01,3.037298917770385742e-01,3.441533148288726807e-01,1.711338609457015991e-01,1.813305020332336426e-01,inf,4.457146835327148438e+01,6.229695677757263184e-01,inf,7.618670463562011719e-01,inf,2.931641578674316406e+00,5.606705546379089355e-01,2.747260630130767822e-01,2.735798358917236328e-01,7.044564485549926758e-01,inf,7.926804423332214355e-01,5.262299776077270508e-01,1.272370529174804688e+01,4.220003128051757812e+01,7.921783447265625000e+00,2.400050878524780273e+00,1.188201233744621277e-01,8.635608851909637451e-02,2.359249293804168701e-01,7.161889672279357910e-01,inf,5.674113035202026367e-01,8.295878767967224121e-01,7.746405005455017090e-01,3.515346944332122803e-01,inf,6.980726122856140137e-01,inf,1.186520900000000000e+07,3.058423101902008057e-01,3.102715015411376953e-01,5.185199975967407227e-01,9.627243000000000000e+06,4.498846232891082764e-01,inf,3.610002100467681885e-01,7.156067490577697754e-01,3.447001600000000000e+07
inf,inf,3.779125511646270752e-01,5.853968858718872070e-01,5.962120890617370605e-01,3.676400780677795410e-01,4.786223918199539185e-02,4.701759219169616699e-01,4.171641916036605835e-02,inf,6.271974444389343262e-01,3.898776471614837646e-01,3.977912068367004395e-01,inf,5.001607894897460938e+00,7.464927196502685547e+00,3.941622674465179443e-01,1.880459785461425781e-01,3.065271079540252686e-01,inf,inf,inf,4.468461275100708008e-01,5.621368885040283203e-01,4.958775937557220459e-01,3.450935333967208862e-02,1.988983869552612305e+00,1.293951272964477539e-01,4.232117161154747009e-02,1.313785463571548462e-01,5.526579022407531738e-01,inf,3.684229552745819092e-01,inf,inf,4.431431740522384644e-02,1.404879093170166016e-01,inf,inf,1.193047800000000000e+07,2.679337561130523682e-01,4.200603365898132324e-01,inf,7.816368000000000000e+06,3.327201902866363525e-01,7.324484586715698242e-01,2.810271084308624268e-01,6.433639526367187500e-01,3.492771200000000000e+07
inf,inf,5.351871997117996216e-02,inf,inf,inf,inf,1.198164700000000000e+07,inf,inf,inf,inf,inf,inf,inf,5.068460941314697266e+00,inf,5.951644778251647949e-01,inf,inf,inf,inf,inf,inf,inf,inf,inf,inf,1.383877500000000000e+07,inf,2.943884372711181641e+00,inf,inf,inf,inf,inf,inf,inf,inf,1.432875300000000000e+07,inf,inf,inf,8.459803000000000000e+06,6.384928000000000000e+06,inf,inf,inf,2.463414400000000000e+07
inf,inf,1.114117741584777832e+00,inf,6.389233589172363281e+00,inf,inf,1.289953800000000000e+07,inf,inf,inf,inf,inf,inf,inf,2.818782806396484375e+01,inf,9.539938000000000000e+06,inf,inf,inf,inf,inf,inf,inf,inf,inf,inf,4.494178891181945801e-01,inf,3.391920089721679688e+00,inf,inf,inf,inf,inf,inf,inf,inf,1.157489400000000000e+07,inf,1.638055038452148438e+01,inf,7.571756500000000000e+06,5.995577000000000000e+06,inf,inf,inf,3.436091200000000000e+07
inf,inf,8.885632753372192383e-01,6.161752343177795410e-01,2.242144048213958740e-01,6.283692121505737305e-01,5.053392648696899414e-01,9.565757000000000000e+06,5.623656511306762695e-01,7.071658325195312500e+01,7.762237191200256348e-01,7.586174011230468750e-01,2.801721096038818359e-01,5.099616050720214844e-01,3.546510219573974609e+00,8.478714227676391602e-01,7.397755980491638184e-01,8.661900000000000000e+06,1.411254853010177612e-01,inf,inf,inf,6.963596940040588379e-01,4.197003364562988281e+00,1.739236831665039062e+01,inf,1.030202269554138184e+00,5.719232559204101562e-01,1.452606558799743652e+00,5.175276994705200195e-01,2.363052405416965485e-02,2.118502998352050781e+01,inf,inf,3.877041339874267578e-01,6.705554723739624023e-01,4.245686158537864685e-02,inf,inf,2.013218800000000000e+07,1.132851541042327881e-01,6.417782902717590332e-01,inf,7.365954500000000000e+06,7.416664361953735352e-01,7.644963264465332031e-01,6.927043199539184570e-01,8.529573678970336914e-01,3.337760000000000000e+07
inf,inf,3.923144638538360596e-01,5.850063562393188477e-01,2.277508229017257690e-01,2.222926765680313110e-01,1.831927537918090820e+00,5.188309550285339355e-01,8.865881711244583130e-03,inf,6.127587127685546875e+01,5.090828537940979004e-01,inf,1.079871803522109985e-01,7.332984161376953125e+01,7.272147655487060547e+00,5.977928638458251953e-01,4.138230085372924805e-01,6.523342728614807129e-01,inf,8.313116431236267090e-01,inf,4.842503368854522705e-01,3.216386139392852783e-01,2.622841644287109375e+01,inf,8.696314692497253418e-01,6.812542676925659180e-01,4.159152880311012268e-02,3.260697722434997559e-01,2.912806749343872070e+00,7.241515350341796875e+01,3.171529620885848999e-02,inf,inf,4.315009117126464844e-01,3.136103153228759766e-01,inf,5.037705302238464355e-01,1.273636100000000000e+07,6.366088390350341797e-01,7.566537708044052124e-02,inf,6.715560000000000000e+06,5.023646354675292969e-01,inf,3.452486917376518250e-02,6.245483756065368652e-01,4.910109341144561768e-01
inf,5.279421806335449219e-01,7.390455808490514755e-03,1.576364398002624512e+00,1.407272815704345703e+00,3.314872086048126221e-01,1.268961310386657715e+00,5.899929627776145935e-02,1.291410177946090698e-01,8.466883301734924316e-01,3.318507969379425049e-01,5.002004653215408325e-02,3.805984556674957275e-01,2.314756661653518677e-01,7.781624197959899902e-01,1.126884269714355469e+01,4.859239161014556885e-01,3.738403320312500000e-04,7.067576050758361816e-02,inf,6.647462248802185059e-01,inf,4.605688750743865967e-01,4.628641605377197266e+00,4.032215499877929688e+01,5.001206398010253906e-01,1.130503863096237183e-01,4.882426857948303223e-01,2.266337275505065918e-01,3.744862675666809082e-01,1.629148572683334351e-01,8.269303441047668457e-01,3.243440091609954834e-01,inf,inf,3.854407370090484619e-01,4.635611772537231445e-01,inf,inf,5.412107110023498535e-01,2.350464016199111938e-01,1.252504885196685791e-01,inf,7.556451559066772461e-01,4.344397783279418945e-01,6.404845714569091797e-01,2.621718645095825195e-01,4.345046281814575195e-01,2.409791600000000000e+07
8.630256652832031250e-01,inf,3.898835182189941406e-01,3.010546922683715820e+00,1.305274605751037598e+00,2.107844352722167969e-01,5.275324583053588867e-01,2.047711014747619629e-01,1.904848963022232056e-01,inf,5.813356781005859375e+01,6.072034239768981934e-01,inf,2.122644662857055664e+00,1.861971855163574219e+01,1.078112411499023438e+01,5.578936934471130371e-01,4.698048159480094910e-02,2.675431668758392334e-01,6.952621936798095703e-01,inf,7.978869080543518066e-01,5.422568321228027344e-01,7.297299861907958984e+00,4.939120101928710938e+01,inf,1.844814658164978027e+00,4.939270019531250000e-02,1.082499548792839050e-01,2.552778460085391998e-02,5.383138656616210938e-01,inf,1.171598911285400391e+00,8.153660297393798828e-01,8.502430915832519531e-01,3.225635588169097900e-01,inf,7.673004269599914551e-01,inf,9.849150000000000000e+06,1.878150701522827148e-01,2.201676368713378906e-01,4.250233769416809082e-01,7.147746000000000000e+06,4.785010516643524170e-01,4.226436233520507812e+01,3.230184614658355713e-01,5.762360095977783203e-01,3.435820400000000000e+07
inf,inf,2.228646874427795410e-01,5.341985821723937988e-01,8.903992176055908203e-01,5.685294270515441895e-01,1.108603365719318390e-02,4.335074722766876221e-01,8.412886410951614380e-02,inf,9.308202266693115234e-01,5.316861867904663086e-01,5.262355804443359375e-01,inf,inf,1.831648468971252441e+00,4.624749422073364258e-01,9.335594624280929565e-02,5.247919633984565735e-02,inf,inf,inf,4.514629542827606201e-01,4.322842359542846680e-01,4.934838116168975830e-01,1.441912949085235596e-01,2.167415142059326172e+00,1.358476579189300537e-01,5.349696427583694458e-02,5.293980613350868225e-02,7.767621278762817383e-01,inf,3.639656305313110352e-02,inf,inf,8.570397645235061646e-02,inf,inf,inf,2.303918000000000000e+07,6.986276805400848389e-02,1.307980716228485107e-01,inf,7.217792000000000000e+06,2.119315564632415771e-01,7.388192415237426758e-01,2.231104373931884766e-01,6.421049237251281738e-01,3.486258400000000000e+07
inf,inf,6.587559729814529419e-02,inf,inf,inf,inf,1.819397200000000000e+07,inf,inf,inf,inf,inf,inf,inf,inf,inf,4.604741930961608887e-01,inf,inf,inf,inf,inf,inf,inf,inf,inf,inf,1.820399910211563110e-01,inf,2.023802757263183594e+00,inf,inf,inf,inf,inf,inf,inf,inf,1.007468600000000000e+07,inf,inf,inf,7.449544500000000000e+06,5.825818500000000000e+06,inf,inf,inf,2.514558800000000000e+07
inf,inf,inf,inf,inf,4.511523246765136719e-01,inf,6.896691000000000000e+06,inf,inf,inf,inf,inf,inf,inf,4.823507785797119141e+00,inf,8.554493000000000000e+06,inf,inf,inf,inf,inf,inf,inf,inf,inf,inf,4.139604866504669189e-01,inf,2.361139297485351562e+00,inf,inf,inf,inf,inf,inf,inf,inf,9.373561000000000000e+06,inf,inf,inf,6.946261000000000000e+06,5.826438000000000000e+06,inf,inf,inf,3.431531200000000000e+07
6.912156939506530762e-01,inf,1.884503364562988281e-01,5.079604983329772949e-01,4.545670151710510254e-01,8.035283088684082031e-01,3.448505103588104248e-01,1.477632700000000000e+07,5.411718487739562988e-01,3.898217391967773438e+01,9.892528057098388672e-01,3.601530492305755615e-01,2.308178544044494629e-01,3.810638487339019775e-01,5.557516098022460938e+00,8.041304349899291992e-01,7.208896279335021973e-01,8.487208000000000000e+06,3.501856029033660889e-01,inf,inf,inf,inf,3.116437673568725586e+00,2.056938743591308594e+01,inf,7.878621816635131836e-01,6.092635989189147949e-01,3.391238451004028320e+00,4.522271454334259033e-01,3.540561795234680176e-01,inf,inf,inf,4.614380002021789551e-01,6.403253078460693359e-01,4.835086166858673096e-01,inf,inf,1.124635300000000000e+07,inf,6.087461113929748535e-01,inf,7.024767000000000000e+06,7.570397853851318359e-01,5.916579365730285645e-01,6.907793879508972168e-01,8.647330999374389648e-01,3.308684400000000000e+07
4.657028019428253174e-01,inf,3.377277553081512451e-01,6.319292783737182617e-01,2.083129405975341797e+00,1.228208467364311218e-01,inf,8.265890479087829590e-01,2.007247135043144226e-02,inf,6.298555374145507812e+01,9.793000221252441406e-01,inf,1.190211698412895203e-01,5.090018844604492188e+01,5.987701892852783203e+00,7.014532089233398438e-01,4.678241610527038574e-01,7.552850246429443359e-01,inf,7.596663832664489746e-01,inf,8.031557798385620117e-01,3.345206737518310547e+00,2.302580451965332031e+01,4.725073873996734619e-01,3.399367928504943848e-01,1.326142430305480957e+00,8.868147432804107666e-02,4.715399742126464844e-01,7.487979531288146973e-01,inf,7.537825405597686768e-02,inf,9.461920708417892456e-02,3.679839968681335449e-01,inf,inf,3.686142265796661377e-01,1.345975800000000000e+07,inf,1.727716326713562012e-01,inf,6.903360000000000000e+06,5.102457404136657715e-01,5.573793029785156250e+01,1.350338459014892578e-01,6.052511334419250488e-01,2.800116539001464844e-01
4.622679352760314941e-01,5.422414541244506836e-01,2.815893292427062988e-01,1.271235823631286621e+00,5.364760160446166992e-01,5.656203627586364746e-01,4.669463038444519043e-01,1.622892729938030243e-02,7.156924158334732056e-02,8.343148827552795410e-01,4.547610878944396973e-01,7.424045801162719727e-01,5.517275929450988770e-01,2.060444355010986328e-01,7.648622989654541016e-01,6.583566188812255859e+00,6.775519251823425293e-01,7.337451726198196411e-02,7.047150284051895142e-02,inf,6.770939230918884277e-01,inf,inf,8.495698928833007812e+00,4.950028228759765625e+01,5.662517547607421875e-01,1.919438987970352173e-01,1.890791230835020542e-03,2.245012074708938599e-01,2.647959887981414795e-01,6.990834474563598633e-01,8.132988214492797852e-01,2.882273495197296143e-01,inf,inf,3.010262846946716309e-01,8.234165906906127930e-01,inf,inf,6.536898612976074219e-01,8.974206447601318359e-01,6.038193777203559875e-02,inf,8.002216219902038574e-01,5.279174447059631348e-01,5.863000154495239258e-01,2.922008633613586426e-01,3.058351874351501465e-01,2.846725600000000000e+07
3.364304006099700928e-01,inf,2.770673632621765137e-01,2.476017713546752930e+00,2.203042030334472656e+00,4.359669387340545654e-01,1.046539068222045898e+00,6.408256292343139648e-01,1.692338474094867706e-02,inf,3.061084365844726562e+01,3.465388119220733643e-01,inf,1.028938412666320801e+00,inf,8.505836486816406250e+00,7.162803411483764648e-01,4.903298616409301758e-02,2.537087500095367432e-01,6.989557743072509766e-01,inf,7.861346602439880371e-01,inf,5.868307113647460938e+00,inf,1.381476759910583496e+00,1.075629949569702148e+00,1.406038552522659302e-01,7.027032971382141113e-02,1.587089598178863525e-01,4.324426352977752686e-01,inf,inf,8.187214732170104980e-01,3.311139941215515137e-01,1.936567127704620361e-01,inf,6.811122894287109375e-01,inf,1.111684300000000000e+07,6.153296306729316711e-02,1.366401314735412598e-01,4.510096311569213867e-01,7.567715000000000000e+06,4.462306499481201172e-01,4.681689739227294922e+00,4.137804210186004639e-01,6.325817704200744629e-01,3.376270400000000000e+07
inf,inf,3.811917901039123535e-01,5.145510435104370117e-01,3.601706027984619141e-01,2.426591813564300537e-01,9.932582378387451172e-01,3.727824985980987549e-01,8.259121328592300415e-02,inf,6.242659687995910645e-01,1.315910965204238892e-01,4.449445009231567383e-01,inf,inf,6.285749673843383789e-01,4.726658463478088379e-01,9.380861371755599976e-02,5.438683182001113892e-02,inf,inf,inf,inf,4.312673807144165039e-01,4.696356356143951416e-01,1.921705126762390137e+00,1.852766394615173340e+00,7.391564846038818359e-01,1.289605945348739624e-01,6.572590023279190063e-02,9.065982103347778320e-01,inf,3.176101744174957275e-01,inf,inf,4.562781006097793579e-02,inf,inf,inf,2.323328800000000000e+07,9.809468686580657959e-02,1.923308670520782471e-01,inf,7.037117000000000000e+06,3.681065738201141357e-01,5.919777750968933105e-01,4.084125459194183350e-01,5.993726253509521484e-01,3.463605600000000000e+07
inf,inf,1.428794413805007935e-01,inf,inf,inf,inf,1.312587600000000000e+07,inf,inf,inf,inf,inf,inf,inf,inf,inf,5.204625055193901062e-02,4.269641876220703125e+00,inf,inf,inf,inf,inf,inf,inf,inf,inf,2.166256681084632874e-02,inf,2.439319133758544922e+00,inf,inf,inf,inf,inf,inf,inf,inf,1.886400800000000000e+07,inf,inf,inf,7.490707500000000000e+06,5.882765500000000000e+06,inf,inf,inf,2.576915600000000000e+07
inf,inf,1.203588962554931641e+00,inf,inf,2.579671740531921387e-01,inf,3.428596000000000000e+06,inf,inf,inf,inf,inf,inf,inf,9.199043273925781250e+00,inf,9.088713000000000000e+06,inf,inf,inf,inf,inf,1.636820793151855469e+01,inf,inf,inf,inf,3.766521215438842773e-01,inf,2.197877645492553711e+00,inf,inf,inf,inf,inf,inf,inf,inf,9.385326000000000000e+06,inf,8.582832336425781250e+00,inf,6.992719000000000000e+06,5.871723500000000000e+06,inf,inf,inf,3.168741200000000000e+07
inf,inf,9.479187726974487305e-01,3.979420363903045654e-01,2.327217906713485718e-01,2.754109621047973633e+00,3.707773983478546143e-01,1.107007300000000000e+07,5.297170877456665039e-01,inf,9.294044971466064453e-01,7.773342132568359375e-01,5.307620763778686523e-01,3.779129981994628906e-01,inf,8.226600289344787598e-01,8.448798060417175293e-01,8.548341000000000000e+06,4.426927864551544189e-01,inf,inf,inf,inf,3.988104104995727539e+00,2.504207229614257812e+01,inf,inf,6.989738345146179199e-01,8.861713856458663940e-02,5.885463953018188477e-01,2.171630114316940308e-01,inf,6.576581001281738281e-01,inf,6.152073144912719727e-01,6.042703986167907715e-01,inf,inf,inf,2.303388400000000000e+07,1.051827430725097656e+00,5.720037817955017090e-01,inf,6.966715000000000000e+06,7.374981641769409180e-01,7.432321906089782715e-01,7.256615161895751953e-01,7.979271411895751953e-01,3.052047200000000000e+07
inf,inf,4.676282405853271484e-01,6.425352096557617188e-01,1.010926812887191772e-01,4.950616061687469482e-01,1.318375825881958008e+00,4.590152800083160400e-01,1.277216523885726929e-02,inf,4.421224975585937500e+01,6.510551571846008301e-01,inf,8.387698233127593994e-02,inf,7.610535430908203125e+01,7.024420499801635742e-01,3.262337446212768555e-01,6.474633216857910156e-01,inf,7.688593864440917969e-01,inf,9.044409394264221191e-01,1.214900493621826172e+01,3.055789947509765625e+01,3.306019902229309082e-01,3.406580388545989990e-01,1.501795530319213867e+00,3.090180635452270508e+00,3.312790095806121826e-01,1.576414108276367188e+00,inf,2.034822702407836914e+00,inf,8.336262106895446777e-01,3.054858148097991943e-01,inf,inf,6.614241600036621094e-01,1.631519700000000000e+07,1.326932758092880249e-01,3.385658860206604004e-01,inf,7.022429000000000000e+06,5.108584761619567871e-01,2.154236793518066406e+01,2.177766859531402588e-01,5.669474601745605469e-01,2.110381275415420532e-01
9.155172109603881836e-01,6.541063189506530762e-01,3.058757185935974121e-01,1.443185329437255859e+00,8.610887527465820312e-01,7.518810778856277466e-02,9.980957508087158203e-01,1.952978074550628662e-01,3.595798462629318237e-02,7.857527732849121094e-01,2.379774004220962524e-01,6.290460824966430664e-01,6.032413244247436523e-01,2.376405596733093262e-01,8.051251769065856934e-01,1.534716606140136719e+01,5.995901823043823242e-01,2.566970288753509521e-01,1.534072011709213257e-01,inf,6.881234645843505859e-01,inf,inf,2.337532997131347656e+00,2.399656867980957031e+01,1.574711084365844727e+00,2.287137061357498169e-01,1.004633307456970215e-01,1.784597039222717285e-01,9.285528212785720825e-03,8.287822008132934570e-01,8.047751784324645996e-01,3.264948725700378418e-01,inf,inf,4.587951675057411194e-02,7.508336901664733887e-01,inf,inf,5.100572109222412109e-01,2.727185010910034180e+00,1.095113083720207214e-01,inf,7.974853515625000000e-01,4.722959995269775391e-01,4.421987533569335938e-01,3.337994217872619629e-01,5.774010419845581055e-01,3.123885600000000000e+07
2.785580158233642578e-01,inf,3.509440422058105469e-01,2.170888423919677734e+00,1.926654130220413208e-01,1.522916555404663086e-01,6.366820931434631348e-01,6.963514685630798340e-01,6.405515968799591064e-02,inf,3.796278762817382812e+01,6.638008356094360352e-01,inf,6.965004205703735352e-01,inf,5.398087024688720703e+00,6.054847836494445801e-01,8.675490319728851318e-02,2.108692675828933716e-01,7.002984285354614258e-01,inf,7.621529698371887207e-01,inf,4.319593429565429688e+00,2.252419281005859375e+01,4.206142127513885498e-01,1.466904997825622559e+00,9.488268196582794189e-02,6.047658249735832214e-02,2.742517590522766113e-01,7.085295915603637695e-01,inf,2.792587578296661377e-01,8.342738747596740723e-01,8.202761411666870117e-01,2.333381623029708862e-01,inf,7.820022106170654297e-01,inf,9.025514000000000000e+06,5.732257962226867676e-01,2.536729872226715088e-01,6.016077399253845215e-01,8.836860000000000000e+06,4.945261180400848389e-01,1.105725860595703125e+02,4.381836056709289551e-01,6.162287592887878418e-01,3.082282000000000000e+07
9.087171405553817749e-02,inf,2.216303199529647827e-01,4.308296144008636475e-01,1.256060719490051270e+00,5.746424198150634766e-01,9.085744023323059082e-01,3.944661915302276611e-01,2.087012231349945068e-01,inf,8.688709735870361328e-01,5.494590997695922852e-01,4.583036899566650391e-01,inf,8.448277473449707031e+00,8.364259719848632812e+00,3.698360919952392578e-01,1.833689957857131958e-01,2.484380453824996948e-01,inf,inf,inf,inf,4.796617329120635986e-01,3.238207101821899414e-01,1.816978335380554199e+00,1.340414166450500488e+00,3.141782879829406738e-01,3.131245970726013184e-01,8.260142207145690918e-01,1.413586378097534180e+00,inf,3.764737844467163086e-01,inf,inf,3.371545374393463135e-01,inf,inf,inf,2.263521200000000000e+07,8.328109383583068848e-01,2.356237620115280151e-01,inf,7.905295500000000000e+06,4.387501776218414307e-01,6.072708368301391602e-01,2.923558950424194336e-01,6.075841188430786133e-01,3.334814000000000000e+07
inf,inf,2.068371772766113281e-01,inf,inf,inf,inf,7.682090000000000000e+06,inf,inf,inf,inf,inf,inf,inf,7.777420997619628906e+00,inf,5.151579380035400391e-01,inf,inf,inf,inf,inf,1.337310546875000000e+03,inf,inf,inf,inf,3.535750210285186768e-01,inf,2.660002708435058594e+00,inf,inf,inf,inf,inf,inf,inf,inf,1.099743200000000000e+07,inf,inf,inf,1.084369500000000000e+07,5.633977500000000000e+06,inf,inf,inf,2.713566400000000000e+07
inf,inf,1.592252969741821289e+00,inf,inf,inf,inf,7.284912000000000000e+06,inf,inf,inf,inf,inf,inf,inf,2.082178688049316406e+01,inf,8.858949000000000000e+06,inf,inf,inf,inf,inf,1.660217437744140625e+02,inf,inf,inf,inf,6.318211555480957031e-01,inf,3.068495035171508789e+00,inf,inf,inf,inf,inf,inf,inf,inf,9.430797000000000000e+06,inf,inf,inf,7.655722000000000000e+06,5.696218000000000000e+06,inf,inf,inf,2.806536000000000000e+07
inf,inf,1.052697658538818359e+00,5.389284491539001465e-01,2.110511437058448792e-02,5.682228207588195801e-01,inf,4.590958000000000000e+06,inf,inf,inf,inf,inf,inf,inf,1.514445114135742188e+01,inf,8.490269000000000000e+06,inf,inf,inf,inf,inf,8.344952583312988281e+00,inf,inf,inf,inf,2.678719043731689453e+00,inf,3.552548885345458984e+00,inf,inf,inf,inf,inf,3.842236280441284180e+00,inf,inf,1.829558400000000000e+07,inf,4.483608627319335938e+01,inf,1.430889000000000000e+07,7.540766000747680664e-01,inf,inf,inf,2.962876400000000000e+07
4.603703916072845459e-01,inf,9.193499088287353516e-01,2.948951244354248047e+00,3.215058565139770508e+00,1.692297458648681641e+00,3.906461894512176514e-01,8.302816003561019897e-02,5.496866106986999512e-01,inf,3.083214950561523438e+01,8.622282147407531738e-01,inf,7.294677495956420898e-01,inf,8.133715391159057617e-01,7.208823561668395996e-01,9.087053000000000000e+06,4.406285583972930908e-01,inf,6.777279973030090332e-01,inf,5.918748378753662109e-01,1.284365653991699219e+00,8.338056564331054688e+00,3.617566227912902832e-01,2.751667797565460205e-01,5.411658287048339844e-01,1.669213362038135529e-02,5.982063412666320801e-01,7.749300450086593628e-02,inf,inf,inf,9.171844124794006348e-01,5.989566445350646973e-01,inf,inf,inf,8.260496500000000000e+06,8.049147129058837891e-01,7.101004123687744141e-01,inf,7.082962000000000000e+06,8.410137891769409180e-02,1.778694987297058105e-01,7.717614769935607910e-01,8.553670048713684082e-01,9.823093190789222717e-03
5.728747695684432983e-02,1.738734841346740723e-01,2.916249334812164307e-01,6.718258261680603027e-01,7.803463339805603027e-01,2.663506865501403809e-01,1.634872913360595703e+00,7.098975777626037598e-01,inf,7.082688808441162109e-01,1.641475856304168701e-01,4.183874428272247314e-01,7.592272162437438965e-01,2.896909117698669434e-01,7.544712424278259277e-01,1.072703170776367188e+01,6.216569542884826660e-01,3.956525921821594238e-01,7.351972460746765137e-01,inf,7.122800350189208984e-01,inf,inf,4.567599296569824219e+00,inf,1.570393323898315430e+00,9.548670649528503418e-01,inf,7.914437651634216309e-01,5.895937681198120117e-01,7.475139498710632324e-01,8.911975622177124023e-01,inf,inf,inf,4.393428862094879150e-01,7.162872552871704102e-01,inf,8.594279289245605469e-01,3.494665026664733887e-01,6.310770034790039062e+00,3.569478392601013184e-01,inf,5.737411379814147949e-01,8.669719845056533813e-02,6.445333957672119141e-01,1.496713012456893921e-01,5.697299838066101074e-01,2.593944000000000000e+07
1.753573417663574219e-01,inf,3.945071101188659668e-01,2.555257797241210938e+00,1.046922087669372559e+00,1.763959825038909912e-01,1.311567574739456177e-01,2.419375032186508179e-01,5.023369789123535156e-01,inf,5.359611129760742188e+01,6.590002179145812988e-01,inf,4.001285731792449951e-01,inf,5.077197551727294922e+00,5.894038081169128418e-01,1.108088046312332153e-01,1.463649123907089233e-01,6.762701869010925293e-01,inf,8.018654584884643555e-01,inf,3.794244289398193359e+00,inf,1.919172555208206177e-01,3.912658989429473877e-01,inf,1.427120063453912735e-02,4.658394455909729004e-01,1.198901653289794922e+00,inf,inf,8.043411970138549805e-01,6.718958616256713867e-01,1.738818138837814331e-01,inf,7.053710818290710449e-01,inf,6.945236500000000000e+06,3.429576456546783447e-01,5.695270746946334839e-02,5.774608254432678223e-01,7.779462500000000000e+06,2.591063976287841797e+00,1.853188157081604004e+00,2.479052096605300903e-01,7.077394723892211914e-01,2.540728000000000000e+07
5.571770295500755310e-02,inf,3.449259400367736816e-01,6.017783880233764648e-01,6.312761902809143066e-01,1.573560237884521484e-01,5.969351530075073242e-01,3.413354754447937012e-01,7.841215282678604126e-02,inf,8.531087040901184082e-01,5.354735851287841797e-01,3.970015048980712891e-01,inf,5.387349605560302734e+00,1.114937365055084229e-01,1.455260217189788818e-01,4.370072856545448303e-02,2.389455288648605347e-01,inf,inf,inf,inf,4.530279934406280518e-01,1.470993012189865112e-01,2.325624704360961914e+00,2.347533702850341797e+00,3.934637606143951416e-01,5.776103120297193527e-03,3.257643580436706543e-01,1.709906339645385742e+00,inf,7.348844408988952637e-01,inf,inf,8.505417406558990479e-02,inf,inf,inf,1.813647200000000000e+07,1.079857498407363892e-01,1.614490151405334473e-01,inf,7.395209000000000000e+06,5.180992484092712402e-01,6.388534307479858398e-01,2.738354802131652832e-01,6.577375531196594238e-01,3.039344800000000000e+07
inf,inf,1.571964770555496216e-01,inf,inf,inf,inf,5.256673000000000000e+06,inf,inf,inf,inf,inf,inf,inf,inf,inf,6.768015213310718536e-03,inf,inf,inf,inf,inf,inf,inf,inf,inf,inf,1.005945100000000000e+07,inf,2.560032129287719727e+00,inf,inf,inf,inf,inf,inf,inf,inf,1.259407300000000000e+07,inf,inf,inf,7.091577000000000000e+06,7.435249000000000000e+06,inf,inf,inf,2.562239600000000000e+07
inf,inf,inf,inf,inf,4.851228296756744385e-01,inf,4.459820000000000000e+06,inf,inf,inf,inf,inf,inf,inf,4.672198772430419922e+00,inf,8.540465000000000000e+06,inf,inf,inf,inf,inf,inf,inf,inf,inf,1.296743303537368774e-01,4.329833388328552246e-01,inf,1.973858833312988281e+00,inf,inf,inf,inf,inf,inf,inf,inf,9.655586000000000000e+06,inf,inf,inf,7.758492000000000000e+06,1.126880800000000000e+07,inf,inf,inf,1.486885400000000000e+07
7.340537309646606445e-01,inf,4.220659658312797546e-02,2.696236371994018555e-01,8.419974893331527710e-02,1.370369076728820801e+00,3.397649228572845459e-01,3.602869000000000000e+06,4.759253263473510742e-01,inf,4.150410890579223633e-01,7.738932967185974121e-01,2.042630165815353394e-01,5.541720986366271973e-01,inf,5.248202085494995117e-01,7.789153456687927246e-01,8.310750500000000000e+06,4.318536818027496338e-01,inf,inf,inf,inf,3.019504785537719727e+00,2.936407327651977539e+00,inf,3.435557186603546143e-01,6.068617105484008789e-01,7.733809471130371094e+00,6.120694875717163086e-01,3.927478194236755371e-01,inf,inf,inf,6.483296751976013184e-01,5.361187458038330078e-01,5.447997570037841797e+00,inf,inf,9.223873000000000000e+06,2.607687413692474365e-01,5.584738850593566895e-01,inf,9.206939000000000000e+06,4.425502419471740723e-01,5.881969332695007324e-01,5.170474052429199219e-01,8.288173079490661621e-01,1.837826800000000000e+07
5.671746730804443359e-01,inf,1.551875025033950806e-01,2.751117706298828125e+00,3.272492587566375732e-01,8.413997292518615723e-01,1.375488638877868652e+00,3.179295000000000000e+06,1.591074317693710327e-01,inf,4.105823135375976562e+01,4.640514850616455078e-01,inf,6.715881824493408203e-02,inf,1.095912933349609375e+01,3.028619885444641113e-01,3.963486552238464355e-01,6.313136816024780273e-01,inf,7.611227035522460938e-01,inf,8.192052245140075684e-01,1.171502113342285156e+01,inf,6.582103967666625977e-01,5.835013985633850098e-01,3.341083228588104248e-01,1.405119895935058594e-01,5.541020035743713379e-01,1.396061301231384277e+00,inf,inf,inf,5.749163627624511719e-01,2.762688100337982178e-01,inf,inf,8.136010766029357910e-01,5.670787000000000000e+06,5.826228857040405273e-01,5.085199832916259766e+00,inf,6.676554000000000000e+06,2.373410463333129883e-01,inf,1.307161808013916016e+00,6.383230686187744141e-01,4.939941167831420898e-01
4.496070146560668945e-01,6.965622901916503906e-01,3.463516831398010254e-01,2.105015277862548828e+00,1.073234200477600098e+00,4.120722711086273193e-01,5.812790989875793457e-01,8.188927173614501953e-01,2.369133085012435913e-01,7.127248644828796387e-01,3.330817520618438721e-01,5.149564146995544434e-01,4.117900133132934570e-01,2.857275903224945068e-01,7.720374464988708496e-01,1.177541732788085938e+01,5.072937607765197754e-01,2.934335470199584961e-01,3.055251836776733398e-01,inf,7.360145449638366699e-01,inf,inf,1.357515096664428711e+00,inf,9.449717998504638672e-01,inf,4.234224855899810791e-01,1.189813688397407532e-01,5.544931814074516296e-02,1.516086459159851074e-01,7.989656329154968262e-01,inf,inf,inf,2.070571780204772949e-01,7.435418367385864258e-01,inf,inf,6.232699155807495117e-01,2.017967551946640015e-01,2.731547057628631592e-01,inf,7.795445919036865234e-01,1.125019695609807968e-02,3.632084655761718750e+01,2.939636632800102234e-02,6.232928633689880371e-01,1.453760500000000000e+07
3.602262139320373535e-01,inf,2.094735950231552124e-01,7.298694849014282227e-01,3.714392185211181641e-01,1.480080485343933105e-01,1.164859905838966370e-01,5.578071475028991699e-01,2.230056077241897583e-01,inf,2.527447319030761719e+01,5.757824778556823730e-01,inf,3.567571938037872314e-01,inf,8.574040412902832031e+00,6.156598925590515137e-01,2.517384588718414307e-01,4.699196815490722656e-01,7.641295194625854492e-01,inf,6.571707129478454590e-01,inf,5.075489044189453125e+00,inf,inf,inf,3.016602694988250732e-01,2.727114260196685791e-01,2.608462870121002197e-01,2.007657527923583984e+00,inf,inf,7.987870573997497559e-01,7.677458524703979492e-01,inf,inf,8.654013872146606445e-01,inf,9.887910000000000000e+06,2.259756922721862793e-01,3.437252759933471680e+00,7.718780040740966797e-01,6.991087000000000000e+06,4.932964146137237549e-01,3.921683073043823242e+00,1.843152791261672974e-01,6.995714902877807617e-01,1.910362800000000000e+07
3.824273645877838135e-01,inf,6.152991205453872681e-03,1.594513773918151855e+00,1.112488865852355957e+00,5.084916353225708008e-01,1.391362249851226807e-01,2.196979969739913940e-01,4.653549194335937500e-01,inf,5.767996907234191895e-01,4.433128833770751953e-01,2.364347726106643677e-01,inf,inf,1.539508247375488281e+01,6.000154465436935425e-02,1.893346309661865234e-01,2.403366118669509888e-01,inf,inf,inf,inf,4.793258011341094971e-01,3.824511468410491943e-01,3.846786022186279297e-01,6.334322690963745117e-01,1.304419040679931641e-01,1.563680022954940796e-01,6.199193596839904785e-01,1.941444128751754761e-01,inf,6.696589589118957520e-01,inf,inf,inf,inf,inf,inf,1.658650600000000000e+07,1.282670795917510986e-01,2.893849015235900879e-01,inf,7.706463500000000000e+06,1.252404153347015381e-01,7.997731566429138184e-01,8.124390244483947754e-02,6.303434371948242188e-01,2.030857600000000000e+07
inf,inf,1.270907931029796600e-03,inf,inf,inf,inf,5.423082000000000000e+06,inf,inf,inf,inf,inf,inf,inf,3.508935546875000000e+01,inf,1.044261977076530457e-01,inf,inf,inf,inf,inf,inf,inf,inf,inf,inf,2.275175452232360840e-01,inf,1.426583886146545410e+00,inf,inf,inf,inf,inf,inf,inf,inf,1.287748900000000000e+07,inf,inf,inf,7.761631500000000000e+06,6.352889000000000000e+06,inf,inf,inf,2.105632800000000000e+07
inf,inf,2.295546293258666992e+00,inf,inf,4.359175562858581543e-01,inf,4.834546000000000000e+06,inf,inf,inf,inf,inf,inf,inf,1.102843761444091797e+01,inf,8.275409500000000000e+06,inf,inf,inf,inf,inf,inf,inf,inf,inf,inf,3.808457851409912109e-01,inf,2.392190694808959961e+00,inf,inf,inf,inf,inf,inf,inf,inf,9.430091000000000000e+06,inf,inf,inf,6.663309000000000000e+06,6.104096000000000000e+06,inf,inf,inf,1.224051600000000000e+07
5.822511315345764160e-01,inf,1.543118119239807129e+00,8.069478273391723633e-01,5.108775198459625244e-02,1.119492948055267334e-01,4.700397849082946777e-01,4.874413609504699707e-01,3.269271850585937500e-01,inf,3.498751521110534668e-01,6.820185780525207520e-01,2.809933722019195557e-01,4.824159443378448486e-01,inf,7.444868683815002441e-01,6.552479267120361328e-01,8.674185000000000000e+06,2.862441539764404297e-01,inf,inf,inf,inf,7.003561019897460938e+00,1.657436728477478027e+00,inf,1.866711527109146118e-01,inf,3.947459161281585693e-01,2.438921481370925903e-01,3.018760085105895996e-01,inf,inf,inf,6.662845015525817871e-01,inf,1.484611868858337402e+00,inf,inf,1.396984100000000000e+07,2.436053603887557983e-01,3.701120913028717041e-01,inf,1.109991100000000000e+07,6.256881356239318848e-01,6.724529266357421875e-01,5.212802290916442871e-01,inf,1.442029400000000000e+07
4.563955366611480713e-01,inf,9.236099570989608765e-02,3.377642869949340820e+00,5.053398013114929199e-01,1.345476061105728149e-01,8.801317214965820312e-01,8.786262273788452148e-01,4.825500845909118652e-01,inf,1.885259819030761719e+01,3.117907643318176270e-01,inf,2.946353256702423096e-01,1.343207120895385742e+00,3.468765258789062500e+01,4.928888678550720215e-01,4.202373027801513672e-01,6.861257553100585938e-01,inf,7.253620624542236328e-01,inf,8.320866227149963379e-01,1.685222506523132324e+00,inf,4.681867659091949463e-01,4.385082721710205078e-01,4.014138281345367432e-01,1.694342643022537231e-01,1.920928359031677246e-01,1.147226929664611816e+00,inf,inf,inf,6.999900341033935547e-01,inf,inf,inf,6.075251698493957520e-01,4.255091000000000000e+06,5.207811594009399414e-01,6.462065696716308594e+00,inf,7.684726500000000000e+06,1.543884258717298508e-02,inf,2.455171793699264526e-01,8.751381039619445801e-01,6.424612998962402344e-01
4.104664623737335205e-01,4.431823790073394775e-01,1.124927997589111328e-01,2.749101638793945312e+00,4.923208951950073242e-01,1.437423974275588989e-01,6.074230074882507324e-01,5.364007353782653809e-01,4.121322035789489746e-01,7.348229885101318359e-01,8.735371828079223633e-01,5.923087596893310547e-01,4.805274605751037598e-01,4.430593848228454590e-01,6.100155115127563477e-01,7.022242736816406250e+01,4.270423948764801025e-01,5.618188902735710144e-02,3.453500866889953613e-01,inf,7.541698813438415527e-01,inf,inf,3.006316423416137695e+00,inf,7.146571874618530273e-01,2.497449070215225220e-01,5.820215940475463867e-01,4.730026125907897949e-01,7.991705834865570068e-02,4.413817524909973145e-01,7.876195311546325684e-01,inf,inf,inf,8.849534392356872559e-01,7.268667817115783691e-01,inf,inf,5.295212268829345703e-01,1.600493788719177246e-01,9.939330071210861206e-02,inf,7.280988097190856934e-01,1.472232341766357422e-01,5.632848739624023438e-01,2.893374674022197723e-02,6.788790822029113770e-01,1.978646400000000000e+07
1.524992585182189941e-01,inf,2.132474631071090698e-01,7.721197605133056641e-01,6.113854050636291504e-01,4.955359101295471191e-01,2.513105571269989014e-01,5.823022000000000000e+06,5.540353059768676758e-01,inf,2.326490020751953125e+01,7.284477949142456055e-01,inf,9.547047615051269531e-01,inf,inf,2.798082828521728516e-01,2.865595817565917969e-01,3.945780694484710693e-01,7.843295931816101074e-01,inf,8.339751362800598145e-01,inf,3.930892944335937500e+00,inf,1.751474022865295410e+00,inf,4.556589126586914062e-01,2.503066360950469971e-01,1.156905069947242737e-01,1.834267973899841309e-01,inf,inf,7.164222598075866699e-01,7.307991981506347656e-01,inf,inf,8.782078027725219727e-01,inf,8.297554000000000000e+06,4.292499274015426636e-03,9.869085311889648438e+00,6.632208824157714844e-01,8.547772000000000000e+06,1.318421810865402222e-01,5.672200679779052734e+00,2.241727262735366821e-01,6.360206007957458496e-01,2.448426000000000000e+07
inf,inf,3.770019710063934326e-01,2.883804321289062500e+00,6.825603842735290527e-01,5.068531632423400879e-01,2.031963914632797241e-01,7.824084758758544922e-01,5.765417218208312988e-01,inf,1.087177753448486328e+00,3.611302673816680908e-01,2.140621989965438843e-01,inf,inf,inf,6.498524919152259827e-03,1.080148741602897644e-01,6.789330393075942993e-02,inf,inf,inf,inf,6.572448611259460449e-01,3.822528719902038574e-01,4.079038619995117188e+00,inf,3.194290697574615479e-01,2.691557109355926514e-01,3.767643272876739502e-01,2.938278019428253174e-01,inf,7.377790808677673340e-01,inf,inf,inf,inf,inf,inf,1.300329700000000000e+07,2.538149654865264893e-01,1.626978069543838501e-02,inf,8.071317000000000000e+06,1.726478189229965210e-01,6.337855458259582520e-01,2.495288252830505371e-01,5.991542935371398926e-01,2.538243600000000000e+07
inf,inf,5.528755187988281250e-01,inf,inf,inf,inf,2.872908000000000000e+06,inf,inf,inf,inf,inf,inf,inf,inf,inf,1.103627309203147888e-01,inf,inf,inf,inf,inf,1.751161376953125000e+03,inf,inf,inf,inf,1.496243476867675781e-01,inf,1.477930188179016113e+00,inf,inf,inf,inf,inf,inf,inf,inf,1.250948700000000000e+07,inf,inf,inf,8.299620000000000000e+06,5.762096000000000000e+06,inf,inf,inf,2.416373600000000000e+07
inf,inf,2.860895156860351562e+00,inf,inf,5.339385271072387695e-01,inf,1.234389000000000000e+07,inf,inf,inf,inf,inf,inf,inf,2.241829490661621094e+01,inf,8.299581500000000000e+06,inf,inf,inf,inf,inf,inf,inf,inf,inf,inf,4.566999971866607666e-01,inf,1.726707100868225098e+00,inf,inf,inf,inf,inf,inf,inf,inf,9.710511000000000000e+06,inf,inf,inf,7.792940000000000000e+06,5.849991500000000000e+06,inf,inf,inf,1.694584000000000000e+07
7.120910286903381348e-01,inf,3.503447532653808594e+00,9.612250924110412598e-01,2.275939472019672394e-02,8.422853946685791016e-01,4.587366878986358643e-01,1.264733076095581055e-01,8.179969340562820435e-02,inf,1.362120628356933594e+00,5.345354080200195312e-01,9.880302101373672485e-02,1.798439919948577881e-01,2.024971771240234375e+01,7.661766409873962402e-01,4.138616621494293213e-01,8.564075000000000000e+06,4.543145000934600830e-01,inf,inf,inf,inf,2.447058677673339844e+00,1.278687119483947754e+00,inf,2.144730836153030396e-01,6.935365796089172363e-01,1.247599363327026367e+00,2.674937844276428223e-01,3.343171477317810059e-01,inf,inf,inf,6.434384584426879883e-01,inf,3.436285018920898438e+00,inf,inf,1.400803500000000000e+07,4.091630280017852783e-01,9.769957512617111206e-03,inf,7.166932000000000000e+06,5.463376045227050781e-01,6.494302153587341309e-01,4.135545492172241211e-01,inf,1.953558000000000000e+07
7.662609219551086426e-02,inf,2.442829608917236328e-01,3.767006158828735352e+00,2.864587903022766113e-01,4.516930878162384033e-01,1.011672854423522949e+00,8.093873262405395508e-01,5.406058430671691895e-01,inf,2.380655097961425781e+01,1.662385612726211548e-01,inf,3.122549951076507568e-01,inf,inf,2.705385386943817139e-01,4.208401441574096680e-01,6.353550553321838379e-01,inf,6.236554980278015137e-01,inf,7.099713087081909180e-01,6.337650775909423828e+00,inf,3.704177439212799072e-01,1.847962886095046997e-01,6.018385887145996094e-01,2.059708684682846069e-01,7.545433640480041504e-01,1.020779371261596680e+00,inf,inf,inf,6.534429192543029785e-01,inf,inf,inf,7.851467728614807129e-01,7.999187000000000000e+06,5.004101991653442383e-01,1.234991455078125000e+01,inf,6.509161000000000000e+06,2.371805533766746521e-02,inf,7.337937355041503906e-01,8.463143706321716309e-01,4.064743518829345703e-01
3.493967279791831970e-02,4.690278470516204834e-01,3.077994287014007568e-01,3.751325845718383789e+00,4.901360273361206055e-01,4.912263453006744385e-01,1.012476205825805664e+00,6.653773784637451172e-01,1.001524686813354492e+00,6.066153645515441895e-01,3.220640122890472412e-01,9.638494253158569336e-02,3.206637799739837646e-01,2.236281484365463257e-01,7.957556843757629395e-01,inf,5.136584863066673279e-02,2.626187503337860107e-01,3.012936413288116455e-01,inf,7.662672400474548340e-01,inf,inf,5.028139114379882812e+00,inf,1.245071172714233398e+00,inf,1.475399136543273926e-01,2.417075783014297485e-01,2.349959831917658448e-04,2.690978050231933594e-01,7.350215911865234375e-01,inf,inf,inf,6.720627546310424805e-01,6.837736964225769043e-01,inf,inf,2.015300840139389038e-01,1.139755606651306152e+00,2.037649452686309814e-01,inf,8.243858814239501953e-01,7.284049689769744873e-02,5.998259782791137695e-01,4.612298905849456787e-01,6.070292592048645020e-01,1.895970400000000000e+07
1.097484827041625977e-01,inf,1.105581164360046387e+00,7.533699274063110352e-01,1.884739100933074951e-01,3.450639545917510986e-01,6.950056552886962891e-01,7.539411783218383789e-01,2.039712190628051758e+00,inf,3.909833908081054688e+01,2.092689722776412964e-01,inf,1.360764026641845703e+00,2.642637252807617188e+01,inf,2.297886461019515991e-01,3.202150110155344009e-04,2.739006578922271729e-01,7.630101442337036133e-01,inf,6.919454336166381836e-01,inf,1.011975479125976562e+01,inf,1.620143532752990723e+00,1.693558454513549805e+00,2.282826304435729980e-01,2.140715271234512329e-01,2.881647646427154541e-01,8.578538894653320312e-02,inf,inf,6.644642949104309082e-01,6.243522167205810547e-01,inf,inf,8.716828227043151855e-01,inf,1.216943300000000000e+07,1.500756591558456421e-01,1.030539512634277344e+01,6.898133158683776855e-01,8.055948000000000000e+06,2.913596853613853455e-02,1.099399414062500000e+02,2.518723309040069580e-01,5.718254446983337402e-01,2.597149200000000000e+07
1.001475378870964050e-01,inf,9.926551580429077148e-01,2.429577827453613281e+00,5.080381035804748535e-01,3.630359768867492676e-01,3.357280790805816650e-01,1.012330770492553711e+00,2.865550041198730469e+00,inf,1.837517976760864258e+00,3.153029382228851318e-01,inf,inf,inf,inf,5.385158061981201172e-01,3.109531998634338379e-01,1.674460172653198242e-01,inf,inf,inf,inf,5.005960464477539062e-01,2.721385359764099121e-01,1.290084242820739746e+00,1.577595710754394531e+00,6.393949966877698898e-03,1.114337518811225891e-01,5.486220866441726685e-02,3.542994260787963867e-01,inf,6.234471201896667480e-01,inf,inf,inf,inf,inf,inf,1.680081200000000000e+07,6.255565881729125977e-01,8.317040652036666870e-02,inf,7.982088500000000000e+06,1.558262109756469727e-02,6.525571346282958984e-01,3.785384595394134521e-01,5.168568491935729980e-01,2.941718000000000000e+07
inf,inf,2.050700664520263672e+00,inf,inf,inf,inf,1.058918500000000000e+07,inf,inf,inf,inf,inf,inf,inf,inf,inf,2.053655683994293213e-01,inf,inf,inf,inf,inf,inf,inf,inf,inf,inf,3.939276561141014099e-02,inf,1.708023548126220703e+00,inf,inf,inf,inf,inf,inf,inf,inf,1.527155400000000000e+07,inf,inf,inf,1.109708500000000000e+07,5.558345500000000000e+06,inf,inf,inf,2.676398800000000000e+07
inf,inf,5.537639141082763672e+00,inf,inf,5.923420786857604980e-01,inf,1.072342900000000000e+07,inf,inf,inf,inf,inf,inf,inf,4.525326538085937500e+01,inf,8.509911000000000000e+06,inf,inf,inf,inf,inf,inf,inf,inf,inf,inf,1.513178795576095581e-01,inf,1.986688256263732910e+00,inf,inf,inf,inf,inf,inf,inf,inf,1.005387500000000000e+07,inf,inf,inf,7.756375000000000000e+06,5.589408500000000000e+06,inf,inf,inf,2.129987200000000000e+07
2.675163149833679199e-01,inf,5.278454780578613281e+00,1.597087144851684570e+00,1.808326244354248047e+00,7.936143279075622559e-01,3.478798866271972656e-01,7.888875000000000000e+06,1.319817006587982178e-01,inf,2.312111854553222656e+00,5.895380973815917969e-01,inf,2.619791328907012939e-01,inf,7.432345151901245117e-01,1.275984942913055420e-01,9.040745000000000000e+06,1.929046958684921265e-01,inf,inf,inf,inf,3.234747886657714844e+00,8.440709114074707031e+00,inf,1.715364217758178711e+00,2.473486363887786865e-01,8.492880463600158691e-01,4.372958838939666748e-01,3.142399787902832031e-01,inf,inf,inf,4.697921872138977051e-01,inf,1.290573692321777344e+01,inf,inf,9.131473000000000000e+06,4.758112430572509766e-01,1.966844946146011353e-01,inf,1.059692700000000000e+07,4.553014636039733887e-01,6.176815032958984375e-01,2.566231489181518555e-01,inf,2.493419200000000000e+07
1.667195186018943787e-02,inf,1.324002146720886230e+00,5.073360443115234375e+00,2.497886568307876587e-01,4.214906394481658936e-01,3.190437316894531250e+00,1.248984575271606445e+00,1.286939620971679688e+00,inf,4.084095764160156250e+01,7.603877782821655273e-02,inf,2.043956220149993896e-01,1.312444400787353516e+01,4.199428176879882812e+01,2.648681700229644775e-01,4.901022315025329590e-01,5.916920304298400879e-01,inf,4.548281133174896240e-01,inf,6.411719918251037598e-01,5.754590988159179688e+00,inf,inf,1.118803381919860840e+00,1.555203080177307129e+00,5.792271345853805542e-03,3.789332211017608643e-01,1.496603131294250488e+00,inf,inf,inf,5.642190575599670410e-01,inf,inf,inf,8.653895258903503418e-01,7.256503000000000000e+06,2.646070122718811035e-01,1.668931961059570312e+01,inf,8.165270500000000000e+06,1.007918566465377808e-01,1.233581066131591797e+00,7.994392514228820801e-01,8.548511862754821777e-01,3.113994188606739044e-02
1.704710870981216431e-01,4.954249560832977295e-01,6.474471092224121094e-01,5.033981323242187500e+00,7.267670035362243652e-01,2.682434022426605225e-01,1.806961774826049805e+00,1.809452623128890991e-01,1.005170106887817383e+00,5.970644354820251465e-01,1.026320338249206543e+00,2.092211246490478516e-01,7.259902358055114746e-01,4.514991939067840576e-01,3.158636391162872314e-01,1.349258327484130859e+01,2.182240486145019531e-01,2.000588029623031616e-01,9.569358825683593750e-02,inf,7.741073369979858398e-01,inf,inf,1.029383945465087891e+01,inf,2.612026408314704895e-02,2.319125831127166748e-01,2.117817103862762451e-01,1.221616789698600769e-01,9.357016533613204956e-02,5.091381669044494629e-01,6.869195103645324707e-01,inf,inf,inf,8.509320020675659180e-01,6.327031254768371582e-01,inf,inf,3.840712606906890869e-01,2.139142513275146484e+00,6.765966415405273438e-01,inf,1.439386800000000000e+07,6.855332851409912109e-02,3.134774565696716309e-01,3.002084791660308838e-01,6.410179138183593750e-01,2.618473600000000000e+07
1.683435887098312378e-01,inf,5.873214006423950195e-01,7.133868932723999023e-01,1.258026480674743652e+00,1.944501698017120361e-01,2.449931800365447998e-01,1.074004459381103516e+01,1.651883602142333984e+00,inf,5.458738327026367188e+01,3.983055055141448975e-01,inf,1.135378599166870117e+00,inf,1.575785064697265625e+01,1.600109487771987915e-01,3.812354058027267456e-02,2.612067759037017822e-01,7.693166136741638184e-01,inf,7.317419648170471191e-01,inf,9.637411117553710938e+00,inf,2.387004137039184570e+00,6.110646575689315796e-02,inf,1.567070186138153076e-01,4.812699928879737854e-02,1.479611098766326904e-01,inf,inf,6.054193973541259766e-01,inf,inf,inf,8.262493014335632324e-01,inf,7.941108500000000000e+06,2.985852479934692383e+00,1.342277145385742188e+01,6.361812353134155273e-01,7.956784367561340332e-01,5.487252399325370789e-02,7.268809080123901367e-01,7.268521189689636230e-01,5.716705322265625000e-01,2.694209200000000000e+07
1.016466692090034485e-01,inf,8.864400982856750488e-01,2.234677791595458984e+00,7.549195289611816406e-01,2.841137945652008057e-01,inf,8.088472366333007812e+00,9.616155028343200684e-01,inf,1.043551206588745117e+00,1.766481101512908936e-01,inf,inf,1.135661773681640625e+02,1.721574974060058594e+01,6.402690410614013672e-01,1.689384281635284424e-01,1.868688166141510010e-01,inf,inf,inf,inf,4.542172253131866455e-01,1.505551338195800781e-01,2.082313299179077148e+00,1.612062931060791016e+00,5.526770353317260742e-01,1.533402502536773682e-01,1.491360515356063843e-01,2.981969714164733887e-01,inf,5.496466159820556641e-01,inf,5.602435469627380371e-01,inf,inf,inf,inf,8.716519000000000000e+06,1.129892945289611816e+00,4.725869894027709961e-01,inf,7.016021000000000000e+06,5.988828837871551514e-02,3.577168285846710205e-01,7.488048076629638672e-01,5.756948590278625488e-01,2.872969200000000000e+07
inf,inf,1.222576618194580078e+00,inf,inf,inf,inf,1.100130100000000000e+07,inf,inf,inf,inf,inf,inf,inf,1.911397361755371094e+01,inf,2.466207295656204224e-01,inf,inf,inf,inf,inf,inf,inf,inf,inf,inf,8.626075000000000000e+06,inf,1.151618003845214844e+00,inf,inf,inf,inf,inf,inf,inf,inf,1.148218400000000000e+07,inf,inf,inf,9.609176000000000000e+06,5.503081500000000000e+06,inf,inf,inf,1.722060000000000000e+07
inf,inf,6.148347854614257812e+00,inf,inf,inf,inf,1.111612600000000000e+07,inf,inf,inf,inf,inf,inf,inf,2.752372932434082031e+01,inf,8.781363000000000000e+06,inf,inf,inf,inf,inf,inf,inf,inf,inf,inf,4.996570944786071777e-01,inf,1.428305387496948242e+00,inf,inf,inf,inf,inf,inf,inf,inf,1.470500200000000000e+07,inf,inf,inf,8.127469500000000000e+06,5.486698500000000000e+06,inf,inf,inf,1.818382000000000000e+07
inf,inf,5.298577308654785156e+00,inf,5.369497463107109070e-02,6.012231707572937012e-01,5.715352892875671387e-01,5.354616000000000000e+06,inf,inf,inf,2.807725524902343750e+01,inf,inf,4.581403732299804688e+01,7.088876366615295410e-01,2.684059143066406250e-01,9.056224000000000000e+06,inf,inf,inf,inf,inf,2.660796165466308594e+00,inf,inf,inf,inf,7.992500066757202148e-01,inf,1.869777679443359375e+00,inf,inf,inf,inf,inf,5.675955772399902344e+00,inf,inf,6.122818000000000000e+06,inf,3.473066389560699463e-01,inf,7.490607500000000000e+06,4.785500168800354004e-01,4.300192594528198242e-01,inf,inf,1.064916300000000000e+07
5.668509006500244141e-01,inf,8.536336421966552734e-01,8.162913918495178223e-01,4.142684936523437500e-01,7.027379274368286133e-01,2.796509504318237305e+00,3.931823670864105225e-01,2.637231945991516113e-01,inf,1.030336284637451172e+01,6.657893657684326172e-01,inf,6.840415596961975098e-01,4.418629074096679688e+01,inf,1.984892645850777626e-03,3.009659118652343750e+02,1.296733021736145020e-01,inf,4.264713823795318604e-01,inf,6.328758001327514648e-01,3.202803611755371094e+00,6.897312402725219727e-01,4.454437196254730225e-01,1.557154804468154907e-01,7.152668833732604980e-01,9.146468341350555420e-02,6.779684424400329590e-01,4.260073006153106689e-01,inf,inf,inf,6.194143295288085938e-01,inf,inf,inf,8.696858286857604980e-01,5.183270000000000000e+06,4.368241727352142334e-01,1.565139484405517578e+01,inf,7.341792000000000000e+06,7.602450847625732422e-01,2.049556732177734375e+00,4.033128023147583008e-01,8.447807431221008301e-01,7.265276908874511719e-01
2.993085086345672607e-01,2.298327088356018066e-01,1.421445250511169434e+00,5.791930198669433594e+00,9.076210260391235352e-01,5.503827333450317383e-01,1.211479306221008301e+00,5.978718996047973633e-01,1.131286501884460449e+00,5.264493227005004883e-01,4.496428668498992920e-01,1.650257110595703125e-01,inf,3.784837722778320312e-01,9.047309756278991699e-01,inf,5.093750078231096268e-03,5.778576731681823730e-01,6.847073435783386230e-01,inf,8.024150133132934570e-01,inf,inf,3.455602169036865234e+00,inf,inf,3.355340361595153809e-01,3.586201667785644531e-01,4.950480908155441284e-02,1.224191933870315552e-01,2.104761451482772827e-01,8.225485086441040039e-01,inf,inf,inf,8.179022073745727539e-01,6.624857187271118164e-01,inf,inf,6.149280667304992676e-01,1.720133543014526367e+00,3.886698186397552490e-01,inf,8.465775251388549805e-01,1.758030499331653118e-03,1.733728870749473572e-02,4.308613538742065430e-01,6.698102355003356934e-01,7.987539000000000000e+06
5.742536187171936035e-01,inf,6.959791183471679688e-01,7.415257096290588379e-01,5.528691411018371582e-01,1.326782256364822388e-01,2.619613647460937500e+00,5.343780517578125000e-01,1.273565769195556641e+00,inf,8.169587135314941406e+00,3.341248333454132080e-01,7.609021663665771484e-01,1.388371348381042480e+00,inf,inf,1.923557668924331665e-01,4.201364219188690186e-01,1.204761341214179993e-01,8.092042207717895508e-01,inf,6.124941110610961914e-01,inf,4.864373683929443359e+00,inf,4.673368036746978760e-01,3.221912384033203125e-01,2.869081199169158936e-01,1.182221174240112305e-01,1.278018951416015625e-01,1.358765363693237305e-02,inf,inf,5.667241215705871582e-01,7.916575670242309570e-01,inf,inf,8.750926256179809570e-01,inf,7.137152500000000000e+06,3.659490346908569336e-01,8.018216133117675781e+00,6.855394244194030762e-01,7.250006000000000000e+06,1.618846803903579712e-01,2.254537200927734375e+01,7.566629052162170410e-01,5.942169427871704102e-01,7.544809000000000000e+06
inf,inf,1.131677389144897461e+00,3.599041223526000977e+00,3.408216536045074463e-01,3.333636522293090820e-01,5.907326340675354004e-01,9.490958452224731445e-01,1.269444584846496582e+00,inf,2.091532051563262939e-01,1.832581907510757446e-01,inf,inf,1.841289329528808594e+01,inf,6.352296471595764160e-01,3.906564116477966309e-01,1.665813177824020386e-01,inf,inf,inf,inf,5.461726188659667969e-01,7.309142947196960449e-01,inf,1.607596278190612793e-01,2.974171936511993408e-01,7.734680175781250000e-02,1.870707273483276367e-01,8.301189541816711426e-01,inf,6.287814974784851074e-01,inf,inf,inf,inf,inf,inf,4.412427000000000000e+06,5.011357069015502930e-01,6.522518992424011230e-01,inf,6.499132000000000000e+06,1.018136069178581238e-01,3.324268460273742676e-01,9.847332239151000977e-01,5.667959451675415039e-01,7.860023000000000000e+06
inf,inf,1.356835961341857910e+00,inf,inf,inf,inf,1.514510000000000000e+06,inf,inf,inf,inf,inf,inf,inf,inf,inf,1.475368887186050415e-01,inf,inf,inf,inf,inf,inf,inf,inf,inf,inf,8.200416500000000000e+06,inf,1.351736307144165039e+00,inf,inf,inf,inf,inf,inf,inf,inf,4.426600000000000000e+06,inf,inf,inf,7.285068000000000000e+06,5.584961000000000000e+06,inf,inf,inf,8.687980000000000000e+06
inf,inf,2.904062509536743164e+00,inf,inf,3.326886296272277832e-01,inf,1.175996000000000000e+06,inf,inf,inf,inf,inf,inf,inf,inf,inf,8.509553000000000000e+06,inf,inf,inf,inf,inf,inf,inf,inf,inf,inf,9.198869764804840088e-02,inf,1.538197636604309082e+00,inf,inf,inf,inf,inf,inf,inf,inf,6.724478000000000000e+06,inf,inf,inf,6.720627000000000000e+06,5.789946000000000000e+06,2.680570373535156250e+02,inf,inf,7.214892000000000000e+06
