4.349872171878814697e-01,inf,2.898245751857757568e-01,1.661404371261596680e+00,7.811411023139953613e-01,1.946560293436050415e-02,inf,2.397525608539581299e-01,1.656273305416107178e-01,inf,6.320578002929687500e+01,8.718237280845642090e-02,inf,2.214661359786987305e+00,inf,4.716387271881103516e+00,5.004047155380249023e-01,2.054569572210311890e-01,1.145910501480102539e+00,4.226958453655242920e-01,2.805449962615966797e-01,2.022309452295303345e-01,7.578638195991516113e-02,3.664791584014892578e+00,4.274618148803710938e+00,4.305458366870880127e-01,7.415614277124404907e-02,6.913360357284545898e-01,3.804311454296112061e-01,4.835680127143859863e-01,4.066957831382751465e-01,5.241371917724609375e+01,inf,6.715155243873596191e-01,4.615074694156646729e-01,2.942017912864685059e-01,inf,1.378375142812728882e-01,inf,2.829177500000000000e+06,2.914233207702636719e-01,2.712481319904327393e-01,6.048675775527954102e-01,6.648512000000000000e+06,6.351059302687644958e-03,inf,8.699664473533630371e-01,3.048655092716217041e-01,1.525385600000000000e+07
3.877595067024230957e-01,inf,3.819509148597717285e-01,7.052394747734069824e-01,5.521063208580017090e-01,2.964895069599151611e-01,6.634639501571655273e-01,3.894658386707305908e-01,1.008798405528068542e-01,inf,6.045339629054069519e-02,3.250676691532135010e-01,6.747898459434509277e-02,inf,inf,8.619725704193115234e-01,4.949853718280792236e-01,6.020768359303474426e-02,3.706278279423713684e-02,3.816434741020202637e-01,inf,3.610613569617271423e-02,4.639515280723571777e-02,4.639982581138610840e-01,7.633324265480041504e-01,9.380781650543212891e-01,2.198454737663269043e-01,7.382622361183166504e-01,1.646396368741989136e-01,4.525461792945861816e-01,2.736313104629516602e+00,1.249702930450439453e+01,4.094000160694122314e-01,inf,inf,3.359862565994262695e-01,8.799587488174438477e-01,5.842759832739830017e-02,inf,7.600423500000000000e+06,4.537832140922546387e-01,6.053382530808448792e-02,inf,1.500921400000000000e+07,9.180711209774017334e-02,5.588608980178833008e-01,1.350222587585449219e+00,1.029128551483154297e+00,2.300147600000000000e+07
inf,inf,4.689086973667144775e-01,inf,inf,inf,inf,1.430504024028778076e-01,3.644653037190437317e-02,inf,inf,inf,inf,4.241178929805755615e-01,inf,inf,inf,2.262478917837142944e-01,inf,inf,inf,inf,inf,inf,inf,inf,3.870261907577514648e-01,inf,2.651208043098449707e-01,inf,2.880877256393432617e+00,inf,inf,inf,4.563567638397216797e-01,inf,5.419788360595703125e-01,inf,inf,8.752578000000000000e+06,inf,1.509759724140167236e-01,inf,6.249808000000000000e+06,1.160759300000000000e+07,inf,inf,inf,3.573093200000000000e+07
inf,inf,1.033457279205322266e+00,1.409942626953125000e+02,4.187439382076263428e-01,inf,inf,1.185380100000000000e+07,inf,inf,inf,inf,inf,inf,inf,2.451646804809570312e+00,inf,9.863015000000000000e+06,inf,inf,inf,inf,inf,inf,inf,inf,inf,inf,2.181597709655761719e+00,inf,4.031845569610595703e+00,inf,inf,inf,inf,inf,inf,inf,inf,9.496087000000000000e+06,inf,1.581486910581588745e-01,inf,1.364498100000000000e+07,1.328922100000000000e+07,6.082293701171875000e+02,inf,inf,3.541795200000000000e+07
5.986744761466979980e-01,inf,1.780329346656799316e+00,1.740231066942214966e-01,3.682752847671508789e-01,3.596552312374114990e-01,inf,1.687941600000000000e+07,3.103335499763488770e-01,5.487380218505859375e+01,6.142945289611816406e-01,4.872219860553741455e-01,3.126758038997650146e-01,inf,inf,8.089309334754943848e-01,4.754553437232971191e-01,1.107700000000000000e+07,1.588676571846008301e-01,2.227436751127243042e-01,inf,3.318039774894714355e-01,4.082490205764770508e-01,1.234640717506408691e+00,5.268447399139404297e+00,inf,inf,5.903000384569168091e-02,4.088380813598632812e+00,7.576563358306884766e-01,2.746612727642059326e-01,1.026033210754394531e+01,inf,inf,inf,3.636499643325805664e-01,inf,2.693496942520141602e-01,inf,8.421730000000000000e+06,inf,5.360499024391174316e-02,inf,1.277897400000000000e+07,5.236569046974182129e-01,4.526951014995574951e-01,1.157443374395370483e-01,3.801837563514709473e-01,2.370368800000000000e+07
1.346602588891983032e-01,inf,2.511731982231140137e-01,4.031069576740264893e-01,1.070636808872222900e-01,1.998920142650604248e-01,inf,5.481128692626953125e-01,6.360434740781784058e-02,inf,6.480871582031250000e+01,2.348574548959732056e-01,inf,3.077698647975921631e-01,inf,5.169404983520507812e+00,5.625199079513549805e-01,4.182499051094055176e-01,5.283579826354980469e-01,7.393473982810974121e-01,inf,5.502395629882812500e-01,8.182047749869525433e-04,5.371630668640136719e+00,6.169226646423339844e+00,2.283817678689956665e-01,9.272494912147521973e-02,1.160534024238586426e+00,3.697336912155151367e-01,3.640191256999969482e-01,1.522262215614318848e+00,3.574073028564453125e+01,inf,inf,2.975050508975982666e-01,2.409915626049041748e-01,3.108326494693756104e-01,3.313608765602111816e-01,6.463130712509155273e-01,8.502382000000000000e+06,4.966401159763336182e-01,3.291282653808593750e-01,inf,7.024857000000000000e+06,7.065383717417716980e-03,3.409534835815429688e+01,4.225923120975494385e-01,5.002779364585876465e-01,7.765961289405822754e-01
1.107711121439933777e-01,7.728678584098815918e-01,3.796003013849258423e-02,3.989273309707641602e+00,5.565990209579467773e-01,1.252283751964569092e-01,5.771026611328125000e-01,1.474445611238479614e-01,2.142613679170608521e-01,8.035342693328857422e-01,5.280928453430533409e-04,2.541665136814117432e-01,3.427991643548011780e-02,4.839998185634613037e-01,6.667928099632263184e-01,4.651029586791992188e+00,2.341599464416503906e-01,1.366004347801208496e-01,5.153018832206726074e-01,9.613919854164123535e-01,5.923042893409729004e-01,3.615751564502716064e-01,1.716798543930053711e-01,2.961284637451171875e+00,1.375416755676269531e+01,1.492669105529785156e+00,4.569796323776245117e-01,1.135389566421508789e+00,2.184748500585556030e-01,3.652377724647521973e-01,9.944472908973693848e-01,8.859575986862182617e-01,inf,inf,inf,7.382505387067794800e-02,4.420793056488037109e-01,1.931168325245380402e-02,inf,6.714313626289367676e-01,1.794651865959167480e+00,2.101832628250122070e-01,inf,7.124357819557189941e-01,2.575647458434104919e-02,5.180020928382873535e-01,4.855016171932220459e-01,5.007971525192260742e-01,3.357553600000000000e+07
4.891044497489929199e-01,inf,1.804686337709426880e-01,2.194570302963256836e+00,4.924961924552917480e-01,2.418496757745742798e-01,2.812424004077911377e-01,7.673292607069015503e-02,2.066040635108947754e-01,inf,2.651572227478027344e+01,3.704429566860198975e-01,inf,2.876047611236572266e+00,inf,5.100176811218261719e+00,4.930765032768249512e-01,6.684134155511856079e-02,1.155496761202812195e-01,7.342955470085144043e-01,4.711100757122039795e-01,2.697901129722595215e-01,1.004701405763626099e-01,2.570075511932373047e+00,1.026141929626464844e+01,9.321346282958984375e-01,1.956796795129776001e-01,1.703988671302795410e+00,1.151462495326995850e-01,2.209044694900512695e-01,5.537886023521423340e-01,4.351303100585937500e+00,6.117669343948364258e-01,7.325375676155090332e-01,5.148984789848327637e-01,2.901616692543029785e-01,inf,1.857909262180328369e-01,inf,2.174783200000000000e+07,5.869391188025474548e-02,3.242849409580230713e-01,4.733946919441223145e-01,9.518123000000000000e+06,5.547365918755531311e-02,9.758273124694824219e+00,7.414722442626953125e-01,8.145117014646530151e-02,3.245947600000000000e+07
5.090088248252868652e-01,inf,1.036740019917488098e-01,5.254539847373962402e-01,9.491664916276931763e-02,1.521622389554977417e-01,2.983538508415222168e-01,1.481604427099227905e-01,1.220998093485832214e-01,inf,3.181787729263305664e-01,2.839709632098674774e-02,2.143461853265762329e-01,inf,3.459996414184570312e+01,4.951441884040832520e-01,inf,3.611528575420379639e-01,1.900233775377273560e-01,8.426909446716308594e-01,inf,2.201804220676422119e-01,2.204258292913436890e-01,4.887986779212951660e-01,6.834670305252075195e-01,1.823073625564575195e+00,8.910793811082839966e-02,1.669592857360839844e+00,2.366490960121154785e-01,1.271610409021377563e-01,7.102296948432922363e-01,2.110546493530273438e+01,3.914294242858886719e-01,inf,inf,7.590869069099426270e-02,inf,4.138488769531250000e-01,inf,9.270601000000000000e+06,8.120689988136291504e-01,1.571751013398170471e-02,inf,1.171486700000000000e+07,4.806774854660034180e-02,6.420998573303222656e-01,inf,6.779564619064331055e-01,3.543117200000000000e+07
inf,inf,2.272842377424240112e-01,inf,3.954628705978393555e+00,inf,inf,1.618988000000000000e+07,inf,inf,inf,inf,inf,inf,inf,9.226311683654785156e+00,inf,6.862459331750869751e-02,inf,inf,inf,inf,inf,inf,inf,inf,inf,inf,5.507637262344360352e-01,inf,2.995019912719726562e+00,inf,inf,inf,inf,inf,inf,inf,inf,1.009201600000000000e+07,inf,3.749668300151824951e-01,inf,9.897489000000000000e+06,1.137206400000000000e+07,1.444087982177734375e+02,inf,inf,3.641300000000000000e+07
inf,inf,4.898889660835266113e-01,inf,inf,inf,inf,1.500473900000000000e+07,inf,inf,inf,inf,inf,inf,inf,5.760404586791992188e+01,inf,1.252791700000000000e+07,inf,inf,inf,inf,inf,inf,inf,inf,inf,inf,7.160456776618957520e-01,inf,4.140787124633789062e+00,inf,inf,inf,inf,inf,inf,inf,inf,1.998709200000000000e+07,inf,1.255283594131469727e+00,inf,1.016386100000000000e+07,1.262173800000000000e+07,inf,inf,inf,3.600555200000000000e+07
7.044330835342407227e-01,inf,2.467020034790039062e+00,1.549678444862365723e+00,7.396844625473022461e-01,5.079241394996643066e-01,4.308649003505706787e-01,1.213615800000000000e+07,inf,inf,inf,inf,1.534686535596847534e-01,inf,inf,7.250775694847106934e-01,6.964500546455383301e-01,1.059516100000000000e+07,inf,inf,inf,inf,inf,1.143209075927734375e+01,1.255147266387939453e+01,inf,inf,2.529998421669006348e-01,1.978715658187866211e+00,inf,5.512547492980957031e+00,inf,inf,inf,inf,inf,inf,3.947866857051849365e-01,inf,9.096464000000000000e+06,inf,1.331801295280456543e+00,inf,8.668902000000000000e+06,6.272614002227783203e-01,3.772567749023437500e+01,inf,4.374173283576965332e-01,3.506510400000000000e+07
5.652803778648376465e-01,inf,2.098951935768127441e-01,6.796594262123107910e-01,6.422055363655090332e-01,2.308948338031768799e-01,1.329590916633605957e+00,4.141381084918975830e-01,7.258155345916748047e-01,1.257567367553710938e+02,2.306389236450195312e+01,7.047529220581054688e-01,inf,6.532464027404785156e-01,inf,3.793444633483886719e+00,6.681560277938842773e-01,9.701382000000000000e+06,1.863756924867630005e-01,2.594876587390899658e-01,1.265982985496520996e-01,6.239337921142578125e-01,7.536448240280151367e-01,1.127605080604553223e+00,4.133509635925292969e+00,1.377779152244329453e-02,4.946990609169006348e-01,6.183509826660156250e-01,2.796255946159362793e-01,4.572887420654296875e-01,3.295864164829254150e-01,6.769792556762695312e+00,1.309969574213027954e-01,inf,4.904985725879669189e-01,7.848768830299377441e-01,4.894881546497344971e-01,2.466840855777263641e-02,7.332667112350463867e-01,8.851508000000000000e+06,4.686495661735534668e-01,6.945066452026367188e-01,inf,1.148245500000000000e+07,5.845211446285247803e-02,4.568847715854644775e-01,6.749985814094543457e-01,2.100085616111755371e-01,5.350527763366699219e-01
4.905697107315063477e-01,6.556649804115295410e-01,1.570583432912826538e-01,1.818440198898315430e+00,1.850939691066741943e-01,5.659075453877449036e-02,2.990679740905761719e+00,7.842246294021606445e-01,1.618973463773727417e-01,7.936203479766845703e-01,3.935789763927459717e-01,1.747412383556365967e-01,3.577094674110412598e-01,1.607754528522491455e-01,7.370802760124206543e-01,3.616931676864624023e+00,4.081673324108123779e-01,2.816158533096313477e-01,5.676899552345275879e-01,7.522389888763427734e-01,4.987194240093231201e-01,6.374486684799194336e-01,3.340140879154205322e-01,2.640362262725830078e+00,inf,9.524272680282592773e-01,5.881000161170959473e-01,2.033613622188568115e-01,5.231831222772598267e-02,4.321307539939880371e-01,8.905065655708312988e-01,7.534524202346801758e-01,4.832392930984497070e-01,inf,inf,4.175509810447692871e-01,5.713995695114135742e-01,4.987227320671081543e-01,inf,7.131899595260620117e-01,1.270865797996520996e+00,3.071767985820770264e-01,1.062147140502929688e+01,7.891586422920227051e-01,1.215320155024528503e-01,7.123028635978698730e-01,3.233588635921478271e-01,1.012968085706233978e-02,3.486128800000000000e+07
6.254354715347290039e-01,inf,4.173464775085449219e-01,1.428777694702148438e+00,6.429327726364135742e-01,1.696430295705795288e-01,4.934356808662414551e-01,4.163644313812255859e-01,2.062937915325164795e-01,inf,3.849704360961914062e+01,1.872844249010086060e-01,inf,1.820591211318969727e+00,inf,3.098886966705322266e+00,5.318270921707153320e-01,2.224754095077514648e-01,2.941766977310180664e-01,7.500194311141967773e-01,inf,5.907281041145324707e-01,4.538727998733520508e-01,2.115999937057495117e+00,1.419460868835449219e+01,9.645596146583557129e-01,5.744385719299316406e-01,4.296742081642150879e-01,1.118939518928527832e-01,3.260568380355834961e-01,3.859350085258483887e-01,4.771199798583984375e+01,9.150797724723815918e-01,7.480893731117248535e-01,8.525876998901367188e-01,5.985822677612304688e-01,inf,1.051235795021057129e-01,inf,1.980625200000000000e+07,2.134258672595024109e-02,5.688738226890563965e-01,4.287152290344238281e-01,6.790365000000000000e+06,3.864409625530242920e-01,6.333298873901367188e+01,2.208836972713470459e-01,3.683003485202789307e-01,3.575544800000000000e+07
4.757299125194549561e-01,inf,1.122724488377571106e-01,7.455933690071105957e-01,1.138326972723007202e-01,6.897848844528198242e-02,6.528437733650207520e-01,1.150645600000000000e+07,1.006411910057067871e-01,inf,1.297364532947540283e-01,2.839937210083007812e-01,2.723812162876129150e-01,inf,inf,1.190738916397094727e+00,4.391549229621887207e-01,2.345619797706604004e-01,1.490827947854995728e-01,6.985589861869812012e-01,inf,1.970607638359069824e-01,3.527304530143737793e-01,5.199686884880065918e-01,4.855472743511199951e-01,7.807027101516723633e-01,1.122725233435630798e-01,4.830422997474670410e-01,2.071236371994018555e-01,2.636534273624420166e-01,2.049283832311630249e-01,2.380176353454589844e+01,5.214347839355468750e-01,inf,inf,3.334119319915771484e-01,6.113461852073669434e-01,1.423675119876861572e-01,inf,2.168357600000000000e+07,4.142480492591857910e-01,5.171349644660949707e-01,inf,8.537917000000000000e+06,5.606943368911743164e-02,7.274375557899475098e-01,7.754296064376831055e-01,1.214447170495986938e-01,2.029702400000000000e+07
inf,inf,3.221467137336730957e-02,inf,1.942643970251083374e-01,inf,inf,6.990727782249450684e-01,5.012797936797142029e-02,inf,inf,inf,inf,1.616652905941009521e-01,inf,4.573069572448730469e+00,inf,4.266212880611419678e-01,inf,inf,inf,inf,inf,inf,inf,inf,1.475966274738311768e-01,inf,1.903876662254333496e-01,inf,2.694988489151000977e+00,inf,inf,inf,6.265494823455810547e-01,inf,2.823304831981658936e-01,inf,inf,1.079789400000000000e+07,6.501212716102600098e-01,3.957189321517944336e-01,inf,8.098103000000000000e+06,1.225479000000000000e+07,inf,inf,inf,3.640746400000000000e+07
inf,inf,7.762930393218994141e-01,2.021587371826171875e+02,inf,inf,inf,1.259545700000000000e+07,inf,inf,inf,inf,inf,inf,inf,1.622733116149902344e+01,inf,1.132252000000000000e+07,inf,inf,inf,inf,inf,inf,inf,inf,inf,inf,1.010185599327087402e+00,inf,3.311970472335815430e+00,inf,inf,inf,inf,inf,inf,inf,inf,2.011803600000000000e+07,inf,1.352292746305465698e-01,inf,7.865023000000000000e+06,1.655497900000000000e+07,inf,inf,inf,3.605790400000000000e+07
6.929079294204711914e-01,inf,1.365361571311950684e+00,1.323496699333190918e+00,7.670560479164123535e-02,5.063022971153259277e-01,4.605081677436828613e-01,1.295932000000000000e+07,3.623186945915222168e-01,4.138463973999023438e+01,3.415286839008331299e-01,6.133090257644653320e-01,4.828743040561676025e-01,inf,inf,7.433755993843078613e-01,7.203870415687561035e-01,1.187590500000000000e+07,8.236384019255638123e-03,1.008022800087928772e-01,inf,3.435960114002227783e-01,6.250147223472595215e-01,3.434524834156036377e-01,9.067386627197265625e+00,inf,inf,6.457826495170593262e-01,2.055888891220092773e+00,5.484501123428344727e-01,2.473137825727462769e-01,1.112923622131347656e+01,inf,inf,inf,7.081850767135620117e-01,inf,4.129260778427124023e-01,inf,9.005249000000000000e+06,inf,2.024860233068466187e-01,inf,8.339132000000000000e+06,5.630559921264648438e-01,7.039389610290527344e-01,9.457889944314956665e-02,6.781119704246520996e-01,3.564260800000000000e+07
2.854633927345275879e-01,inf,2.748155295848846436e-01,6.711488962173461914e-01,1.852734535932540894e-01,8.829655498266220093e-02,2.688792228698730469e+00,1.251282600000000000e+07,inf,inf,3.605660629272460938e+01,8.512518554925918579e-02,inf,inf,inf,6.134303569793701172e+00,5.021311044692993164e-01,3.538250029087066650e-01,6.093778610229492188e-01,1.145610094070434570e+00,4.832352101802825928e-01,3.575580418109893799e-01,1.522437781095504761e-01,4.135509490966796875e+00,1.159835433959960938e+01,inf,inf,8.213295340538024902e-01,2.659172415733337402e-01,5.418505668640136719e-01,1.016870737075805664e+00,3.208549880981445312e+01,inf,inf,inf,1.738288253545761108e-01,inf,4.788734763860702515e-02,7.465065717697143555e-01,9.129758000000000000e+06,inf,3.781226873397827148e-01,inf,7.424708000000000000e+06,9.979441165924072266e-01,2.572764015197753906e+01,1.242862343788146973e+00,3.140465915203094482e-02,5.083783268928527832e-01
3.699481487274169922e-01,6.139970421791076660e-01,2.907029390335083008e-01,9.894852638244628906e-01,1.267937660217285156e+00,1.695886254310607910e-01,5.832797884941101074e-01,5.872768759727478027e-01,5.157599449157714844e-01,8.129312992095947266e-01,2.451555430889129639e-01,5.128667950630187988e-01,3.783610165119171143e-01,3.962450027465820312e-01,7.777146100997924805e-01,6.603704452514648438e+00,6.600728631019592285e-01,2.494684904813766479e-01,1.247739046812057495e-02,9.474450349807739258e-01,4.276049137115478516e-01,3.512720465660095215e-01,inf,2.511547088623046875e+00,1.268654155731201172e+01,inf,7.448217868804931641e-01,1.784836798906326294e-01,1.449277400970458984e-01,6.004641056060791016e-01,6.487460732460021973e-01,8.140735626220703125e-01,5.399755835533142090e-01,inf,inf,6.387817114591598511e-02,4.719195067882537842e-01,4.727674275636672974e-02,inf,8.007938265800476074e-01,5.299624204635620117e-01,2.828857600688934326e-01,inf,7.614390254020690918e-01,2.884486317634582520e-02,4.406261742115020752e-01,1.014633297920227051e+00,3.064233362674713135e-01,3.480027200000000000e+07
5.457194447517395020e-01,inf,3.628526031970977783e-01,1.568431377410888672e+00,4.491673111915588379e-01,1.537211518734693527e-02,2.279763519763946533e-01,4.643081501126289368e-02,2.203584313392639160e-01,inf,2.535273170471191406e+01,1.859463900327682495e-01,inf,2.740024089813232422e+00,inf,4.045744895935058594e+00,6.848215460777282715e-01,4.072488844394683838e-01,2.108073234558105469e-01,5.733467340469360352e-01,inf,inf,7.257370352745056152e-01,2.050785541534423828e+00,2.171229934692382812e+01,6.354869604110717773e-01,8.406119421124458313e-03,1.207424774765968323e-01,6.414342205971479416e-03,1.736660897731781006e-01,2.022761106491088867e-01,8.095454406738281250e+01,4.496591687202453613e-01,7.425615191459655762e-01,7.871044874191284180e-01,1.976929008960723877e-01,9.437260776758193970e-02,2.903009057044982910e-01,inf,1.934696400000000000e+07,4.082073643803596497e-02,4.933568239212036133e-01,5.136111378669738770e-01,7.968324500000000000e+06,1.576967239379882812e-01,9.583064079284667969e+00,1.261703968048095703e+00,3.521788716316223145e-01,3.257853200000000000e+07
3.943870961666107178e-01,inf,2.154454290866851807e-01,7.163748741149902344e-01,1.042959332466125488e+00,7.671636939048767090e-01,1.332856565713882446e-01,1.627355664968490601e-01,8.737508952617645264e-02,inf,7.252246886491775513e-02,2.030461430549621582e-01,4.419733285903930664e-01,inf,1.175496292114257812e+01,4.867904186248779297e+00,4.983069002628326416e-01,6.718638539314270020e-01,1.826191544532775879e-01,7.684048414230346680e-01,inf,inf,4.322157502174377441e-01,5.909002423286437988e-01,5.320292711257934570e-01,9.116632938385009766e-01,inf,4.748176336288452148e-01,1.382065564393997192e-01,2.097940146923065186e-01,2.102577239274978638e-01,5.042767715454101562e+01,4.389502108097076416e-01,inf,inf,1.014296412467956543e-01,inf,9.123353660106658936e-02,inf,8.601262000000000000e+06,3.148022666573524475e-02,3.131798803806304932e-01,inf,1.123745500000000000e+07,1.598572731018066406e-01,6.893041729927062988e-01,6.602618098258972168e-01,2.563397884368896484e-01,2.584089200000000000e+07
inf,inf,3.386018276214599609e-01,inf,inf,inf,inf,1.299613000000000000e+07,inf,inf,inf,1.297395229339599609e+01,inf,inf,inf,4.981950283050537109e+00,inf,4.934825897216796875e-01,inf,inf,inf,inf,inf,3.241020996093750000e+03,inf,inf,inf,inf,1.536420136690139771e-01,inf,2.143997669219970703e+00,6.028979110717773438e+01,inf,inf,inf,inf,inf,inf,inf,8.340347500000000000e+06,inf,inf,inf,1.139482500000000000e+07,1.249070400000000000e+07,inf,inf,inf,3.634688800000000000e+07
inf,inf,4.454582214355468750e+00,inf,inf,inf,inf,1.672645000000000000e+07,inf,inf,inf,inf,inf,inf,inf,9.057184219360351562e+00,inf,1.297091600000000000e+07,inf,inf,inf,inf,inf,inf,inf,inf,inf,inf,7.841691970825195312e-01,inf,3.236104011535644531e+00,inf,inf,inf,inf,inf,inf,inf,inf,1.887686800000000000e+07,inf,inf,inf,1.198080500000000000e+07,1.931001600000000000e+07,inf,inf,inf,3.609638800000000000e+07
6.275881528854370117e-01,inf,2.129220247268676758e+00,1.240217089653015137e+00,3.088309168815612793e-01,2.637470066547393799e-01,3.770391047000885010e-01,2.246014400000000000e+07,inf,inf,inf,inf,inf,inf,inf,6.120419979095458984e+00,inf,1.269602300000000000e+07,inf,inf,inf,inf,inf,inf,inf,inf,inf,inf,1.709170579910278320e+00,inf,4.751551628112792969e+00,inf,inf,inf,inf,inf,inf,inf,inf,9.660140000000000000e+06,inf,3.368556213378906250e+01,inf,1.302715000000000000e+07,4.053885340690612793e-01,inf,inf,inf,2.861364400000000000e+07
2.260822504758834839e-01,inf,2.456863403320312500e+00,4.881195545196533203e+00,2.283749341964721680e+00,2.050583600997924805e+00,2.283317089080810547e+00,3.975823149085044861e-02,6.618843674659729004e-01,8.328315734863281250e+01,1.378547668457031250e+01,5.272445678710937500e-01,inf,5.987012386322021484e-01,4.420071411132812500e+01,6.512009501457214355e-01,7.741385698318481445e-01,1.018730500000000000e+07,1.594617068767547607e-01,2.681252360343933105e-01,6.075243949890136719e-01,inf,7.244955897331237793e-01,9.550669789314270020e-01,5.685092926025390625e+00,inf,5.035496950149536133e-01,5.051385164260864258e-01,8.237898349761962891e-01,5.612308979034423828e-01,4.374309480190277100e-01,8.193398475646972656e+00,inf,inf,5.268753170967102051e-01,7.795353531837463379e-01,4.817417860031127930e-01,5.155038833618164062e-01,inf,9.515640000000000000e+06,6.142293810844421387e-01,7.907015085220336914e-01,inf,1.159855900000000000e+07,3.306970000267028809e-01,3.432860970497131348e-01,6.910459995269775391e-01,4.194560050964355469e-01,5.288783907890319824e-01
6.462739706039428711e-01,7.289652824401855469e-01,5.556043982505798340e-01,6.612784862518310547e-01,8.914612531661987305e-01,5.804159492254257202e-02,1.138409137725830078e+00,2.057370000000000000e+07,3.267632424831390381e-01,8.057046532630920410e-01,4.694118201732635498e-01,1.570100486278533936e-01,6.458428502082824707e-01,3.316331803798675537e-01,7.178701758384704590e-01,4.526211261749267578e+00,4.656734466552734375e-01,2.424075901508331299e-01,6.449867486953735352e-01,1.541282773017883301e+00,4.475706517696380615e-01,inf,3.599858582019805908e-01,3.073391675949096680e+00,1.847946739196777344e+01,inf,8.969582617282867432e-03,1.543591260910034180e+00,4.440089762210845947e-01,9.050229787826538086e-01,9.104854464530944824e-01,8.194746375083923340e-01,3.366628587245941162e-01,inf,5.293976068496704102e-01,3.519870042800903320e-01,5.267075896263122559e-01,1.587795615196228027e-01,6.966601610183715820e-01,6.999758481979370117e-01,4.815031528472900391e+00,9.425884485244750977e-02,inf,4.873037040233612061e-01,4.999490454792976379e-02,6.422147750854492188e-01,1.650012433528900146e-01,1.832646012306213379e+00,3.491983200000000000e+07
6.855059862136840820e-01,inf,4.558293521404266357e-01,1.832130432128906250e+00,2.932670712471008301e-01,3.059293925762176514e-01,7.210636883974075317e-02,6.675446629524230957e-01,2.283581048250198364e-01,inf,4.081113052368164062e+01,4.046939015388488770e-01,inf,1.496337413787841797e+00,inf,4.056499481201171875e+00,8.321691155433654785e-01,9.928611665964126587e-02,5.851878784596920013e-03,5.906619429588317871e-01,inf,7.268694639205932617e-01,5.208141207695007324e-01,1.849508166313171387e+00,2.564920616149902344e+01,3.455174565315246582e-01,4.786785244941711426e-01,1.152429103851318359e+00,5.466255545616149902e-02,3.458880186080932617e-01,5.606978535652160645e-01,inf,4.492872580885887146e-02,7.799625992774963379e-01,3.753087222576141357e-01,1.757158488035202026e-01,inf,2.890866100788116455e-01,inf,2.204740000000000000e+07,3.196149468421936035e-01,4.155823588371276855e-01,5.260940790176391602e-01,6.001145000000000000e+06,3.319386541843414307e-01,1.901241683959960938e+01,1.626621335744857788e-01,7.087357640266418457e-01,3.358503200000000000e+07
4.637923836708068848e-01,inf,5.365198850631713867e-01,2.956078946590423584e-01,6.333789229393005371e-01,7.170868664979934692e-02,1.880494952201843262e-01,8.282533884048461914e-01,6.597447395324707031e-02,inf,3.100715279579162598e-01,1.540167182683944702e-01,5.858489871025085449e-01,inf,3.802895355224609375e+01,2.868777990341186523e+00,5.625832080841064453e-01,2.245048731565475464e-01,2.246293872594833374e-01,5.765418410301208496e-01,inf,inf,5.489234328269958496e-01,4.657728075981140137e-01,5.454111695289611816e-01,1.502469420433044434e+00,2.997305691242218018e-01,5.287834405899047852e-01,1.377603411674499512e-01,5.496971011161804199e-01,3.073791787028312683e-02,4.962804031372070312e+01,4.179795086383819580e-01,inf,inf,2.711828351020812988e-01,5.093767642974853516e-01,1.766594648361206055e-01,inf,2.367449600000000000e+07,5.933318138122558594e-01,1.998228430747985840e-01,inf,1.398644100000000000e+07,2.724025547504425049e-01,6.447574496269226074e-01,1.909580230712890625e-01,8.431493043899536133e-01,2.649902800000000000e+07
inf,inf,3.301220238208770752e-01,inf,inf,inf,inf,1.459572500000000000e+07,inf,inf,inf,inf,inf,inf,inf,5.480916500091552734e+00,inf,4.852437078952789307e-01,inf,inf,inf,inf,inf,inf,inf,inf,inf,inf,7.535120844841003418e-01,inf,2.250743150711059570e+00,inf,inf,inf,inf,inf,inf,inf,inf,1.052010100000000000e+07,inf,3.322514891624450684e-01,inf,1.077408400000000000e+07,1.165353800000000000e+07,inf,inf,inf,3.637408800000000000e+07
inf,inf,3.628841042518615723e-02,inf,8.951500854492187500e+02,1.308798044919967651e-01,inf,8.576883000000000000e+06,inf,inf,inf,3.193671035766601562e+01,inf,inf,inf,4.859313488006591797e+00,inf,1.082835300000000000e+07,inf,inf,inf,inf,inf,inf,inf,inf,inf,inf,1.376551032066345215e+00,inf,2.765422582626342773e+00,inf,inf,inf,inf,inf,inf,inf,inf,2.415125200000000000e+07,inf,1.037475615739822388e-01,inf,1.056993500000000000e+07,1.149664600000000000e+07,5.474859619140625000e+02,inf,inf,3.609003600000000000e+07
6.920407414436340332e-01,inf,5.907724499702453613e-01,1.410443186759948730e-01,5.797823667526245117e-01,1.783881306648254395e+00,5.139362215995788574e-01,1.672550141811370850e-01,5.788543224334716797e-01,inf,2.542224526405334473e-01,6.330221295356750488e-01,4.921852350234985352e-01,1.892443895339965820e-01,8.278157234191894531e+00,8.203009963035583496e-01,7.732467055320739746e-01,1.106190800000000000e+07,1.861405521631240845e-01,inf,inf,inf,7.352467179298400879e-01,2.712977528572082520e-01,1.361957645416259766e+01,inf,1.954302042722702026e-01,6.314072012901306152e-01,2.992451906204223633e+00,4.937517046928405762e-01,1.947685778141021729e-01,1.301195240020751953e+01,inf,inf,inf,6.893866062164306641e-01,2.747595310211181641e-01,inf,inf,9.689665000000000000e+06,1.365764141082763672e-01,2.643341720104217529e-01,inf,9.090729000000000000e+06,6.651908159255981445e-01,5.890781879425048828e-01,5.864920020103454590e-01,9.176021814346313477e-01,2.768800800000000000e+07
5.244224071502685547e-01,inf,3.215978443622589111e-01,6.840538382530212402e-01,8.185009956359863281e-01,9.097956120967864990e-02,2.829430580139160156e+00,6.400828361511230469e-01,5.301140993833541870e-02,inf,2.296589660644531250e+01,1.246901974081993103e-01,inf,3.259162306785583496e-01,2.067903594970703125e+02,4.408965110778808594e+00,6.184529066085815430e-01,2.007334232330322266e-01,6.270251274108886719e-01,inf,5.881302356719970703e-01,inf,4.402030706405639648e-01,6.082612991333007812e+00,1.110612487792968750e+01,1.582220047712326050e-01,1.619587391614913940e-01,5.053407549858093262e-01,7.630691528320312500e-01,3.516342043876647949e-01,3.040175735950469971e-01,2.351828765869140625e+01,1.223929226398468018e-02,inf,7.661572694778442383e-01,5.474210716784000397e-03,2.604870796203613281e-01,6.339184641838073730e-01,7.786115407943725586e-01,2.276533600000000000e+07,4.423751831054687500e-01,2.495711483061313629e-02,inf,9.959855000000000000e+06,9.240434169769287109e-01,1.386381072998046875e+02,6.759387850761413574e-01,6.049814820289611816e-01,6.892417073249816895e-01
5.515631437301635742e-01,5.683377385139465332e-01,5.577285289764404297e-01,2.169514894485473633e+00,1.281385064125061035e+00,3.004030287265777588e-01,5.428042411804199219e-01,2.278249412775039673e-01,3.389036357402801514e-01,8.512998819351196289e-01,2.352246940135955811e-01,1.219268669956363738e-04,5.206444859504699707e-01,3.787226974964141846e-02,7.969070076942443848e-01,4.581084728240966797e+00,6.819347739219665527e-01,5.453062057495117188e-01,1.484660059213638306e-01,inf,4.231624901294708252e-01,inf,4.546852707862854004e-01,3.094253063201904297e+00,1.376728153228759766e+01,1.179875493049621582e+00,4.279903471469879150e-01,2.506678700447082520e-01,5.447291731834411621e-01,6.341212391853332520e-01,6.845802068710327148e-01,8.195497393608093262e-01,8.385395258665084839e-02,inf,inf,3.410899341106414795e-01,2.678650617599487305e-01,5.960511043667793274e-02,inf,7.475877404212951660e-01,3.031376050785183907e-03,9.741244465112686157e-02,inf,7.208337783813476562e-01,7.464469969272613525e-02,1.383486539125442505e-01,4.653425514698028564e-02,3.587374687194824219e-01,3.532520800000000000e+07
5.998054742813110352e-01,inf,4.910674095153808594e-01,7.640015482902526855e-01,4.928506314754486084e-01,3.049364089965820312e-01,inf,3.161552548408508301e-01,9.573637694120407104e-02,inf,2.988222694396972656e+01,2.166226804256439209e-01,inf,3.335223913192749023e+00,inf,6.070717334747314453e+00,5.867457389831542969e-01,1.080937609076499939e-01,1.517979353666305542e-01,5.835204124450683594e-01,inf,5.617065429687500000e-01,5.190947055816650391e-01,3.152812719345092773e+00,2.119443511962890625e+01,2.046745777130126953e+00,5.196909308433532715e-01,3.310965597629547119e-01,9.167397767305374146e-02,1.539549946784973145e+00,4.392660409212112427e-02,inf,5.763394832611083984e-01,7.399029731750488281e-01,6.146356463432312012e-01,3.833269178867340088e-01,inf,2.483005076646804810e-02,inf,2.258637200000000000e+07,4.412053525447845459e-02,5.022307857871055603e-02,5.174355506896972656e-01,7.886353500000000000e+06,4.248726740479469299e-02,1.207798194885253906e+01,3.752337098121643066e-01,8.002312779426574707e-01,3.377095600000000000e+07
3.690690100193023682e-01,inf,1.161855235695838928e-01,7.523300051689147949e-01,1.138292193412780762e+00,1.321359872817993164e-01,3.306133151054382324e-01,3.345443308353424072e-01,5.422840714454650879e-01,inf,3.745038807392120361e-02,1.177189499139785767e-01,4.596569836139678955e-01,inf,inf,2.870119810104370117e-01,4.105280041694641113e-01,6.628417968750000000e-02,2.275226265192031860e-01,inf,inf,inf,3.175398111343383789e-01,5.529283881187438965e-01,6.284237504005432129e-01,1.814352631568908691e+00,4.983675777912139893e-01,inf,2.696579098701477051e-01,3.921396434307098389e-01,1.052015125751495361e-01,9.335770606994628906e+00,2.679363787174224854e-01,inf,inf,3.630201220512390137e-01,9.517811536788940430e-01,6.884150207042694092e-02,inf,2.418065200000000000e+07,1.052182018756866455e-01,2.149444222450256348e-01,inf,8.271947500000000000e+06,2.826484441757202148e-01,6.221018433570861816e-01,8.401385694742202759e-02,1.291094273328781128e-01,2.658488800000000000e+07
inf,inf,4.095153808593750000e-01,inf,inf,inf,inf,1.059442900000000000e+07,inf,inf,inf,inf,inf,inf,inf,3.835696935653686523e+00,inf,7.841214537620544434e-01,inf,inf,inf,inf,inf,inf,inf,inf,inf,inf,4.694942757487297058e-02,inf,1.570332765579223633e+00,inf,inf,inf,inf,inf,inf,inf,inf,1.968626800000000000e+07,inf,1.828292757272720337e-01,inf,8.183952000000000000e+06,1.105555400000000000e+07,inf,inf,inf,3.644359200000000000e+07
inf,inf,5.163152217864990234e-01,inf,inf,3.988650441169738770e-02,inf,1.139784800000000000e+07,inf,inf,inf,inf,inf,inf,inf,5.634960651397705078e+00,inf,1.420243200000000000e+07,inf,inf,inf,inf,inf,inf,inf,inf,inf,1.673079878091812134e-01,4.086878299713134766e-01,inf,2.304273128509521484e+00,inf,inf,inf,inf,inf,inf,inf,inf,2.448131600000000000e+07,inf,1.426260471343994141e-01,inf,1.134471400000000000e+07,1.252951500000000000e+07,1.127294769287109375e+02,inf,inf,3.608006000000000000e+07
7.254744768142700195e-01,inf,5.865980386734008789e-01,1.395208537578582764e-01,1.888282150030136108e-01,1.043017268180847168e+00,4.697459936141967773e-01,1.297734100000000000e+07,5.293645858764648438e-01,2.229839172363281250e+02,9.821092337369918823e-02,5.747637152671813965e-01,4.911175966262817383e-01,1.731663197278976440e-01,2.825239372253417969e+01,7.791107296943664551e-01,6.912950277328491211e-01,1.237291700000000000e+07,1.170108169317245483e-01,inf,inf,inf,7.038058042526245117e-01,7.100689411163330078e-01,1.190268230438232422e+01,inf,2.330958396196365356e-01,2.318857610225677490e-01,1.159960031509399414e+00,4.513798356056213379e-01,3.304441571235656738e-01,1.895831298828125000e+01,inf,inf,4.051130712032318115e-01,4.393163621425628662e-01,2.218556106090545654e-01,3.111268877983093262e-01,inf,2.003529600000000000e+07,3.728997409343719482e-01,4.253160953521728516e-01,inf,1.124260100000000000e+07,6.202248930931091309e-01,5.527542233467102051e-01,5.644051432609558105e-01,8.000283837318420410e-01,2.791198000000000000e+07
5.978791713714599609e-01,inf,1.965909600257873535e-01,3.624995946884155273e-01,1.608207821846008301e+00,2.451449260115623474e-02,1.563899040222167969e+00,7.244871258735656738e-01,5.491059646010398865e-02,inf,3.069726562500000000e+01,2.506251931190490723e-01,inf,2.054316401481628418e-01,inf,9.593220710754394531e+00,6.113636493682861328e-01,2.094009667634963989e-01,6.056022047996520996e-01,inf,5.191158652305603027e-01,inf,3.267094194889068604e-01,6.202089309692382812e+00,1.493802261352539062e+01,1.057685315608978271e-01,inf,1.376693606376647949e+00,6.261002272367477417e-02,1.286694854497909546e-01,7.698490619659423828e-01,3.046842575073242188e+01,3.562303185462951660e-01,inf,4.806752204895019531e-01,2.608972489833831787e-01,3.222889006137847900e-01,5.305885076522827148e-01,6.324375271797180176e-01,1.646838900000000000e+07,4.637381136417388916e-01,1.805984228849411011e-01,inf,7.834972500000000000e+06,2.644309997558593750e-01,7.289211273193359375e+01,2.528686523437500000e-01,7.516223192214965820e-01,5.746397376060485840e-01
3.557127118110656738e-01,7.256909012794494629e-01,3.780520856380462646e-01,3.947746753692626953e+00,1.774420775473117828e-02,1.338773965835571289e-01,inf,3.257749974727630615e-01,1.901920288801193237e-01,8.548594117164611816e-01,2.552175819873809814e-01,1.115798279643058777e-01,5.407321453094482422e-01,1.849723011255264282e-01,5.108385682106018066e-01,3.532181024551391602e+00,4.938955008983612061e-01,3.215716481208801270e-01,2.911953628063201904e-01,inf,3.950301110744476318e-01,inf,4.855273962020874023e-01,1.926049470901489258e+00,inf,1.389840722084045410e+00,6.767625212669372559e-01,2.809512913227081299e-01,6.989177316427230835e-02,1.819781363010406494e-01,3.717810660600662231e-02,8.465558886528015137e-01,5.256890058517456055e-01,inf,inf,3.022100031375885010e-01,3.916421830654144287e-01,6.499871611595153809e-02,inf,5.079900622367858887e-01,4.783172607421875000e-01,8.466521650552749634e-02,inf,6.075316071510314941e-01,1.475007086992263794e-01,4.937885999679565430e-01,3.411474823951721191e-01,7.043915390968322754e-01,3.538953600000000000e+07
7.241638898849487305e-01,inf,3.744662106037139893e-01,6.561357975006103516e-01,5.211356282234191895e-01,1.455323491245508194e-02,5.179743766784667969e-01,3.362255394458770752e-01,6.110800057649612427e-02,inf,3.984986877441406250e+01,4.860438704490661621e-01,inf,1.873848199844360352e+00,inf,3.258704662322998047e+00,6.009904742240905762e-01,5.156029462814331055e-01,4.518119990825653076e-01,6.993637084960937500e-01,inf,7.765569686889648438e-01,5.025190114974975586e-01,2.137910604476928711e+00,7.757850170135498047e+00,1.469189047813415527e+00,9.829750061035156250e-01,4.052066802978515625e-01,1.401485502719879150e-01,3.124837279319763184e-01,6.092271953821182251e-02,inf,4.072491824626922607e-01,8.420459628105163574e-01,6.222584247589111328e-01,4.011162519454956055e-01,inf,1.017467603087425232e-01,inf,2.311965600000000000e+07,3.482648134231567383e-01,6.098490580916404724e-02,4.706010520458221436e-01,5.769786000000000000e+06,4.936735033988952637e-01,5.062395858764648438e+01,1.838900744915008545e-01,6.306605935096740723e-01,3.567861600000000000e+07
4.845172166824340820e-01,inf,8.046293258666992188e-02,7.193708419799804688e-01,5.757616162300109863e-01,1.741816252470016479e-01,1.325462460517883301e-01,4.275538027286529541e-01,7.354383170604705811e-02,inf,2.734923958778381348e-01,2.002212917432188988e-03,6.244356632232666016e-01,inf,4.321285247802734375e+00,3.804165720939636230e-01,3.427608609199523926e-01,1.727163791656494141e-01,1.893530786037445068e-01,inf,inf,inf,3.130555748939514160e-01,6.485810279846191406e-01,5.555136203765869141e-01,3.486682653427124023e+00,7.012363672256469727e-01,inf,3.532058745622634888e-02,1.174388155341148376e-01,1.478633284568786621e-01,1.142349624633789062e+01,8.034735918045043945e-02,inf,inf,1.720483005046844482e-01,5.406984090805053711e-01,1.310397833585739136e-01,inf,2.414234800000000000e+07,4.924762994050979614e-03,3.015912175178527832e-01,inf,1.308215300000000000e+07,2.057674527168273926e-01,6.775963306427001953e-01,2.901810109615325928e-01,3.044694662094116211e-01,2.291699200000000000e+07
inf,inf,1.922828853130340576e-01,inf,3.586943149566650391e-01,inf,inf,2.116627600000000000e+07,inf,inf,inf,inf,inf,inf,inf,2.443770885467529297e+00,inf,8.378276228904724121e-01,inf,inf,inf,inf,inf,inf,inf,inf,inf,inf,1.655639708042144775e-01,inf,2.199777126312255859e+00,inf,inf,inf,inf,inf,inf,inf,inf,2.329796400000000000e+07,inf,1.158054351806640625e+00,inf,1.270697400000000000e+07,1.095958400000000000e+07,inf,inf,inf,3.642593600000000000e+07
inf,inf,4.623838365077972412e-01,inf,inf,2.626532316207885742e-01,inf,2.278237600000000000e+07,inf,inf,inf,inf,inf,inf,inf,1.149304962158203125e+01,inf,1.327738500000000000e+07,inf,inf,inf,inf,inf,inf,inf,inf,inf,inf,2.946014106273651123e-01,inf,2.837727785110473633e+00,inf,inf,inf,inf,inf,inf,inf,inf,2.388543600000000000e+07,inf,1.125730276107788086e+00,inf,1.117778700000000000e+07,1.399822100000000000e+07,inf,inf,inf,3.608011200000000000e+07
7.448967695236206055e-01,inf,1.505769014358520508e+00,1.217015385627746582e+00,1.110165357589721680e+00,9.227035045623779297e-01,4.686638116836547852e-01,7.874812930822372437e-02,5.833534002304077148e-01,inf,7.712580263614654541e-02,7.109203338623046875e-01,4.202263653278350830e-01,2.665727138519287109e-01,9.978888511657714844e+00,8.600234389305114746e-01,5.895965695381164551e-01,1.229642400000000000e+07,1.554986685514450073e-01,inf,inf,inf,6.585056781768798828e-01,5.032023191452026367e-01,9.986861228942871094e+00,inf,inf,inf,1.669621467590332031e+00,4.728218019008636475e-01,2.956760525703430176e-01,inf,inf,inf,7.075973600149154663e-02,6.433821916580200195e-01,1.129915863275527954e-01,1.746339946985244751e-01,inf,1.493363300000000000e+07,2.863426692783832550e-02,6.656943559646606445e-01,inf,1.197652700000000000e+07,7.244411110877990723e-01,5.894331336021423340e-01,7.050660848617553711e-01,8.449715375900268555e-01,3.279659200000000000e+07
3.396638631820678711e-01,inf,3.643344342708587646e-01,6.002320051193237305e-01,1.380348857492208481e-02,1.608875840902328491e-01,1.450417280197143555e+00,2.130493200000000000e+07,1.145301386713981628e-02,inf,3.446949768066406250e+01,5.556359887123107910e-02,inf,2.593431472778320312e-01,inf,7.798258781433105469e+00,3.006173372268676758e-01,2.904267311096191406e-01,6.806195974349975586e-01,inf,6.379971504211425781e-01,inf,1.515852212905883789e-01,4.602041244506835938e+00,1.648258781433105469e+01,2.840831577777862549e-01,inf,7.317105531692504883e-01,1.756783723831176758e-01,4.802013561129570007e-02,6.854891180992126465e-01,5.233251094818115234e+00,2.384042143821716309e-01,inf,1.028752997517585754e-01,1.863711476325988770e-01,4.006793498992919922e-01,8.875760436058044434e-02,7.399696707725524902e-01,1.184697200000000000e+07,5.054914951324462891e-01,1.055528044700622559e+00,inf,1.054571300000000000e+07,2.079341411590576172e-01,3.225271224975585938e+01,2.901045083999633789e-01,7.720280289649963379e-01,5.937899351119995117e-01
4.101379215717315674e-01,6.542314887046813965e-01,4.636640846729278564e-02,9.616121649742126465e-01,1.027019739151000977e+00,4.762539565563201904e-01,3.771112263202667236e-01,1.717170923948287964e-01,3.411279246211051941e-02,8.541021347045898438e-01,1.738960593938827515e-01,5.304589271545410156e-01,6.750518083572387695e-01,1.995111405849456787e-01,4.866078794002532959e-01,3.833342790603637695e+00,2.814170420169830322e-01,4.766025245189666748e-01,1.035535056143999100e-02,inf,4.167781770229339600e-01,inf,3.282116949558258057e-01,3.039865493774414062e+00,3.251948165893554688e+01,1.623903274536132812e+00,9.561080932617187500e-01,1.985091567039489746e-01,1.521221846342086792e-01,1.159315258264541626e-01,2.745838165283203125e-01,8.466182351112365723e-01,4.597013592720031738e-01,inf,inf,2.212714701890945435e-01,4.651070535182952881e-01,3.849769532680511475e-01,inf,5.039560198783874512e-01,4.085231125354766846e-01,1.605760306119918823e-01,inf,4.728526771068572998e-01,2.644869685173034668e-01,4.123598933219909668e-01,3.938896358013153076e-01,7.073590159416198730e-01,3.528421600000000000e+07
7.374410033226013184e-01,inf,5.092025995254516602e-01,1.047594189643859863e+00,7.458768486976623535e-01,2.874628901481628418e-01,3.207106590270996094e-01,2.822555601596832275e-01,1.386577486991882324e-01,inf,2.523713302612304688e+01,4.827174842357635498e-01,inf,2.105869293212890625e+00,inf,4.254127025604248047e+00,5.893377661705017090e-01,5.478338003158569336e-01,2.848058044910430908e-01,6.546799540519714355e-01,inf,8.062137961387634277e-01,3.990153670310974121e-01,3.305431365966796875e+00,1.616074180603027344e+01,1.346035957336425781e+00,6.594906449317932129e-01,6.720966696739196777e-01,1.138305291533470154e-01,3.118691034615039825e-02,1.113350912928581238e-01,6.336910629272460938e+01,6.034625172615051270e-01,8.488416075706481934e-01,1.494935005903244019e-01,2.728060781955718994e-01,inf,7.044914364814758301e-02,inf,2.220858400000000000e+07,2.082504928112030029e-01,1.229726523160934448e-01,4.417865276336669922e-01,6.109479000000000000e+06,4.052823185920715332e-01,1.426494445800781250e+02,3.165104091167449951e-01,6.588810682296752930e-01,3.478004000000000000e+07
4.832135140895843506e-01,inf,1.488182246685028076e-01,5.695072412490844727e-01,1.133526444435119629e+00,2.536585927009582520e-01,8.512023836374282837e-02,1.588553637266159058e-01,5.287327244877815247e-02,inf,2.394355833530426025e-01,3.182007074356079102e-01,5.647497773170471191e-01,inf,3.022449684143066406e+01,9.593702554702758789e-01,3.271983265876770020e-01,3.617953136563301086e-02,4.263488948345184326e-02,inf,inf,inf,1.687893569469451904e-01,6.704798340797424316e-01,5.561675429344177246e-01,1.811979413032531738e+00,inf,5.283746123313903809e-01,1.860534586012363434e-02,9.894625842571258545e-02,1.923216104507446289e+00,1.834645652770996094e+01,3.374329507350921631e-01,inf,inf,1.322910040616989136e-01,5.123661160469055176e-01,2.004338651895523071e-01,inf,2.384138400000000000e+07,2.323949635028839111e-01,2.172363102436065674e-01,inf,1.316048500000000000e+07,2.720652818679809570e-01,1.210050955414772034e-01,3.884011879563331604e-02,3.077416718006134033e-01,2.356461200000000000e+07
inf,inf,2.464006841182708740e-01,inf,inf,inf,inf,1.812693600000000000e+07,inf,inf,inf,inf,inf,inf,inf,8.132960319519042969e+00,inf,1.089408636093139648e+00,inf,inf,inf,inf,inf,inf,inf,inf,inf,inf,1.025403961539268494e-01,inf,3.051815986633300781e+00,inf,inf,inf,inf,inf,inf,inf,inf,2.385584800000000000e+07,inf,inf,inf,1.005654500000000000e+07,1.444400600000000000e+07,inf,inf,inf,3.639764000000000000e+07
inf,inf,1.445223927497863770e+00,inf,9.418149948120117188e+00,5.762812495231628418e-02,inf,1.700581200000000000e+07,inf,inf,inf,inf,inf,inf,inf,6.814015388488769531e+00,inf,1.364845200000000000e+07,inf,inf,inf,inf,inf,inf,inf,inf,inf,inf,7.758321762084960938e-01,inf,4.026594161987304688e+00,inf,inf,inf,inf,inf,inf,inf,inf,2.348629200000000000e+07,inf,inf,inf,8.240901500000000000e+06,1.695087200000000000e+07,inf,inf,inf,3.602832800000000000e+07
inf,inf,7.996788620948791504e-01,1.740825057029724121e+00,5.742659568786621094e-01,3.113812208175659180e+00,3.760347068309783936e-01,1.012162446975708008e+00,5.585234761238098145e-01,inf,6.986352801322937012e-01,6.033349633216857910e-01,2.597197890281677246e-01,2.041319310665130615e-01,1.072400665283203125e+01,8.553968071937561035e-01,5.306987166404724121e-01,1.367734100000000000e+07,4.071269631385803223e-01,inf,inf,inf,5.875683426856994629e-01,1.477191567420959473e+00,1.783902931213378906e+01,inf,inf,5.240990519523620605e-01,2.239117622375488281e+00,5.554049015045166016e-01,3.286034166812896729e-01,2.080966567993164062e+01,inf,inf,2.621114626526832581e-02,3.651256263256072998e-01,2.922544181346893311e-01,1.875968128442764282e-01,inf,2.163812800000000000e+07,1.175626143813133240e-01,4.381343722343444824e-01,inf,9.163907000000000000e+06,6.652147769927978516e-01,6.586981415748596191e-01,6.827839612960815430e-01,7.949995994567871094e-01,2.591773200000000000e+07
inf,inf,4.003132879734039307e-01,6.481651067733764648e-01,5.073387026786804199e-01,5.947987083345651627e-03,2.886208057403564453e+00,1.175209700000000000e+07,inf,inf,2.658906173706054688e+01,4.776560887694358826e-02,inf,inf,inf,1.221168708801269531e+01,2.059254497289657593e-01,1.887853890657424927e-01,5.560270547866821289e-01,inf,6.451572179794311523e-01,inf,2.715291678905487061e-01,9.503707885742187500e+00,1.875266647338867188e+01,inf,inf,9.406425952911376953e-01,1.895192861557006836e-01,2.656343281269073486e-01,1.651605963706970215e+00,1.866969871520996094e+01,inf,inf,inf,3.536963164806365967e-01,inf,3.533471822738647461e-01,inf,1.544451500000000000e+07,inf,2.238180339336395264e-01,inf,8.620290000000000000e+06,1.292468905448913574e-01,inf,2.810593247413635254e-01,7.486585974693298340e-01,5.744736790657043457e-01
inf,6.187775135040283203e-01,9.537684917449951172e-02,2.070680618286132812e+00,1.347825646400451660e+00,2.001093029975891113e-01,2.306683957576751709e-01,6.402744054794311523e-01,4.030000865459442139e-01,8.461346626281738281e-01,1.166015639901161194e-01,1.384796202182769775e-01,3.892138004302978516e-01,6.598503589630126953e-01,4.594499766826629639e-01,5.583907604217529297e+00,1.389955729246139526e-01,6.182934641838073730e-01,7.173689603805541992e-01,inf,4.105994105339050293e-01,inf,3.146818280220031738e-01,4.217453002929687500e+00,1.606089019775390625e+01,3.018186986446380615e-01,2.885448038578033447e-01,4.657438695430755615e-01,2.550081014633178711e-01,9.631215035915374756e-02,2.538197040557861328e+00,8.214049935340881348e-01,2.983907163143157959e-01,inf,5.041074156761169434e-01,4.318585246801376343e-02,6.738232970237731934e-01,4.973951578140258789e-01,inf,5.266054868698120117e-01,5.188531875610351562e-01,8.504883199930191040e-02,inf,7.333605289459228516e-01,2.028144598007202148e-01,3.241156041622161865e-01,2.246777713298797607e-01,6.851841211318969727e-01,3.490924800000000000e+07
9.465840458869934082e-01,inf,5.102814435958862305e-01,1.740819692611694336e+00,2.761270701885223389e-01,1.018034517765045166e-01,1.081384941935539246e-01,3.850687742233276367e-01,4.060598462820053101e-02,inf,3.833245086669921875e+01,1.981692910194396973e-01,inf,2.052544116973876953e+00,inf,9.046162605285644531e+00,2.565766274929046631e-01,9.797367453575134277e-02,2.448883950710296631e-01,5.581887960433959961e-01,inf,8.041852712631225586e-01,3.799036145210266113e-01,2.594784736633300781e+00,3.264817428588867188e+01,1.232245326042175293e+00,4.534229278564453125e+00,3.048160374164581299e-01,1.849320977926254272e-01,4.127431809902191162e-01,1.391250044107437134e-01,5.791225051879882812e+01,6.151462197303771973e-01,7.804030776023864746e-01,7.730607390403747559e-01,3.694084584712982178e-01,inf,8.901125192642211914e-02,5.660445690155029297e-01,2.256873600000000000e+07,1.408560574054718018e-01,4.659422859549522400e-02,3.511737883090972900e-01,7.487966000000000000e+06,4.285389780998229980e-01,inf,5.526456050574779510e-03,6.139945387840270996e-01,3.325052400000000000e+07
inf,inf,1.450126618146896362e-01,5.975537300109863281e-01,1.100236415863037109e+00,2.388357073068618774e-01,5.674228072166442871e-01,7.177219986915588379e-01,2.394048124551773071e-01,inf,2.832832634449005127e-01,3.824342489242553711e-01,4.712806046009063721e-01,inf,9.980258941650390625e+00,1.392647862434387207e+00,2.149692922830581665e-02,4.465143978595733643e-01,4.767455905675888062e-02,inf,inf,inf,5.939988419413566589e-02,4.583795666694641113e-01,5.288831591606140137e-01,1.199386358261108398e+00,3.386609077453613281e+00,7.324915379285812378e-02,1.450735330581665039e-01,3.504545986652374268e-01,2.527283132076263428e-01,inf,1.254639923572540283e-01,inf,inf,4.560315236449241638e-02,5.694922804832458496e-01,5.570824146270751953e-01,inf,2.365380800000000000e+07,1.637449711561203003e-01,1.052770465612411499e-01,inf,8.643799000000000000e+06,2.858947515487670898e-01,5.623106956481933594e-01,1.351271271705627441e-01,3.669283986091613770e-01,2.383398400000000000e+07
inf,inf,2.216290831565856934e-01,inf,inf,inf,inf,1.373825800000000000e+07,inf,inf,inf,inf,inf,inf,inf,8.479392051696777344e+00,inf,9.839551448822021484e-01,inf,inf,inf,inf,inf,inf,inf,inf,inf,inf,2.030965089797973633e-01,inf,3.962068080902099609e+00,inf,inf,inf,inf,inf,inf,inf,inf,9.228191000000000000e+06,inf,inf,inf,1.022399800000000000e+07,1.029845600000000000e+07,inf,inf,inf,3.640910400000000000e+07
inf,inf,2.022367268800735474e-01,inf,7.161973953247070312e+00,inf,inf,1.704084000000000000e+07,inf,inf,inf,inf,inf,inf,inf,9.082426071166992188e+00,inf,1.390787600000000000e+07,inf,inf,inf,inf,inf,inf,inf,inf,inf,inf,6.312943696975708008e-01,inf,4.023145675659179688e+00,inf,inf,inf,inf,inf,inf,inf,inf,2.408676400000000000e+07,inf,inf,inf,1.055916300000000000e+07,1.334072400000000000e+07,inf,inf,inf,3.608205200000000000e+07
inf,inf,9.850609302520751953e-01,2.469482421875000000e+00,7.435152530670166016e-01,2.781514823436737061e-01,4.094092547893524170e-01,1.985960000000000000e+07,4.624510109424591064e-01,6.300524139404296875e+01,7.551187872886657715e-01,6.252412796020507812e-01,2.730506658554077148e-01,3.627413809299468994e-01,5.545751571655273438e+00,8.504223823547363281e-01,3.790065944194793701e-01,1.397306900000000000e+07,3.722147345542907715e-01,inf,inf,inf,5.117335915565490723e-01,3.692743539810180664e+00,1.625395965576171875e+01,inf,9.104156494140625000e-01,1.907783001661300659e-01,2.884029626846313477e+00,6.011262536048889160e-01,1.063622832298278809e-01,inf,inf,inf,4.616779386997222900e-01,3.052558898925781250e-01,2.664425671100616455e-01,inf,inf,9.132931000000000000e+06,1.964883953332901001e-01,5.531910657882690430e-01,inf,1.208712000000000000e+07,6.440128087997436523e-01,3.614366948604583740e-01,6.549151539802551270e-01,7.383572459220886230e-01,2.658880000000000000e+07
inf,inf,1.513320207595825195e-01,5.629217028617858887e-01,2.339368104934692383e+00,1.606999635696411133e-01,1.373363137245178223e+00,5.934715270996093750e-01,2.969670891761779785e-01,inf,4.522902679443359375e+01,1.489227116107940674e-01,inf,3.046139478683471680e-01,inf,1.158279800415039062e+01,4.046277105808258057e-01,8.481287956237792969e-02,5.831387042999267578e-01,inf,4.833692610263824463e-01,inf,5.867459811270236969e-03,1.879354858398437500e+01,1.875887870788574219e+01,1.747234724462032318e-02,inf,1.328354477882385254e+00,1.488703787326812744e-01,1.736856400966644287e-01,1.262732386589050293e+00,1.751749038696289062e+01,3.195974603295326233e-02,inf,5.169921517372131348e-01,7.612149417400360107e-02,3.098556399345397949e-01,inf,7.213767766952514648e-01,1.167336500000000000e+07,3.898600935935974121e-01,3.664453029632568359e-01,inf,8.672941000000000000e+06,1.783446371555328369e-01,9.608520507812500000e+01,2.722777724266052246e-01,7.325296998023986816e-01,5.223858356475830078e-01
inf,6.312579512596130371e-01,3.573859035968780518e-01,4.392824172973632812e+00,7.709077596664428711e-01,2.779545187950134277e-01,4.294296801090240479e-01,1.226252436637878418e+00,2.178778052330017090e-01,8.443651199340820312e-01,9.814024716615676880e-02,6.327407062053680420e-02,5.942957401275634766e-01,3.818827569484710693e-01,8.134846687316894531e-01,inf,8.656615391373634338e-03,3.993805646896362305e-01,8.023446202278137207e-01,inf,4.323905706405639648e-01,inf,4.622924923896789551e-01,7.666465759277343750e+00,4.004431533813476562e+01,5.583320260047912598e-01,4.083849191665649414e-01,2.137641757726669312e-01,3.114019334316253662e-01,3.907015919685363770e-02,6.745609045028686523e-01,8.571664094924926758e-01,1.313350498676300049e-01,inf,inf,1.020960807800292969e-01,3.756228089332580566e-01,inf,inf,7.589092850685119629e-01,3.022613823413848877e-01,2.502719871699810028e-03,inf,6.195319890975952148e-01,3.725756704807281494e-01,6.304682493209838867e-01,3.258893191814422607e-01,6.669720411300659180e-01,3.492080000000000000e+07
8.619599342346191406e-01,inf,5.661863088607788086e-01,2.202215194702148438e+00,6.403038501739501953e-01,2.775227129459381104e-01,1.062341332435607910e-01,2.515985369682312012e-01,1.757436394691467285e-01,inf,4.860784912109375000e+01,5.382246375083923340e-01,inf,1.840558767318725586e+00,inf,2.499538660049438477e+00,3.129866719245910645e-01,2.160661071538925171e-01,2.209124863147735596e-01,6.237508654594421387e-01,inf,8.036893010139465332e-01,2.071463316679000854e-01,1.029912567138671875e+01,4.442733001708984375e+01,1.200103282928466797e+01,3.094525098800659180e+00,1.154504776000976562e+00,1.656075119972229004e-01,3.874941468238830566e-01,7.008557319641113281e-01,inf,2.989782094955444336e-01,8.103325963020324707e-01,5.995113253593444824e-01,1.052712947130203247e-01,inf,5.368958115577697754e-01,inf,1.864576400000000000e+07,1.292006522417068481e-01,8.749704062938690186e-02,4.756369292736053467e-01,6.993586000000000000e+06,4.801889657974243164e-01,inf,1.586168259382247925e-01,5.683053731918334961e-01,3.463670400000000000e+07
inf,inf,1.946688294410705566e-01,6.196830868721008301e-01,4.932543933391571045e-01,5.617641285061836243e-02,6.856147646903991699e-01,2.359559386968612671e-01,3.575226962566375732e-01,inf,6.460646986961364746e-01,2.350117862224578857e-01,4.383895993232727051e-01,inf,4.848906993865966797e+00,1.489214134216308594e+01,7.658530026674270630e-02,1.460508853197097778e-01,1.068069264292716980e-01,inf,inf,inf,1.364166885614395142e-01,4.408259987831115723e-01,4.720022976398468018e-01,1.112689524888992310e-01,2.408998250961303711e+00,8.070073127746582031e-01,2.639202475547790527e-01,2.034529298543930054e-01,3.886879086494445801e-01,inf,6.297897547483444214e-02,inf,inf,1.614146381616592407e-01,9.651854634284973145e-02,inf,inf,1.150413900000000000e+07,8.872303366661071777e-02,2.625991106033325195e-01,inf,1.653137200000000000e+07,2.657942771911621094e-01,5.206510424613952637e-01,9.996017813682556152e-02,4.628617316484451294e-03,2.076664400000000000e+07
inf,inf,7.441219687461853027e-02,inf,inf,inf,inf,1.350498900000000000e+07,inf,inf,inf,inf,inf,inf,inf,6.578984737396240234e+00,inf,8.701094985008239746e-01,inf,inf,inf,inf,inf,inf,inf,inf,inf,inf,1.571617200000000000e+07,inf,3.662866830825805664e+00,inf,inf,inf,inf,inf,inf,inf,inf,1.112444100000000000e+07,inf,inf,inf,1.038180900000000000e+07,9.118066000000000000e+06,inf,inf,inf,3.635979600000000000e+07
inf,inf,7.334815263748168945e-01,inf,8.159008026123046875e+00,inf,inf,1.295930600000000000e+07,inf,inf,inf,inf,inf,inf,inf,1.501195144653320312e+01,inf,1.287483900000000000e+07,inf,inf,inf,inf,inf,inf,inf,inf,inf,inf,2.317126691341400146e-01,inf,3.868904829025268555e+00,inf,inf,inf,inf,inf,inf,inf,inf,1.165823300000000000e+07,inf,2.183286285400390625e+01,inf,8.266893000000000000e+06,1.005515500000000000e+07,inf,inf,inf,3.601452800000000000e+07
inf,inf,1.059647202491760254e+00,1.599379897117614746e+00,7.284842133522033691e-01,4.824313521385192871e-01,4.400988817214965820e-01,1.211148500000000000e+07,3.541254401206970215e-01,6.943860626220703125e+01,1.010474562644958496e+00,6.201590299606323242e-01,1.658866405487060547e-01,3.844671547412872314e-01,3.345934152603149414e+00,8.592447638511657715e-01,4.391546845436096191e-01,1.295624400000000000e+07,3.331847488880157471e-01,inf,inf,inf,4.649059772491455078e-01,4.031621932983398438e+00,1.821577262878417969e+01,inf,2.137199163436889648e+00,3.399246931076049805e-01,2.701278924942016602e+00,5.336214900016784668e-01,5.479001998901367188e-01,2.046631622314453125e+01,inf,inf,6.744942665100097656e-01,4.863746166229248047e-01,1.491666734218597412e-01,inf,inf,1.265483300000000000e+07,3.932391107082366943e-01,5.029208660125732422e-01,inf,9.188660000000000000e+06,6.665812730789184570e-01,5.652534961700439453e-01,6.264437437057495117e-01,7.246615290641784668e-01,2.297720000000000000e+07
inf,inf,6.788291968405246735e-03,5.444445610046386719e-01,1.089802503585815430e+00,1.373765468597412109e-01,2.563472509384155273e+00,5.898440256714820862e-03,5.470877289772033691e-01,inf,6.390152359008789062e+01,1.382394284009933472e-01,inf,7.439846545457839966e-02,2.638334655761718750e+01,1.581090736389160156e+01,2.816683351993560791e-01,2.370876669883728027e-01,5.012232065200805664e-01,inf,7.146182060241699219e-01,inf,1.780738979578018188e-01,6.603646874427795410e-01,2.738983154296875000e+01,inf,2.998958587646484375e+00,1.080235362052917480e+00,2.203420996665954590e-01,3.922926783561706543e-01,3.912976264953613281e+00,2.937531852722167969e+01,9.733767807483673096e-02,inf,inf,1.012496128678321838e-01,2.995586097240447998e-01,inf,5.532767176628112793e-01,1.065207100000000000e+07,4.346995055675506592e-01,3.381013274192810059e-01,inf,8.932174000000000000e+06,3.381535112857818604e-01,inf,1.647213995456695557e-01,6.626015305519104004e-01,4.609273672103881836e-01
inf,6.071488857269287109e-01,4.004501551389694214e-02,2.262720346450805664e+00,2.002328634262084961e+00,2.437914311885833740e-01,7.459842562675476074e-01,2.033357918262481689e-01,6.218394041061401367e-01,8.453893661499023438e-01,2.559800446033477783e-01,1.023164242506027222e-01,4.617348015308380127e-01,3.101314008235931396e-01,7.700912356376647949e-01,6.428692340850830078e+00,1.736190468072891235e-01,1.429212093353271484e-01,2.475218772888183594e-01,inf,4.696542620658874512e-01,inf,1.108946278691291809e-01,3.789288759231567383e+00,4.205176925659179688e+01,3.700003921985626221e-01,1.440780758857727051e-01,4.232426583766937256e-01,5.442607998847961426e-01,4.542701318860054016e-02,1.854568719863891602e-01,8.247501850128173828e-01,6.990807056427001953e-01,inf,inf,1.712792515754699707e-01,3.323928713798522949e-01,inf,inf,5.425640940666198730e-01,2.090411633253097534e-02,2.038127928972244263e-01,inf,7.362068891525268555e-01,3.027349114418029785e-01,5.489905476570129395e-01,3.218700587749481201e-01,6.952994465827941895e-01,3.460852800000000000e+07
8.684338331222534180e-01,inf,4.511319398880004883e-01,2.895905256271362305e+00,1.006866455078125000e+00,1.833830624818801880e-01,1.128461807966232300e-01,5.849089622497558594e-01,6.331369876861572266e-01,inf,6.833071136474609375e+01,5.133053660392761230e-01,inf,4.776550769805908203e+00,4.977164459228515625e+01,8.058613777160644531e+00,2.203375995159149170e-01,5.986123904585838318e-02,2.406575977802276611e-01,5.948386788368225098e-01,inf,7.967602014541625977e-01,1.958219259977340698e-01,8.142209053039550781e+00,5.215390777587890625e+01,inf,1.998077630996704102e+00,1.251702159643173218e-01,1.858820170164108276e-01,2.317455708980560303e-01,3.803998827934265137e-01,inf,4.200597703456878662e-01,8.146442174911499023e-01,8.167669773101806641e-01,8.614795655012130737e-02,inf,7.672798037528991699e-01,inf,1.484565600000000000e+07,1.870027482509613037e-01,1.468132250010967255e-02,4.769801795482635498e-01,7.209213000000000000e+06,5.436346530914306641e-01,4.381615829467773438e+01,2.975643426179885864e-02,4.988913834095001221e-01,3.263617200000000000e+07
inf,inf,1.773322820663452148e-01,6.073644757270812988e-01,9.918780326843261719e-01,4.917210042476654053e-01,3.611359298229217529e-01,2.718352079391479492e-01,1.431800276041030884e-01,inf,9.780897498130798340e-01,2.669963240623474121e-01,4.236480891704559326e-01,inf,inf,3.806921720504760742e+00,2.652375698089599609e-01,8.596489578485488892e-02,5.106482654809951782e-02,inf,inf,inf,1.400337517261505127e-01,6.355834603309631348e-01,4.718921482563018799e-01,2.650649845600128174e-01,2.374448537826538086e+00,5.686521902680397034e-02,2.668241560459136963e-01,1.187639683485031128e-01,4.311836361885070801e-01,inf,1.452342607080936432e-02,inf,inf,3.445044532418251038e-02,inf,inf,inf,2.197702800000000000e+07,3.460634499788284302e-02,1.207287758588790894e-01,inf,8.075843500000000000e+06,2.455902099609375000e-01,6.765913367271423340e-01,7.671239972114562988e-02,1.530860923230648041e-02,2.194491200000000000e+07
inf,inf,3.627160936594009399e-02,inf,inf,inf,inf,1.036103800000000000e+07,inf,inf,inf,inf,inf,inf,inf,inf,inf,8.030624985694885254e-01,inf,inf,inf,inf,inf,inf,inf,inf,inf,inf,3.094926476478576660e-01,inf,2.679421901702880859e+00,inf,inf,inf,inf,inf,inf,inf,inf,9.519329000000000000e+06,inf,inf,inf,8.344360000000000000e+06,8.097601000000000000e+06,inf,inf,inf,3.628670000000000000e+07
inf,inf,inf,inf,inf,2.451394796371459961e-01,inf,1.171957700000000000e+07,inf,inf,inf,inf,inf,inf,inf,1.957567811012268066e+00,inf,1.212976800000000000e+07,inf,inf,inf,inf,inf,inf,inf,inf,inf,inf,9.824174046516418457e-01,inf,4.439653396606445312e+00,inf,inf,inf,inf,inf,inf,inf,inf,2.368427200000000000e+07,inf,inf,inf,8.739797000000000000e+06,1.032030200000000000e+07,inf,inf,inf,3.587838800000000000e+07
6.993720531463623047e-01,inf,1.236499026417732239e-01,1.252368807792663574e+00,8.256928324699401855e-01,1.306972861289978027e+00,3.691554069519042969e-01,1.805707200000000000e+07,3.281216919422149658e-01,3.902604293823242188e+01,1.402950644493103027e+00,7.686802744865417480e-01,1.679316163063049316e-01,2.366357594728469849e-01,5.524716377258300781e+00,8.209578990936279297e-01,4.219513833522796631e-01,1.163844700000000000e+07,3.311232626438140869e-01,inf,inf,inf,inf,2.380178213119506836e+00,2.061658668518066406e+01,inf,1.959836363792419434e+00,5.184222459793090820e-01,5.909976005554199219e+00,4.888037741184234619e-01,1.109347939491271973e-01,inf,inf,inf,6.703411042690277100e-02,4.674018621444702148e-01,5.541365742683410645e-01,inf,inf,9.799223000000000000e+06,inf,4.514226913452148438e-01,inf,9.009077000000000000e+06,7.195252180099487305e-01,6.141570806503295898e-01,6.312573552131652832e-01,7.997134327888488770e-01,2.327356800000000000e+07
4.864573478698730469e-01,inf,1.066983640193939209e-01,5.023468732833862305e-01,3.896110534667968750e+00,5.876288190484046936e-02,inf,6.560647487640380859e-01,5.386861562728881836e-01,inf,6.754692077636718750e+01,4.614377021789550781e-01,inf,2.543894648551940918e-01,1.688429260253906250e+01,1.407185459136962891e+01,4.308155477046966553e-01,4.107060432434082031e-01,5.707259178161621094e-01,inf,6.543402075767517090e-01,inf,6.863130331039428711e-01,4.536868095397949219e+00,2.652021598815917969e+01,2.009268850088119507e-01,1.695585489273071289e+00,1.531793713569641113e+00,8.134070783853530884e-02,3.048734739422798157e-02,9.319208264350891113e-01,inf,9.373595565557479858e-02,inf,5.679154992103576660e-01,4.131536185741424561e-02,inf,inf,5.352103710174560547e-01,8.970856000000000000e+06,inf,6.804932355880737305e-01,inf,7.946643000000000000e+06,3.834023475646972656e-01,9.410871887207031250e+01,2.774153947830200195e-01,6.685253381729125977e-01,2.473894506692886353e-01
3.791263401508331299e-01,5.787840485572814941e-01,6.486832350492477417e-02,1.789902448654174805e+00,1.279398560523986816e+00,4.946157038211822510e-01,2.061320841312408447e-01,1.544792890548706055e+00,5.116797089576721191e-01,8.353158831596374512e-01,3.521508574485778809e-01,4.282924234867095947e-01,5.370575785636901855e-01,1.978797614574432373e-01,7.745994925498962402e-01,6.139890193939208984e+00,4.045239090919494629e-01,1.643806844949722290e-01,4.570300877094268799e-01,inf,4.612710177898406982e-01,inf,inf,6.838187694549560547e+00,5.533583831787109375e+01,8.478586077690124512e-01,6.746132671833038330e-02,2.643211930990219116e-02,6.174796223640441895e-01,3.522038459777832031e-01,6.651954650878906250e-01,8.109349608421325684e-01,6.524133682250976562e-01,inf,inf,4.345188289880752563e-02,7.549784183502197266e-01,inf,inf,7.869802117347717285e-01,8.295131921768188477e-01,3.412397205829620361e-01,inf,7.936821579933166504e-01,3.874175846576690674e-01,2.861860692501068115e-01,2.586330473423004150e-01,5.608657598495483398e-01,3.431542400000000000e+07
3.910582661628723145e-01,inf,2.466611415147781372e-01,2.827377319335937500e+00,2.204993009567260742e+00,4.327647984027862549e-01,4.740345776081085205e-01,2.633979618549346924e-01,4.391008317470550537e-01,inf,3.834363174438476562e+01,5.139369368553161621e-01,inf,3.635843992233276367e+00,inf,4.977883338928222656e+00,4.652760028839111328e-01,2.186868572607636452e-03,2.565231323242187500e-01,5.956934690475463867e-01,inf,7.904564738273620605e-01,inf,6.496320724487304688e+00,inf,1.208049058914184570e+00,1.113474249839782715e+00,1.492543220520019531e-01,3.923144340515136719e-01,2.751522958278656006e-01,3.589107096195220947e-01,inf,inf,8.220362663269042969e-01,2.130041420459747314e-01,5.313506349921226501e-02,inf,6.922140717506408691e-01,inf,1.579612300000000000e+07,3.284299373626708984e-01,1.551313847303390503e-01,5.193061828613281250e-01,7.054357000000000000e+06,5.359964370727539062e-01,3.009967803955078125e+00,1.919016689062118530e-01,6.776002049446105957e-01,3.360693600000000000e+07
inf,inf,1.634743213653564453e-01,6.444665789604187012e-01,3.169057071208953857e-01,1.408398151397705078e-01,1.946042537689208984e+00,2.653144001960754395e-01,5.702157020568847656e-01,inf,6.465423703193664551e-01,6.396864652633666992e-01,3.972821533679962158e-01,inf,inf,5.459563136100769043e-01,3.304278254508972168e-01,1.168183088302612305e-01,1.121670082211494446e-01,inf,inf,inf,inf,4.881666898727416992e-01,5.012798905372619629e-01,6.983624696731567383e-01,1.874275207519531250e+00,8.877910375595092773e-01,2.850580513477325439e-01,1.132703665643930435e-02,5.692599415779113770e-01,inf,4.289135038852691650e-01,inf,inf,1.443435996770858765e-01,inf,inf,inf,1.641434900000000000e+07,3.214899897575378418e-01,3.712460771203041077e-02,inf,7.562831000000000000e+06,4.496290981769561768e-01,5.109596848487854004e-01,3.238706290721893311e-01,2.658597826957702637e-01,2.570219600000000000e+07
inf,inf,1.377241015434265137e-01,inf,inf,inf,inf,1.265243300000000000e+07,inf,inf,inf,inf,inf,inf,inf,inf,inf,1.954892724752426147e-01,4.172610759735107422e+00,inf,inf,inf,inf,inf,inf,inf,inf,inf,1.883036047220230103e-01,inf,2.863165855407714844e+00,inf,inf,inf,inf,inf,inf,inf,inf,1.055488300000000000e+07,inf,inf,inf,9.187186000000000000e+06,8.372263500000000000e+06,inf,inf,inf,3.578762800000000000e+07
inf,inf,8.674554228782653809e-01,inf,inf,7.518492639064788818e-02,inf,1.167953700000000000e+07,inf,inf,inf,inf,inf,inf,inf,5.008192062377929688e+00,inf,1.182482500000000000e+07,inf,inf,inf,inf,inf,1.244508171081542969e+01,inf,inf,inf,inf,1.153167486190795898e+00,inf,4.341279506683349609e+00,inf,inf,inf,inf,inf,inf,inf,inf,2.382637600000000000e+07,inf,1.190559196472167969e+01,inf,8.132447500000000000e+06,9.178999000000000000e+06,inf,inf,inf,3.556400800000000000e+07
inf,inf,1.027691483497619629e+00,7.669294476509094238e-01,7.070540189743041992e-01,4.125570297241210938e+00,2.798529565334320068e-01,1.388185100000000000e+07,2.798821032047271729e-01,inf,1.335739254951477051e+00,6.226305365562438965e-01,4.114257693290710449e-01,1.254687756299972534e-01,inf,8.313518762588500977e-01,6.521300077438354492e-01,1.121845300000000000e+07,2.793498933315277100e-01,inf,inf,inf,inf,4.571014881134033203e+00,2.645767211914062500e+01,inf,inf,6.325592398643493652e-01,5.095808506011962891e-01,4.535482823848724365e-01,2.218934893608093262e-02,inf,1.150741815567016602e+00,inf,3.423036038875579834e-01,3.988851308822631836e-01,inf,inf,inf,1.753830000000000000e+07,7.032334208488464355e-01,3.988398015499114990e-01,inf,8.759578000000000000e+06,7.353920936584472656e-01,6.474450826644897461e-01,6.590979695320129395e-01,6.992111206054687500e-01,2.374151200000000000e+07
inf,inf,1.345420479774475098e-01,5.444270968437194824e-01,5.429505705833435059e-01,4.297201335430145264e-01,2.012368440628051758e+00,7.077204585075378418e-01,5.629360675811767578e-01,inf,4.536746215820312500e+01,3.892832398414611816e-01,inf,2.632842957973480225e-01,inf,1.458101348876953125e+02,5.408276915550231934e-01,3.005787134170532227e-01,5.426670312881469727e-01,inf,6.284602284431457520e-01,inf,8.429177403450012207e-01,2.003716468811035156e+01,4.172756958007812500e+01,1.980773359537124634e-01,2.239625006914138794e-01,1.689885377883911133e+00,3.641053915023803711e+00,5.682303905487060547e-01,1.143230557441711426e+00,inf,2.145282268524169922e+00,inf,5.601204633712768555e-01,1.029804125428199768e-01,inf,inf,7.600834369659423828e-01,8.868108000000000000e+06,8.688055910170078278e-03,1.337410043925046921e-02,inf,7.762386500000000000e+06,4.007470905780792236e-01,3.751916503906250000e+01,3.795526623725891113e-01,6.807109117507934570e-01,1.847238987684249878e-01
8.362507224082946777e-01,6.550635099411010742e-01,7.395785301923751831e-02,2.115043640136718750e+00,1.060591340065002441e+00,2.084884345531463623e-01,8.599799871444702148e-01,1.364123702049255371e+00,5.292803645133972168e-01,7.893159389495849609e-01,1.752041429281234741e-01,4.124967753887176514e-01,5.740283727645874023e-01,1.610065549612045288e-01,7.509918808937072754e-01,8.152210235595703125e+00,4.632869064807891846e-01,2.876469194889068604e-01,1.051612615585327148e+00,inf,4.789677262306213379e-01,inf,inf,1.338423132896423340e+00,2.908965492248535156e+01,2.471758604049682617e+00,1.540867835283279419e-01,2.038779407739639282e-01,5.463783144950866699e-01,3.756428062915802002e-01,7.472684979438781738e-01,8.065840005874633789e-01,5.634141564369201660e-01,inf,inf,3.165827393531799316e-01,7.588168978691101074e-01,inf,inf,4.323359131813049316e-01,2.764630317687988281e+00,2.385230064392089844e-01,inf,7.844392657279968262e-01,2.528628706932067871e-01,2.988905608654022217e-01,3.274441063404083252e-01,5.600382089614868164e-01,3.217570400000000000e+07
5.143889188766479492e-01,inf,3.521426916122436523e-01,3.395157098770141602e+00,1.034529060125350952e-01,1.539335995912551880e-01,4.330582022666931152e-01,7.642887830734252930e-01,3.824046254158020020e-01,inf,4.598122024536132812e+01,4.849947690963745117e-01,inf,3.442421197891235352e+00,inf,5.911477565765380859e+00,4.717557132244110107e-01,8.360610157251358032e-02,8.133620023727416992e-02,5.974545478820800781e-01,inf,7.598776817321777344e-01,inf,4.177680969238281250e+00,1.799655914306640625e+01,1.049301266670227051e+00,1.972462177276611328e+00,1.467651873826980591e-01,5.992369055747985840e-01,5.551491975784301758e-01,8.751974105834960938e-01,inf,6.778228878974914551e-01,8.292651772499084473e-01,8.489097356796264648e-01,6.386700868606567383e-01,inf,7.479067444801330566e-01,inf,1.825699600000000000e+07,1.250869512557983398e+00,3.165251389145851135e-02,4.638541042804718018e-01,7.216049000000000000e+06,4.790274202823638916e-01,8.891123199462890625e+01,2.141958624124526978e-01,3.801346421241760254e-01,3.076247600000000000e+07
2.913742959499359131e-01,inf,2.544362843036651611e-01,5.980725884437561035e-01,1.036729693412780762e+00,3.823145329952239990e-01,1.280108690261840820e+00,1.017561107873916626e-01,7.003066539764404297e-01,inf,8.592156171798706055e-01,3.350589275360107422e-01,4.502000510692596436e-01,inf,8.411591529846191406e+00,1.587977695465087891e+01,2.845137119293212891e-01,1.857324242591857910e-01,9.848895668983459473e-02,inf,inf,inf,inf,5.693528652191162109e-01,4.474906027317047119e-01,9.704315662384033203e-01,1.412512779235839844e+00,2.968457043170928955e-01,5.263456702232360840e-01,4.780776500701904297e-01,8.061609864234924316e-01,inf,2.579242289066314697e-01,inf,inf,2.569572329521179199e-01,inf,inf,inf,1.937976400000000000e+07,1.423910737037658691e+00,8.247931487858295441e-03,inf,7.845854000000000000e+06,3.198341429233551025e-01,5.321849584579467773e-01,2.514845728874206543e-01,2.411263249814510345e-02,3.068036000000000000e+07
inf,inf,1.955518275499343872e-01,inf,inf,inf,inf,1.439395300000000000e+07,inf,inf,inf,inf,inf,inf,inf,8.884682655334472656e+00,inf,9.015628099441528320e-01,inf,inf,inf,inf,inf,1.688490966796875000e+03,inf,inf,inf,inf,4.987144172191619873e-01,inf,3.279606819152832031e+00,inf,inf,inf,inf,inf,inf,inf,inf,8.789566000000000000e+06,inf,inf,inf,1.078723300000000000e+07,6.261096000000000000e+06,inf,inf,inf,3.337577600000000000e+07
inf,inf,1.642198681831359863e+00,inf,inf,inf,inf,1.155290400000000000e+07,inf,inf,inf,inf,inf,inf,inf,9.732240676879882812e+00,inf,1.254351200000000000e+07,inf,inf,inf,inf,inf,1.381605529785156250e+02,inf,inf,inf,inf,1.366321325302124023e+00,inf,5.027509689331054688e+00,inf,inf,inf,inf,inf,inf,inf,inf,2.266526800000000000e+07,inf,inf,inf,8.323559000000000000e+06,6.448407000000000000e+06,inf,inf,inf,3.416012000000000000e+07
inf,inf,1.200677633285522461e+00,6.510304808616638184e-01,2.255291193723678589e-01,2.181232273578643799e-01,inf,9.779483000000000000e+06,inf,inf,inf,inf,inf,inf,inf,1.475405883789062500e+01,inf,1.128466900000000000e+07,inf,inf,inf,inf,inf,8.641221046447753906e+00,inf,inf,inf,inf,4.744053363800048828e+00,inf,5.589449405670166016e+00,inf,inf,inf,inf,inf,3.766799926757812500e+00,inf,inf,1.058776500000000000e+07,inf,6.534524536132812500e+01,inf,1.130686700000000000e+07,7.383061051368713379e-01,inf,inf,inf,2.474953600000000000e+07
5.804885625839233398e-01,inf,1.735033988952636719e+00,4.353759288787841797e+00,4.590106487274169922e+00,3.674422025680541992e+00,4.344878345727920532e-02,6.501933932304382324e-01,3.489093184471130371e-01,inf,3.264936447143554688e+01,7.375629544258117676e-01,inf,6.604146957397460938e-01,inf,5.510042309761047363e-01,5.580164194107055664e-01,1.069503500000000000e+07,1.038775220513343811e-01,inf,4.675242304801940918e-01,inf,7.102215290069580078e-01,2.482779741287231445e+00,1.678067016601562500e+01,1.255828887224197388e-01,1.614656567573547363e+00,4.929035305976867676e-01,2.951986193656921387e-01,1.747864186763763428e-01,8.045510947704315186e-02,inf,inf,inf,9.037783741950988770e-01,3.726136088371276855e-01,inf,inf,inf,9.019330000000000000e+06,5.056911110877990723e-01,5.606184601783752441e-01,inf,7.928186000000000000e+06,1.244823113083839417e-01,2.015693485736846924e-01,7.474191188812255859e-01,8.321775794029235840e-01,1.963376812636852264e-02
2.826002053916454315e-02,1.861925870180130005e-01,2.098027914762496948e-01,5.792468190193176270e-01,1.729263424873352051e+00,4.475365281105041504e-01,1.919179797172546387e+00,5.512043833732604980e-01,inf,7.116625905036926270e-01,9.397754073143005371e-02,2.584664523601531982e-01,7.101554870605468750e-01,1.272364556789398193e-01,7.308490276336669922e-01,1.119007205963134766e+01,5.153816342353820801e-01,3.705564439296722412e-01,5.102446079254150391e-01,inf,5.170137286186218262e-01,inf,inf,3.087524890899658203e+00,inf,2.821016788482666016e+00,2.077369689941406250e+00,inf,1.513968586921691895e+00,1.668941736221313477e+00,9.388766288757324219e-01,8.889673948287963867e-01,inf,inf,inf,2.388052493333816528e-01,7.216844558715820312e-01,inf,7.095468044281005859e-01,3.977496922016143799e-01,1.156598567962646484e+01,8.365135192871093750e-01,inf,4.897233545780181885e-01,3.064596652984619141e-01,4.936033189296722412e-01,2.641693353652954102e-01,5.462015271186828613e-01,3.109114800000000000e+07
2.159355878829956055e-01,inf,2.004513591527938843e-01,5.163673400878906250e+00,9.138591289520263672e-01,1.319937109947204590e-01,6.640216112136840820e-01,1.167442083358764648e+00,4.981644824147224426e-02,inf,5.997541046142578125e+01,6.422156691551208496e-01,inf,1.204814076423645020e+00,inf,6.063915252685546875e+00,8.650937676429748535e-02,6.928260624408721924e-02,6.831891089677810669e-02,5.683967471122741699e-01,inf,7.562264800071716309e-01,inf,3.308222293853759766e+00,inf,7.575045228004455566e-01,7.863467931747436523e-02,inf,5.484006404876708984e-01,5.730883479118347168e-01,1.617149949073791504e+00,inf,inf,8.089834451675415039e-01,7.074104547500610352e-01,2.320579588413238525e-01,inf,6.176422238349914551e-01,inf,1.014096200000000000e+07,1.011411845684051514e-01,3.390440344810485840e-01,4.366837739944458008e-01,6.030146000000000000e+06,1.413821697235107422e+00,1.810172080993652344e+00,3.121250271797180176e-01,6.593378782272338867e-01,2.881568000000000000e+07
1.039191111922264099e-01,inf,3.636873364448547363e-01,5.640557408332824707e-01,7.661466002464294434e-01,2.178912013769149780e-01,8.700590729713439941e-01,1.398834735155105591e-01,8.219513893127441406e-01,inf,7.318878769874572754e-01,3.991181552410125732e-01,4.670275449752807617e-01,inf,5.370468616485595703e+00,1.497833132743835449e-01,1.472651660442352295e-01,9.538263827562332153e-02,1.725712269544601440e-01,inf,inf,inf,inf,5.386911034584045410e-01,5.612729191780090332e-01,1.911119103431701660e+00,3.217955827713012695e+00,1.799433380365371704e-01,1.215976849198341370e-01,7.370775938034057617e-01,1.838965177536010742e+00,inf,6.517928242683410645e-01,inf,inf,4.119493067264556885e-02,inf,inf,inf,2.017709600000000000e+07,4.997870698571205139e-02,5.421657562255859375e-01,inf,1.222541200000000000e+07,4.835587143898010254e-01,6.211816072463989258e-01,2.448585480451583862e-01,3.651824891567230225e-01,2.690622000000000000e+07
inf,inf,2.748342156410217285e-01,inf,inf,inf,inf,8.134226500000000000e+06,inf,inf,inf,inf,inf,inf,inf,inf,inf,7.578856498003005981e-02,inf,inf,inf,inf,inf,inf,inf,inf,inf,inf,1.124523500000000000e+07,inf,2.888748884201049805e+00,inf,inf,inf,inf,inf,inf,inf,inf,7.340456000000000000e+06,inf,inf,inf,7.519507000000000000e+06,9.592271000000000000e+06,inf,inf,inf,2.941128800000000000e+07
inf,inf,inf,inf,inf,3.352096378803253174e-01,inf,8.030124500000000000e+06,inf,inf,inf,inf,inf,inf,inf,4.670625209808349609e+00,inf,9.164545000000000000e+06,inf,inf,inf,inf,inf,inf,inf,inf,inf,5.059755872935056686e-03,1.845322549343109131e-01,inf,1.897915720939636230e+00,inf,inf,inf,inf,inf,inf,inf,inf,1.830397200000000000e+07,inf,inf,inf,7.884663000000000000e+06,8.366868000000000000e+06,inf,inf,inf,3.151683200000000000e+07
4.192851781845092773e-01,inf,5.443862676620483398e-01,2.392072826623916626e-01,5.621899962425231934e-01,2.333066225051879883e+00,2.858366370201110840e-01,8.593858000000000000e+06,1.267363131046295166e-01,inf,7.608138918876647949e-01,7.263206243515014648e-01,2.061483263969421387e-01,4.151545464992523193e-01,inf,7.487574815750122070e-01,1.956363767385482788e-01,8.992180000000000000e+06,1.173899844288825989e-01,inf,inf,inf,inf,2.261323690414428711e+00,3.371816158294677734e+00,inf,1.432354927062988281e+00,6.246623396873474121e-01,1.210848903656005859e+01,3.695966005325317383e-01,1.130503863096237183e-01,inf,inf,inf,5.475781559944152832e-01,3.614813685417175293e-01,5.467638492584228516e+00,inf,inf,1.153680400000000000e+07,1.172213554382324219e-01,3.508503437042236328e-01,inf,7.733502500000000000e+06,5.395014882087707520e-01,5.247807502746582031e-01,5.907564759254455566e-01,8.038946986198425293e-01,2.330975600000000000e+07
1.317714899778366089e-02,inf,2.400048971176147461e-01,2.779856681823730469e+00,6.362468600273132324e-01,8.305153846740722656e-01,1.527757763862609863e+00,7.832305000000000000e+06,1.098080873489379883e+00,inf,2.954070281982421875e+01,4.294760823249816895e-01,inf,3.390902280807495117e-01,inf,1.045140933990478516e+01,2.965937852859497070e-01,3.525287806987762451e-01,4.603412151336669922e-01,inf,5.951473116874694824e-01,inf,7.025814652442932129e-01,1.623308944702148438e+01,inf,2.922923564910888672e-01,2.194274663925170898e+00,5.095151662826538086e-01,1.222837641835212708e-01,1.510293722152709961e+00,1.674461483955383301e+00,inf,inf,inf,3.639041185379028320e-01,2.180533856153488159e-02,inf,inf,7.726489305496215820e-01,9.305158000000000000e+06,3.398219645023345947e-01,7.483621120452880859e+00,inf,8.338554000000000000e+06,3.924534916877746582e-01,inf,8.380790948867797852e-01,6.738215088844299316e-01,4.323610663414001465e-01
5.257917642593383789e-01,6.722894906997680664e-01,4.964642226696014404e-01,1.484013676643371582e+00,1.684694051742553711e+00,1.907888054847717285e-01,1.296236515045166016e+00,6.830452084541320801e-01,8.455412983894348145e-01,7.530666589736938477e-01,2.430437058210372925e-01,3.806918263435363770e-01,1.305707395076751709e-01,1.210422813892364502e-01,7.984178066253662109e-01,2.042077827453613281e+01,3.929918706417083740e-01,2.936415672302246094e-01,1.795589365065097809e-02,inf,5.466616749763488770e-01,inf,inf,1.016290307044982910e+00,inf,8.981108069419860840e-01,inf,1.563700735569000244e-01,2.053849101066589355e-01,1.960665732622146606e-01,3.419361114501953125e-01,8.064117431640625000e-01,inf,inf,inf,7.165435701608657837e-02,7.512403130531311035e-01,inf,inf,7.220889329910278320e-01,7.684147953987121582e-01,1.964147202670574188e-02,inf,7.358237504959106445e-01,5.035620331764221191e-01,4.172335815429687500e+01,2.440098524093627930e-01,6.966262459754943848e-01,2.071790400000000000e+07
4.387591183185577393e-01,inf,2.294447273015975952e-01,7.919412255287170410e-01,2.801410853862762451e-01,5.529711768031120300e-02,6.665760874748229980e-01,3.251235932111740112e-02,9.045984148979187012e-01,inf,4.672723388671875000e+01,6.081055402755737305e-01,inf,2.536268234252929688e+00,inf,1.497431468963623047e+01,9.321735799312591553e-02,2.627683579921722412e-01,1.911243982613086700e-02,6.721743941307067871e-01,inf,7.345228791236877441e-01,inf,6.089749336242675781e+00,inf,inf,inf,3.378944993019104004e-01,1.330897212028503418e-01,9.317537546157836914e-01,2.717200994491577148e+00,inf,inf,7.440258264541625977e-01,5.934839844703674316e-01,inf,inf,6.658625006675720215e-01,inf,7.411029000000000000e+06,2.966737151145935059e-01,4.513636112213134766e+00,7.061967253684997559e-01,6.560726000000000000e+06,1.838161051273345947e-01,3.936987638473510742e+00,1.880721926689147949e+00,7.099496722221374512e-01,1.597174700000000000e+07
4.384328424930572510e-01,inf,6.990180909633636475e-02,1.381889224052429199e+00,1.221437215805053711e+00,5.397459864616394043e-01,2.134513109922409058e-01,4.947577118873596191e-01,1.248336315155029297e+00,inf,4.883674085140228271e-01,3.938615918159484863e-01,2.813175320625305176e-01,inf,inf,1.488152122497558594e+01,3.511207997798919678e-01,1.715959012508392334e-01,1.806183606386184692e-01,inf,inf,inf,inf,5.151458382606506348e-01,6.711439490318298340e-01,2.068329751491546631e-01,5.069648623466491699e-01,7.149631530046463013e-02,4.728435352444648743e-02,4.889566004276275635e-01,1.812973320484161377e-01,inf,4.351922273635864258e-01,inf,inf,inf,inf,inf,inf,1.496551300000000000e+07,3.284546732902526855e-01,1.285486966371536255e-01,inf,8.131864500000000000e+06,2.824421785771846771e-02,7.672049999237060547e-01,7.778120040893554688e-02,2.960577905178070068e-01,1.583917000000000000e+07
inf,inf,2.901079058647155762e-01,inf,inf,inf,inf,6.329589000000000000e+06,inf,inf,inf,inf,inf,inf,inf,2.336927223205566406e+01,inf,7.606375962495803833e-02,inf,inf,inf,inf,inf,inf,inf,inf,inf,inf,1.466034948825836182e-01,inf,1.222003817558288574e+00,inf,inf,inf,inf,inf,inf,inf,inf,1.151524100000000000e+07,inf,inf,inf,6.878875000000000000e+06,1.010337300000000000e+07,inf,inf,inf,2.262822400000000000e+07
inf,inf,2.146530389785766602e+00,inf,inf,2.097207903861999512e-01,inf,7.472194500000000000e+06,inf,inf,inf,inf,inf,inf,inf,1.398809623718261719e+01,inf,8.447015000000000000e+06,inf,inf,inf,inf,inf,inf,inf,inf,inf,inf,9.040164947509765625e-01,inf,1.921911239624023438e+00,inf,inf,inf,inf,inf,inf,inf,inf,1.744238800000000000e+07,inf,inf,inf,7.933629500000000000e+06,9.391274000000000000e+06,inf,inf,inf,2.266251600000000000e+07
6.117640137672424316e-01,inf,7.813966274261474609e-01,4.894877970218658447e-01,3.232729136943817139e-01,1.921916007995605469e-01,4.014248847961425781e-01,1.044511437416076660e+00,1.173374354839324951e-01,inf,5.452880859375000000e-01,6.809059381484985352e-01,8.845588564872741699e-02,1.788611710071563721e-01,inf,7.456032633781433105e-01,1.538009643554687500e-01,8.652859000000000000e+06,2.822710871696472168e-01,inf,inf,inf,inf,5.987981796264648438e+00,2.019935131072998047e+00,inf,9.183473587036132812e-01,inf,1.110150098800659180e+00,1.746691316366195679e-01,2.897261641919612885e-02,inf,inf,inf,2.224885374307632446e-01,inf,1.445427179336547852e+00,inf,inf,1.351350300000000000e+07,6.518140435218811035e-01,6.104672700166702271e-02,inf,7.817126500000000000e+06,4.896678328514099121e-01,5.877069234848022461e-01,2.241871207952499390e-01,inf,2.002931200000000000e+07
5.498403310775756836e-01,inf,4.838934540748596191e-02,1.787553668022155762e+00,8.285701274871826172e-01,3.111644983291625977e-01,1.236436963081359863e+00,6.838504672050476074e-01,1.402097940444946289e+00,inf,2.379115486145019531e+01,5.116972327232360840e-01,inf,3.227022588253021240e-01,3.581991910934448242e+00,3.040423011779785156e+01,1.874326914548873901e-01,4.555258452892303467e-01,5.562866926193237305e-01,inf,5.746706724166870117e-01,inf,7.188940048217773438e-01,4.201653480529785156e+00,inf,2.919727861881256104e-01,9.365996122360229492e-01,5.670002698898315430e-01,4.341694712638854980e-01,4.110609889030456543e-01,1.193642020225524902e+00,inf,inf,inf,7.657517790794372559e-01,inf,inf,inf,5.960809588432312012e-01,9.180099000000000000e+06,2.784580886363983154e-01,9.687040328979492188e+00,inf,4.947701000000000000e+06,1.962358504533767700e-01,inf,5.434869527816772461e-01,9.063394069671630859e-01,5.759546160697937012e-01
4.257043898105621338e-01,3.703999817371368408e-01,1.038613319396972656e-01,1.858224153518676758e+00,9.676689505577087402e-01,1.220124866813421249e-02,6.646004915237426758e-01,5.160092115402221680e-01,1.218603134155273438e+00,7.608660459518432617e-01,4.421748816967010498e-01,5.528043508529663086e-01,3.880664408206939697e-01,1.864403784275054932e-01,6.151805520057678223e-01,7.443873596191406250e+01,3.608635067939758301e-02,9.703495353460311890e-02,6.885259412229061127e-03,inf,5.688998103141784668e-01,inf,inf,3.493275403976440430e+00,inf,2.394692897796630859e+00,2.479292601346969604e-01,1.395431160926818848e+00,1.845104992389678955e-01,8.044768571853637695e-01,3.290749788284301758e-01,7.933616042137145996e-01,inf,inf,inf,8.588111996650695801e-01,7.341847419738769531e-01,inf,inf,4.825418889522552490e-01,1.167371869087219238e+00,3.306314349174499512e-01,inf,6.677706241607666016e-01,1.341780275106430054e-01,5.460638999938964844e-01,1.229280903935432434e-01,7.144024968147277832e-01,1.700929200000000000e+07
3.366888463497161865e-01,inf,6.516491621732711792e-02,7.085387110710144043e-01,6.042732596397399902e-01,1.851579844951629639e-01,2.256413996219635010e-01,1.600257000000000000e+06,1.124810934066772461e+00,inf,2.105480957031250000e+01,8.149417638778686523e-01,inf,2.486337900161743164e+00,inf,inf,4.135264083743095398e-02,2.479117512702941895e-01,3.413190543651580811e-01,7.341774106025695801e-01,inf,8.686013221740722656e-01,inf,3.414470672607421875e+00,inf,1.534002304077148438e+00,inf,8.081868290901184082e-02,1.598697854205965996e-03,6.491637974977493286e-02,3.771171271800994873e-01,inf,inf,7.230543494224548340e-01,6.971771121025085449e-01,inf,inf,7.926188707351684570e-01,inf,5.794984000000000000e+06,2.233609855175018311e-01,1.267004108428955078e+01,7.220590710639953613e-01,4.932027000000000000e+06,2.551469504833221436e-01,5.691390991210937500e+00,3.801057636737823486e-01,6.930196285247802734e-01,1.293405700000000000e+07
inf,inf,5.589874386787414551e-01,2.084993839263916016e+00,9.446849226951599121e-01,4.458236992359161377e-01,3.877489268779754639e-01,8.062452077865600586e-01,1.350219130516052246e+00,inf,9.268902540206909180e-01,5.030447244644165039e-01,2.912621796131134033e-01,inf,inf,inf,1.066567897796630859e-01,9.263054281473159790e-02,5.158894881606101990e-02,inf,inf,inf,inf,4.614649713039398193e-01,6.554993987083435059e-01,2.227008581161499023e+00,inf,5.372037366032600403e-02,1.832202672958374023e-01,5.541857481002807617e-01,2.625733017921447754e-01,inf,6.581157445907592773e-01,inf,inf,inf,inf,inf,inf,1.442032300000000000e+07,5.008349418640136719e-01,1.697498261928558350e-01,inf,1.056882500000000000e+07,1.639187633991241455e-01,5.942714810371398926e-01,3.857289850711822510e-01,5.178182125091552734e-01,2.107080400000000000e+07
inf,inf,3.050829768180847168e-01,inf,inf,inf,inf,7.803377500000000000e+06,inf,inf,inf,inf,inf,inf,inf,inf,inf,2.286372706294059753e-03,inf,inf,inf,inf,inf,2.506673339843750000e+03,inf,inf,inf,inf,5.237908661365509033e-02,inf,1.819391608238220215e+00,inf,inf,inf,inf,inf,inf,inf,inf,8.457751000000000000e+06,inf,inf,inf,8.344330500000000000e+06,5.997482000000000000e+06,inf,inf,inf,2.866115200000000000e+07
inf,inf,2.015626668930053711e+00,inf,inf,4.718226194381713867e-01,inf,3.662007000000000000e+06,inf,inf,inf,inf,inf,inf,inf,2.299385643005371094e+01,inf,9.578927000000000000e+06,inf,inf,inf,inf,inf,inf,inf,inf,inf,inf,1.041794300079345703e+00,inf,2.388823747634887695e+00,inf,inf,inf,inf,inf,inf,inf,inf,1.223838700000000000e+07,inf,inf,inf,7.566776000000000000e+06,6.043227000000000000e+06,inf,inf,inf,2.778980400000000000e+07
7.391974329948425293e-01,inf,3.248633623123168945e+00,2.291735887527465820e+00,3.456754088401794434e-01,1.009733796119689941e+00,4.096778929233551025e-01,3.311661183834075928e-01,5.078809261322021484e-01,inf,1.642136454582214355e+00,6.721438765525817871e-01,8.012372255325317383e-02,1.870028972625732422e-01,3.204293060302734375e+01,7.785832285881042480e-01,9.287577122449874878e-02,8.723663000000000000e+06,1.504503041505813599e-01,inf,inf,inf,inf,2.250142097473144531e+00,1.020287871360778809e+00,inf,1.010744333267211914e+00,5.961512923240661621e-01,2.479789257049560547e+00,3.448592126369476318e-01,6.827693432569503784e-02,inf,inf,inf,3.571681976318359375e-01,inf,3.394827604293823242e+00,inf,inf,1.150701500000000000e+07,7.671268582344055176e-01,4.527048766613006592e-01,inf,8.453953000000000000e+06,5.263065695762634277e-01,5.995757579803466797e-01,2.763723134994506836e-01,inf,2.232080800000000000e+07
3.241301327943801880e-02,inf,2.415442168712615967e-01,3.221767425537109375e+00,6.353505849838256836e-01,3.799590468406677246e-01,1.200586318969726562e+00,2.714220881462097168e-01,1.674959659576416016e+00,inf,3.095481491088867188e+01,1.662040688097476959e-02,inf,8.220895379781723022e-02,inf,inf,5.446766689419746399e-02,4.308861494064331055e-01,5.328880548477172852e-01,inf,4.097816050052642822e-01,inf,5.090648531913757324e-01,5.758311748504638672e+00,inf,3.439912945032119751e-02,9.659242033958435059e-01,8.529612421989440918e-01,1.506711840629577637e-01,1.572662949562072754e+00,1.120494484901428223e+00,inf,inf,inf,6.071622371673583984e-01,inf,inf,inf,7.205325365066528320e-01,9.333178000000000000e+06,1.995247304439544678e-01,1.829406738281250000e+01,inf,8.030344500000000000e+06,1.320782899856567383e-01,inf,9.365226030349731445e-01,8.815072774887084961e-01,4.137482047080993652e-01
7.127518951892852783e-02,4.117694199085235596e-01,1.729419529438018799e-01,3.184160470962524414e+00,8.792369961738586426e-01,4.524398446083068848e-01,6.744692921638488770e-01,1.723764300346374512e+00,2.389621734619140625e+00,6.213603615760803223e-01,5.193747282028198242e-01,1.562394574284553528e-02,1.632546484470367432e-01,3.248248994350433350e-01,7.154850363731384277e-01,inf,7.249935865402221680e-01,2.249955385923385620e-01,5.183532461524009705e-02,inf,5.668559074401855469e-01,inf,inf,5.590363979339599609e+00,inf,2.009002923965454102e+00,inf,5.227646976709365845e-02,1.268560886383056641e-01,5.446084141731262207e-01,4.135604798793792725e-01,7.408918142318725586e-01,inf,inf,inf,6.500663757324218750e-01,6.926193833351135254e-01,inf,inf,4.487977921962738037e-01,2.474622011184692383e+00,8.141233325004577637e-01,inf,8.145012259483337402e-01,3.770324960350990295e-02,4.780099987983703613e-01,8.026700615882873535e-01,6.634756922721862793e-01,2.291999200000000000e+07
1.943245530128479004e-01,inf,7.339076995849609375e-01,7.584879994392395020e-01,2.913407087326049805e-01,2.879199087619781494e-01,8.224766254425048828e-01,4.642106890678405762e-01,3.157513856887817383e+00,inf,3.845343399047851562e+01,3.262393474578857422e-01,inf,2.355180263519287109e+00,1.132857799530029297e+01,inf,1.541323184967041016e+00,4.873152077198028564e-02,1.614951938390731812e-01,7.487443685531616211e-01,inf,7.728153467178344727e-01,inf,4.803039073944091797e+00,inf,2.344139099121093750e+00,2.911937475204467773e+00,3.345461785793304443e-01,6.114700064063072205e-02,2.976360917091369629e-01,4.009381830692291260e-01,inf,inf,6.716573238372802734e-01,6.585081815719604492e-01,inf,inf,7.581779360771179199e-01,inf,9.398199000000000000e+06,6.275963187217712402e-01,1.366924762725830078e+01,6.692396402359008789e-01,6.278928000000000000e+06,2.115928009152412415e-02,1.074712219238281250e+02,4.447171390056610107e-01,6.539144515991210938e-01,1.917676000000000000e+07
1.883599013090133667e-01,inf,4.109740555286407471e-01,1.741364479064941406e+00,7.902058959007263184e-01,2.899948060512542725e-01,8.214672803878784180e-01,7.807641625404357910e-01,4.139674186706542969e+00,inf,1.245522499084472656e+00,3.933554291725158691e-01,inf,inf,inf,inf,5.443926453590393066e-01,2.854042351245880127e-01,1.324970871210098267e-01,inf,inf,inf,inf,5.370844006538391113e-01,6.635923385620117188e-01,2.161905527114868164e+00,2.547872066497802734e+00,1.684919446706771851e-01,4.731956124305725098e-02,1.066501140594482422e-01,1.370169371366500854e-01,inf,4.790838956832885742e-01,inf,inf,inf,inf,inf,inf,1.761237200000000000e+07,9.898446202278137207e-01,3.547362983226776123e-01,inf,6.852490000000000000e+06,3.528538625687360764e-03,6.142744421958923340e-01,2.840515077114105225e-01,5.251239538192749023e-01,1.948380000000000000e+07
inf,inf,1.282034158706665039e+00,inf,inf,inf,inf,7.607280000000000000e+05,inf,inf,inf,inf,inf,inf,inf,inf,inf,4.458254203200340271e-02,inf,inf,inf,inf,inf,inf,inf,inf,inf,inf,1.676322668790817261e-01,inf,1.534791946411132812e+00,inf,inf,inf,inf,inf,inf,inf,inf,1.360160900000000000e+07,inf,inf,inf,8.092181500000000000e+06,5.708111000000000000e+06,inf,inf,inf,2.938629200000000000e+07
inf,inf,5.396240234375000000e+00,inf,inf,5.585119724273681641e-01,inf,1.157413300000000000e+07,inf,inf,inf,inf,inf,inf,inf,2.861655426025390625e+01,inf,9.180601000000000000e+06,inf,inf,inf,inf,inf,inf,inf,inf,inf,inf,7.354408502578735352e-01,inf,2.792092323303222656e+00,inf,inf,inf,inf,inf,inf,inf,inf,1.684004400000000000e+07,inf,inf,inf,6.902684000000000000e+06,5.800707500000000000e+06,inf,inf,inf,3.096874000000000000e+07
3.756885826587677002e-01,inf,4.701084136962890625e+00,3.245383977890014648e+00,2.453071832656860352e+00,9.815699458122253418e-01,2.391423434019088745e-01,1.247968100000000000e+07,8.621298670768737793e-01,inf,3.154807090759277344e+00,6.440294981002807617e-01,inf,1.686037890613079071e-02,inf,7.498122453689575195e-01,6.899001598358154297e-01,9.200682000000000000e+06,2.017541080713272095e-01,inf,inf,inf,inf,3.599636793136596680e+00,9.299978256225585938e+00,inf,4.418953418731689453e+00,2.106420844793319702e-01,1.675771594047546387e+00,2.240937650203704834e-01,2.402803301811218262e-02,inf,inf,inf,4.057268798351287842e-01,inf,1.286766910552978516e+01,inf,inf,1.411947100000000000e+07,1.128952503204345703e+00,6.521547436714172363e-01,inf,1.150852100000000000e+07,4.456482827663421631e-01,5.170637965202331543e-01,4.551661387085914612e-02,inf,2.435997600000000000e+07
4.503764584660530090e-02,inf,7.591427564620971680e-01,4.457600116729736328e+00,8.906512521207332611e-03,3.920105695724487305e-01,3.553904771804809570e+00,8.221849203109741211e-01,2.542069673538208008e+00,inf,4.336832427978515625e+01,2.252013832330703735e-01,inf,8.900416642427444458e-02,5.709587860107421875e+01,6.190388107299804688e+01,1.226676821708679199e+00,5.087087154388427734e-01,5.097371339797973633e-01,inf,1.949774324893951416e-01,inf,4.066607654094696045e-01,6.206596374511718750e+00,inf,inf,2.889211893081665039e+00,1.085150599479675293e+00,4.293429553508758545e-01,5.604671239852905273e-01,1.289279341697692871e+00,inf,inf,inf,5.400362014770507812e-01,inf,inf,inf,6.589184999465942383e-01,9.591443000000000000e+06,2.556301057338714600e-01,2.348400497436523438e+01,inf,5.865929000000000000e+06,1.242663636803627014e-01,1.849009871482849121e+00,9.496254920959472656e-01,8.813306093215942383e-01,2.475086599588394165e-01
2.066579312086105347e-01,4.526294171810150146e-01,5.961494445800781250e-01,4.460261344909667969e+00,9.321286082267761230e-01,2.577558755874633789e-01,1.436619400978088379e+00,4.725545406341552734e+00,2.224848508834838867e+00,6.190510988235473633e-01,1.184187769889831543e+00,3.264783620834350586e-01,6.568745374679565430e-01,1.787875145673751831e-01,3.469232916831970215e-01,1.324682235717773438e+01,1.833989739418029785e+00,8.625368773937225342e-02,2.555654346942901611e-01,inf,5.966401100158691406e-01,inf,inf,6.262100696563720703e+00,inf,3.617320209741592407e-02,8.178424239158630371e-01,1.604126095771789551e-01,3.613204658031463623e-01,2.669036388397216797e-01,5.216584801673889160e-01,6.803901195526123047e-01,inf,inf,inf,7.473794817924499512e-01,6.412844657897949219e-01,inf,inf,6.455740928649902344e-01,1.321580290794372559e+00,1.698076844215393066e+00,inf,1.204704500000000000e+07,7.595214992761611938e-02,2.012231796979904175e-01,6.455630064010620117e-01,6.781905293464660645e-01,2.822727600000000000e+07
3.326375782489776611e-02,inf,8.474600911140441895e-01,7.470399737358093262e-01,1.384823322296142578e+00,7.645382732152938843e-02,1.060681045055389404e-01,1.100497722625732422e+01,2.520410299301147461e+00,inf,7.672956848144531250e+01,4.926488995552062988e-01,inf,2.201454162597656250e+00,inf,1.538739013671875000e+01,1.467874169349670410e+00,3.472597897052764893e-02,1.679715216159820557e-01,7.668726444244384766e-01,inf,7.547636032104492188e-01,inf,5.766014099121093750e+00,inf,1.334529876708984375e+00,3.860151767730712891e-01,inf,1.381809860467910767e-01,6.242244839668273926e-01,7.198833823204040527e-01,inf,inf,6.103040575981140137e-01,inf,inf,inf,7.335441112518310547e-01,inf,8.739047000000000000e+06,1.293062925338745117e+00,1.805162048339843750e+01,5.346372723579406738e-01,8.046727776527404785e-01,8.696525543928146362e-02,6.903871893882751465e-01,8.891742229461669922e-01,6.357485651969909668e-01,2.767053600000000000e+07
1.539962552487850189e-02,inf,6.073082685470581055e-01,1.567032575607299805e+00,1.326586604118347168e+00,1.862438470125198364e-01,inf,1.309608459472656250e+00,1.561197519302368164e+00,inf,1.575425148010253906e+00,3.472848236560821533e-01,inf,inf,1.100167083740234375e+02,1.696191596984863281e+01,1.318816423416137695e+00,1.040019914507865906e-01,8.718393743038177490e-02,inf,inf,inf,inf,1.529640890657901764e-02,1.097444519400596619e-01,4.608349800109863281e+00,2.683901309967041016e+00,2.343495935201644897e-01,7.885105907917022705e-02,2.227848917245864868e-01,5.787414312362670898e-01,inf,7.076721787452697754e-01,inf,3.752249181270599365e-01,inf,inf,inf,inf,1.788351600000000000e+07,2.314899921417236328e+00,8.628724217414855957e-01,inf,1.425344900000000000e+07,7.580134272575378418e-02,3.366269767284393311e-01,7.161478400230407715e-01,5.484286546707153320e-01,2.573102400000000000e+07
inf,inf,9.272795915603637695e-01,inf,inf,inf,inf,1.412918200000000000e+07,inf,inf,inf,inf,inf,inf,inf,1.914113998413085938e+01,inf,4.066191986203193665e-02,inf,inf,inf,inf,inf,inf,inf,inf,inf,inf,1.107202200000000000e+07,inf,1.505606412887573242e+00,inf,inf,inf,inf,inf,inf,inf,inf,1.063167900000000000e+07,inf,inf,inf,7.434851500000000000e+06,5.410622000000000000e+06,inf,inf,inf,3.087287600000000000e+07
inf,inf,4.575327873229980469e+00,inf,inf,inf,inf,1.185292100000000000e+07,inf,inf,inf,inf,inf,inf,inf,2.069760894775390625e+01,inf,8.878725000000000000e+06,inf,inf,inf,inf,inf,inf,inf,inf,inf,inf,2.781852483749389648e-01,inf,1.939393043518066406e+00,inf,inf,inf,inf,inf,inf,inf,inf,1.043369300000000000e+07,inf,inf,inf,6.007711000000000000e+06,5.382731000000000000e+06,inf,inf,inf,3.137036800000000000e+07
inf,inf,4.256302356719970703e+00,inf,5.361478328704833984e-01,5.795570015907287598e-01,4.922772645950317383e-01,1.174656600000000000e+07,inf,inf,inf,2.144502639770507812e+01,inf,inf,2.102575225830078125e+02,7.201497554779052734e-01,6.212394237518310547e-01,1.031011700000000000e+07,inf,inf,inf,inf,inf,4.526988029479980469e+00,inf,inf,inf,inf,1.738277554512023926e+00,inf,2.763276100158691406e+00,inf,inf,inf,inf,inf,5.812596797943115234e+00,inf,inf,1.227371100000000000e+07,inf,8.374632596969604492e-01,inf,1.009856100000000000e+07,4.774911999702453613e-01,4.008371829986572266e-01,inf,inf,1.683291600000000000e+07
5.334895253181457520e-01,inf,5.275901556015014648e-01,3.882051408290863037e-01,9.196616411209106445e-01,8.900281190872192383e-01,3.091196537017822266e+00,3.506182909011840820e+00,2.142718434333801270e-02,inf,1.759403991699218750e+01,7.486607432365417480e-01,inf,5.675448775291442871e-01,2.065299987792968750e+02,inf,8.101371526718139648e-01,2.841567687988281250e+02,2.287196926772594452e-02,inf,1.577178686857223511e-01,inf,3.312548995018005371e-01,4.018800258636474609e+00,2.481133222579956055e+00,3.742970228195190430e-01,1.087181270122528076e-01,5.275159478187561035e-01,4.503708183765411377e-01,6.007248759269714355e-01,3.446596264839172363e-01,inf,inf,inf,4.166836738586425781e-01,inf,inf,inf,7.459594607353210449e-01,1.313215300000000000e+07,1.780144274234771729e-01,2.135442352294921875e+01,inf,8.697195000000000000e+06,7.364395260810852051e-01,2.713049888610839844e+00,3.725563585758209229e-01,8.815430998802185059e-01,3.980911672115325928e-01
5.083823204040527344e-01,1.284136921167373657e-01,9.169688820838928223e-01,4.317060947418212891e+00,1.238386869430541992e+00,5.427356362342834473e-01,8.796056509017944336e-01,1.701146483421325684e+00,1.698216438293457031e+00,6.741488575935363770e-01,3.199167251586914062e-01,4.235259890556335449e-01,inf,2.163292914628982544e-01,8.977258205413818359e-01,inf,6.121389865875244141e-01,5.514212846755981445e-01,6.433204412460327148e-01,inf,6.372654438018798828e-01,inf,inf,4.857502460479736328e+00,inf,inf,4.867403507232666016e-01,1.435683220624923706e-01,2.815235555171966553e-01,3.608024865388870239e-02,3.829292953014373779e-01,7.775346636772155762e-01,inf,inf,inf,7.908837199211120605e-01,6.642554998397827148e-01,inf,inf,6.427859067916870117e-01,2.504216670989990234e+00,1.028649330139160156e+00,inf,8.290028572082519531e-01,4.827190563082695007e-02,2.285397052764892578e-01,6.258895993232727051e-01,7.223848700523376465e-01,1.199331700000000000e+07
6.846990585327148438e-01,inf,4.326972067356109619e-01,7.655625343322753906e-01,8.453500866889953613e-01,1.712997704744338989e-01,1.750965356826782227e+00,3.328365683555603027e-01,1.453003048896789551e+00,inf,8.172340393066406250e+00,4.903423786163330078e-01,7.480061054229736328e-01,1.983254790306091309e+00,inf,inf,9.311350584030151367e-01,3.200279176235198975e-01,3.424400836229324341e-02,7.813885807991027832e-01,inf,8.081366419792175293e-01,inf,5.109197139739990234e+00,inf,3.489547967910766602e-01,4.588979482650756836e-01,1.738849580287933350e-01,3.171194344758987427e-02,2.247608006000518799e-01,3.241433501243591309e-01,inf,inf,5.611526966094970703e-01,8.608105182647705078e-01,inf,inf,7.899466156959533691e-01,inf,6.643542000000000000e+06,1.010568857192993164e+00,1.120876693725585938e+01,6.254827976226806641e-01,6.619681000000000000e+06,8.700854331254959106e-02,1.807419395446777344e+01,7.548014521598815918e-01,6.605471372604370117e-01,9.368211000000000000e+06
inf,inf,5.526508688926696777e-01,2.352576732635498047e+00,7.540357112884521484e-01,3.592711985111236572e-01,1.360012173652648926e+00,1.000707149505615234e+00,1.322699427604675293e+00,inf,1.485479325056076050e-01,4.426490366458892822e-01,inf,inf,1.387858390808105469e+01,inf,4.751721322536468506e-01,4.016225039958953857e-01,9.319106489419937134e-02,inf,inf,inf,inf,5.090680122375488281e-01,6.678729057312011719e-01,inf,2.226701974868774414e-01,3.435844779014587402e-01,5.867469310760498047e-02,1.352857500314712524e-01,8.065957427024841309e-01,inf,6.423115730285644531e-01,inf,inf,inf,inf,inf,inf,9.075637000000000000e+06,1.743862271308898926e+00,9.990045428276062012e-01,inf,5.952277000000000000e+06,7.794582098722457886e-02,3.613558709621429443e-01,8.537265658378601074e-01,5.675759911537170410e-01,6.964955000000000000e+06
inf,inf,8.514179587364196777e-01,inf,inf,inf,inf,7.100900000000000000e+04,inf,inf,inf,inf,inf,inf,inf,inf,inf,8.756013214588165283e-02,inf,inf,inf,inf,inf,inf,inf,inf,inf,inf,7.758863500000000000e+06,inf,1.312502622604370117e+00,inf,inf,inf,inf,inf,inf,inf,inf,1.063974100000000000e+07,inf,inf,inf,7.465443500000000000e+06,5.508448500000000000e+06,inf,inf,inf,7.320865500000000000e+06
inf,inf,2.183343887329101562e+00,inf,inf,3.594033420085906982e-01,inf,3.049100000000000000e+04,inf,inf,inf,inf,inf,inf,inf,inf,inf,8.617967000000000000e+06,inf,inf,inf,inf,inf,inf,inf,inf,inf,inf,4.241879656910896301e-02,inf,1.442606210708618164e+00,inf,inf,inf,inf,inf,inf,inf,inf,6.066974000000000000e+06,inf,inf,inf,5.942553000000000000e+06,5.394879000000000000e+06,3.359758911132812500e+02,inf,inf,7.809510500000000000e+06
3.885863125324249268e-01,inf,5.621648788452148438e+00,2.091116428375244141e+00,4.231722354888916016e-01,7.122678756713867188e-01,3.383202478289604187e-02,6.978388428688049316e-01,2.956130206584930420e-01,inf,5.430974578857421875e+01,7.551230788230895996e-01,inf,3.338641226291656494e-01,inf,6.885243058204650879e-01,inf,8.656939000000000000e+06,9.389794617891311646e-02,inf,inf,inf,inf,6.671057224273681641e+00,2.261444330215454102e+00,inf,inf,8.093091845512390137e-01,3.902300074696540833e-02,6.850495338439941406e-01,4.671256244182586670e-01,inf,inf,inf,7.355887889862060547e-01,inf,6.740087985992431641e+00,inf,inf,5.575370500000000000e+06,1.327367663383483887e+00,8.071845173835754395e-01,inf,6.846881000000000000e+06,4.999502301216125488e-01,5.065000802278518677e-02,2.446285486221313477e-01,inf,9.020297000000000000e+06
5.509757399559020996e-01,inf,1.870935112237930298e-01,7.781650390625000000e+02,1.162258148193359375e+00,5.373369455337524414e-01,3.010943651199340820e+00,2.207000000000000000e+05,1.436988234519958496e+00,inf,9.242664337158203125e+01,2.852348089218139648e-01,inf,inf,inf,inf,inf,5.376394987106323242e-01,5.659759044647216797e-01,inf,2.277015298604965210e-01,inf,inf,1.827490615844726562e+01,inf,inf,1.626745820045471191e+00,5.223159790039062500e-01,3.795601427555084229e-02,8.653913438320159912e-02,1.015980243682861328e+00,inf,inf,inf,7.082917094230651855e-01,inf,inf,inf,8.595445156097412109e-01,8.126853500000000000e+06,1.372161656618118286e-01,2.331206893920898438e+01,inf,6.247450000000000000e+06,4.047677814960479736e-01,1.920752563476562500e+02,1.107966065406799316e+00,8.912602066993713379e-01,7.658081054687500000e-01
