5.311193847656250000e+02,5.114064941406250000e+03,1.921536865234375000e+02,8.413351562500000000e+03,7.374752929687500000e+03,1.313928222656250000e+01,4.281359863281250000e+02,6.569219970703125000e+01,2.009887695312500000e+03,3.507336425781250000e+03,1.011292480468750000e+03,3.768894042968750000e+02,2.257509521484375000e+03,8.526446533203125000e+02,1.037829101562500000e+03,1.641302734375000000e+03,8.802118530273437500e+02,6.759533691406250000e+01,2.012218750000000000e+03,9.510656738281250000e+02,1.807832031250000000e+03,3.662402343750000000e+02,6.093225097656250000e+01,2.396773681640625000e+03,2.778501892089843750e+02,1.907318115234375000e+02,8.616943359375000000e+01,1.728340148925781250e+02,1.423192871093750000e+03,5.493332519531250000e+02,2.728115234375000000e+03,1.058757128906250000e+04,1.587577362060546875e+02,1.225314355468750000e+04,8.362515258789062500e+02,6.719569091796875000e+02,4.726088867187500000e+03,6.119985961914062500e+01,3.024802246093750000e+03,8.633964538574218750e+01,6.912561035156250000e+02,2.231287109375000000e+03,4.538321289062500000e+03,1.014482421875000000e+02,2.095849609375000000e+01,2.961384033203125000e+03,5.628682861328125000e+02,6.246694335937500000e+02,2.327553710937500000e+02
4.587194824218750000e+02,4.427458007812500000e+03,2.559071044921875000e+02,3.458282812500000000e+04,2.807460693359375000e+03,2.063566894531250000e+02,9.122629394531250000e+02,1.172292175292968750e+02,1.202689453125000000e+03,3.533545410156250000e+03,4.981359863281250000e+01,1.983562988281250000e+03,1.596552734375000000e+02,1.045126831054687500e+03,9.837573242187500000e+02,7.412963867187500000e+02,9.805660400390625000e+02,1.890521240234375000e+01,5.748437500000000000e+01,9.048767089843750000e+02,4.478029296875000000e+03,7.318713378906250000e+01,3.827600097656250000e+01,3.228963867187500000e+03,1.197668579101562500e+03,3.949309082031250000e+02,3.913249511718750000e+02,1.882568664550781250e+02,6.052153320312500000e+02,4.457579956054687500e+02,7.155458984375000000e+03,4.186504882812500000e+03,1.809548034667968750e+02,8.344865234375000000e+03,9.484627075195312500e+02,3.843682861328125000e+02,2.194617187500000000e+03,2.418902587890625000e+01,3.078309082031250000e+03,2.319465179443359375e+02,9.016672363281250000e+02,3.940751953125000000e+02,3.558214355468750000e+03,2.290224304199218750e+02,2.890087890625000000e+02,3.037967773437500000e+03,6.994152832031250000e+02,1.904916992187500000e+03,3.509746704101562500e+02
9.518487548828125000e+02,3.222556640625000000e+03,2.860343017578125000e+02,1.389171777343750000e+04,2.768681152343750000e+03,7.826588134765625000e+02,4.481109008789062500e+02,3.519039916992187500e+01,3.910712890625000000e+02,3.438360595703125000e+03,9.136885986328125000e+02,3.757612792968750000e+03,2.262434326171875000e+03,5.220891113281250000e+02,8.877034301757812500e+02,1.870414428710937500e+03,8.910302734375000000e+02,4.977453613281250000e+01,1.568672363281250000e+03,3.197713378906250000e+03,3.875453369140625000e+03,1.954942871093750000e+03,8.248665771484375000e+02,2.652584228515625000e+03,4.926067199707031250e+02,9.779652099609375000e+02,7.380589599609375000e+02,3.061252441406250000e+02,8.695961914062500000e+02,3.780897521972656250e+02,6.922748046875000000e+03,3.745230957031250000e+03,3.384625549316406250e+02,4.131606933593750000e+03,6.932059326171875000e+02,1.075768798828125000e+03,1.860613281250000000e+03,3.929986572265625000e+02,2.631947509765625000e+03,2.671074829101562500e+02,2.648894775390625000e+03,1.041281250000000000e+03,1.491026367187500000e+03,9.536450195312500000e+01,2.833885009765625000e+03,2.473655273437500000e+03,1.005802795410156250e+03,2.876403320312500000e+03,5.452107543945312500e+02
9.706140747070312500e+02,6.432939453125000000e+03,4.640223388671875000e+02,1.677831640625000000e+04,1.582433349609375000e+03,7.404338989257812500e+02,4.374577026367187500e+02,1.808746490478515625e+02,1.082490820312500000e+04,3.806836669921875000e+03,1.165125610351562500e+03,3.904634033203125000e+03,2.306400878906250000e+03,1.264138671875000000e+03,1.266239746093750000e+03,1.448923217773437500e+03,1.177308349609375000e+03,3.009953308105468750e+02,1.614393432617187500e+03,3.401473144531250000e+03,4.795156738281250000e+03,2.257607421875000000e+03,8.923935546875000000e+02,3.010481445312500000e+03,7.971635742187500000e+02,1.323484985351562500e+03,1.092617187500000000e+03,4.493336181640625000e+02,4.860599609375000000e+03,7.453026123046875000e+02,7.878226562500000000e+03,4.222319335937500000e+03,2.479925384521484375e+02,4.207044921875000000e+03,1.352560546875000000e+03,1.165883422851562500e+03,7.045447265625000000e+03,3.874059753417968750e+02,2.786123046875000000e+03,2.897975769042968750e+02,2.803499755859375000e+03,8.596962890625000000e+02,3.582512695312500000e+03,2.082058868408203125e+02,3.244438720703125000e+03,2.432917480468750000e+03,1.100730468750000000e+03,3.073711425781250000e+03,5.404350585937500000e+02
1.772076416015625000e+03,3.922618164062500000e+03,5.910693359375000000e+02,2.247856445312500000e+03,1.343468261718750000e+03,5.815625000000000000e+02,4.297025451660156250e+02,2.575594482421875000e+02,4.888684570312500000e+03,3.511923339843750000e+03,4.312347412109375000e+02,4.283168457031250000e+03,1.090300537109375000e+03,1.415399780273437500e+03,1.158952392578125000e+03,8.619967773437500000e+03,1.094973632812500000e+03,3.380432128906250000e+02,2.999421386718750000e+02,9.635891113281250000e+02,3.930327148437500000e+03,5.139643554687500000e+02,6.503406982421875000e+02,1.702569580078125000e+03,3.793282165527343750e+02,1.145622070312500000e+03,1.761977783203125000e+03,3.040045166015625000e+01,4.002524902343750000e+03,1.882018310546875000e+03,3.984236328125000000e+03,3.570595703125000000e+03,3.338716125488281250e+02,5.299204101562500000e+03,1.311729858398437500e+03,1.419689453125000000e+03,4.676628906250000000e+03,1.537986755371093750e+02,2.580437255859375000e+03,2.570108032226562500e+02,2.975268798828125000e+03,4.135625000000000000e+02,1.939367919921875000e+03,1.949916687011718750e+02,3.584955322265625000e+03,2.593942871093750000e+03,1.511621093750000000e+02,1.517693603515625000e+03,3.616895751953125000e+02
2.027983398437500000e+02,3.115128906250000000e+03,1.858681640625000000e+02,1.907139257812500000e+04,3.765429687500000000e+02,1.489195556640625000e+02,4.540476989746093750e+02,2.439102325439453125e+02,6.212236328125000000e+02,3.539729736328125000e+03,9.073220214843750000e+02,9.060800781250000000e+02,2.113412597656250000e+03,4.234913330078125000e+02,1.025061523437500000e+03,2.165979980468750000e+03,1.325859375000000000e+03,1.965774536132812500e+02,1.810154418945312500e+03,1.390712402343750000e+03,3.823076171875000000e+03,2.109618408203125000e+03,7.183837890625000000e-01,3.733283203125000000e+03,4.441843261718750000e+02,2.151356201171875000e+02,1.122899169921875000e+02,2.019329223632812500e+02,1.156157226562500000e+03,2.795666809082031250e+02,5.773940429687500000e+03,3.788517578125000000e+03,2.673589477539062500e+02,3.984598144531250000e+03,4.700579833984375000e+02,3.800437011718750000e+02,2.024453125000000000e+03,1.603786621093750000e+02,6.688047851562500000e+03,2.594721069335937500e+02,3.194389160156250000e+03,2.382888671875000000e+03,1.624390136718750000e+03,1.071908111572265625e+02,1.948632812500000000e+01,2.216197753906250000e+03,2.150994873046875000e+02,7.294052734375000000e+02,1.904990356445312500e+03
1.800030517578125000e+02,1.262402343750000000e+04,3.621386718750000000e+01,2.492099023437500000e+04,8.682944335937500000e+02,1.018106689453125000e+02,6.319274291992187500e+02,2.830935668945312500e+01,2.861674804687500000e+03,1.481958203125000000e+04,4.647216796875000000e-01,1.463490722656250000e+03,7.356469726562500000e+01,4.815798339843750000e+02,2.594490722656250000e+03,1.702276855468750000e+03,3.615429687500000000e+02,4.890295410156250000e+01,5.895053710937500000e+02,1.625713867187500000e+03,5.372791992187500000e+03,4.902958984375000000e+02,1.888478393554687500e+02,2.268343994140625000e+03,7.427250366210937500e+02,8.672407226562500000e+02,1.597600830078125000e+03,2.520564880371093750e+02,6.707177734375000000e+02,4.116229858398437500e+02,4.617218750000000000e+03,2.064192578125000000e+04,3.261738586425781250e+02,4.015959228515625000e+03,1.195796875000000000e+03,1.121402587890625000e+02,3.466343750000000000e+03,7.338439941406250000e+00,2.726877197265625000e+03,6.526312866210937500e+02,1.905920043945312500e+03,1.446691406250000000e+03,1.633422729492187500e+03,5.314771118164062500e+02,6.964550781250000000e+01,2.717438964843750000e+03,2.699389038085937500e+02,9.364907226562500000e+02,5.123220214843750000e+02
8.241409912109375000e+02,5.668556640625000000e+03,1.804686279296875000e+02,1.031009082031250000e+04,7.357893066406250000e+02,1.197155761718750000e+02,7.790414428710937500e+01,1.726490783691406250e+01,2.635441406250000000e+03,7.701257812500000000e+03,9.280502929687500000e+02,1.978906250000000000e+03,2.209562255859375000e+03,1.026749023437500000e+03,2.963190429687500000e+03,1.764661132812500000e+03,9.693884277343750000e+02,1.664349365234375000e+01,1.886926269531250000e+02,1.369461181640625000e+03,3.065513183593750000e+03,4.162861328125000000e+02,9.574804687500000000e+01,2.045780029296875000e+03,4.104567871093750000e+02,6.338515625000000000e+02,1.725894775390625000e+02,4.464449768066406250e+02,3.681225585937500000e+02,2.410067749023437500e+02,3.431828125000000000e+03,1.697008300781250000e+03,4.643310852050781250e+02,1.184440039062500000e+04,9.860306396484375000e+02,4.555538330078125000e+02,4.434142089843750000e+03,6.669894409179687500e+01,2.508137695312500000e+03,6.636911621093750000e+02,1.465000000000000000e+02,2.643895019531250000e+03,3.088427001953125000e+03,1.452350311279296875e+02,1.401264648437500000e+02,1.873588378906250000e+03,4.849228515625000000e+02,1.536983642578125000e+02,4.952922973632812500e+02
9.386123046875000000e+02,5.324570312500000000e+03,8.086572265625000000e+01,1.752914453125000000e+04,3.935244140625000000e+02,1.284249267578125000e+02,1.080040893554687500e+02,3.585482788085937500e+01,1.467273437500000000e+03,3.616848388671875000e+03,2.701337890625000000e+02,1.000429687500000000e+02,6.087431640625000000e+02,1.243170532226562500e+03,1.107198852539062500e+03,6.897358398437500000e+02,1.258531494140625000e+03,7.873132324218750000e+01,3.638947753906250000e+02,1.505888671875000000e+03,4.019502929687500000e+03,4.154804687500000000e+02,2.548122558593750000e+02,3.538413574218750000e+03,1.257579345703125000e+03,8.714291992187500000e+02,1.089790039062500000e+02,3.205618286132812500e+02,8.218823242187500000e+02,1.623846435546875000e+02,4.015638671875000000e+03,3.587928955078125000e+03,1.929747009277343750e+02,8.344241210937500000e+03,1.108636962890625000e+03,1.201634521484375000e+02,4.496498535156250000e+03,1.245685119628906250e+02,3.099722167968750000e+03,2.829162902832031250e+02,1.748384521484375000e+03,9.722851562500000000e+01,3.642666259765625000e+03,1.787546844482421875e+02,1.414633789062500000e+02,4.234006347656250000e+03,1.319556640625000000e+03,1.056934082031250000e+03,5.406367797851562500e+02
1.150835815429687500e+03,3.551274169921875000e+03,1.609172363281250000e+02,1.501391113281250000e+04,2.186909667968750000e+03,9.541486206054687500e+02,5.581510009765625000e+02,2.470379638671875000e+02,1.058025390625000000e+04,3.566678710937500000e+03,1.061698120117187500e+03,3.746756347656250000e+03,2.366906738281250000e+03,1.428257812500000000e+03,9.794523925781250000e+02,1.937525390625000000e+03,1.154174560546875000e+03,2.106774902343750000e+01,1.630299194335937500e+03,3.296161132812500000e+03,3.479924072265625000e+03,1.629932006835937500e+03,9.123085937500000000e+02,3.121370361328125000e+03,8.953387451171875000e+02,1.081697387695312500e+03,1.221182495117187500e+03,4.796976318359375000e+02,1.434739501953125000e+03,1.264793701171875000e+03,7.164087890625000000e+03,4.010607177734375000e+03,3.544899902343750000e+02,4.193425781250000000e+03,9.956712646484375000e+02,1.607115356445312500e+03,4.396633300781250000e+03,3.991622924804687500e+02,5.629310058593750000e+03,3.079838867187500000e+02,4.501736328125000000e+03,1.910456054687500000e+03,2.063120605468750000e+03,1.510236968994140625e+02,2.776382812500000000e+03,2.310540771484375000e+03,9.276828613281250000e+02,2.113085693359375000e+03,5.556182861328125000e+02
1.246966186523437500e+03,6.604344238281250000e+03,2.816861572265625000e+02,1.667482812500000000e+04,4.582009765625000000e+03,8.485872802734375000e+02,4.409027099609375000e+02,2.289541473388671875e+02,1.073304394531250000e+04,3.943888183593750000e+03,1.170016113281250000e+03,4.244284179687500000e+03,2.430927490234375000e+03,1.163984497070312500e+03,1.340921264648437500e+03,2.073745605468750000e+03,1.369459594726562500e+03,3.823216857910156250e+02,1.435424438476562500e+03,3.362809082031250000e+03,4.204544433593750000e+03,1.967285278320312500e+03,9.517326660156250000e+02,3.090358398437500000e+03,8.964194335937500000e+02,1.446850341796875000e+03,1.392892211914062500e+03,3.419548034667968750e+02,1.702040527343750000e+03,1.059471679687500000e+03,7.590061035156250000e+03,4.198194824218750000e+03,3.191946716308593750e+02,4.030839599609375000e+03,1.187728271484375000e+03,1.412462890625000000e+03,6.731863281250000000e+03,3.558709716796875000e+02,4.263966308593750000e+03,6.099576416015625000e+02,3.485466308593750000e+03,4.475085937500000000e+03,3.642853759765625000e+03,1.550882110595703125e+02,3.081479003906250000e+03,2.195160644531250000e+03,8.185536499023437500e+02,2.107947021484375000e+03,5.494011230468750000e+02
2.251368164062500000e+03,4.076000976562500000e+03,6.192220458984375000e+02,1.864728125000000000e+04,1.588842285156250000e+03,7.359820556640625000e+02,3.261647338867187500e+02,1.851830749511718750e+02,1.031353906250000000e+04,3.606945068359375000e+03,1.125215576171875000e+03,3.706694091796875000e+03,4.129841308593750000e+02,1.056901489257812500e+03,1.130886718750000000e+03,5.518565429687500000e+03,3.106863769531250000e+03,3.233386535644531250e+02,1.473884277343750000e+03,3.337613769531250000e+03,3.747549804687500000e+03,2.299673583984375000e+03,9.432034912109375000e+02,2.492195800781250000e+03,7.530883789062500000e+02,1.179672851562500000e+03,1.170138671875000000e+03,1.092959289550781250e+02,2.845393066406250000e+03,1.146489746093750000e+03,7.976656250000000000e+03,4.138881835937500000e+03,3.111414184570312500e+02,4.139265625000000000e+03,1.269016113281250000e+03,1.330099487304687500e+03,4.455398437500000000e+03,2.281867065429687500e+02,3.843761718750000000e+03,2.776020507812500000e+02,3.308465332031250000e+03,4.173865234375000000e+03,2.338188476562500000e+03,1.322769470214843750e+02,3.885884277343750000e+03,1.848558105468750000e+03,7.517677612304687500e+02,1.720362304687500000e+03,5.350510253906250000e+02
1.092687011718750000e+03,3.768449951171875000e+03,1.603599243164062500e+02,3.350041406250000000e+04,1.333218750000000000e+03,1.336881103515625000e+02,2.207120971679687500e+02,1.085041809082031250e+02,2.714259765625000000e+04,3.521157958984375000e+03,1.084002929687500000e+03,9.478221679687500000e+03,2.068200195312500000e+03,1.620051025390625000e+03,1.151155029296875000e+03,3.163732910156250000e+03,1.912262573242187500e+03,2.960626831054687500e+02,2.586894531250000000e+02,1.138891357421875000e+03,5.169008789062500000e+02,9.552426757812500000e+02,2.609118408203125000e+03,2.264230957031250000e+03,7.274976806640625000e+02,1.832446289062500000e+01,1.226853637695312500e+03,1.045013122558593750e+02,7.991699218750000000e+02,1.397931640625000000e+03,4.283634765625000000e+03,3.263040039062500000e+03,3.969207763671875000e+01,3.974850585937500000e+03,9.780541381835937500e+02,3.352994140625000000e+03,1.325533935546875000e+03,7.597869873046875000e+00,7.788025878906250000e+03,2.701265869140625000e+02,3.088400634765625000e+03,1.253445605468750000e+04,1.490280029296875000e+03,1.752083587646484375e+02,1.477084960937500000e+02,1.718800537109375000e+03,1.586921630859375000e+03,3.391638183593750000e+02,6.313622436523437500e+02
1.000762207031250000e+03,1.007953808593750000e+04,1.275313720703125000e+02,1.162165234375000000e+04,6.246921386718750000e+02,4.114147949218750000e+01,3.229934082031250000e+02,6.752174072265625000e+02,1.958148437500000000e+03,1.412803125000000000e+04,6.171318359375000000e+02,8.055571289062500000e+02,1.218358398437500000e+03,1.739590454101562500e+02,3.042667480468750000e+03,1.656554687500000000e+03,9.649075927734375000e+02,7.012234497070312500e+01,2.274733642578125000e+03,1.426245117187500000e+03,3.290550781250000000e+03,1.002069335937500000e+03,4.405645751953125000e+02,1.930104736328125000e+03,8.993542480468750000e+02,5.095485839843750000e+02,1.651972900390625000e+03,3.985882568359375000e+01,1.858869628906250000e+02,3.979924316406250000e+02,3.682244628906250000e+03,1.375427343750000000e+04,1.193601074218750000e+02,3.993000976562500000e+03,9.987526855468750000e+02,1.043877441406250000e+03,5.495721191406250000e+03,1.426347045898437500e+02,3.868036865234375000e+03,6.925074462890625000e+02,2.161742675781250000e+03,2.395671875000000000e+03,1.497627441406250000e+03,4.853325500488281250e+02,3.150109863281250000e+02,5.453390625000000000e+03,1.978956298828125000e+02,1.893237304687500000e+01,5.319410400390625000e+02
1.302782104492187500e+03,5.755023437500000000e+03,5.984748535156250000e+02,8.251191406250000000e+03,5.209041503906250000e+03,1.136608276367187500e+02,1.741828002929687500e+02,1.007601928710937500e+02,2.577434570312500000e+03,7.706720703125000000e+03,1.039420166015625000e+03,6.577429199218750000e+02,2.042722778320312500e+03,6.299245605468750000e+02,2.417788818359375000e+03,1.589729003906250000e+03,1.098222900390625000e+03,9.566442871093750000e+01,4.700943603515625000e+02,1.375535644531250000e+03,2.845179687500000000e+03,2.710851318359375000e+03,7.134880371093750000e+02,1.773208007812500000e+03,8.516765136718750000e+02,5.883813476562500000e+02,4.090002441406250000e+02,6.316210937500000000e+01,3.607460937500000000e+02,4.616964721679687500e+02,2.241896484375000000e+03,9.590111328125000000e+03,1.912516784667968750e+02,1.208837695312500000e+04,3.736039306640625000e+03,1.407865478515625000e+03,3.832811279296875000e+03,3.994696044921875000e+01,4.778220703125000000e+03,6.044388427734375000e+02,5.813720703125000000e+01,6.460699707031250000e+03,2.845383056640625000e+03,1.036127471923828125e+02,1.192170410156250000e+03,1.329992797851562500e+03,1.329719848632812500e+02,7.273931884765625000e+02,5.455848388671875000e+02
9.681103515625000000e+02,5.093856445312500000e+03,1.192333374023437500e+02,4.261289843750000000e+04,3.458237304687500000e+02,5.380322265625000000e+01,1.710450744628906250e+02,1.755745849609375000e+02,1.191792968750000000e+03,3.595705566406250000e+03,1.545161132812500000e+02,1.585536865234375000e+03,7.681149902343750000e+02,1.151045288085937500e+03,1.074893798828125000e+03,1.147872314453125000e+03,9.402307128906250000e+02,5.793681335449218750e+01,2.531425781250000000e+02,1.345424560546875000e+03,3.712892333984375000e+03,3.344121093750000000e+02,4.857098388671875000e+02,4.145710449218750000e+03,8.458233642578125000e+02,4.637374267578125000e+02,1.495469970703125000e+02,9.660845947265625000e+01,6.847507324218750000e+02,3.298304443359375000e+02,1.494132812500000000e+03,4.236713867187500000e+03,2.117025146484375000e+02,8.320867187500000000e+03,1.087714721679687500e+03,5.841376953125000000e+02,1.552208007812500000e+03,3.900869750976562500e+01,3.543300781250000000e+03,6.617302246093750000e+02,1.101071289062500000e+03,5.948086425781250000e+03,3.676100830078125000e+03,1.302782745361328125e+02,1.670869140625000000e+02,4.817091308593750000e+03,4.737874755859375000e+02,2.217580566406250000e+02,3.097080078125000000e+02
1.295436523437500000e+03,3.525029785156250000e+03,2.860662841796875000e+01,1.415607519531250000e+04,8.677790527343750000e+02,9.951076660156250000e+02,4.028383789062500000e+02,3.837909545898437500e+02,5.560195312500000000e+02,3.542237792968750000e+03,1.144107543945312500e+03,3.308551757812500000e+03,2.139658447265625000e+03,2.156614990234375000e+02,9.583048706054687500e+02,1.746913208007812500e+03,1.083566162109375000e+03,8.916384887695312500e+01,1.428215942382812500e+03,3.256774902343750000e+03,3.792260986328125000e+03,2.044563964843750000e+03,9.476171875000000000e+02,3.269637695312500000e+03,8.988415527343750000e+02,9.861713867187500000e+02,1.971890869140625000e+02,2.470547790527343750e+02,6.128579101562500000e+02,8.783332519531250000e+02,6.476057617187500000e+03,4.428123046875000000e+03,5.472877807617187500e+02,4.126450683593750000e+03,1.608352539062500000e+03,1.020277954101562500e+03,9.014812011718750000e+02,2.965698852539062500e+02,6.136745117187500000e+03,3.295255737304687500e+02,1.716970214843750000e+03,3.620828125000000000e+03,1.784363403320312500e+03,1.235672454833984375e+02,2.991892089843750000e+03,2.115222412109375000e+03,1.004952209472656250e+03,1.776856201171875000e+03,5.555338134765625000e+02
1.413784667968750000e+03,6.586318359375000000e+03,3.935805664062500000e+02,1.495974609375000000e+04,4.398939453125000000e+03,8.311846923828125000e+02,3.762454223632812500e+02,1.921914215087890625e+02,1.054633496093750000e+04,3.885056152343750000e+03,1.243096923828125000e+03,4.498447265625000000e+03,2.306841796875000000e+03,1.108321655273437500e+03,1.255472412109375000e+03,1.979734375000000000e+03,1.244956542968750000e+03,3.455358886718750000e+02,1.359611328125000000e+03,3.343393066406250000e+03,3.925175537109375000e+03,1.986322875976562500e+03,9.158898925781250000e+02,3.009066650390625000e+03,8.998083496093750000e+02,1.176368774414062500e+03,1.500339721679687500e+03,2.276276855468750000e+02,2.628502929687500000e+03,1.411465820312500000e+03,6.872338867187500000e+03,4.736058593750000000e+03,4.281696777343750000e+02,4.025153564453125000e+03,1.240815063476562500e+03,1.427662475585937500e+03,3.758157714843750000e+03,3.136882019042968750e+02,4.888415527343750000e+03,6.139537353515625000e+02,3.839691406250000000e+03,1.243838867187500000e+03,3.706137207031250000e+03,1.200107269287109375e+02,4.041742919921875000e+03,2.373479492187500000e+03,1.082316528320312500e+03,1.413079956054687500e+03,5.501999511718750000e+02
3.095219726562500000e+03,5.943665039062500000e+03,5.365870971679687500e+02,1.807234765625000000e+04,3.535361328125000000e+02,8.627390747070312500e+02,3.232767333984375000e+02,1.977435302734375000e+02,5.984780273437500000e+03,3.559079101562500000e+03,3.049851074218750000e+02,6.099971679687500000e+03,1.998616699218750000e+03,1.028798217773437500e+03,1.183626708984375000e+03,5.871180664062500000e+03,2.351343261718750000e+03,3.624238586425781250e+02,1.345825195312500000e+01,3.718596191406250000e+02,4.081482910156250000e+03,5.188299560546875000e+02,1.673164428710937500e+03,6.879353027343750000e+02,8.160648193359375000e+02,1.174821289062500000e+03,1.300351318359375000e+03,4.313828125000000000e+02,3.102336425781250000e+03,1.464361816406250000e+03,3.048389648437500000e+03,3.984266601562500000e+03,4.182875671386718750e+02,4.293099121093750000e+03,1.441780395507812500e+03,2.705975097656250000e+03,4.549958984375000000e+03,2.394971313476562500e+02,4.149226074218750000e+03,2.748183898925781250e+02,3.498172851562500000e+03,1.992462402343750000e+03,3.044572021484375000e+03,1.272450561523437500e+02,3.726867431640625000e+03,5.207740234375000000e+03,1.276815185546875000e+02,2.414078613281250000e+03,5.438630371093750000e+02
6.223101806640625000e+02,3.240611572265625000e+03,3.902380371093750000e+02,3.303327734375000000e+04,5.359960937500000000e+02,7.381591796875000000e+01,3.414766235351562500e+02,1.909305725097656250e+02,1.013194531250000000e+04,3.541590087890625000e+03,1.081698242187500000e+03,3.584621582031250000e+02,2.072214355468750000e+03,1.406267822265625000e+03,1.159364257812500000e+03,2.533467285156250000e+03,1.207625366210937500e+03,1.648824462890625000e+02,2.223619873046875000e+03,1.736744873046875000e+03,3.689500732421875000e+03,1.198177001953125000e+03,1.744713745117187500e+02,3.833617187500000000e+03,8.350815429687500000e+02,1.079077148437500000e+03,1.292194580078125000e+03,1.010235290527343750e+02,9.650136718750000000e+02,3.988020019531250000e+02,4.408134765625000000e+03,4.074858398437500000e+03,3.894426879882812500e+02,3.964166748046875000e+03,1.250927368164062500e+03,3.323607177734375000e+02,4.120897460937500000e+03,1.609014892578125000e+01,8.222023437500000000e+03,2.786181030273437500e+02,3.292932128906250000e+03,3.871220214843750000e+03,1.528034057617187500e+03,1.132920532226562500e+02,3.063688476562500000e+03,2.161121826171875000e+03,7.009743652343750000e+02,4.117150878906250000e+01,5.673502197265625000e+02
8.971242675781250000e+02,1.013954687500000000e+04,3.872163085937500000e+02,7.293496093750000000e+03,2.341880859375000000e+03,1.098934326171875000e+02,1.586520996093750000e+02,4.345848388671875000e+02,1.157365332031250000e+04,1.615619628906250000e+04,3.253214111328125000e+02,2.406883789062500000e+03,1.198647705078125000e+03,9.145334472656250000e+02,3.831799804687500000e+03,1.816017944335937500e+03,1.994740234375000000e+03,9.280227661132812500e+01,1.789257812500000000e+01,1.589812744140625000e+03,2.872649902343750000e+03,4.499794921875000000e+02,9.522540893554687500e+02,2.061980224609375000e+03,8.246251831054687500e+02,1.010599792480468750e+03,3.284664062500000000e+03,4.711968994140625000e+01,4.556528320312500000e+02,6.761225585937500000e+02,3.408511718750000000e+03,1.883440625000000000e+04,3.029263000488281250e+02,3.996821289062500000e+03,1.202492309570312500e+03,1.237958984375000000e+02,3.756007324218750000e+03,1.640502929687500000e+01,4.035752441406250000e+03,1.004195434570312500e+03,3.833748046875000000e+03,2.947386718750000000e+03,1.631176269531250000e+03,4.857980957031250000e+02,9.397656250000000000e+01,2.013661621093750000e+03,6.767603759765625000e+02,6.266357421875000000e+02,5.310100097656250000e+02
1.051055664062500000e+03,5.685882812500000000e+03,5.214191894531250000e+02,8.951038085937500000e+03,7.289985351562500000e+02,1.083734130859375000e+01,7.135659790039062500e+01,1.137554931640625000e+01,2.810671875000000000e+03,7.810364257812500000e+03,1.090167480468750000e+03,8.817578125000000000e+02,2.184125000000000000e+03,1.137109985351562500e+03,2.888025878906250000e+03,1.654709106445312500e+03,2.081857421875000000e+03,1.001832275390625000e+02,3.617453613281250000e+02,1.178227539062500000e+03,3.193728759765625000e+03,1.942181884765625000e+03,2.110443359375000000e+03,1.847757812500000000e+03,8.684919433593750000e+02,1.878499511718750000e+03,9.751098632812500000e+00,2.861596679687500000e+01,2.508007812500000000e+01,1.835650634765625000e+02,1.493000000000000000e+03,9.795500000000000000e+03,1.115154724121093750e+02,1.279062207031250000e+04,4.419591796875000000e+03,3.686972656250000000e+02,4.915869140625000000e+02,1.155397644042968750e+02,4.716352539062500000e+03,5.904224853515625000e+02,1.264626464843750000e+02,6.591740722656250000e+03,3.798667968750000000e+03,1.215869827270507812e+02,5.226069335937500000e+02,2.472430419921875000e+03,8.327246093750000000e+02,6.561092529296875000e+02,4.971089477539062500e+02
7.039809570312500000e+02,6.087236816406250000e+03,2.637052001953125000e+02,3.981683203125000000e+04,2.275737304687500000e+03,2.233980712890625000e+03,4.758297729492187500e+01,3.889379882812500000e+01,1.020715820312500000e+03,3.629101318359375000e+03,7.803417968750000000e+01,9.492407226562500000e+02,1.636627197265625000e+03,1.048315307617187500e+03,1.034436767578125000e+03,1.698898559570312500e+03,1.114712524414062500e+03,1.323571777343750000e+02,3.279840087890625000e+02,1.414633300781250000e+03,3.678351806640625000e+03,1.706120361328125000e+03,7.075371704101562500e+02,5.204058593750000000e+03,9.805299072265625000e+02,4.722415771484375000e+02,1.192409423828125000e+03,1.158554992675781250e+02,4.996166992187500000e+02,1.741290283203125000e+02,1.583661132812500000e+03,4.235924804687500000e+03,2.409836730957031250e+02,8.263587890625000000e+03,1.856449218750000000e+03,1.377414550781250000e+02,4.291935546875000000e+03,2.581909179687500000e+01,3.605548095703125000e+03,2.624896850585937500e+02,9.941455078125000000e+01,4.053173828125000000e+03,3.559284667968750000e+03,1.714699554443359375e+02,5.423957519531250000e+02,4.998833984375000000e+03,4.687858886718750000e+02,4.368029785156250000e+02,3.943007202148437500e+02
1.361695068359375000e+03,3.414556396484375000e+03,4.750583496093750000e+02,1.829032812500000000e+04,4.591077148437500000e+03,9.770560302734375000e+02,4.251717529296875000e+02,1.983052062988281250e+02,1.040596972656250000e+04,3.514794433593750000e+03,1.141907348632812500e+03,3.412149414062500000e+03,2.190203857421875000e+03,1.157169555664062500e+03,9.656671752929687500e+02,1.763610351562500000e+03,1.022459777832031250e+03,1.026443786621093750e+02,1.536235473632812500e+03,3.233072998046875000e+03,3.805808593750000000e+03,1.767163085937500000e+03,8.740019531250000000e+02,3.241020996093750000e+03,8.967797851562500000e+02,1.034842163085937500e+03,1.139736816406250000e+03,3.790707397460937500e+02,5.440463867187500000e+02,9.315747680664062500e+02,6.292632812500000000e+03,4.159995605468750000e+03,3.297597656250000000e+02,4.028419433593750000e+03,1.031586181640625000e+03,1.107273681640625000e+03,4.436400878906250000e+03,3.349924926757812500e+02,6.492915039062500000e+03,2.545272064208984375e+02,3.216989746093750000e+03,8.417670898437500000e+03,1.684344482421875000e+03,1.738712310791015625e+02,3.049488281250000000e+03,2.373143554687500000e+03,1.052067504882812500e+03,1.682589843750000000e+03,5.546094970703125000e+02
1.505394165039062500e+03,6.612278320312500000e+03,7.350061035156250000e+02,1.875776367187500000e+04,4.377059570312500000e+03,9.695949096679687500e+02,3.935009460449218750e+02,2.552253723144531250e+02,1.095563378906250000e+04,4.206481445312500000e+03,1.250994384765625000e+03,4.095181396484375000e+03,2.328354980468750000e+03,1.405933593750000000e+03,2.737418457031250000e+03,1.892951416015625000e+03,1.389162597656250000e+03,3.958409423828125000e+02,1.641248046875000000e+03,3.366895996093750000e+03,4.089422607421875000e+03,2.027722900390625000e+03,8.806162109375000000e+02,3.314361083984375000e+03,8.977514648437500000e+02,1.625490722656250000e+03,1.422083862304687500e+03,3.851726074218750000e+02,2.081185058593750000e+03,9.955579833984375000e+02,7.109720703125000000e+03,4.798430175781250000e+03,3.123800048828125000e+02,4.071025146484375000e+03,1.447309936523437500e+03,1.549856079101562500e+03,4.474397949218750000e+03,3.086735839843750000e+02,5.203509765625000000e+03,5.760762939453125000e+02,3.765075683593750000e+03,9.526657226562500000e+03,3.622531738281250000e+03,1.828125762939453125e+02,4.714359375000000000e+03,2.741832519531250000e+03,1.398518310546875000e+03,1.345260009765625000e+03,5.507871704101562500e+02
2.094261718750000000e+03,5.441639648437500000e+03,8.218790283203125000e+02,1.899516406250000000e+04,9.956708984375000000e+02,3.639708862304687500e+02,2.586488342285156250e+02,3.427145996093750000e+02,1.131898925781250000e+04,3.708715332031250000e+03,1.198971313476562500e+03,5.114449218750000000e+03,2.430277099609375000e+03,2.012451904296875000e+03,1.386840820312500000e+03,1.762681762695312500e+03,1.383696655273437500e+03,3.874518737792968750e+02,1.705521850585937500e+03,3.362832031250000000e+03,4.058875976562500000e+03,2.432391357421875000e+03,9.551649780273437500e+02,2.556303710937500000e+03,8.666318359375000000e+02,1.459345458984375000e+03,1.497291503906250000e+03,4.652545166015625000e+02,3.177348144531250000e+03,1.167636474609375000e+03,8.690587890625000000e+03,4.402751953125000000e+03,3.529536132812500000e+02,5.174733886718750000e+03,1.987919433593750000e+03,2.102301269531250000e+03,4.688847167968750000e+03,3.785529174804687500e+02,4.743661132812500000e+03,2.948040771484375000e+02,3.547540771484375000e+03,1.178994628906250000e+04,2.431688232421875000e+03,1.987785339355468750e+02,2.708806152343750000e+03,4.282046875000000000e+03,1.390493286132812500e+03,3.049886962890625000e+03,4.366095581054687500e+02
1.822222900390625000e+02,3.923350830078125000e+03,7.419727783203125000e+02,2.735421875000000000e+04,2.107900634765625000e+03,5.967198486328125000e+02,3.150977478027343750e+02,1.041665649414062500e+01,2.139739843750000000e+04,3.497912841796875000e+03,9.098414306640625000e+02,5.624117675781250000e+03,2.304077148437500000e+03,1.540458251953125000e+03,2.033232910156250000e+03,5.186815429687500000e+03,3.508395996093750000e+03,3.108918762207031250e+02,2.538630371093750000e+02,1.202809814453125000e+03,3.801280273437500000e+03,2.225028076171875000e+03,2.347365722656250000e+03,2.306486816406250000e+03,7.731726074218750000e+02,1.563623291015625000e+03,1.582656738281250000e+03,3.621843261718750000e+02,1.809866210937500000e+03,1.761142578125000000e+03,7.066259765625000000e+03,3.719802734375000000e+03,3.283705749511718750e+02,3.958162353515625000e+03,1.635421020507812500e+03,3.733194824218750000e+03,1.379708496093750000e+03,3.221899414062500000e+02,3.509795410156250000e+03,2.903942871093750000e+02,5.276230468750000000e+03,2.888590820312500000e+04,2.252257080078125000e+03,1.769799652099609375e+02,7.338166503906250000e+02,1.257800292968750000e+03,1.378636718750000000e+03,1.822536376953125000e+03,6.150855712890625000e+02
2.828094970703125000e+03,1.472364062500000000e+04,1.330672485351562500e+03,3.349904687500000000e+04,1.454864746093750000e+03,5.862200927734375000e+01,2.106056823730468750e+02,3.139297485351562500e+02,2.631097656250000000e+03,1.556460253906250000e+04,8.754530639648437500e+02,8.533496093750000000e+02,4.119831542968750000e+03,3.289801025390625000e+02,3.805429931640625000e+03,1.715433471679687500e+03,1.281999023437500000e+03,1.132043457031250000e+02,2.874706054687500000e+03,2.029869262695312500e+03,3.063621093750000000e+03,2.699334960937500000e+03,4.859808959960937500e+02,2.179034667968750000e+03,8.500555419921875000e+02,1.003439086914062500e+03,1.185778808593750000e+01,2.624105224609375000e+02,1.365327636718750000e+03,5.593041992187500000e+02,4.340284179687500000e+03,2.010335156250000000e+04,1.555382385253906250e+02,3.960363281250000000e+03,1.585545898437500000e+03,6.480080566406250000e+02,4.744582031250000000e+03,4.429949951171875000e+01,9.567234375000000000e+03,8.273714599609375000e+02,2.706047607421875000e+03,8.907460937500000000e+02,1.678400878906250000e+03,2.324438629150390625e+02,1.360361328125000000e+02,4.835234863281250000e+03,9.372070312500000000e+01,2.607855224609375000e+03,5.328343505859375000e+02
2.208700195312500000e+03,5.591836914062500000e+03,8.177578735351562500e+02,9.796401367187500000e+03,1.148140625000000000e+03,2.520858154296875000e+02,2.343457031250000000e+01,5.140093994140625000e+02,3.032367187500000000e+03,5.815154296875000000e+03,1.142711669921875000e+03,2.345201171875000000e+03,2.054004394531250000e+03,7.062712402343750000e+02,3.450327636718750000e+03,1.517130249023437500e+03,4.523671386718750000e+03,3.484942626953125000e+01,7.051513671875000000e+00,1.203769042968750000e+03,8.919937500000000000e+03,6.051915039062500000e+03,9.603812255859375000e+02,1.583178955078125000e+03,8.720729980468750000e+02,9.729771728515625000e+02,1.787385620117187500e+03,2.673635559082031250e+02,2.145505371093750000e+02,4.098773193359375000e+02,3.292978515625000000e+03,9.000117187500000000e+03,1.940921020507812500e+01,1.469293554687500000e+04,9.251359863281250000e+02,2.853625488281250000e+02,4.149874023437500000e+03,7.169348144531250000e+01,5.741491210937500000e+03,6.728332519531250000e+02,7.450224609375000000e+02,4.824080078125000000e+03,3.615844726562500000e+03,9.157020568847656250e+01,1.057224609375000000e+03,1.806179687500000000e+03,1.296417236328125000e+02,1.393374511718750000e+03,5.124669189453125000e+02
1.341287597656250000e+03,5.054525390625000000e+03,1.040312011718750000e+03,1.369551367187500000e+04,1.848833007812500000e+03,7.751708984375000000e+01,6.412487792968750000e+01,1.722767028808593750e+02,9.366396484375000000e+02,3.667490966796875000e+03,5.320827636718750000e+02,8.173666992187500000e+02,2.808560058593750000e+03,1.606853027343750000e+03,2.814142578125000000e+03,1.316769409179687500e+03,1.583109130859375000e+03,5.500369262695312500e+01,4.207308349609375000e+02,1.189405761718750000e+03,7.299287597656250000e+03,2.247017822265625000e+03,1.105531738281250000e+03,4.232943359375000000e+03,1.087004516601562500e+03,1.080275512695312500e+03,2.793488769531250000e+02,1.618077392578125000e+02,6.196459960937500000e+02,6.854722900390625000e+02,2.862929687500000000e+02,4.565779785156250000e+03,2.771204223632812500e+02,8.341066406250000000e+03,3.436352539062500000e+03,5.271794433593750000e+02,1.518452148437500000e+03,7.066378784179687500e+01,3.196846191406250000e+03,7.224882812500000000e+02,2.024448242187500000e+03,2.406266601562500000e+03,3.655088623046875000e+03,2.134161529541015625e+02,9.648498535156250000e+02,4.682228515625000000e+03,1.661334838867187500e+02,1.805182617187500000e+03,4.043430786132812500e+02
1.299296875000000000e+03,4.125354492187500000e+03,4.786769409179687500e+02,3.226914843750000000e+04,3.407953613281250000e+03,1.119522583007812500e+03,4.255975952148437500e+02,2.227130889892578125e+02,1.100065429687500000e+04,3.486924560546875000e+03,1.071295776367187500e+03,3.807837890625000000e+03,1.836953369140625000e+03,1.347682373046875000e+03,1.313785644531250000e+03,1.578504638671875000e+03,9.766151733398437500e+02,9.801922607421875000e+01,1.375908203125000000e+03,3.204790771484375000e+03,5.348035644531250000e+03,1.923772705078125000e+03,8.459488525390625000e+02,3.960303466796875000e+03,8.982292480468750000e+02,9.331165771484375000e+02,1.185065063476562500e+03,3.628219909667968750e+02,2.802311523437500000e+03,9.498319702148437500e+02,7.040324218750000000e+03,4.215433105468750000e+03,3.869824829101562500e+02,4.089063964843750000e+03,1.628199218750000000e+03,1.261470458984375000e+03,4.164680664062500000e+03,3.421465759277343750e+02,2.966405517578125000e+03,3.210480041503906250e+02,3.205623779296875000e+03,4.086693359375000000e+03,1.844656616210937500e+03,1.643994750976562500e+02,2.845102050781250000e+03,2.476730468750000000e+03,7.404774169921875000e+02,5.500615234375000000e+02,5.550245361328125000e+02
1.218122436523437500e+03,6.619359375000000000e+03,2.649053955078125000e+01,1.568674218750000000e+04,3.580600341796875000e+03,1.681805419921875000e+02,4.371350402832031250e+02,1.308728485107421875e+02,1.140291210937500000e+04,3.739802246093750000e+03,1.261427734375000000e+03,4.662759765625000000e+03,2.209253906250000000e+03,1.322191650390625000e+03,2.392316894531250000e+03,1.759070922851562500e+03,1.461543457031250000e+03,3.304551086425781250e+02,1.434229125976562500e+03,3.383395263671875000e+03,5.441027343750000000e+03,2.211442138671875000e+03,8.175661621093750000e+02,3.135310546875000000e+03,9.005666503906250000e+02,1.811235351562500000e+03,1.444888183593750000e+03,3.225685119628906250e+02,3.994750976562500000e+03,1.462470825195312500e+03,6.938445312500000000e+03,4.780312011718750000e+03,3.891353149414062500e+02,4.069840576171875000e+03,1.503571777343750000e+03,2.021344482421875000e+03,4.367593750000000000e+03,3.521538696289062500e+02,3.169526855468750000e+03,7.370377197265625000e+02,3.329410156250000000e+03,1.153672851562500000e+03,3.676369140625000000e+03,1.612844085693359375e+02,2.806798339843750000e+03,2.737429931640625000e+03,7.589237670898437500e+02,2.974960205078125000e+03,5.506902465820312500e+02
3.166086425781250000e+03,6.354336914062500000e+03,4.005437011718750000e+02,2.571378906250000000e+03,6.342239257812500000e+03,7.278236694335937500e+02,5.211313476562500000e+02,4.465708923339843750e+01,1.682555859375000000e+04,3.647039550781250000e+03,3.040500488281250000e+02,7.571577636718750000e+03,1.715265502929687500e+03,3.419645996093750000e+02,1.200332763671875000e+03,8.918312500000000000e+03,4.367297363281250000e+03,3.375826416015625000e+02,3.570175781250000000e+02,3.328631835937500000e+03,4.159875000000000000e+03,2.739314697265625000e+03,2.706443115234375000e+03,4.975600585937500000e+02,8.035549926757812500e+02,1.816073608398437500e+03,1.969936523437500000e+02,3.687418212890625000e+02,5.724560546875000000e+03,1.221047851562500000e+03,2.965741210937500000e+03,4.215872558593750000e+03,4.565166015625000000e+02,4.441073730468750000e+03,1.526353027343750000e+03,2.310134521484375000e+03,1.078431152343750000e+03,3.665470581054687500e+02,4.841486816406250000e+03,2.957051086425781250e+02,4.680473632812500000e+02,3.330082031250000000e+03,3.590166992187500000e+03,1.387135162353515625e+02,5.239042968750000000e+03,4.074064697265625000e+03,1.165946044921875000e+03,3.665820800781250000e+03,4.224854736328125000e+02
2.033710083007812500e+03,3.379174072265625000e+03,5.004062500000000000e+02,4.107948437500000000e+04,1.722944580078125000e+03,9.170739746093750000e+01,5.291034545898437500e+02,3.245220031738281250e+02,6.082529296875000000e+02,3.692974121093750000e+03,8.497381591796875000e+02,7.593632812500000000e+02,1.972915283203125000e+03,4.908298339843750000e+02,3.515436035156250000e+03,1.635726074218750000e+03,2.270958984375000000e+03,1.011696472167968750e+02,2.546349121093750000e+03,3.345451904296875000e+03,5.680750000000000000e+03,2.507314697265625000e+03,7.624317016601562500e+02,4.349068359375000000e+03,8.329593505859375000e+02,3.344813232421875000e+02,2.615633544921875000e+02,1.025841674804687500e+02,3.385737792968750000e+03,2.735714111328125000e+02,2.367384765625000000e+03,4.186255371093750000e+03,5.140502929687500000e+00,4.026793212890625000e+03,6.013568359375000000e+03,1.008349609375000000e+01,1.697073242187500000e+03,6.244096679687500000e+02,1.046921093750000000e+04,6.947429199218750000e+02,2.870130126953125000e+03,3.034785156250000000e+02,1.819767578125000000e+03,1.519753265380859375e+02,3.034558593750000000e+03,2.772762207031250000e+03,5.143894042968750000e+02,1.145834960937500000e+03,1.217890136718750000e+03
1.488668945312500000e+03,8.684200195312500000e+03,1.009488647460937500e+03,1.649482226562500000e+04,2.505107910156250000e+03,2.715643310546875000e+02,1.650124816894531250e+02,5.331103515625000000e+01,4.213250000000000000e+03,2.176263085937500000e+04,3.415462646484375000e+02,6.225585937500000000e-01,2.114337158203125000e+03,5.309692382812500000e+01,5.725777343750000000e+03,1.786623046875000000e+03,2.428369628906250000e+03,1.423249206542968750e+02,2.644179687500000000e+02,3.289467285156250000e+03,2.971447021484375000e+03,2.043443847656250000e+03,8.207069091796875000e+02,2.614643798828125000e+03,8.398041992187500000e+02,7.975958251953125000e+02,1.411512207031250000e+03,6.742965698242187500e+01,2.020945312500000000e+03,7.368488769531250000e+02,4.113642578125000000e+03,2.084115039062500000e+04,3.001971435546875000e+01,4.063460205078125000e+03,1.637729614257812500e+03,5.525656738281250000e+02,1.748087402343750000e+03,2.294796752929687500e+01,4.232829589843750000e+03,1.172965209960937500e+03,1.005810546875000000e+01,1.218921875000000000e+03,2.746907226562500000e+03,3.964585876464843750e+02,2.493879394531250000e+02,4.694169921875000000e+02,4.048480224609375000e+01,8.021369628906250000e+02,5.390198974609375000e+02
1.735237304687500000e+03,6.353546386718750000e+03,9.364655761718750000e+02,6.497833007812500000e+03,1.026114990234375000e+03,2.503527832031250000e+02,4.200075988769531250e+02,6.481182861328125000e+01,1.296174804687500000e+03,7.752656250000000000e+03,1.135524658203125000e+03,1.162830566406250000e+03,2.625125000000000000e+03,1.577560791015625000e+03,3.184423339843750000e+03,2.003337524414062500e+03,2.050676269531250000e+03,2.637487792968750000e+01,2.695931396484375000e+02,4.593472656250000000e+03,4.331228515625000000e+03,5.348007812500000000e+03,1.052204956054687500e+03,2.484416503906250000e+03,8.689718017578125000e+02,1.242374755859375000e+03,4.791550292968750000e+02,1.006533508300781250e+02,3.915395507812500000e+02,8.975576171875000000e+02,4.287675781250000000e+02,1.020571093750000000e+04,2.022951660156250000e+02,1.810172656250000000e+04,2.548894042968750000e+03,4.258762207031250000e+02,6.396741210937500000e+03,8.616027832031250000e+00,3.208555664062500000e+03,6.892813720703125000e+02,1.581721191406250000e+02,7.259746093750000000e+02,4.033927490234375000e+03,1.203362045288085938e+02,1.388483886718750000e+02,2.596766113281250000e+03,3.864907226562500000e+02,1.614066528320312500e+03,5.153038940429687500e+02
9.610556640625000000e+02,6.534533203125000000e+03,1.724193115234375000e+02,4.608096484375000000e+04,2.488306640625000000e+03,1.116549072265625000e+02,2.258088989257812500e+02,7.861791992187500000e+01,6.345265625000000000e+03,3.797601318359375000e+03,4.209423828125000000e+01,5.425666503906250000e+02,1.758187988281250000e+03,1.510698730468750000e+03,2.850472900390625000e+03,4.684035644531250000e+02,1.056288574218750000e+03,1.988525390625000000e+01,4.054453125000000000e+02,3.284476806640625000e+03,4.361901367187500000e+03,4.522971679687500000e+03,5.115566406250000000e+02,6.065071289062500000e+03,1.542780273437500000e+03,1.148485229492187500e+03,7.754599609375000000e+02,2.532809448242187500e+02,1.070811523437500000e+03,6.748723144531250000e+02,9.007353515625000000e+02,4.322461914062500000e+03,1.800532531738281250e+02,8.391822265625000000e+03,1.537995483398437500e+03,7.877536621093750000e+02,2.643096191406250000e+03,2.388800048828125000e+01,4.217061523437500000e+03,7.379349365234375000e+02,3.766811523437500000e+02,3.056509765625000000e+03,3.626701904296875000e+03,1.262199020385742188e+02,9.822033691406250000e+02,3.961544433593750000e+03,6.679101562500000000e+01,2.535709228515625000e+02,4.056531982421875000e+02
1.413455078125000000e+03,6.442750976562500000e+03,4.799520263671875000e+02,1.576279882812500000e+04,2.827003906250000000e+03,1.037716918945312500e+03,4.742446289062500000e+02,1.616581573486328125e+02,1.123655468750000000e+04,3.621493652343750000e+03,9.157593383789062500e+02,4.130779296875000000e+03,3.113292724609375000e+03,1.345027587890625000e+03,1.463559692382812500e+03,1.645513549804687500e+03,1.059174804687500000e+03,1.709384765625000000e+02,1.368046142578125000e+03,3.310475341796875000e+03,4.266245605468750000e+03,1.967838745117187500e+03,8.936279296875000000e+02,4.003540527343750000e+03,8.982814941406250000e+02,9.728833007812500000e+02,1.678101562500000000e+03,2.505132751464843750e+02,1.780322265625000000e+02,8.658079833984375000e+02,5.001509765625000000e+03,4.269087402343750000e+03,4.935198059082031250e+02,4.091699951171875000e+03,2.013217041015625000e+03,1.096740966796875000e+03,4.355874023437500000e+03,3.825488281250000000e+02,5.970111328125000000e+03,6.007772216796875000e+02,3.664120117187500000e+03,2.129046875000000000e+03,1.858502929687500000e+03,1.248771972656250000e+02,2.699109863281250000e+03,2.217243652343750000e+03,7.303343505859375000e+02,5.756228027343750000e+02,5.560850830078125000e+02
2.915299560546875000e+03,6.600076171875000000e+03,3.867200927734375000e+02,1.672428125000000000e+04,4.789265625000000000e+03,3.888934326171875000e+01,4.182839355468750000e+02,1.739173583984375000e+02,1.447548925781250000e+04,5.030739746093750000e+03,1.260061157226562500e+03,4.029593994140625000e+03,2.060160888671875000e+03,1.805414794921875000e+03,3.555712402343750000e+03,1.831362915039062500e+03,1.707236328125000000e+03,4.334238281250000000e+02,1.526274902343750000e+03,3.428648681640625000e+03,4.497542968750000000e+03,1.985974731445312500e+03,1.004116699218750000e+03,3.902449951171875000e+03,8.982915039062500000e+02,1.785016601562500000e+03,1.203190673828125000e+03,5.236740112304687500e+01,1.278784179687500000e+03,9.603892822265625000e+02,6.099411132812500000e+03,5.146690429687500000e+03,4.709929504394531250e+02,4.121073242187500000e+03,1.738369384765625000e+03,1.737312866210937500e+03,4.692714843750000000e+03,4.029795532226562500e+02,3.505532226562500000e+03,7.471104736328125000e+02,4.260372070312500000e+03,1.406720703125000000e+03,3.647834472656250000e+03,1.731065979003906250e+02,3.058963623046875000e+03,3.043695800781250000e+03,7.340095214843750000e+02,1.012767578125000000e+03,5.505380249023437500e+02
4.318023925781250000e+03,4.420747070312500000e+03,3.736629638671875000e+02,2.602482421875000000e+03,7.551240234375000000e+02,5.986918945312500000e+02,3.964656066894531250e+02,1.980185089111328125e+02,1.457023144531250000e+04,3.790781005859375000e+03,9.840734863281250000e+01,6.445400390625000000e+03,2.122119140625000000e+03,2.891877441406250000e+02,1.440872070312500000e+03,7.569060546875000000e+03,3.742671386718750000e+03,3.775914611816406250e+02,2.134277343750000000e+02,3.614820800781250000e+03,4.481526855468750000e+03,2.302335937500000000e+03,2.316224853515625000e+03,1.107707519531250000e+03,8.331877441406250000e+02,1.587144531250000000e+03,3.032576904296875000e+02,9.113110351562500000e+01,2.384877929687500000e+03,1.087825439453125000e+03,5.298671875000000000e+03,4.246662109375000000e+03,4.937020568847656250e+02,4.930704101562500000e+03,1.507425781250000000e+03,1.322342285156250000e+03,9.020649414062500000e+02,1.994323425292968750e+02,5.207716796875000000e+03,6.114287109375000000e+02,1.079171875000000000e+03,5.143347656250000000e+03,3.259182861328125000e+03,1.715484771728515625e+02,4.572917968750000000e+03,3.872043457031250000e+03,1.142355957031250000e+03,3.456922607421875000e+03,4.259030151367187500e+02
1.614871582031250000e+03,5.654904296875000000e+03,3.410853271484375000e+02,1.901962890625000000e+04,2.843311523437500000e+03,2.696594238281250000e+01,4.550946044921875000e+02,5.824876708984375000e+02,6.758945312500000000e+02,3.631594238281250000e+03,1.135798828125000000e+03,9.671625976562500000e+02,2.396992187500000000e+03,3.221168212890625000e+02,1.594871704101562500e+03,3.914034179687500000e+03,2.244315917968750000e+03,9.297402954101562500e+01,2.128086181640625000e+03,3.380013916015625000e+03,4.798707031250000000e+03,2.143404052734375000e+03,4.622938232421875000e+02,4.285643554687500000e+03,8.514672851562500000e+02,2.011717529296875000e+02,1.142107543945312500e+03,1.473062133789062500e+02,2.709135742187500000e+02,1.150305175781250000e+02,4.092517578125000000e+03,4.174174316406250000e+03,1.432045898437500000e+02,3.998564208984375000e+03,1.697744873046875000e+03,3.968247070312500000e+02,2.074573730468750000e+03,1.411365356445312500e+02,8.802265625000000000e+03,5.025753479003906250e+02,2.717505371093750000e+03,1.840478515625000000e+03,3.394016845703125000e+03,1.195521926879882812e+02,8.512033691406250000e+02,2.259655517578125000e+03,2.108924560546875000e+02,1.454389160156250000e+03,7.424345703125000000e+02
1.034056884765625000e+03,1.316040429687500000e+04,6.937255859375000000e+02,2.789872656250000000e+04,5.128076171875000000e+01,1.143312988281250000e+02,4.632618713378906250e+02,6.189724731445312500e+01,2.298470703125000000e+03,2.233234765625000000e+04,3.815502929687500000e+02,5.909267578125000000e+02,2.536574462890625000e+03,2.941059570312500000e+02,3.778162109375000000e+03,1.667189453125000000e+03,1.480698730468750000e+03,7.910662841796875000e+01,5.928737792968750000e+02,3.369784912109375000e+03,2.844611816406250000e+03,1.876597167968750000e+03,8.550137329101562500e+02,1.675663085937500000e+03,9.054260253906250000e+02,9.645494384765625000e+02,2.443112792968750000e+03,6.377593994140625000e+01,2.768413085937500000e+02,2.136423339843750000e+02,2.963466796875000000e+02,2.462546484375000000e+04,2.034416503906250000e+02,3.981115966796875000e+03,3.923921142578125000e+03,4.294404296875000000e+02,2.725829589843750000e+03,2.021459960937500000e+01,3.536928222656250000e+03,7.690969238281250000e+02,1.165659179687500000e+03,1.138493164062500000e+03,2.150873046875000000e+03,3.456854858398437500e+02,4.581372070312500000e+02,2.155387207031250000e+03,3.503584594726562500e+02,1.720124145507812500e+03,5.400014648437500000e+02
2.112385986328125000e+03,5.826446777343750000e+03,5.714354248046875000e+02,5.670981445312500000e+03,2.815695800781250000e+03,1.143884277343750000e+01,4.200772094726562500e+02,7.699565124511718750e+01,7.258408203125000000e+02,8.236376953125000000e+03,1.195496093750000000e+03,3.233163818359375000e+03,2.126010986328125000e+03,1.054976562500000000e+03,3.265750000000000000e+03,1.629352294921875000e+03,2.083032958984375000e+03,1.041517944335937500e+02,9.298291015625000000e+02,8.060166992187500000e+03,4.307945312500000000e+03,7.377291015625000000e+03,1.005540527343750000e+03,1.765914062500000000e+03,8.068164062500000000e+02,9.476269531250000000e+02,7.529588623046875000e+02,1.037329101562500000e+02,6.359941406250000000e+02,4.077912597656250000e+02,5.465986328125000000e+02,9.227830078125000000e+03,1.637141723632812500e+02,2.240684375000000000e+04,2.731714355468750000e+03,6.843043212890625000e+02,4.802389648437500000e+03,3.225372314453125000e+01,6.444549804687500000e+03,7.055559082031250000e+02,1.304948242187500000e+03,7.786552734375000000e+02,3.235852783203125000e+03,8.803994750976562500e+01,1.877440307617187500e+03,1.366846923828125000e+03,1.862806396484375000e+02,1.487728271484375000e+03,5.444124755859375000e+02
1.399770263671875000e+03,5.655120117187500000e+03,1.235910644531250000e+02,4.057107812500000000e+04,1.225220703125000000e+03,2.140692138671875000e+02,5.394631958007812500e+01,9.277917480468750000e+01,9.023828125000000000e+02,3.899217529296875000e+03,3.208065795898437500e+02,1.053564453125000000e+01,3.569274414062500000e+03,1.383091308593750000e+03,1.404417480468750000e+03,5.964931640625000000e+02,9.189418945312500000e+02,4.663342285156250000e+01,3.273914794921875000e+02,3.463055175781250000e+03,4.469395019531250000e+03,4.707875976562500000e+03,4.730269775390625000e+02,6.811397949218750000e+03,1.134914306640625000e+03,1.248232421875000000e+03,7.657501220703125000e+02,3.905936279296875000e+02,1.531147460937500000e+02,1.219014892578125000e+02,1.239833984375000000e+03,4.089611816406250000e+03,4.885119628906250000e+01,8.504278320312500000e+03,2.649449462890625000e+03,2.324372558593750000e+02,1.606415039062500000e+03,4.311209106445312500e+01,5.466947265625000000e+03,7.367659912109375000e+02,1.685253906250000000e+01,4.431882812500000000e+03,3.633063720703125000e+03,1.996178131103515625e+02,7.506396484375000000e+02,4.636791503906250000e+03,2.878595581054687500e+02,6.850562744140625000e+02,3.496855468750000000e+02
1.799444091796875000e+03,3.314988037109375000e+03,1.865144042968750000e+02,2.932605273437500000e+04,7.073452148437500000e+02,9.488135986328125000e+02,4.311150207519531250e+02,3.229717407226562500e+02,1.259342089843750000e+04,3.890335937500000000e+03,1.243571777343750000e+03,4.905835449218750000e+03,2.512779296875000000e+03,1.311746704101562500e+03,1.559506347656250000e+03,1.561569580078125000e+03,1.811542358398437500e+03,1.809707641601562500e+02,1.476174560546875000e+03,3.524012939453125000e+03,4.401482421875000000e+03,1.956373535156250000e+03,8.963250122070312500e+02,4.356405273437500000e+03,8.963504638671875000e+02,1.615512329101562500e+03,1.611077636718750000e+03,3.752503967285156250e+02,6.665605468750000000e+02,1.367505126953125000e+03,6.949095703125000000e+03,4.475054199218750000e+03,5.201260986328125000e+02,4.091107910156250000e+03,4.179224609375000000e+03,1.079062255859375000e+03,4.635844726562500000e+03,3.629114990234375000e+02,7.065597656250000000e+03,7.109974365234375000e+02,3.658025146484375000e+03,1.190248242187500000e+04,3.159867187500000000e+03,1.938930358886718750e+02,2.675679687500000000e+03,2.386558593750000000e+03,6.640051269531250000e+02,6.557480468750000000e+02,5.558156738281250000e+02
1.546806884765625000e+03,6.598583007812500000e+03,3.356906738281250000e+02,1.696124414062500000e+04,4.579582031250000000e+03,3.398732910156250000e+02,5.055508117675781250e+02,3.476314697265625000e+02,1.249435156250000000e+04,6.321781250000000000e+03,1.262726562500000000e+03,4.901039062500000000e+03,2.578661621093750000e+03,1.749466064453125000e+03,3.245031250000000000e+03,1.953818359375000000e+03,1.937380615234375000e+03,4.051936340332031250e+02,1.582110961914062500e+03,3.812681884765625000e+03,4.557560546875000000e+03,2.059072265625000000e+03,1.064141479492187500e+03,4.622724609375000000e+03,9.005214843750000000e+02,1.730951904296875000e+03,1.710679565429687500e+03,4.190700073242187500e+02,1.007242187500000000e+03,1.152696044921875000e+03,7.610786132812500000e+03,5.406005859375000000e+03,5.231467895507812500e+02,4.209410156250000000e+03,2.935957031250000000e+03,1.519807250976562500e+03,4.369612792968750000e+03,3.860650939941406250e+02,6.251305664062500000e+03,7.289256591796875000e+02,3.664467285156250000e+03,1.138000781250000000e+04,3.714359375000000000e+03,1.705594940185546875e+02,3.417534423828125000e+03,2.739931152343750000e+03,6.785048828125000000e+02,8.436212158203125000e+02,5.505388183593750000e+02
4.266023925781250000e+03,5.445056640625000000e+03,8.643114013671875000e+02,1.859842968750000000e+04,1.989416259765625000e+03,4.225982055664062500e+02,4.653831787109375000e+02,1.937203979492187500e+01,1.577679296875000000e+04,4.137045410156250000e+03,6.779357910156250000e+01,1.034033593750000000e+04,1.477095703125000000e+03,5.120861816406250000e+02,1.317213256835937500e+03,1.279628906250000000e+04,2.502247802734375000e+03,3.752570800781250000e+02,2.890720214843750000e+02,4.270931640625000000e+03,4.466053710937500000e+03,2.115572265625000000e+03,2.256040527343750000e+03,8.197165527343750000e+02,8.189226074218750000e+02,1.518065185546875000e+03,1.755951904296875000e+03,4.407984924316406250e+02,2.830008300781250000e+03,1.090799926757812500e+03,4.376892578125000000e+03,4.595645507812500000e+03,4.357145996093750000e+02,4.531390625000000000e+03,2.942189941406250000e+02,1.916635498046875000e+03,4.708359375000000000e+02,1.115911254882812500e+02,4.505533203125000000e+03,4.557383117675781250e+02,1.003344726562500000e+02,7.916437500000000000e+03,1.979294677734375000e+03,1.827472991943359375e+02,5.789733398437500000e+03,3.131658203125000000e+03,1.573707519531250000e+03,4.073607910156250000e+03,5.004362792968750000e+02
9.795905761718750000e+02,3.866937011718750000e+03,5.410366210937500000e+02,2.857884765625000000e+04,3.902246093750000000e+01,1.443161621093750000e+02,3.481001586914062500e+02,3.250874633789062500e+02,1.324541015625000000e+02,3.624533203125000000e+03,1.171962890625000000e+03,2.897641601562500000e+02,2.363836425781250000e+03,4.426987304687500000e+02,1.192303222656250000e+03,3.797751953125000000e+03,6.842050781250000000e+02,1.417282409667968750e+02,2.772844238281250000e+03,3.646148681640625000e+03,7.798876953125000000e+03,2.034181396484375000e+03,1.658342285156250000e+02,4.063602539062500000e+03,8.570950927734375000e+02,6.610615234375000000e+02,1.575977294921875000e+03,8.100036010742187500e+02,6.024011230468750000e+02,4.537902832031250000e+01,3.639261718750000000e+03,3.605708740234375000e+03,9.822253417968750000e+01,4.108205566406250000e+03,3.875312500000000000e+02,2.536511230468750000e+02,2.801149414062500000e+03,2.494088745117187500e+01,1.306934472656250000e+04,3.615408935546875000e+02,3.145168212890625000e+03,1.050250390625000000e+04,1.844361083984375000e+03,1.609148101806640625e+02,5.753537597656250000e+02,2.096426269531250000e+03,2.645753173828125000e+02,1.613538574218750000e+03,8.033977661132812500e+02
1.134031372070312500e+03,1.128483886718750000e+04,8.304223632812500000e+01,7.493843750000000000e+03,1.864040771484375000e+03,7.072371215820312500e+02,1.395311584472656250e+02,1.172827758789062500e+02,3.804599609375000000e+02,2.401735156250000000e+04,2.474541015625000000e+02,1.402533447265625000e+03,4.470868164062500000e+03,3.457528076171875000e+02,3.524014160156250000e+03,1.698170898437500000e+03,5.828146972656250000e+02,1.191506347656250000e+02,1.722094726562500000e+01,3.532418701171875000e+03,3.096245117187500000e+03,1.819107543945312500e+03,5.596009521484375000e+02,1.811759765625000000e+03,8.780260009765625000e+02,1.027930786132812500e+03,2.627863085937500000e+04,5.597958374023437500e+01,7.222761230468750000e+02,1.332053222656250000e+02,1.786442382812500000e+03,2.783934765625000000e+04,1.636536865234375000e+02,4.055812988281250000e+03,3.752760742187500000e+03,2.996015625000000000e+02,3.789692382812500000e+03,1.074085693359375000e+02,4.172538574218750000e+03,7.549261474609375000e+02,1.042959472656250000e+03,1.778540039062500000e+03,1.822739624023437500e+03,1.820482788085937500e+02,9.418381347656250000e+02,1.546349609375000000e+03,4.320969238281250000e+02,1.803058105468750000e+03,5.383944091796875000e+02
1.980029052734375000e+03,6.227201660156250000e+03,8.035217285156250000e+02,7.284969726562500000e+03,1.322439697265625000e+03,3.015485839843750000e+02,1.023067016601562500e+02,6.463652038574218750e+01,1.753743164062500000e+03,8.327006835937500000e+03,1.186145263671875000e+03,3.444189208984375000e+03,2.524499023437500000e+03,1.202451416015625000e+03,3.225802246093750000e+03,1.782478637695312500e+03,1.934795898437500000e+03,1.336714477539062500e+02,5.624914550781250000e+02,7.250580566406250000e+03,4.297012695312500000e+03,8.107285644531250000e+03,6.352324829101562500e+02,2.412964843750000000e+03,8.565192871093750000e+02,7.928151855468750000e+02,5.770543212890625000e+02,1.532380371093750000e+02,5.248725585937500000e+02,3.705004882812500000e+01,9.205185546875000000e+02,1.089948632812500000e+04,1.816422119140625000e+02,2.535998828125000000e+04,6.661430664062500000e+02,2.337947998046875000e+02,4.491950195312500000e+03,2.360046386718750000e+01,5.842428710937500000e+03,6.777521972656250000e+02,7.276271972656250000e+02,1.708582031250000000e+03,2.591519775390625000e+03,9.322325134277343750e+01,1.269344238281250000e+03,2.139741699218750000e+03,3.788629760742187500e+02,1.636001708984375000e+03,5.307012939453125000e+02
1.280999023437500000e+03,6.516880371093750000e+03,1.753078613281250000e+02,2.485386523437500000e+04,2.000674072265625000e+03,2.295610351562500000e+02,4.256011962890625000e+01,3.050022888183593750e+01,5.802841796875000000e+02,6.844944824218750000e+03,2.193229980468750000e+02,1.869429199218750000e+03,3.071109130859375000e+03,1.428844482421875000e+03,3.113125000000000000e+03,1.487023925781250000e+03,7.358690185546875000e+02,1.172216796875000000e+01,8.156054687500000000e+01,4.302982910156250000e+03,4.374480468750000000e+03,4.911194335937500000e+03,2.152064208984375000e+02,6.977013183593750000e+03,1.135137939453125000e+03,1.034640258789062500e+03,1.391466308593750000e+03,1.246964111328125000e+02,7.594702148437500000e+01,1.036956787109375000e+02,6.171600585937500000e+03,5.302125976562500000e+03,2.652222900390625000e+02,8.548388671875000000e+03,2.216451171875000000e+03,1.920865478515625000e+02,1.538123046875000000e+03,6.674447631835937500e+01,5.645625000000000000e+03,7.275812988281250000e+02,6.746425781250000000e+02,2.966144531250000000e+03,3.599394042968750000e+03,2.008130645751953125e+02,1.060510498046875000e+03,3.275607910156250000e+02,3.464538574218750000e+01,6.561052246093750000e+02,3.595674438476562500e+02
1.491222534179687500e+03,6.468304687500000000e+03,3.075080566406250000e+02,1.799452148437500000e+04,3.979001464843750000e+03,1.152198852539062500e+03,5.959570922851562500e+02,2.765950927734375000e+02,1.136374121093750000e+04,4.811479492187500000e+03,1.203480468750000000e+03,4.985687011718750000e+03,4.029474121093750000e+03,1.285929321289062500e+03,1.204735351562500000e+03,3.025462402343750000e+03,1.875353637695312500e+03,2.080770568847656250e+02,1.911573242187500000e+03,3.924950683593750000e+03,4.411801757812500000e+03,2.092494384765625000e+03,1.004915832519531250e+03,4.651570312500000000e+03,8.957387695312500000e+02,1.573158691406250000e+03,2.531622314453125000e+03,2.866157836914062500e+02,4.126225585937500000e+02,1.434963867187500000e+03,9.222587890625000000e+03,4.836580078125000000e+03,5.667370605468750000e+02,4.611570312500000000e+03,3.205514648437500000e+03,1.542794555664062500e+03,4.571611816406250000e+03,4.357758789062500000e+02,7.238099609375000000e+03,7.280227050781250000e+02,4.026401855468750000e+03,1.091060058593750000e+04,1.887502197265625000e+03,1.534506988525390625e+02,3.526368652343750000e+03,3.022689453125000000e+03,7.334639892578125000e+02,5.672110595703125000e+02,5.553839111328125000e+02
1.668177490234375000e+03,6.636011718750000000e+03,5.434041748046875000e+02,1.595557519531250000e+04,3.409369140625000000e+03,7.140124511718750000e+01,5.842038574218750000e+02,2.594880981445312500e+02,1.183059863281250000e+04,8.029175781250000000e+03,1.247113525390625000e+03,4.604132324218750000e+03,3.178960449218750000e+03,1.728747802734375000e+03,2.477459960937500000e+03,1.969250488281250000e+03,1.962247680664062500e+03,4.165177001953125000e+02,2.069077148437500000e+03,4.453593750000000000e+03,4.572364746093750000e+03,2.061153076171875000e+03,1.089554687500000000e+03,5.035129882812500000e+03,9.004772949218750000e+02,1.721804931640625000e+03,2.839995605468750000e+03,2.701868591308593750e+02,1.912426269531250000e+03,1.241101074218750000e+03,1.069866015625000000e+04,7.315911621093750000e+03,5.281105957031250000e+02,4.898659179687500000e+03,3.393516601562500000e+03,2.023102539062500000e+03,5.010573730468750000e+03,4.364632873535156250e+02,6.424472656250000000e+03,7.167447509765625000e+02,4.069278564453125000e+03,1.106764648437500000e+04,3.698570800781250000e+03,1.257461776733398438e+02,4.138396484375000000e+03,4.081416503906250000e+03,7.670776977539062500e+02,7.891590576171875000e+02,5.497486572265625000e+02
1.251436767578125000e+03,6.039628906250000000e+03,4.654130859375000000e+02,2.311815625000000000e+04,1.282335937500000000e+03,1.096061889648437500e+03,3.260220947265625000e+02,1.751040954589843750e+02,1.430322753906250000e+04,4.119481933593750000e+03,4.981269531250000000e+02,6.195646972656250000e+03,1.076278808593750000e+03,2.510822753906250000e+02,1.201088134765625000e+03,1.297979101562500000e+04,2.045843505859375000e+03,4.173993225097656250e+02,7.344570312500000000e+02,5.268310546875000000e+03,4.512624023437500000e+03,2.309058349609375000e+03,1.558231201171875000e+03,1.647068603515625000e+03,8.562734375000000000e+02,1.510748535156250000e+03,2.108626953125000000e+03,2.966400756835937500e+02,3.439284667968750000e+03,1.102478759765625000e+03,6.065033203125000000e+03,4.827842285156250000e+03,5.028568115234375000e+02,6.006208984375000000e+03,1.009653320312500000e+02,9.478660888671875000e+02,1.915435546875000000e+03,1.391968383789062500e+02,5.736022460937500000e+03,6.603432617187500000e+02,3.997128906250000000e+02,1.245353125000000000e+04,3.450864746093750000e+03,1.398301239013671875e+02,4.938554687500000000e+03,5.445457519531250000e+03,1.545822875976562500e+03,3.671308105468750000e+03,3.954732055664062500e+02
1.100066040039062500e+03,5.042784179687500000e+03,5.248107299804687500e+02,2.894251562500000000e+04,1.060845214843750000e+03,6.358398437500000000e+00,4.964277954101562500e+02,1.793227691650390625e+02,1.083582812500000000e+04,3.611549072265625000e+03,1.169918701171875000e+03,2.431269531250000000e+02,3.399258300781250000e+03,1.207936889648437500e+03,1.130455688476562500e+03,4.542749023437500000e+03,4.240004882812500000e+02,8.533099365234375000e+01,2.210763671875000000e+03,4.397068359375000000e+03,8.100594238281250000e+03,2.066666503906250000e+03,3.798693237304687500e+02,4.571283691406250000e+03,8.626226806640625000e+02,1.680640258789062500e+03,2.769488525390625000e+03,1.185209655761718750e+02,6.756362304687500000e+02,1.944443359375000000e+02,7.323220703125000000e+03,4.163342773437500000e+03,5.860758056640625000e+02,4.334820312500000000e+03,1.167569824218750000e+03,4.000305175781250000e+02,4.419231445312500000e+03,1.102443237304687500e+02,5.018933105468750000e+03,4.713291931152343750e+02,3.444757812500000000e+03,3.189630859375000000e+03,1.735308593750000000e+03,1.315351867675781250e+02,3.812783203125000000e+02,2.452648925781250000e+03,2.611041259765625000e+02,1.413467407226562500e+03,7.416455078125000000e+02
1.496017944335937500e+03,9.302701171875000000e+03,1.075850830078125000e+02,1.374103710937500000e+04,1.806086425781250000e+03,2.205204467773437500e+02,8.765399169921875000e+01,3.201372070312500000e+02,7.844396484375000000e+03,2.244202929687500000e+04,1.387558593750000000e+02,6.977988281250000000e+02,1.872118408203125000e+03,2.617626464843750000e+03,2.987803222656250000e+03,2.205643554687500000e+03,2.834119873046875000e+02,1.545733642578125000e+02,1.099009277343750000e+03,3.746784179687500000e+03,3.127535644531250000e+03,1.981415405273437500e+03,4.956239013671875000e+02,2.112943847656250000e+03,8.512271728515625000e+02,7.273830566406250000e+02,1.154756347656250000e+03,9.128579711914062500e+01,8.805429687500000000e+02,8.417681884765625000e+01,8.134921875000000000e+03,2.654370312500000000e+04,2.670596923828125000e+02,4.138948730468750000e+03,1.795126586914062500e+03,9.280639648437500000e+01,1.023672363281250000e+04,1.527003173828125000e+02,6.180916992187500000e+03,8.288770751953125000e+02,4.023706542968750000e+03,8.731113281250000000e+02,1.596952880859375000e+03,3.637468261718750000e+02,6.569160156250000000e+02,1.087083740234375000e+03,2.235543823242187500e+02,1.659515991210937500e+03,5.326728515625000000e+02
1.140349804687500000e+04,6.065334960937500000e+03,7.337847290039062500e+02,8.815510742187500000e+03,5.544631347656250000e+02,7.787963867187500000e+01,3.968682861328125000e+01,4.428290557861328125e+01,4.621367187500000000e+02,8.173848632812500000e+03,1.149973510742187500e+03,8.295366210937500000e+02,3.437437988281250000e+03,9.031193847656250000e+02,3.200459960937500000e+03,2.659571777343750000e+03,5.349622802734375000e+02,3.076373291015625000e+01,4.831647949218750000e+02,5.907870117187500000e+03,4.237937988281250000e+03,8.397302734375000000e+03,5.930295410156250000e+02,2.283410644531250000e+03,8.815007324218750000e+02,8.231398925781250000e+02,2.226306640625000000e+03,9.937002563476562500e+01,6.831391601562500000e+02,3.801364746093750000e+02,1.659900390625000000e+03,1.088750292968750000e+04,2.202223510742187500e+02,2.168350000000000000e+04,3.375956298828125000e+03,4.414431152343750000e+02,5.180241210937500000e+03,3.729571533203125000e+01,9.031807617187500000e+03,6.887431640625000000e+02,4.890522460937500000e+02,5.304287109375000000e+02,1.811003173828125000e+03,1.142572937011718750e+02,1.298044555664062500e+03,1.702156982421875000e+03,5.349609375000000000e+00,1.302896362304687500e+03,5.073627319335937500e+02
1.271380737304687500e+03,5.835380859375000000e+03,1.545834960937500000e+02,2.263951757812500000e+04,1.703166015625000000e+03,1.987113037109375000e+02,2.059744873046875000e+02,8.756208038330078125e+01,2.221916015625000000e+03,4.117555664062500000e+03,2.614704589843750000e+02,2.377593750000000000e+03,2.796579101562500000e+03,1.252850585937500000e+03,1.546940063476562500e+03,2.290905761718750000e+03,3.783459472656250000e+01,1.071634521484375000e+02,8.200024414062500000e+01,4.491363769531250000e+03,4.406525878906250000e+03,4.744442382812500000e+03,6.807226562500000000e+01,4.189130859375000000e+03,1.019157836914062500e+03,7.772023925781250000e+02,2.153883300781250000e+03,1.860528564453125000e+01,5.705742187500000000e+02,3.665755004882812500e+02,1.931602539062500000e+03,4.700891601562500000e+03,8.606829833984375000e+01,8.593554687500000000e+03,1.633297363281250000e+03,6.247631835937500000e+01,1.792761718750000000e+03,1.660105590820312500e+02,4.692424316406250000e+03,7.218569335937500000e+02,4.799365234375000000e+02,1.299960937500000000e+03,2.479930419921875000e+03,1.318939056396484375e+02,1.043229980468750000e+03,2.744638427734375000e+03,1.367486572265625000e+02,7.782551269531250000e+02,3.636777343750000000e+02
1.049653686523437500e+03,4.789755371093750000e+03,1.919307861328125000e+02,1.577494921875000000e+04,3.025934570312500000e+03,1.018596191406250000e+03,4.855645446777343750e+02,2.096291809082031250e+02,1.113923437500000000e+04,3.671973388671875000e+03,1.172669189453125000e+03,3.921705566406250000e+03,4.136606933593750000e+03,1.089895263671875000e+03,1.053235839843750000e+03,3.510467285156250000e+03,1.628820312500000000e+03,2.026947631835937500e+02,1.647684814453125000e+03,3.938543945312500000e+03,4.360072265625000000e+03,1.904030273437500000e+03,9.961132812500000000e+02,4.769070800781250000e+03,8.954680175781250000e+02,1.164448852539062500e+03,1.092602905273437500e+03,3.032969970703125000e+02,7.274916992187500000e+02,7.181829223632812500e+02,1.006761523437500000e+04,4.328237792968750000e+03,4.526726684570312500e+02,4.712840332031250000e+03,1.665449218750000000e+03,1.179928466796875000e+03,4.764489746093750000e+03,4.195722656250000000e+02,5.836365722656250000e+03,2.816220397949218750e+02,3.387934814453125000e+03,1.112124804687500000e+04,1.645118774414062500e+03,1.560058288574218750e+02,2.514271484375000000e+03,2.330937500000000000e+03,8.427796020507812500e+02,6.282938232421875000e+02,5.555588378906250000e+02
1.888591796875000000e+03,6.624830078125000000e+03,9.828704833984375000e+01,1.470517871093750000e+04,2.685740234375000000e+03,9.777584228515625000e+02,4.894076232910156250e+02,2.600225830078125000e+02,1.126715527343750000e+04,6.706558593750000000e+03,1.232481689453125000e+03,4.177277832031250000e+03,3.195926025390625000e+03,1.267907226562500000e+03,1.511090576171875000e+03,2.697480468750000000e+03,1.950147338867187500e+03,4.244346923828125000e+02,1.788372558593750000e+03,4.388257324218750000e+03,4.544760742187500000e+03,2.068489501953125000e+03,1.176142211914062500e+03,5.046952636718750000e+03,9.005013427734375000e+02,1.502349609375000000e+03,2.816502929687500000e+03,2.940013427734375000e+02,1.648309570312500000e+03,7.515202026367187500e+02,8.645740234375000000e+03,5.366667968750000000e+03,5.349286499023437500e+02,4.680972656250000000e+03,1.241557250976562500e+03,1.830790771484375000e+03,4.457137207031250000e+03,4.726354370117187500e+02,5.004668945312500000e+03,7.350697021484375000e+02,3.651555175781250000e+03,1.103247949218750000e+04,3.620174316406250000e+03,1.611200408935546875e+02,3.257012695312500000e+03,2.534441162109375000e+03,8.206454467773437500e+02,7.730239257812500000e+02,5.505684204101562500e+02
1.829620483398437500e+03,5.374472656250000000e+03,4.344118652343750000e+02,2.560359375000000000e+04,1.411191894531250000e+03,4.503272705078125000e+02,3.283462219238281250e+02,3.030334472656250000e+02,9.571348632812500000e+03,3.780314453125000000e+03,5.180114746093750000e+02,6.131741210937500000e+03,1.147358886718750000e+03,7.323748779296875000e+02,9.538692626953125000e+02,1.232942382812500000e+04,1.157107177734375000e+03,4.264242248535156250e+02,5.776772460937500000e+02,5.170030273437500000e+03,4.504367187500000000e+03,2.115855712890625000e+03,1.328972167968750000e+03,2.008852539062500000e+03,8.452064208984375000e+02,1.561294799804687500e+03,5.462493896484375000e+02,9.061968994140625000e+01,3.460835449218750000e+03,1.079622802734375000e+03,1.185939453125000000e+03,4.483166015625000000e+03,4.458579711914062500e+02,5.073406738281250000e+03,2.105251464843750000e+03,5.915859375000000000e+02,1.022873046875000000e+03,5.621129150390625000e+02,4.633905273437500000e+03,2.787149353027343750e+02,5.963422851562500000e+02,1.381096777343750000e+04,1.886709716796875000e+03,1.844348144531250000e+02,4.347730468750000000e+03,5.819130859375000000e+02,1.381216064453125000e+03,3.150570312500000000e+03,4.057128906250000000e+02
1.506416992187500000e+03,4.397353515625000000e+03,1.570826416015625000e+02,1.996176562500000000e+04,2.210702880859375000e+03,1.819123535156250000e+02,2.581922607421875000e+02,2.884271545410156250e+02,2.462748046875000000e+03,3.658064941406250000e+03,1.175954711914062500e+03,6.049240722656250000e+02,3.768986816406250000e+03,4.965207519531250000e+02,1.134028198242187500e+03,4.528874023437500000e+03,1.002667480468750000e+03,3.714804077148437500e+01,2.200182373046875000e+03,3.986077148437500000e+03,4.062235351562500000e+03,2.022948974609375000e+03,6.289916992187500000e+00,4.829941894531250000e+03,8.629084472656250000e+02,2.578918457031250000e+01,2.255550781250000000e+03,1.819845581054687500e+02,5.156870117187500000e+02,9.813238525390625000e+01,5.549708984375000000e+03,4.029022949218750000e+03,1.505303955078125000e+01,4.561386718750000000e+03,1.674537597656250000e+03,9.591308593750000000e+01,2.107328125000000000e+03,3.561271667480468750e+02,1.153265039062500000e+04,3.562428283691406250e+02,2.021424560546875000e+03,2.931562500000000000e+03,1.815124511718750000e+03,1.323385772705078125e+02,4.940146484375000000e+02,2.209959716796875000e+03,2.556688232421875000e+02,1.320018554687500000e+03,6.012661132812500000e+02
1.631585571289062500e+03,8.522613281250000000e+03,3.813307495117187500e+02,2.174008593750000000e+04,1.227285156250000000e+03,2.373731689453125000e+02,1.447178039550781250e+02,1.312090148925781250e+02,1.846950195312500000e+03,2.034075585937500000e+04,9.784582519531250000e+01,2.010217285156250000e+02,3.688793701171875000e+03,5.999378051757812500e+02,4.836166503906250000e+03,2.309628173828125000e+03,1.333984375000000000e+01,1.062352294921875000e+02,1.403300781250000000e+03,3.562958496093750000e+03,3.343676269531250000e+03,1.787886962890625000e+03,9.611060791015625000e+02,2.100611572265625000e+03,8.809749755859375000e+02,3.026159667968750000e+02,7.812403564453125000e+02,6.092279052734375000e+01,9.547583007812500000e+02,3.113891601562500000e+01,4.315840820312500000e+03,2.638529492187500000e+04,5.279669189453125000e+01,4.100946777343750000e+03,1.239915527343750000e+03,1.073029785156250000e+02,2.568508789062500000e+03,4.017995910644531250e+02,4.057317871093750000e+03,1.041223510742187500e+03,7.196843261718750000e+02,2.688671875000000000e+01,2.227507812500000000e+03,3.927832946777343750e+02,1.195967895507812500e+03,3.779026855468750000e+03,3.500051269531250000e+02,1.463336669921875000e+03,5.328491210937500000e+02
1.151061328125000000e+04,6.063772949218750000e+03,7.162257080078125000e+02,9.489345703125000000e+03,8.650505371093750000e+02,2.289562377929687500e+02,3.845675659179687500e+01,5.811926269531250000e+01,1.560603515625000000e+03,8.373507812500000000e+03,1.166588378906250000e+03,3.091562255859375000e+03,2.709243896484375000e+03,7.877591552734375000e+02,1.759854492187500000e+03,1.719682617187500000e+03,6.128278808593750000e+02,5.596112060546875000e+01,4.232683105468750000e+02,6.163906250000000000e+03,4.087871093750000000e+03,8.229778320312500000e+03,3.254268798828125000e+02,2.852857910156250000e+03,8.885466308593750000e+02,1.248107421875000000e+03,1.070705688476562500e+03,2.505275268554687500e+02,5.789638671875000000e+02,3.313074951171875000e+02,5.264828125000000000e+03,8.450881835937500000e+03,1.088280639648437500e+02,2.108161328125000000e+04,2.241572753906250000e+03,1.092716064453125000e+02,8.243839843750000000e+03,4.198525390625000000e+02,6.882171875000000000e+03,5.690235595703125000e+02,4.687399902343750000e+02,9.988662109375000000e+02,2.231688476562500000e+03,1.067136535644531250e+02,1.490026367187500000e+03,1.265111450195312500e+03,1.622650146484375000e+02,1.242883789062500000e+03,5.285141601562500000e+02
2.648195556640625000e+03,6.254134765625000000e+03,2.168610839843750000e+02,2.223918750000000000e+04,8.212685546875000000e+02,4.387377929687500000e+01,2.625904541015625000e+02,2.831471252441406250e+01,2.801190429687500000e+03,4.229540527343750000e+03,4.645205078125000000e+02,8.831743164062500000e+02,2.264282226562500000e+03,1.228480346679687500e+03,8.679540405273437500e+02,4.482534667968750000e+03,1.356325683593750000e+02,4.279290771484375000e+01,2.072054443359375000e+02,4.181009765625000000e+03,4.244462402343750000e+03,5.146693359375000000e+03,2.055799560546875000e+02,3.426540527343750000e+03,8.151479492187500000e+02,8.734613037109375000e+01,9.852802734375000000e+02,2.049798583984375000e+02,7.936081542968750000e+02,1.647968750000000000e+02,2.507425781250000000e+03,4.642300292968750000e+03,3.388269042968750000e+01,8.563791015625000000e+03,7.640244140625000000e+02,1.375252685546875000e+02,4.857778320312500000e+02,3.751521301269531250e+02,5.630935058593750000e+03,3.510784606933593750e+02,2.785903320312500000e+02,3.636472656250000000e+03,1.737202880859375000e+03,2.522487182617187500e+02,8.061540527343750000e+02,2.228907226562500000e+03,1.005599365234375000e+02,8.373168945312500000e+00,3.168738403320312500e+02
1.810224731445312500e+03,4.298999023437500000e+03,6.630126953125000000e+01,1.354862695312500000e+04,2.753166259765625000e+03,7.903992919921875000e+02,4.863799133300781250e+02,2.060697784423828125e+02,1.062997070312500000e+04,3.603389892578125000e+03,1.170072021484375000e+03,3.005349121093750000e+03,3.617198242187500000e+03,1.059348754882812500e+03,1.030628540039062500e+03,2.361855468750000000e+03,1.468547729492187500e+03,1.792425537109375000e+02,1.600243041992187500e+03,3.671607666015625000e+03,4.078312988281250000e+03,2.013179077148437500e+03,1.260782470703125000e+03,4.123079101562500000e+03,8.955610351562500000e+02,1.021349731445312500e+03,1.337368041992187500e+03,2.974326782226562500e+02,3.836956054687500000e+03,6.938709716796875000e+02,9.424556640625000000e+03,4.307056640625000000e+03,5.814157714843750000e+02,4.375328125000000000e+03,9.555899047851562500e+02,9.214735107421875000e+02,4.269638183593750000e+03,3.685948181152343750e+02,6.128392578125000000e+03,3.394909973144531250e+02,3.371569824218750000e+03,1.085787207031250000e+04,2.067404296875000000e+03,1.584138336181640625e+02,2.226090332031250000e+03,1.669429077148437500e+03,7.852645874023437500e+02,5.918759765625000000e+02,5.548064575195312500e+02
1.808076049804687500e+03,6.581767578125000000e+03,3.205314331054687500e+02,1.445568164062500000e+04,2.733268554687500000e+03,6.232848510742187500e+02,4.220526428222656250e+02,1.977433166503906250e+02,1.075011914062500000e+04,3.933440185546875000e+03,1.228704833984375000e+03,3.066145507812500000e+03,2.937716308593750000e+03,9.371026611328125000e+02,1.069896240234375000e+03,2.416922363281250000e+03,1.768961669921875000e+03,3.929089050292968750e+02,1.529544555664062500e+03,3.986316650390625000e+03,4.455019531250000000e+03,1.992186889648437500e+03,1.274184448242187500e+03,3.027095703125000000e+03,9.000645751953125000e+02,1.025457275390625000e+03,1.392972290039062500e+03,2.498703002929687500e+02,1.165051269531250000e+03,7.280076904296875000e+02,8.233029296875000000e+03,4.541966308593750000e+03,3.962480163574218750e+02,4.304057128906250000e+03,9.485371093750000000e+02,1.115041015625000000e+03,4.387062500000000000e+03,4.331080932617187500e+02,5.619058593750000000e+03,3.557810363769531250e+02,3.435860351562500000e+03,9.802955078125000000e+03,3.111043212890625000e+03,1.261427764892578125e+02,2.454871826171875000e+03,1.677170654296875000e+03,7.500437622070312500e+02,7.661345214843750000e+02,5.495380859375000000e+02
1.856316040039062500e+03,4.556218750000000000e+03,4.895570068359375000e+02,1.597940429687500000e+04,1.261734619140625000e+03,6.189594116210937500e+02,3.630815734863281250e+02,1.848065948486328125e+02,5.883793945312500000e+03,3.610807373046875000e+03,5.931485595703125000e+02,5.214296875000000000e+03,6.000119628906250000e+02,6.286038208007812500e+02,8.164079589843750000e+02,1.315417773437500000e+04,1.378506591796875000e+03,3.953931884765625000e+02,5.131044921875000000e+02,4.408677734375000000e+03,4.331591308593750000e+03,2.208266357421875000e+03,1.153431762695312500e+03,2.068222167968750000e+03,8.561407470703125000e+02,1.015039428710937500e+03,1.000209228515625000e+03,1.475273132324218750e+02,3.065951660156250000e+03,8.047012329101562500e+02,3.718598632812500000e+03,4.154662109375000000e+03,5.726656494140625000e+02,4.698643554687500000e+03,2.128703857421875000e+03,8.890927734375000000e+02,5.723525390625000000e+02,5.368116455078125000e+02,5.642614257812500000e+03,3.861948547363281250e+02,9.838842773437500000e+02,1.098429492187500000e+04,1.957942749023437500e+03,1.402078247070312500e+02,4.004153564453125000e+03,2.095959960937500000e+03,1.187737304687500000e+03,2.828354003906250000e+03,3.506042480468750000e+02
1.804579711914062500e+03,3.991984375000000000e+03,7.148071289062500000e+00,1.685164843750000000e+04,1.515915283203125000e+03,8.270068359375000000e+01,3.358149108886718750e+02,1.274063110351562500e+00,3.797335937500000000e+03,3.683371337890625000e+03,1.150227416992187500e+03,5.258627929687500000e+02,3.506175048828125000e+03,1.139040527343750000e+02,9.761838378906250000e+02,4.585161132812500000e+03,5.475632324218750000e+02,1.088232421875000000e+02,1.450540039062500000e+03,3.510593505859375000e+03,1.090364453125000000e+04,2.024097656250000000e+03,2.720969238281250000e+02,1.998923828125000000e+03,8.764746093750000000e+02,8.254585571289062500e+02,1.274557373046875000e+03,1.209863586425781250e+02,6.378903808593750000e+02,2.039921875000000000e+02,7.274222656250000000e+03,4.141919921875000000e+03,3.903240966796875000e+01,4.181203613281250000e+03,9.548678588867187500e+02,1.170445556640625000e+02,1.898602539062500000e+03,3.983909606933593750e+02,7.546694335937500000e+03,3.250754089355468750e+02,2.638625976562500000e+03,2.709543945312500000e+03,1.899932128906250000e+03,1.362941589355468750e+02,9.035461425781250000e+02,1.612766967773437500e+03,1.271649169921875000e+02,1.101243774414062500e+03,4.673803100585937500e+02
1.794619384765625000e+03,7.433930664062500000e+03,4.228753662109375000e+01,1.056237890625000000e+04,1.742025878906250000e+03,1.801618652343750000e+02,1.827661437988281250e+02,2.745033264160156250e+01,3.905773437500000000e+03,2.108654687500000000e+04,2.237265625000000000e+02,3.055168457031250000e+02,2.168306640625000000e+03,4.115443725585937500e+02,3.920534179687500000e+03,2.018609375000000000e+03,2.949787597656250000e+02,3.773120117187500000e+01,3.069271240234375000e+02,3.444626464843750000e+03,3.713556152343750000e+03,1.942648193359375000e+03,1.569158935546875000e+02,2.008322998046875000e+03,8.830871582031250000e+02,6.837607421875000000e+02,1.417728271484375000e+02,1.510976257324218750e+02,1.300239013671875000e+03,3.338885498046875000e+01,1.784836914062500000e+03,2.226413085937500000e+04,2.404837646484375000e+02,4.093282226562500000e+03,1.819529785156250000e+03,1.688813476562500000e+02,2.093742675781250000e+03,3.325774230957031250e+02,5.783456054687500000e+03,7.802071533203125000e+02,6.758300781250000000e+01,1.794164062500000000e+03,1.922729614257812500e+03,3.290844726562500000e+02,8.425112304687500000e+02,1.386750122070312500e+03,3.157545166015625000e+02,1.425363891601562500e+03,5.280842285156250000e+02
1.226315429687500000e+04,6.046343261718750000e+03,5.404560546875000000e+02,9.597030273437500000e+03,1.040093017578125000e+03,8.197222900390625000e+01,4.051177978515625000e+01,5.322671508789062500e+01,3.925449218750000000e+03,8.125580078125000000e+03,1.161622070312500000e+03,2.586545654296875000e+03,3.786112792968750000e+03,1.194137695312500000e+03,2.737440429687500000e+03,2.183884277343750000e+03,3.882348632812500000e+02,1.718017578125000000e+01,4.276485595703125000e+02,5.394591796875000000e+03,4.095658691406250000e+03,7.926169921875000000e+03,3.209521484375000000e+02,3.330163574218750000e+03,8.866164550781250000e+02,9.304302978515625000e+02,6.593656005859375000e+02,2.578506469726562500e+01,5.849707031250000000e+02,1.453044738769531250e+02,2.250826171875000000e+03,1.099088574218750000e+04,1.117359008789062500e+02,1.960604296875000000e+04,4.952058105468750000e+03,7.555175781250000000e+01,4.348415527343750000e+03,1.282891845703125000e+03,6.577992187500000000e+03,4.530534667968750000e+02,6.468425292968750000e+02,1.491035156250000000e+02,1.688986816406250000e+03,1.100038604736328125e+02,1.630903930664062500e+03,1.051587768554687500e+03,2.731640625000000000e+01,9.094790039062500000e+02,4.979884643554687500e+02
3.528154296875000000e+03,5.666203125000000000e+03,1.713029785156250000e+02,1.952858984375000000e+04,1.241831298828125000e+03,5.949824218750000000e+02,1.527604980468750000e+02,6.524044799804687500e+01,1.343171875000000000e+03,3.727009277343750000e+03,5.780510253906250000e+02,1.300539062500000000e+03,2.494016357421875000e+03,1.227374511718750000e+03,1.082231933593750000e+03,3.144517333984375000e+03,5.325970458984375000e+02,2.355438232421875000e+01,7.792492675781250000e+01,3.756723876953125000e+03,4.106285644531250000e+03,4.817240234375000000e+03,2.148117675781250000e+02,4.837425781250000000e+03,8.107106933593750000e+02,2.205340576171875000e+02,8.476781005859375000e+02,1.233975219726562500e+01,7.190910644531250000e+02,8.052197265625000000e+01,2.470250976562500000e+03,4.613047363281250000e+03,7.232666015625000000e+00,8.553507812500000000e+03,1.079750732421875000e+03,3.128100585937500000e+01,3.830767578125000000e+03,4.355148620605468750e+02,5.148869140625000000e+03,6.706856689453125000e+02,1.113286132812500000e+02,1.109618164062500000e+03,2.996619628906250000e+03,1.232275924682617188e+02,6.682509765625000000e+02,2.573753417968750000e+03,6.604937744140625000e+01,2.824438476562500000e+01,3.348527832031250000e+02
1.824364257812500000e+03,3.805645507812500000e+03,3.202783203125000000e+01,1.310215625000000000e+04,2.712401367187500000e+03,7.146840820312500000e+02,5.451683959960937500e+02,1.580968933105468750e+02,1.054351464843750000e+04,3.641476562500000000e+03,1.110886230468750000e+03,2.671083007812500000e+03,4.193200683593750000e+03,1.091069458007812500e+03,1.025848266601562500e+03,3.224425781250000000e+03,1.343528320312500000e+03,1.590063781738281250e+02,1.573247802734375000e+03,3.572193847656250000e+03,4.132298828125000000e+03,1.933938476562500000e+03,1.295315063476562500e+03,3.850871826171875000e+03,8.901138916015625000e+02,6.679016113281250000e+02,1.112165039062500000e+03,2.102397460937500000e+02,8.182985839843750000e+02,6.757545166015625000e+02,6.671760742187500000e+03,4.347056152343750000e+03,5.633485717773437500e+02,4.387715332031250000e+03,1.036322265625000000e+03,8.323129882812500000e+02,4.166006347656250000e+03,4.846665649414062500e+02,7.193444335937500000e+03,2.905068664550781250e+02,3.613226562500000000e+03,1.075162988281250000e+04,1.837299072265625000e+03,1.273248291015625000e+02,1.976953369140625000e+03,1.512196533203125000e+03,7.471865844726562500e+02,7.695905761718750000e+02,5.536911010742187500e+02
1.821838500976562500e+03,6.513980468750000000e+03,8.607874145507812500e+02,1.463907714843750000e+04,2.762660400390625000e+03,2.235671997070312500e+02,4.369444274902343750e+02,1.788265533447265625e+02,1.103610351562500000e+04,4.024670410156250000e+03,1.202989013671875000e+03,3.257092773437500000e+03,2.682437255859375000e+03,1.720579711914062500e+03,1.133269287109375000e+03,1.562139160156250000e+03,1.773425903320312500e+03,3.701711425781250000e+02,1.673485107421875000e+03,3.843313476562500000e+03,4.503885742187500000e+03,2.029521850585937500e+03,1.302248291015625000e+03,3.982244140625000000e+03,8.998395996093750000e+02,1.141348144531250000e+03,1.279812866210937500e+03,1.996378479003906250e+02,1.874452270507812500e+03,7.348839721679687500e+02,9.238918945312500000e+03,4.875228027343750000e+03,5.130251464843750000e+02,4.190078125000000000e+03,1.660472167968750000e+03,1.130305419921875000e+03,4.253023437500000000e+03,5.851094970703125000e+02,5.391755371093750000e+03,7.227866210937500000e+02,3.824430664062500000e+03,1.074876757812500000e+04,3.166336669921875000e+03,1.333587188720703125e+02,2.519604980468750000e+03,1.372640136718750000e+03,7.059550781250000000e+02,6.823356933593750000e+02,5.474607543945312500e+02
4.357087890625000000e+03,3.986582031250000000e+03,1.030003662109375000e+02,9.898722656250000000e+03,1.174960937500000000e+03,3.476547851562500000e+02,2.621003417968750000e+02,2.755290527343750000e+02,5.321477539062500000e+03,3.590395996093750000e+03,6.846398925781250000e+02,6.177114746093750000e+03,5.753337402343750000e+02,3.999144287109375000e+02,9.171026000976562500e+02,9.913066406250000000e+03,1.186105346679687500e+03,3.551772155761718750e+02,4.360893554687500000e+02,4.074750976562500000e+03,4.090505859375000000e+03,2.059595458984375000e+03,1.332544433593750000e+03,2.004110107421875000e+03,8.246634521484375000e+02,1.185859008789062500e+03,8.446894531250000000e+02,2.364005432128906250e+02,3.622815429687500000e+03,6.427769775390625000e+02,1.024039062500000000e+03,4.398199218750000000e+03,3.829117126464843750e+02,4.454099609375000000e+03,2.075375976562500000e+02,7.464407958984375000e+02,1.537174804687500000e+03,5.780830078125000000e+02,3.686690429687500000e+03,2.990485534667968750e+02,3.650644042968750000e+03,9.011750976562500000e+03,1.863903564453125000e+03,1.374676055908203125e+02,4.370395996093750000e+03,1.825889038085937500e+03,1.180451293945312500e+03,3.478753417968750000e+03,3.551264648437500000e+02
1.708438232421875000e+03,3.458747558593750000e+03,1.213160400390625000e+02,1.388034667968750000e+04,2.061042480468750000e+03,3.208453369140625000e+01,5.065845947265625000e+02,2.775153808593750000e+02,3.691616210937500000e+03,3.562940917968750000e+03,1.148297607421875000e+03,1.756231933593750000e+03,3.329695068359375000e+03,3.675927734375000000e+02,9.792889404296875000e+02,4.502995117187500000e+03,9.908757324218750000e+02,2.115136108398437500e+02,1.684212158203125000e+03,3.463287597656250000e+03,7.449663574218750000e+03,1.964735717773437500e+03,2.756919433593750000e+03,4.078644531250000000e+03,8.751671142578125000e+02,2.865217285156250000e+02,7.596223144531250000e+02,1.240752868652343750e+02,2.399550781250000000e+02,1.945092773437500000e+01,3.606533691406250000e+03,4.274958496093750000e+03,3.421362304687500000e+01,4.059396240234375000e+03,1.672511230468750000e+03,3.569647216796875000e+01,4.165641113281250000e+03,4.917083435058593750e+02,5.497681152343750000e+03,2.737687988281250000e+02,3.301977050781250000e+03,4.356517578125000000e+03,1.637912353515625000e+03,1.212561492919921875e+02,1.047455200195312500e+03,1.411630737304687500e+03,2.249838867187500000e+02,1.039556884765625000e+03,1.796047363281250000e+02
1.103257690429687500e+03,4.922558105468750000e+03,7.985290527343750000e+01,7.820083984375000000e+03,1.453396728515625000e+03,5.534749755859375000e+02,7.997924804687500000e+01,1.467553253173828125e+02,3.379644531250000000e+03,1.894496484375000000e+04,2.648174438476562500e+02,1.540567871093750000e+03,3.063913574218750000e+03,2.803956298828125000e+02,3.722725097656250000e+03,2.038442749023437500e+03,9.178647460937500000e+02,4.010888671875000000e+01,3.807060546875000000e+02,3.388441406250000000e+03,3.703544921875000000e+03,1.873495727539062500e+03,1.290818359375000000e+03,2.755789550781250000e+03,8.853734130859375000e+02,3.891671142578125000e+02,6.172711181640625000e+01,4.969238281250000000e+00,1.350427978515625000e+03,1.982907714843750000e+02,2.799142578125000000e+03,1.942919140625000000e+04,1.852854003906250000e+02,4.046550292968750000e+03,1.577187866210937500e+03,3.502221679687500000e+01,1.312907519531250000e+04,3.332743835449218750e+02,4.589078125000000000e+03,1.247363647460937500e+03,1.719829687500000000e+04,2.702277343750000000e+03,1.803645874023437500e+03,4.309694213867187500e+02,1.129322265625000000e+03,6.731096191406250000e+02,2.296661376953125000e+02,1.060597167968750000e+03,5.236118164062500000e+02
1.180995971679687500e+03,5.924069335937500000e+03,2.940200805664062500e+02,8.411447265625000000e+03,1.380325683593750000e+03,4.003074340820312500e+02,1.204047851562500000e+02,2.475940704345703125e+01,3.187872070312500000e+03,8.157049804687500000e+03,1.111965332031250000e+03,2.630843261718750000e+03,2.462500488281250000e+03,1.403435791015625000e+03,3.111795654296875000e+03,1.881639892578125000e+03,1.074787597656250000e+03,6.932373046875000000e-01,3.511801757812500000e+02,5.239719726562500000e+03,3.790524414062500000e+03,7.608143554687500000e+03,1.313279785156250000e+03,3.137722900390625000e+03,7.889886474609375000e+02,5.436220703125000000e+02,4.409357910156250000e+02,2.865682983398437500e+01,1.033356201171875000e+03,1.722453308105468750e+02,2.096397460937500000e+03,1.052673730468750000e+04,3.464054870605468750e+02,1.926524218750000000e+04,8.209179687500000000e+02,3.931994628906250000e+01,4.498415527343750000e+03,1.181609375000000000e+03,6.458689453125000000e+03,4.820594177246093750e+02,1.448047607421875000e+03,1.408748046875000000e+03,1.632179321289062500e+03,1.076409454345703125e+02,1.558141601562500000e+03,7.705517578125000000e+02,2.018805541992187500e+02,1.471070068359375000e+03,5.128011474609375000e+02
3.925871093750000000e+03,3.798195800781250000e+03,1.930631713867187500e+02,2.058361718750000000e+04,9.827246093750000000e+02,9.323596191406250000e+01,3.892084960937500000e+02,2.838864135742187500e+01,3.872334960937500000e+03,3.602794921875000000e+03,4.383557128906250000e+02,2.449359375000000000e+03,1.919270019531250000e+03,1.362916992187500000e+03,1.058807006835937500e+03,9.237580566406250000e+02,6.423516845703125000e+02,3.831640625000000000e+01,1.412182617187500000e+02,3.468662597656250000e+03,3.976136474609375000e+03,4.869061523437500000e+03,1.312560791015625000e+03,3.458172851562500000e+03,8.190913085937500000e+02,3.373090820312500000e+02,6.110137329101562500e+02,9.676922607421875000e+01,7.080842285156250000e+02,6.479064941406250000e+00,2.824098632812500000e+03,4.323223632812500000e+03,3.066731567382812500e+02,8.497712890625000000e+03,1.075044311523437500e+03,1.027726440429687500e+02,3.353744384765625000e+03,5.297419433593750000e+02,4.656152832031250000e+03,5.009261779785156250e+02,1.420342773437500000e+03,3.570273437500000000e+02,1.486655517578125000e+03,1.153996429443359375e+02,1.256263671875000000e+03,1.370904907226562500e+03,3.433028564453125000e+02,4.506323242187500000e+02,3.921843872070312500e+02
1.944892944335937500e+03,3.181447998046875000e+03,1.243648681640625000e+02,1.116668750000000000e+04,2.331303955078125000e+03,6.247947387695312500e+02,5.087968750000000000e+02,1.930608062744140625e+02,1.025749609375000000e+04,3.605681640625000000e+03,1.050004028320312500e+03,3.804515869140625000e+03,3.160859619140625000e+03,1.016216186523437500e+03,1.052701049804687500e+03,3.620406738281250000e+03,1.175596191406250000e+03,5.845129394531250000e+01,1.122432250976562500e+03,3.470127929687500000e+03,3.993562011718750000e+03,1.953358276367187500e+03,1.333532470703125000e+03,3.785697265625000000e+03,8.762051391601562500e+02,9.613381958007812500e+02,1.009524780273437500e+03,2.198479003906250000e+02,5.263085937500000000e+02,6.251829833984375000e+02,6.301828125000000000e+03,4.315739746093750000e+03,4.374389038085937500e+02,4.162275390625000000e+03,2.387565673828125000e+03,8.620770263671875000e+02,4.330982421875000000e+03,5.927844848632812500e+02,6.787452148437500000e+03,3.221094665527343750e+02,4.149800781250000000e+03,1.079073144531250000e+04,1.700284423828125000e+03,1.401853332519531250e+02,2.044009643554687500e+03,1.852486083984375000e+03,7.568748779296875000e+02,7.509704589843750000e+02,5.460758666992187500e+02
1.749071777343750000e+03,4.876256835937500000e+03,3.920898437500000000e+02,1.510978222656250000e+04,2.317247314453125000e+03,5.037390136718750000e+01,4.246573181152343750e+02,1.782155914306640625e+02,9.325657226562500000e+03,4.090723388671875000e+03,1.160858398437500000e+03,3.753941406250000000e+03,2.559566162109375000e+03,1.930815185546875000e+03,1.098313476562500000e+03,2.298760742187500000e+03,1.702876464843750000e+03,3.608650207519531250e+02,1.591906982421875000e+03,3.717678466796875000e+03,4.395151855468750000e+03,2.022148559570312500e+03,1.097338256835937500e+03,3.360172119140625000e+03,8.976640625000000000e+02,1.464466674804687500e+03,1.107486328125000000e+03,2.028568420410156250e+02,2.044565917968750000e+03,6.845002441406250000e+02,8.817138671875000000e+03,4.822525390625000000e+03,4.944588623046875000e+02,4.106125488281250000e+03,9.586588745117187500e+02,9.696573486328125000e+02,4.265624023437500000e+03,5.770186767578125000e+02,5.115790039062500000e+03,7.271232910156250000e+02,4.469264648437500000e+03,9.524473632812500000e+03,2.653026855468750000e+03,1.240913009643554688e+02,2.240966552734375000e+03,1.504025268554687500e+03,6.889683837890625000e+02,8.532313232421875000e+02,5.426636962890625000e+02
1.934378173828125000e+03,3.305023437500000000e+03,4.809595947265625000e+02,4.903747070312500000e+03,1.114317138671875000e+03,5.198218383789062500e+02,1.651132507324218750e+02,2.118202362060546875e+02,4.040377929687500000e+03,3.632642822265625000e+03,6.464978027343750000e+02,4.976686035156250000e+03,1.665040039062500000e+03,2.111639404296875000e+02,1.114857666015625000e+03,1.061802636718750000e+04,2.519178222656250000e+03,3.423600158691406250e+02,3.595233154296875000e+02,3.858407226562500000e+03,3.982169921875000000e+03,2.122887939453125000e+03,1.310772949218750000e+03,2.331217529296875000e+03,8.466455078125000000e+02,1.395750000000000000e+03,1.057133911132812500e+03,3.694146118164062500e+02,1.242358154296875000e+03,5.601321411132812500e+02,1.833505859375000000e+02,4.445262207031250000e+03,2.439572753906250000e+02,4.361637695312500000e+03,1.209700927734375000e+03,5.540514526367187500e+02,4.469809570312500000e+03,5.690569458007812500e+02,4.323070800781250000e+03,5.352264404296875000e+02,2.454987792968750000e+03,7.142024414062500000e+03,1.783187866210937500e+03,1.336605529785156250e+02,4.535898437500000000e+03,2.408495605468750000e+03,1.424969848632812500e+03,2.196921386718750000e+03,3.622667236328125000e+02
1.817844482421875000e+03,3.034014404296875000e+03,1.860716552734375000e+02,1.489171484375000000e+04,7.286396484375000000e+02,4.275715332031250000e+02,2.716697387695312500e+02,2.208087768554687500e+02,3.490766601562500000e+03,3.526743652343750000e+03,1.088819091796875000e+03,1.794595703125000000e+03,2.811229736328125000e+03,3.788660888671875000e+02,1.039570678710937500e+03,4.811734375000000000e+03,1.440764892578125000e+03,1.439772033691406250e+02,1.382715576171875000e+03,3.350780761718750000e+03,6.942600097656250000e+03,1.953987182617187500e+03,6.864721679687500000e+03,4.548436523437500000e+03,8.762789306640625000e+02,2.701774902343750000e+02,1.784981079101562500e+02,1.436402587890625000e+02,2.432224853515625000e+03,2.449072875976562500e+02,3.829822265625000000e+03,4.215148925781250000e+03,2.531433105468750000e+02,4.007646484375000000e+03,1.862400634765625000e+03,8.022174072265625000e+01,4.236893554687500000e+03,5.154174804687500000e+02,1.007946679687500000e+04,2.706331787109375000e+02,5.241503906250000000e+01,1.440390625000000000e+02,1.527279052734375000e+03,1.184446182250976562e+02,1.105661254882812500e+03,1.425728271484375000e+03,3.571590576171875000e+02,9.509531250000000000e+02,1.136051940917968750e+02
1.021062109375000000e+04,5.673504882812500000e+03,8.727026367187500000e+01,6.840050781250000000e+03,1.193165283203125000e+03,1.378108520507812500e+02,1.857556762695312500e+02,1.091298980712890625e+02,3.255074218750000000e+03,1.370094628906250000e+04,1.454194335937500000e+02,1.934609863281250000e+03,2.522280761718750000e+03,2.254091796875000000e+02,4.266384765625000000e+03,1.997290405273437500e+03,9.418623046875000000e+02,6.414526367187500000e+01,1.010599731445312500e+03,3.338291015625000000e+03,3.884907226562500000e+03,1.917545898437500000e+03,1.301250610351562500e+03,1.395975341796875000e+03,8.145103149414062500e+02,1.124650146484375000e+03,1.237316894531250000e+02,4.607641601562500000e+01,1.241917968750000000e+03,1.652828369140625000e+02,2.947974121093750000e+03,1.766257617187500000e+04,1.515584106445312500e+02,3.985828613281250000e+03,1.337045898437500000e+03,1.807687377929687500e+02,1.385903222656250000e+04,3.751763305664062500e+02,3.730520507812500000e+03,5.585780029296875000e+02,5.399323242187500000e+03,1.977117187500000000e+03,1.355863891601562500e+03,4.228127746582031250e+02,6.827297363281250000e+02,5.114017333984375000e+02,3.366125488281250000e+02,9.912675781250000000e+02,4.909622802734375000e+02
1.278256469726562500e+03,3.792164062500000000e+03,4.658847656250000000e+02,8.688207031250000000e+03,2.061816406250000000e+02,7.665893554687500000e+01,1.073984375000000000e+02,8.330747985839843750e+01,2.507809570312500000e+03,7.871163085937500000e+03,1.103549316406250000e+03,2.239705810546875000e+03,2.321671386718750000e+03,1.332217041015625000e+03,2.321085449218750000e+03,2.222715576171875000e+03,1.185993896484375000e+03,2.834246826171875000e+01,1.097225341796875000e+02,5.222947753906250000e+03,3.892744873046875000e+03,6.378413085937500000e+03,1.020584289550781250e+03,2.235059326171875000e+03,6.298795776367187500e+02,5.928552246093750000e+02,5.167850952148437500e+02,3.933306884765625000e+01,1.398618896484375000e+03,2.525928955078125000e+02,4.861721679687500000e+03,4.248417968750000000e+03,1.579327392578125000e+02,2.096382421875000000e+04,3.217367919921875000e+03,2.950656127929687500e+02,8.233137695312500000e+03,1.493569824218750000e+03,4.974738281250000000e+03,5.571593017578125000e+02,3.946493164062500000e+03,3.193105468750000000e+02,1.367441894531250000e+03,1.101081695556640625e+02,1.333612304687500000e+03,9.780235595703125000e+02,2.375432128906250000e+02,5.861676025390625000e+02,4.693981323242187500e+02
5.812917480468750000e+02,3.043549316406250000e+03,3.101578369140625000e+02,1.398772167968750000e+04,1.176688232421875000e+03,5.283587036132812500e+02,2.688228149414062500e+02,1.078614807128906250e+01,3.869194335937500000e+03,3.552502197265625000e+03,4.974858398437500000e+02,1.432376953125000000e+03,1.690051025390625000e+03,1.259880981445312500e+03,9.589213867187500000e+02,3.890543457031250000e+03,5.243587646484375000e+02,5.089068603515625000e+01,1.059741210937500000e+02,3.461677001953125000e+03,4.008479736328125000e+03,4.263224609375000000e+03,1.259223754882812500e+03,4.349855957031250000e+03,5.732354736328125000e+02,5.356782226562500000e+02,4.915544433593750000e+02,5.165115356445312500e+01,1.117958251953125000e+03,1.821475830078125000e+02,3.406030273437500000e+03,4.295604980468750000e+03,1.444375610351562500e+02,8.470587890625000000e+03,9.133496704101562500e+02,2.646659545898437500e+02,4.435193359375000000e+03,4.686413269042968750e+02,4.244688476562500000e+03,5.914234619140625000e+02,4.392764648437500000e+03,8.161328125000000000e+01,1.441423583984375000e+03,1.197182312011718750e+02,7.986258544921875000e+02,1.375698120117187500e+03,2.504786376953125000e+02,3.575903320312500000e+01,4.681451416015625000e+02
1.783398193359375000e+03,2.958950683593750000e+03,1.611347045898437500e+02,9.625903320312500000e+03,2.576408691406250000e+03,7.247940673828125000e+02,4.304709167480468750e+02,2.196342926025390625e+02,8.793226562500000000e+03,3.539353271484375000e+03,1.059544677734375000e+03,2.030283691406250000e+03,2.780505615234375000e+03,9.079948730468750000e+02,9.134403076171875000e+02,2.194516601562500000e+03,1.499976440429687500e+03,1.712969360351562500e+02,1.363775756835937500e+03,3.433527832031250000e+03,3.823952636718750000e+03,1.862211669921875000e+03,2.030946533203125000e+03,3.376981933593750000e+03,8.633558349609375000e+02,7.555656738281250000e+02,8.672753906250000000e+02,3.561194458007812500e+02,1.041315673828125000e+03,6.794541015625000000e+02,7.336480468750000000e+03,3.348815185546875000e+03,3.605415954589843750e+02,4.074013183593750000e+03,7.860209960937500000e+02,8.197781982421875000e+02,4.395703125000000000e+03,5.072270202636718750e+02,6.502612304687500000e+03,2.682362670898437500e+02,4.447840820312500000e+03,1.019950585937500000e+04,1.375568359375000000e+03,1.646001129150390625e+02,1.528587890625000000e+03,1.601885009765625000e+03,7.537916870117187500e+02,6.212896728515625000e+02,5.092739257812500000e+02
1.836901733398437500e+03,3.257123046875000000e+03,6.667326660156250000e+02,1.364599121093750000e+04,2.617208251953125000e+03,7.424666748046875000e+02,4.253420104980468750e+02,1.762833251953125000e+02,9.122640625000000000e+03,3.728673339843750000e+03,1.135744873046875000e+03,3.062731445312500000e+03,2.027709472656250000e+03,1.538223632812500000e+03,1.090840454101562500e+03,2.082699462890625000e+03,1.838887573242187500e+03,3.827976074218750000e+02,1.510848999023437500e+03,3.617188720703125000e+03,4.367364257812500000e+03,1.955943359375000000e+03,1.862409179687500000e+03,3.730334960937500000e+03,8.944104003906250000e+02,1.467515869140625000e+03,9.912380371093750000e+02,2.996941528320312500e+02,2.184747802734375000e+03,7.399005126953125000e+02,9.446690429687500000e+03,3.269742431640625000e+03,3.611900634765625000e+02,4.093506103515625000e+03,9.686275634765625000e+02,9.667623901367187500e+02,4.564074707031250000e+03,5.650464477539062500e+02,5.053269531250000000e+03,6.916890869140625000e+02,5.404835937500000000e+03,1.023687109375000000e+04,1.833160400390625000e+03,1.270074310302734375e+02,1.574318115234375000e+03,1.291432983398437500e+03,7.566188354492187500e+02,7.584090576171875000e+02,5.212420654296875000e+02
1.795212402343750000e+03,3.086581298828125000e+03,6.195496826171875000e+02,3.264917968750000000e+03,4.409094238281250000e+02,2.399355468750000000e+02,4.322370300292968750e+02,1.492230682373046875e+02,8.638332031250000000e+03,3.547109863281250000e+03,1.093354614257812500e+03,2.511479980468750000e+03,1.861050292968750000e+03,1.151127197265625000e+03,1.072450683593750000e+03,2.006550170898437500e+03,1.489832641601562500e+03,3.443807678222656250e+02,1.840326293945312500e+03,3.735164306640625000e+03,3.826079833984375000e+03,2.025793701171875000e+03,1.490167846679687500e+03,2.272642089843750000e+03,5.520620727539062500e+02,1.103893798828125000e+03,1.009499267578125000e+03,3.050698852539062500e+02,3.017218017578125000e+03,6.937497558593750000e+02,7.445146484375000000e+03,2.916977294921875000e+03,3.838262939453125000e+02,4.358119140625000000e+03,2.504969482421875000e+03,8.148730468750000000e+02,3.469222656250000000e+03,6.299641113281250000e+02,3.894924316406250000e+03,3.231129455566406250e+02,3.625399169921875000e+03,1.038989453125000000e+04,1.473544433593750000e+03,1.725290985107421875e+02,4.006787109375000000e+03,1.226611328125000000e+03,6.544019775390625000e+02,9.575263671875000000e+02,3.776479492187500000e+02
2.486232421875000000e+03,2.978338134765625000e+03,7.443295898437500000e+02,9.552147460937500000e+03,1.491784667968750000e+03,7.753030395507812500e+02,2.572167968750000000e+01,6.046798706054687500e+01,4.878798828125000000e+03,3.488051757812500000e+03,1.044779663085937500e+03,7.290072265625000000e+03,2.278027099609375000e+03,1.828688354492187500e+03,9.710248413085937500e+02,5.937070312500000000e+03,1.820249511718750000e+03,3.263865661621093750e+02,1.206018066406250000e+02,3.339506347656250000e+03,3.581703125000000000e+03,1.796837036132812500e+03,4.137040527343750000e+03,3.217682617187500000e+03,8.054721679687500000e+02,1.289736328125000000e+02,5.635151367187500000e+02,3.056001892089843750e+02,7.161518554687500000e+02,1.536372680664062500e+02,6.992353515625000000e+02,3.216414794921875000e+03,3.363784179687500000e+02,4.019809570312500000e+03,5.363020996093750000e+03,5.149520263671875000e+02,4.382986328125000000e+03,6.007616577148437500e+02,4.236143554687500000e+03,2.752481079101562500e+02,3.560571289062500000e+03,1.323844433593750000e+04,1.278667114257812500e+03,1.209745178222656250e+02,1.979268798828125000e+02,2.148729248046875000e+02,1.915635253906250000e+03,2.791123535156250000e+03,9.070800781250000000e+00
5.103759765625000000e+01,6.825820312500000000e+02,2.186145019531250000e+02,1.223774804687500000e+04,1.476791015625000000e+03,4.103909912109375000e+02,2.782810668945312500e+02,1.378011016845703125e+02,8.801051757812500000e+03,8.569128906250000000e+03,8.467376708984375000e+01,6.810590820312500000e+02,4.030842529296875000e+03,1.297811889648437500e+02,3.082721191406250000e+03,1.947073852539062500e+03,8.385258789062500000e+02,1.648976135253906250e+02,1.478688842773437500e+03,3.182153564453125000e+03,4.235893554687500000e+03,1.591834960937500000e+03,1.417754394531250000e+03,1.803114501953125000e+03,4.827910461425781250e+02,9.760717773437500000e+02,5.754313964843750000e+02,3.492465515136718750e+02,1.856125488281250000e+03,4.205733032226562500e+02,3.263535156250000000e+03,1.820694140625000000e+04,3.310901489257812500e+02,4.001117431640625000e+03,1.320629394531250000e+03,2.325963134765625000e+02,1.153829101562500000e+04,4.401161804199218750e+02,9.478835937500000000e+03,3.830329589843750000e+02,2.775836669921875000e+03,4.470328125000000000e+03,1.217634521484375000e+03,2.115604858398437500e+02,5.595953369140625000e+02,1.234008300781250000e+03,2.596784667968750000e+02,7.045999755859375000e+02,4.744132690429687500e+02
3.878203125000000000e+02,4.224489257812500000e+03,2.291159057617187500e+02,8.700790039062500000e+03,8.069376220703125000e+02,1.011071777343750000e+02,1.587011718750000000e+02,7.004652404785156250e+01,4.922861328125000000e+02,6.267254882812500000e+03,1.079557373046875000e+03,2.619597656250000000e+03,1.590710693359375000e+03,4.963834228515625000e+02,9.345294189453125000e+02,1.728215087890625000e+03,1.177392578125000000e+02,2.029980468750000000e+01,6.080383300781250000e+01,4.171463867187500000e+03,3.748511718750000000e+03,4.870098632812500000e+03,2.312111816406250000e+03,2.094104736328125000e+03,4.563567199707031250e+02,3.295144653320312500e+02,5.606652832031250000e+01,4.263725585937500000e+02,1.196061767578125000e+03,1.782304687500000000e+02,5.965666015625000000e+03,1.768289062500000000e+03,2.256285400390625000e+02,1.758001953125000000e+04,1.501125000000000000e+03,1.543185424804687500e+02,8.294050781250000000e+03,9.511690063476562500e+02,5.180206054687500000e+03,3.094776000976562500e+02,2.123964843750000000e+02,2.340420898437500000e+03,1.035377197265625000e+03,9.201272583007812500e+01,8.737418212890625000e+02,6.444212646484375000e+02,3.199281616210937500e+02,1.091204223632812500e+03,4.396923828125000000e+02
1.698038330078125000e+02,3.068246337890625000e+03,4.175130615234375000e+02,9.230772460937500000e+03,7.998570556640625000e+02,1.422829589843750000e+02,1.922830657958984375e+02,1.524729919433593750e+01,4.058795898437500000e+03,3.425062500000000000e+03,4.457197265625000000e+02,1.325471435546875000e+03,1.445917236328125000e+03,8.362767944335937500e+02,8.539044799804687500e+02,3.674184570312500000e+02,1.865849609375000000e+02,2.623022460937500000e+01,2.310728759765625000e+02,3.175628417968750000e+03,3.767443115234375000e+03,1.454259521484375000e+03,1.524223266601562500e+03,3.587682861328125000e+03,5.685694580078125000e+02,5.981802978515625000e+02,5.985399780273437500e+02,6.010107421875000000e+01,3.033862304687500000e+02,2.270198974609375000e+02,4.509142578125000000e+03,2.769953857421875000e+03,6.276765136718750000e+02,8.467975585937500000e+03,9.195972900390625000e+02,2.912481689453125000e+01,4.391235839843750000e+03,7.222717895507812500e+02,2.561872558593750000e+03,6.157561035156250000e+02,1.138015136718750000e+02,3.429198242187500000e+03,1.088971435546875000e+03,1.865449829101562500e+02,1.805608276367187500e+03,1.667872680664062500e+03,2.690995483398437500e+02,5.609202880859375000e+02,4.105563354492187500e+02
1.568699707031250000e+03,2.646408691406250000e+03,2.129965209960937500e+02,5.685530273437500000e+03,2.011523681640625000e+03,9.664768066406250000e+02,3.245757751464843750e+02,1.241184463500976562e+02,7.205326171875000000e+03,2.911006103515625000e+03,1.072102905273437500e+03,1.546093261718750000e+03,1.637294677734375000e+03,7.837506713867187500e+02,8.047453613281250000e+02,1.858221801757812500e+03,8.459371337890625000e+02,1.947766113281250000e+01,1.103164306640625000e+03,3.086817626953125000e+03,3.509496826171875000e+03,1.404742065429687500e+03,1.593451171875000000e+03,3.512429687500000000e+03,8.558188476562500000e+02,5.228946533203125000e+02,6.219306640625000000e+02,2.461604919433593750e+02,2.745418701171875000e+03,5.870169677734375000e+02,6.340803710937500000e+03,2.198146484375000000e+03,3.203932800292968750e+02,4.183455566406250000e+03,8.516159057617187500e+02,7.042584838867187500e+02,4.355418457031250000e+03,5.222059936523437500e+02,2.779995117187500000e+03,2.240129394531250000e+02,1.932587768554687500e+03,9.971426757812500000e+03,1.185574340820312500e+03,1.147385711669921875e+02,2.341863037109375000e+03,1.293030273437500000e+03,8.437803955078125000e+02,4.744082031250000000e+02,4.487806396484375000e+02
1.766892822265625000e+03,2.993094970703125000e+03,7.829898681640625000e+02,5.794312500000000000e+03,1.955887207031250000e+03,3.321927490234375000e+02,3.944112243652343750e+02,1.225299758911132812e+02,7.469968750000000000e+03,3.458037353515625000e+03,1.167968750000000000e+03,1.821273681640625000e+03,1.826669311523437500e+03,1.327423461914062500e+03,1.039795776367187500e+03,1.760826293945312500e+03,1.687667724609375000e+03,2.796797180175781250e+02,1.357252197265625000e+03,3.371188476562500000e+03,4.131094726562500000e+03,1.442669921875000000e+03,1.896882568359375000e+03,3.274485839843750000e+03,8.853404541015625000e+02,1.010463989257812500e+03,8.412786865234375000e+02,1.052429199218750000e+00,7.480937500000000000e+02,5.311665649414062500e+02,4.589160156250000000e+03,3.214984130859375000e+03,2.939031677246093750e+02,4.058561035156250000e+03,1.269686035156250000e+03,9.085004882812500000e+02,4.441675781250000000e+03,5.007401428222656250e+02,2.026362060546875000e+03,5.585928955078125000e+02,2.482398681640625000e+03,9.971893554687500000e+03,1.338448974609375000e+03,1.203104095458984375e+02,2.042692382812500000e+03,1.185579345703125000e+03,8.447145996093750000e+02,7.181931152343750000e+02,4.809086914062500000e+02
1.045697265625000000e+03,2.730416992187500000e+03,3.375194702148437500e+02,1.077150390625000000e+03,7.347823486328125000e+02,5.529367065429687500e+02,1.626410522460937500e+02,1.311318664550781250e+02,1.155074707031250000e+03,3.296769531250000000e+03,3.446486816406250000e+02,4.811874023437500000e+03,4.364160156250000000e+02,6.542835693359375000e+02,9.770552368164062500e+02,5.847795898437500000e+03,3.689702148437500000e+02,2.744195556640625000e+02,1.486157226562500000e+02,3.379041259765625000e+03,3.606223632812500000e+03,1.887202514648437500e+03,1.705992919921875000e+03,1.711822021484375000e+03,3.574125061035156250e+02,7.855328369140625000e+02,4.540565185546875000e+02,3.192024536132812500e+02,2.990796875000000000e+03,2.856981811523437500e+02,1.099415039062500000e+03,3.009770263671875000e+03,4.077760314941406250e+02,4.388935546875000000e+03,1.418775024414062500e+03,4.261865234375000000e+02,3.701591308593750000e+03,6.178524780273437500e+02,3.504135742187500000e+03,3.520753173828125000e+02,2.434687500000000000e+02,5.445197265625000000e+03,1.211567504882812500e+03,1.180038833618164062e+02,2.374885498046875000e+03,1.180231933593750000e+03,1.112394409179687500e+03,2.285472656250000000e+03,3.556786499023437500e+02
2.071447753906250000e+01,2.675755126953125000e+03,2.018441162109375000e+02,4.539505859375000000e+03,5.917095947265625000e+02,2.582902832031250000e+03,2.245803833007812500e+02,1.195114898681640625e+02,3.947600585937500000e+03,3.140533935546875000e+03,6.794361572265625000e+02,1.063382812500000000e+03,1.605719482421875000e+03,3.882583007812500000e+02,9.199956054687500000e+02,1.912606567382812500e+03,2.802811279296875000e+02,1.498247375488281250e+02,1.011369628906250000e+03,3.133775634765625000e+03,5.988372070312500000e+03,2.013276367187500000e+03,2.542642333984375000e+03,3.831007324218750000e+03,4.725864868164062500e+02,2.917077636718750000e+02,5.814827880859375000e+02,6.674649047851562500e+01,3.278427734375000000e+02,3.337749023437500000e+02,4.981522949218750000e+03,2.503690429687500000e+03,3.862759399414062500e+02,3.972076904296875000e+03,7.707489013671875000e+02,1.635400390625000000e+01,4.370613769531250000e+03,4.619494018554687500e+02,7.035741210937500000e+03,2.839708862304687500e+02,1.123451416015625000e+03,8.112245117187500000e+03,9.728760375976562500e+02,1.272362365722656250e+02,7.880466308593750000e+02,1.139541381835937500e+03,6.009027099609375000e+02,8.968564453125000000e+02,1.971566467285156250e+02
6.372596435546875000e+02,4.113739257812500000e+03,5.058970336914062500e+02,2.767685546875000000e+03,1.084942993164062500e+03,1.575915527343750000e+02,2.268414001464843750e+02,2.383827819824218750e+02,3.191072753906250000e+03,6.952311523437500000e+03,1.300283813476562500e+02,1.108955322265625000e+03,2.769405517578125000e+02,1.181372680664062500e+02,3.369322753906250000e+03,3.308166015625000000e+03,4.016376953125000000e+02,1.068855285644531250e+02,1.820727539062500000e+01,3.000336425781250000e+03,4.544398437500000000e+03,1.485222900390625000e+03,1.174695922851562500e+03,1.426871582031250000e+03,4.241477050781250000e+02,2.290182800292968750e+02,5.919528808593750000e+02,5.035116577148437500e+01,4.746445312500000000e+02,5.333010864257812500e+01,1.646422363281250000e+03,1.708705859375000000e+04,3.025292053222656250e+02,4.040236083984375000e+03,1.033405639648437500e+03,4.772180175781250000e+01,1.315121289062500000e+04,3.750846862792968750e+02,2.083681396484375000e+03,8.470103149414062500e+02,9.443817138671875000e+02,1.827246093750000000e+02,9.303055419921875000e+02,3.988164672851562500e+02,8.474948730468750000e+02,1.043083984375000000e+03,1.866675415039062500e+02,1.047725830078125000e+03,3.161301269531250000e+02
4.571870117187500000e+02,1.920039428710937500e+03,1.938807983398437500e+02,1.784006054687500000e+04,5.916579589843750000e+02,3.212762451171875000e+01,1.553122253417968750e+02,3.251235961914062500e+00,3.046687988281250000e+03,2.187280029296875000e+03,1.027999145507812500e+03,1.891816406250000000e+03,2.314452636718750000e+03,7.634167480468750000e+02,8.659065551757812500e+02,2.021532470703125000e+03,1.003018798828125000e+02,9.118061828613281250e+01,2.350830078125000000e+01,6.052258789062500000e+03,3.839631347656250000e+03,4.661282226562500000e+03,8.507410888671875000e+02,2.362822753906250000e+03,4.056281738281250000e+02,4.435838623046875000e+02,6.021938476562500000e+02,8.785256958007812500e+01,3.682592773437500000e+02,2.264161682128906250e+02,6.249562500000000000e+03,4.626316894531250000e+03,2.873786315917968750e+02,1.529121875000000000e+04,1.432076904296875000e+03,7.552116088867187500e+02,8.121230468750000000e+03,1.041408935546875000e+03,2.696653320312500000e+03,2.261666564941406250e+02,4.521307373046875000e+02,7.131544921875000000e+03,1.759135986328125000e+03,1.001087341308593750e+02,3.078919677734375000e+02,7.559016113281250000e+02,1.032516357421875000e+03,1.152958251953125000e+03,2.437095184326171875e+02
4.493936767578125000e+02,2.154719238281250000e+03,4.613519287109375000e+01,2.986262695312500000e+03,9.246279296875000000e+02,6.223271484375000000e+02,5.443008422851562500e+01,3.859110260009765625e+01,3.863601074218750000e+03,2.930150390625000000e+03,2.324628906250000000e+02,9.759890136718750000e+02,5.029957275390625000e+02,7.911994628906250000e+02,9.511129760742187500e+02,1.964360839843750000e+03,2.419222412109375000e+02,5.422430419921875000e+01,2.178257446289062500e+02,3.110762451171875000e+03,3.522142089843750000e+03,2.290640136718750000e+03,9.318452148437500000e+02,3.399447265625000000e+03,7.906075439453125000e+02,1.073463134765625000e+02,6.068369750976562500e+02,1.472824096679687500e+01,1.175961914062500000e+02,9.436862182617187500e+01,1.384749023437500000e+03,4.148427734375000000e+03,4.412849121093750000e+02,8.350823242187500000e+03,7.305656738281250000e+02,6.842987060546875000e+02,4.369476074218750000e+03,2.826766052246093750e+02,3.324923828125000000e+03,4.567112121582031250e+02,5.202722167968750000e+02,1.315567382812500000e+03,7.517581176757812500e+02,1.240824050903320312e+02,5.174340820312500000e+01,3.543719970703125000e+03,5.359124755859375000e+01,3.946450195312500000e+02,2.416865539550781250e+02
5.768150634765625000e+02,2.122769042968750000e+03,1.929217529296875000e+02,5.026165039062500000e+03,1.617343017578125000e+03,5.296918945312500000e+02,3.025310058593750000e+02,9.658186340332031250e+01,5.981161621093750000e+03,1.782185058593750000e+03,6.189953002929687500e+02,1.130279052734375000e+03,1.587744628906250000e+03,5.836113281250000000e+02,6.599886474609375000e+02,1.378787109375000000e+03,4.806628417968750000e+02,1.779891967773437500e+01,8.277887573242187500e+02,2.870831054687500000e+03,3.267614013671875000e+03,2.336011718750000000e+03,9.846353149414062500e+02,2.813304931640625000e+03,5.304843750000000000e+02,3.765347595214843750e+02,5.303339233398437500e+02,1.980196228027343750e+02,3.094799804687500000e+02,3.472496337890625000e+02,3.983732421875000000e+03,4.063321289062500000e+03,6.023068847656250000e+02,3.983401123046875000e+03,6.988975219726562500e+02,6.277830810546875000e+02,4.332708496093750000e+03,2.517689819335937500e+02,2.618018310546875000e+03,3.514172668457031250e+02,1.614489501953125000e+03,9.467834960937500000e+03,7.954530029296875000e+02,1.049633026123046875e+02,2.466643798828125000e+03,1.074037353515625000e+03,7.263815917968750000e+02,4.544241943359375000e+02,3.452792968750000000e+02
5.567325439453125000e+02,2.532473632812500000e+03,4.099871826171875000e+02,4.820068359375000000e+03,1.851598632812500000e+03,1.860223388671875000e+02,3.344985351562500000e+02,1.140166397094726562e+02,6.664061035156250000e+03,2.462790039062500000e+03,7.870457153320312500e+02,1.265309570312500000e+03,1.347541625976562500e+03,1.011313659667968750e+03,1.039027343750000000e+03,1.958333496093750000e+03,1.249862548828125000e+03,2.577824401855468750e+02,1.271126586914062500e+03,3.250675292968750000e+03,4.003034912109375000e+03,1.723420410156250000e+03,8.420185546875000000e+02,3.161731445312500000e+03,7.448585205078125000e+02,7.511881713867187500e+02,6.210014648437500000e+02,1.776427612304687500e+02,1.315343994140625000e+03,3.587934570312500000e+02,4.370426269531250000e+03,4.300272460937500000e+03,3.175433044433593750e+02,3.995359130859375000e+03,1.244170410156250000e+03,6.897669677734375000e+02,4.446191894531250000e+03,3.886093750000000000e+02,2.383077148437500000e+03,5.322994384765625000e+02,2.288407714843750000e+03,9.770922851562500000e+03,9.849830322265625000e+02,1.210575790405273438e+02,2.292791503906250000e+03,1.012481933593750000e+03,7.886115722656250000e+02,4.338867187500000000e+02,3.458025512695312500e+02
1.000845947265625000e+03,2.584056640625000000e+03,2.117584838867187500e+02,1.696075195312500000e+03,4.467631835937500000e+02,9.109881591796875000e+01,2.416577758789062500e+02,7.207128906250000000e+01,7.550664062500000000e+02,2.483658691406250000e+03,2.644647216796875000e+02,3.046373046875000000e+03,1.374604492187500000e+02,1.740319213867187500e+02,9.595793457031250000e+02,6.080394531250000000e+03,2.017868652343750000e+02,2.640643005371093750e+02,2.777547607421875000e+02,3.056844482421875000e+03,3.475509277343750000e+03,1.843395385742187500e+03,8.903256835937500000e+02,2.107769531250000000e+03,2.868307800292968750e+02,6.738541870117187500e+02,3.563187866210937500e+02,2.127721862792968750e+02,1.810654785156250000e+03,9.205062866210937500e+01,2.540029296875000000e+02,4.160986328125000000e+03,3.036568908691406250e+02,4.357660156250000000e+03,3.951396484375000000e+02,6.866057128906250000e+02,2.585869140625000000e+03,5.041418457031250000e+02,2.228509033203125000e+03,4.123993835449218750e+02,8.721271972656250000e+02,6.492929687500000000e+02,9.938723144531250000e+02,1.192798843383789062e+02,1.871020751953125000e+03,1.569765258789062500e+03,2.741808471679687500e+02,4.808767089843750000e+02,3.056230468750000000e+02
6.455125732421875000e+02,2.262792968750000000e+03,3.072723388671875000e+01,2.774283203125000000e+03,6.653417968750000000e+02,2.486204223632812500e+02,1.829926757812500000e+02,2.099420928955078125e+02,3.785664550781250000e+03,1.964913818359375000e+03,8.802727050781250000e+02,1.034651855468750000e+03,1.202807250976562500e+03,2.768785400390625000e+02,5.444627685546875000e+02,1.733041137695312500e+03,1.495712890625000000e+02,2.118195190429687500e+02,1.103116455078125000e+03,2.781165283203125000e+03,4.895619628906250000e+03,1.844428466796875000e+03,2.230728027343750000e+03,2.672251464843750000e+03,3.879722900390625000e+02,2.268628540039062500e+02,2.378963012695312500e+02,3.050461425781250000e+02,7.940959472656250000e+02,9.659933471679687500e+01,4.268463867187500000e+03,4.141101074218750000e+03,4.132029418945312500e+02,3.945947265625000000e+03,1.131015380859375000e+03,6.505336914062500000e+02,4.343043457031250000e+03,3.444821166992187500e+02,3.989569824218750000e+03,2.801543884277343750e+02,6.446304931640625000e+02,8.543969726562500000e+03,6.970723266601562500e+02,7.549592590332031250e+01,2.511818847656250000e+02,1.068905273437500000e+03,2.402212219238281250e+02,3.573696289062500000e+03,2.937368469238281250e+02
4.584836425781250000e+02,1.481229492187500000e+03,7.851916503906250000e+01,2.967583984375000000e+03,8.138095703125000000e+02,6.954711914062500000e+00,1.435537109375000000e+02,3.147656250000000000e+01,3.543697753906250000e+03,5.330627441406250000e+03,2.162235107421875000e+02,1.869031494140625000e+03,7.594460449218750000e+02,1.446777343750000000e+02,1.536720947265625000e+03,2.009845947265625000e+03,2.493566894531250000e+01,2.435577392578125000e+01,6.637390136718750000e+00,2.932246582031250000e+03,4.768518066406250000e+03,1.460752929687500000e+03,1.019259216308593750e+03,2.130897949218750000e+03,3.990179748535156250e+02,6.753034057617187500e+02,1.326421508789062500e+02,2.079192504882812500e+02,6.898847656250000000e+02,2.316893310546875000e+02,1.632541015625000000e+03,1.609254687500000000e+04,2.948977966308593750e+02,3.952728027343750000e+03,5.551702880859375000e+02,3.902437988281250000e+03,1.212506054687500000e+04,2.310906066894531250e+02,2.517545166015625000e+03,4.613100585937500000e+02,1.274770019531250000e+03,2.211593750000000000e+03,8.124429931640625000e+02,3.726159973144531250e+02,2.188443603515625000e+02,1.147280273437500000e+03,7.301928710937500000e+01,1.077318969726562500e+03,2.595411987304687500e+02
2.888790283203125000e+02,2.113408447265625000e+03,5.050280761718750000e+01,1.827321289062500000e+04,5.444501953125000000e+02,1.853431396484375000e+02,5.686163330078125000e+01,2.441798400878906250e+01,3.102228515625000000e+03,1.552598876953125000e+03,7.158635253906250000e+02,4.333860351562500000e+03,1.052006469726562500e+03,5.320762939453125000e+02,5.598081665039062500e+02,2.022024780273437500e+03,2.576269531250000000e+01,9.271899414062500000e+01,3.720377807617187500e+02,7.537799316406250000e+03,3.685233642578125000e+03,5.800519531250000000e+03,8.013824462890625000e+02,1.427248779296875000e+03,3.563965148925781250e+02,3.006643981933593750e+02,4.300703125000000000e+02,3.636840820312500000e+01,4.703369140625000000e+00,1.837133789062500000e+01,2.490481445312500000e+03,4.612985839843750000e+03,3.674398498535156250e+02,1.051031835937500000e+04,1.125941040039062500e+03,6.182233886718750000e+02,8.161992187500000000e+03,1.445736816406250000e+03,2.856936523437500000e+03,1.768488769531250000e+02,2.816582031250000000e+02,8.184846679687500000e+03,1.387075439453125000e+03,7.525675964355468750e+01,4.186961669921875000e+02,8.252517089843750000e+02,1.752287597656250000e+02,9.743856201171875000e+02,1.973580474853515625e+02
5.755590820312500000e+02,2.582234375000000000e+03,2.493084106445312500e+02,3.461089843750000000e+03,7.633054199218750000e+02,4.404738159179687500e+02,1.085697021484375000e+02,1.410929107666015625e+02,3.607785644531250000e+03,1.758946899414062500e+03,4.310039672851562500e+02,1.106195312500000000e+03,4.269903564453125000e+02,5.835462646484375000e+02,9.513544311523437500e+02,1.989518920898437500e+03,6.058105468750000000e+01,2.769653320312500000e+01,3.714404296875000000e+01,2.910614257812500000e+03,3.307606201171875000e+03,1.109828002929687500e+03,9.061426391601562500e+02,2.575436035156250000e+03,8.036422119140625000e+02,3.763645324707031250e+02,5.332069702148437500e+02,1.858724975585937500e+01,5.657841796875000000e+02,1.368838806152343750e+02,1.565724609375000000e+03,4.130617187500000000e+03,6.712780761718750000e+02,8.171331542968750000e+03,4.113901367187500000e+02,6.591347656250000000e+02,4.361008789062500000e+03,2.460079956054687500e+02,1.662488281250000000e+03,4.400733337402343750e+02,6.355595703125000000e+02,1.156166015625000000e+03,8.065552368164062500e+02,1.612674713134765625e+02,2.798093261718750000e+02,1.534408935546875000e+03,1.824497985839843750e+02,6.395054931640625000e+02,3.215149536132812500e+02
6.455717773437500000e+02,2.289900390625000000e+03,1.202026977539062500e+02,5.118070312500000000e+03,1.753033447265625000e+03,5.748308105468750000e+02,3.556506042480468750e+02,1.190700912475585938e+02,6.489089843750000000e+03,1.576366210937500000e+03,9.754785766601562500e+02,1.042032226562500000e+03,1.386207519531250000e+03,5.814871826171875000e+02,5.764091796875000000e+02,2.071834228515625000e+03,5.993999023437500000e+02,6.561889648437500000e-01,8.386361694335937500e+02,2.803004882812500000e+03,3.245678710937500000e+03,1.224160522460937500e+03,9.446906127929687500e+02,2.506673339843750000e+03,8.114097900390625000e+02,5.582209472656250000e+02,5.578645019531250000e+02,2.882200622558593750e+02,1.469233398437500000e+02,3.532686462402343750e+02,5.181627441406250000e+03,4.094025634765625000e+03,3.230484924316406250e+02,3.950487060546875000e+03,4.029608154296875000e+02,7.749664306640625000e+02,4.355741210937500000e+03,2.927554931640625000e+02,3.001607666015625000e+03,2.581100769042968750e+02,1.874683837890625000e+03,9.322491210937500000e+03,9.311761474609375000e+02,1.273243789672851562e+02,1.464229003906250000e+03,1.149739135742187500e+03,6.833777465820312500e+02,3.807846679687500000e+02,4.373344726562500000e+02
6.310148925781250000e+02,2.413530761718750000e+03,3.466878051757812500e+02,6.042139160156250000e+03,1.695149780273437500e+03,4.925828247070312500e+02,3.704617614746093750e+02,5.587779235839843750e+01,6.308101562500000000e+03,1.600494262695312500e+03,1.043102294921875000e+03,1.237352539062500000e+03,1.420227294921875000e+03,1.082674926757812500e+03,8.795469360351562500e+02,2.000465576171875000e+03,1.045004638671875000e+03,2.923256530761718750e+02,1.075769287109375000e+03,2.884790039062500000e+03,3.860246826171875000e+03,1.307118652343750000e+03,8.635289306640625000e+02,2.191376464843750000e+03,7.281873779296875000e+02,8.724831542968750000e+02,7.248247070312500000e+02,2.840511474609375000e+02,1.567900390625000000e+03,3.964685974121093750e+02,5.745121093750000000e+03,4.276573730468750000e+03,2.674440002441406250e+02,3.940194335937500000e+03,4.292996826171875000e+02,8.234045410156250000e+02,4.422565917968750000e+03,3.966727905273437500e+02,2.587122558593750000e+03,3.734859313964843750e+02,2.224023193359375000e+03,8.695776367187500000e+03,9.841367187500000000e+02,1.154598388671875000e+02,1.475397216796875000e+03,1.118349365234375000e+03,6.378835449218750000e+02,4.227760009765625000e+02,4.240387573242187500e+02
1.617364013671875000e+03,2.415995605468750000e+03,4.613059692382812500e+02,7.253343750000000000e+03,4.490323486328125000e+02,2.675794677734375000e+02,2.466260986328125000e+02,3.609710693359375000e+01,2.482521972656250000e+03,1.983957031250000000e+03,5.369786376953125000e+02,2.488276611328125000e+03,9.630871582031250000e+01,1.346420898437500000e+02,9.292449951171875000e+02,7.011142089843750000e+03,7.411486816406250000e+01,2.662250671386718750e+02,1.889655761718750000e+02,2.719135009765625000e+03,3.270561035156250000e+03,1.515170166015625000e+03,8.926607666015625000e+02,1.361335937500000000e+03,2.071184387207031250e+02,7.218863525390625000e+02,4.012655029296875000e+02,3.719984130859375000e+02,2.283885986328125000e+03,1.693258666992187500e+02,5.516093750000000000e+02,4.176048828125000000e+03,3.650465698242187500e+02,4.053618896484375000e+03,4.886060791015625000e+02,8.601657714843750000e+02,3.377853515625000000e+03,4.288724975585937500e+02,2.883733886718750000e+03,3.511662292480468750e+02,8.607163085937500000e+02,3.061190429687500000e+03,9.573336181640625000e+02,1.289970855712890625e+02,1.591024780273437500e+03,1.638040893554687500e+03,2.503933105468750000e+02,4.344139404296875000e+02,3.405885009765625000e+02
2.009606933593750000e+01,2.236752929687500000e+03,1.316416015625000000e+02,4.262398437500000000e+03,5.838872070312500000e+02,3.415831909179687500e+02,1.980967407226562500e+02,4.342753601074218750e+01,4.323070800781250000e+03,2.026388549804687500e+03,9.286444702148437500e+02,2.928515625000000000e+01,1.160555908203125000e+03,5.203826904296875000e+01,6.804488525390625000e+02,2.109155273437500000e+03,3.720141601562500000e+01,2.003620605468750000e+02,9.059097290039062500e+02,2.125416015625000000e+03,2.540236083984375000e+03,1.675152709960937500e+03,9.514422607421875000e+02,1.635360473632812500e+03,4.783513793945312500e+02,2.074267578125000000e+01,3.506304931640625000e+02,9.211981201171875000e+01,3.918957519531250000e+02,2.673526916503906250e+02,3.666257812500000000e+03,4.129704101562500000e+03,3.764564819335937500e+02,3.935505371093750000e+03,6.745572509765625000e+02,7.325723266601562500e+02,4.356959472656250000e+03,4.092083740234375000e+02,3.339668212890625000e+03,2.848259887695312500e+02,4.654912109375000000e+02,8.909210937500000000e+03,8.688773803710937500e+02,1.225333328247070312e+02,1.695885009765625000e+02,1.121380981445312500e+03,2.744011230468750000e+02,2.856083496093750000e+03,1.952891540527343750e+02
4.640014648437500000e+01,1.400839599609375000e+03,8.629803466796875000e+01,4.241301757812500000e+03,7.420760498046875000e+02,4.352471313476562500e+02,1.450108947753906250e+02,9.997833251953125000e+01,4.719503906250000000e+03,2.856393554687500000e+03,2.861754760742187500e+02,2.532641601562500000e+01,2.388415527343750000e+02,1.702082519531250000e+02,1.946834716796875000e+03,2.052876220703125000e+03,3.436469726562500000e+02,8.054840087890625000e+01,4.608160400390625000e+01,2.684697265625000000e+03,4.806371093750000000e+03,1.474271240234375000e+03,1.028396606445312500e+03,1.794506835937500000e+03,4.625516662597656250e+02,4.901967163085937500e+02,6.991821899414062500e+02,1.129171752929687500e+01,3.185356445312500000e+02,1.563026123046875000e+02,1.793198242187500000e+03,1.192169042968750000e+04,3.515258789062500000e+02,3.941218750000000000e+03,4.266506347656250000e+02,2.775133300781250000e+03,9.842121093750000000e+03,2.464994812011718750e+02,2.592410644531250000e+03,3.285199890136718750e+02,1.640674316406250000e+03,4.086084960937500000e+03,8.684246826171875000e+02,4.911442260742187500e+02,5.474511718750000000e+01,1.087472778320312500e+03,2.680917968750000000e+02,7.915264892578125000e+02,3.497313232421875000e+02
1.500185546875000000e+02,1.905842163085937500e+03,2.517303466796875000e+02,1.940364062500000000e+04,3.225141601562500000e+02,2.170916137695312500e+02,1.644953308105468750e+02,3.713685607910156250e+01,4.205808593750000000e+03,1.531903564453125000e+03,7.306152343750000000e+02,5.989753417968750000e+02,1.206819213867187500e+03,3.886047363281250000e+02,4.531431274414062500e+02,2.094293457031250000e+03,5.826201782226562500e+02,1.354736328125000000e+01,1.388858642578125000e+02,7.742016601562500000e+03,3.687790527343750000e+03,4.729629882812500000e+03,8.374281005859375000e+02,1.690669799804687500e+03,3.849371643066406250e+02,3.609974365234375000e+02,4.571741943359375000e+02,9.066201782226562500e+01,1.620395507812500000e+02,7.917120361328125000e+01,2.285748535156250000e+03,4.715724121093750000e+03,2.915260314941406250e+02,8.127725585937500000e+03,8.046970214843750000e+02,9.539075927734375000e+02,8.145346191406250000e+03,1.439021728515625000e+03,1.393279907226562500e+03,2.868102722167968750e+02,6.815697021484375000e+02,8.160541015625000000e+03,1.259509033203125000e+03,9.580883789062500000e+01,2.833227539062500000e+01,9.672409667968750000e+02,1.792210083007812500e+02,7.735808105468750000e+02,2.926141357421875000e+02
1.401397705078125000e+02,2.032083984375000000e+03,1.483616333007812500e+02,3.332971679687500000e+03,7.088146972656250000e+02,2.172061157226562500e+02,2.144029541015625000e+02,5.855731201171875000e+01,4.425311523437500000e+03,1.601286987304687500e+03,4.471425781250000000e+02,8.291933593750000000e+02,9.887239990234375000e+02,5.514854736328125000e+02,6.726002197265625000e+02,2.085506835937500000e+03,2.515093994140625000e+02,1.090244140625000000e+02,1.128875122070312500e+02,3.145102783203125000e+03,3.230185546875000000e+03,2.135179443359375000e+03,8.676296386718750000e+02,2.295498779296875000e+03,7.830389404296875000e+02,4.821049194335937500e+02,4.993829345703125000e+02,3.976409912109375000e+01,1.194345703125000000e+02,3.103518676757812500e+01,7.570185546875000000e+02,4.111723144531250000e+03,4.786047973632812500e+02,5.995073242187500000e+03,3.220776367187500000e+02,1.456657592773437500e+03,4.359312011718750000e+03,3.553311157226562500e+02,1.619917968750000000e+03,5.374869384765625000e+02,1.037357299804687500e+03,2.110326171875000000e+03,6.794328613281250000e+02,1.045606994628906250e+02,4.756469726562500000e+00,1.751910644531250000e+03,1.093598327636718750e+02,5.461289062500000000e+02,2.972991943359375000e+02
6.524898681640625000e+02,1.985093994140625000e+03,3.179444580078125000e+02,5.724244140625000000e+03,1.650413818359375000e+03,5.110933227539062500e+02,3.743078308105468750e+02,1.160778808593750000e+01,5.823047851562500000e+03,1.664502563476562500e+03,9.011319580078125000e+02,1.341636718750000000e+03,1.215309570312500000e+03,5.105476379394531250e+02,1.043640747070312500e+03,2.086864501953125000e+03,8.292591552734375000e+02,1.457849121093750000e+01,7.536428222656250000e+02,2.819261718750000000e+03,3.300240722656250000e+03,2.291929199218750000e+03,9.162774047851562500e+02,4.275541015625000000e+03,7.917090454101562500e+02,5.379888916015625000e+02,5.728127441406250000e+02,2.269453125000000000e+02,4.081845703125000000e+02,4.410083007812500000e+02,4.056455078125000000e+03,3.975912353515625000e+03,5.838790893554687500e+02,3.882768310546875000e+03,4.516370849609375000e+02,9.794411621093750000e+02,4.336572753906250000e+03,3.139705505371093750e+02,1.386739990234375000e+03,4.150881652832031250e+02,1.846639648437500000e+03,9.038431640625000000e+03,8.468270263671875000e+02,1.234768905639648438e+02,1.393581787109375000e+03,1.237369995117187500e+03,5.879482421875000000e+02,3.920185546875000000e+02,4.483992309570312500e+02
6.339597167968750000e+02,2.095566894531250000e+03,6.043789062500000000e+02,6.276976074218750000e+03,1.689448974609375000e+03,6.590441284179687500e+02,3.765291442871093750e+02,1.766072540283203125e+02,6.160832031250000000e+03,1.478567382812500000e+03,1.080381591796875000e+03,1.348219726562500000e+03,1.463210937500000000e+03,7.598425903320312500e+02,1.019590454101562500e+03,2.031775390625000000e+03,1.245321411132812500e+03,2.801697082519531250e+02,9.631959228515625000e+02,2.835039550781250000e+03,3.731557128906250000e+03,1.615902343750000000e+03,1.032323486328125000e+03,2.150257080078125000e+03,8.906302490234375000e+02,6.833214721679687500e+02,7.509850463867187500e+02,3.430955810546875000e+02,1.289227783203125000e+03,3.583004455566406250e+02,5.997414550781250000e+03,4.170517089843750000e+03,3.501640014648437500e+02,3.915507324218750000e+03,6.309808959960937500e+02,1.192347900390625000e+03,4.414310546875000000e+03,4.742322998046875000e+02,1.159867309570312500e+03,5.139173583984375000e+02,2.409220947265625000e+03,8.472291992187500000e+03,1.056146484375000000e+03,1.053265991210937500e+02,1.416188354492187500e+03,1.246050659179687500e+03,6.248640136718750000e+02,4.016599121093750000e+02,4.725454711914062500e+02
3.798211669921875000e+02,2.169191650390625000e+03,5.594290161132812500e+02,7.921982421875000000e+03,1.194645996093750000e+03,2.601160278320312500e+02,1.138317565917968750e+02,1.904248199462890625e+02,3.145049804687500000e+03,1.709228881835937500e+03,8.423334960937500000e+02,2.353927734375000000e+03,1.410474609375000000e+03,9.256347656250000000e+00,9.445651855468750000e+02,6.224941406250000000e+03,4.208391113281250000e+02,2.807825317382812500e+02,1.638243408203125000e+02,2.511781250000000000e+03,3.258113769531250000e+03,1.642491699218750000e+03,9.315229492187500000e+02,1.666631835937500000e+03,8.090981445312500000e+02,6.430950927734375000e+02,7.026135864257812500e+02,1.105870971679687500e+02,1.955625488281250000e+03,1.243720397949218750e+02,1.971259765625000000e+02,4.101884765625000000e+03,3.461061401367187500e+02,3.978908447265625000e+03,4.357506713867187500e+02,1.418109619140625000e+03,4.053315917968750000e+03,4.999371337890625000e+02,1.871215820312500000e+03,4.308920593261718750e+02,1.119920898437500000e+03,3.655979492187500000e+03,1.041911376953125000e+03,1.756060943603515625e+02,1.106990356445312500e+03,1.263703979492187500e+03,3.131542968750000000e+01,4.387657470703125000e+02,3.717037353515625000e+02
2.967980957031250000e+01,2.015995971679687500e+03,2.626633911132812500e+02,4.314957031250000000e+03,1.458886718750000000e+01,3.398731689453125000e+02,2.700967712402343750e+02,8.221849060058593750e+01,4.352023437500000000e+03,1.619423339843750000e+03,9.541031494140625000e+02,3.544670410156250000e+02,1.119624511718750000e+03,4.298901367187500000e+01,1.027725830078125000e+03,3.095194091796875000e+03,4.845373535156250000e+02,2.864030151367187500e+02,7.717420043945312500e+02,2.414770751953125000e+03,8.506865234375000000e+02,2.224733886718750000e+03,6.563504638671875000e+02,1.874392089843750000e+03,5.821869506835937500e+02,6.935312500000000000e+02,5.489502563476562500e+02,1.833904418945312500e+02,8.333546142578125000e+02,1.350725708007812500e+02,3.910384277343750000e+03,4.044470947265625000e+03,4.660223693847656250e+02,3.902349121093750000e+03,4.649711914062500000e+02,1.014366577148437500e+03,4.349779296875000000e+03,4.807944946289062500e+02,2.772070068359375000e+03,2.927076110839843750e+02,4.113088378906250000e+02,8.548177734375000000e+03,9.670552978515625000e+02,8.950697326660156250e+01,1.480012207031250000e+02,7.266608886718750000e+02,2.601973876953125000e+02,2.975372070312500000e+03,1.081612854003906250e+02
1.171750488281250000e+02,1.663413085937500000e+03,2.521712036132812500e+02,4.638671875000000000e+03,8.212053222656250000e+02,1.752739868164062500e+02,2.083098144531250000e+02,1.323152770996093750e+02,4.287283203125000000e+03,2.479299560546875000e+03,5.305161132812500000e+02,6.033320312500000000e+02,2.398905761718750000e+03,1.172846069335937500e+02,5.620157470703125000e+02,1.920789306640625000e+03,6.657382812500000000e+02,2.915374755859375000e+01,1.750623168945312500e+02,2.553297851562500000e+03,5.081583984375000000e+03,1.435096923828125000e+03,9.919801025390625000e+02,1.784698730468750000e+03,8.339294433593750000e+02,2.459777832031250000e+01,2.731593627929687500e+02,6.288174438476562500e+01,7.844267578125000000e+02,8.193942260742187500e+01,2.168534179687500000e+03,8.144950195312500000e+03,3.141606445312500000e+02,3.912335937500000000e+03,7.705018920898437500e+02,3.166646972656250000e+03,7.769802734375000000e+03,3.937323608398437500e+02,1.826709716796875000e+03,5.435733642578125000e+02,1.227748046875000000e+03,5.647803710937500000e+03,9.545493164062500000e+02,1.838233184814453125e+02,1.093710937500000000e+02,2.714500732421875000e+02,2.369216308593750000e+02,9.142008056640625000e+02,4.307140502929687500e+02
2.022436523437500000e+01,1.922618530273437500e+03,3.686451416015625000e+02,1.552647851562500000e+04,8.849020996093750000e+02,4.701910400390625000e+01,4.179083251953125000e+01,1.980895843505859375e+02,3.725166503906250000e+03,1.273833740234375000e+03,9.974843750000000000e+02,1.216350097656250000e+03,1.190089721679687500e+03,3.522326660156250000e+02,3.379398193359375000e+02,1.969585937500000000e+03,5.783424072265625000e+02,1.121649169921875000e+01,1.405921630859375000e+02,7.624248046875000000e+03,3.841862060546875000e+03,4.504429199218750000e+03,9.599346923828125000e+02,1.735570190429687500e+03,4.960945434570312500e+02,2.575643005371093750e+02,1.559501342773437500e+02,6.449862060546875000e+02,3.226525878906250000e+02,1.710375061035156250e+02,3.811062500000000000e+03,2.950511718750000000e+03,3.183135681152343750e+02,6.101209960937500000e+03,2.845894775390625000e+02,7.289605102539062500e+02,7.945978515625000000e+03,1.306442016601562500e+03,1.120404174804687500e+03,2.666945495605468750e+02,1.015054565429687500e+03,8.177383789062500000e+03,9.254571533203125000e+02,4.876317138671875000e+02,1.246212158203125000e+02,3.983533935546875000e+02,2.543038330078125000e+02,7.539978027343750000e+02,4.222188720703125000e+02
1.011755371093750000e+01,2.141131347656250000e+03,2.149871215820312500e+02,2.866102539062500000e+03,1.032084350585937500e+03,1.266458129882812500e+02,4.619714965820312500e+02,2.357295227050781250e+01,3.094293457031250000e+03,1.236787353515625000e+03,5.939353027343750000e+02,6.647031250000000000e+02,1.022665649414062500e+03,4.735856933593750000e+02,1.100167114257812500e+03,2.018470092773437500e+03,3.916884765625000000e+02,3.317663574218750000e+01,6.843939208984375000e+01,3.222276855468750000e+03,3.084108398437500000e+03,1.466329711914062500e+03,8.677139892578125000e+02,5.310913085937500000e+01,1.095249633789062500e+02,7.142940673828125000e+02,4.160046997070312500e+02,1.148312988281250000e+02,1.815151367187500000e+02,5.480508422851562500e+01,2.567296875000000000e+03,3.838690917968750000e+03,6.949340820312500000e+02,4.623813964843750000e+03,3.575893554687500000e+02,7.219655761718750000e+02,4.319325195312500000e+03,7.216972656250000000e+02,1.252640136718750000e+03,5.457615966796875000e+02,2.277861572265625000e+03,3.467021484375000000e+03,7.775938720703125000e+02,2.174903717041015625e+02,1.091539306640625000e+02,5.311973876953125000e+02,2.062505798339843750e+02,6.603081054687500000e+02,3.926242675781250000e+02
6.790749511718750000e+02,2.074327880859375000e+03,2.735474853515625000e+02,5.011898437500000000e+03,1.757979980468750000e+03,5.120156860351562500e+02,3.411889038085937500e+02,2.155942077636718750e+02,5.268086914062500000e+03,1.148768310546875000e+03,8.720770263671875000e+02,1.176332275390625000e+03,1.169919921875000000e+03,4.175445556640625000e+02,1.067246704101562500e+03,1.990676147460937500e+03,7.673459472656250000e+02,1.577682495117187500e+01,7.186127929687500000e+02,2.678487304687500000e+03,3.350093750000000000e+03,1.735575927734375000e+03,9.625660400390625000e+02,3.304697753906250000e+03,8.362531738281250000e+02,8.006140136718750000e+02,4.730112304687500000e+02,3.774559631347656250e+02,2.703130371093750000e+03,3.055278930664062500e+02,3.974800781250000000e+03,2.183854736328125000e+03,3.270886840820312500e+02,3.800690185546875000e+03,6.715766601562500000e+02,6.802814331054687500e+02,4.271034179687500000e+03,4.267142944335937500e+02,7.979832763671875000e+02,3.244530944824218750e+02,3.210181396484375000e+03,8.760356445312500000e+03,9.205648193359375000e+02,1.134468307495117188e+02,1.320952636718750000e+03,1.178431152343750000e+03,5.478670654296875000e+02,3.808409423828125000e+02,4.710827026367187500e+02
7.000000000000000000e+02,2.186255615234375000e+03,4.575327758789062500e+02,4.978206054687500000e+03,1.699609985351562500e+03,5.255436401367187500e+02,3.296951293945312500e+02,1.808612213134765625e+02,4.974687011718750000e+03,1.133761962890625000e+03,9.038238525390625000e+02,1.168334228515625000e+03,1.209524536132812500e+03,4.657634277343750000e+02,1.036992065429687500e+03,2.007670532226562500e+03,9.052008666992187500e+02,2.709571838378906250e+02,7.684708862304687500e+02,2.380326660156250000e+03,3.297401611328125000e+03,9.778922119140625000e+02,9.015968627929687500e+02,2.122503906250000000e+03,8.755371704101562500e+02,5.859455566406250000e+02,5.476403808593750000e+02,2.640355224609375000e+02,1.033736328125000000e+03,2.666310119628906250e+02,4.223998046875000000e+03,1.853642089843750000e+03,3.925769348144531250e+02,3.851091308593750000e+03,5.842991943359375000e+02,8.776429443359375000e+02,4.349832519531250000e+03,4.525273437500000000e+02,6.866733398437500000e+02,3.184110412597656250e+02,2.553864257812500000e+03,7.861268554687500000e+03,8.970817871093750000e+02,9.167039489746093750e+01,1.314143310546875000e+03,1.188227050781250000e+03,5.715098876953125000e+02,4.345736083984375000e+02,4.786738281250000000e+02
6.882341308593750000e+02,2.310036132812500000e+03,4.298865356445312500e+02,7.307418457031250000e+03,6.149615478515625000e+02,6.919910278320312500e+02,3.180111083984375000e+02,1.792383728027343750e+02,5.502444335937500000e+03,1.232495117187500000e+03,8.168264770507812500e+02,1.136586425781250000e+03,1.078588745117187500e+03,4.500239868164062500e+02,1.051287597656250000e+03,5.314705078125000000e+03,3.522427368164062500e+02,3.146398010253906250e+02,7.461049194335937500e+02,2.280335693359375000e+03,3.256627441406250000e+03,1.530264282226562500e+03,8.855577392578125000e+02,1.625188720703125000e+03,5.617711791992187500e+02,7.197743530273437500e+02,5.402611083984375000e+02,3.137848815917968750e+02,1.809546875000000000e+03,3.563840942382812500e+02,4.733490722656250000e+03,1.819026123046875000e+03,3.046047363281250000e+02,3.917032714843750000e+03,5.882679443359375000e+02,9.450806274414062500e+02,3.690999023437500000e+03,4.381791992187500000e+02,1.091499145507812500e+03,3.745639343261718750e+02,2.355922607421875000e+03,3.827207031250000000e+03,9.407755737304687500e+02,1.540918121337890625e+02,1.200412841796875000e+03,7.515697021484375000e+02,6.002747802734375000e+02,4.259499511718750000e+02,2.568499145507812500e+02
7.703588867187500000e+02,2.079616943359375000e+03,1.978463134765625000e+02,1.231386718750000000e+03,7.826320800781250000e+02,2.500979003906250000e+02,2.380221252441406250e+02,1.437535552978515625e+02,1.068359375000000000e+02,1.189824707031250000e+03,5.981973876953125000e+02,3.346513427734375000e+03,9.994755859375000000e+02,5.930844116210937500e+02,1.032650024414062500e+03,2.595166992187500000e+03,3.362069091796875000e+02,2.841654357910156250e+02,1.644494628906250000e+01,1.934858154296875000e+03,6.229855957031250000e+02,2.149117431640625000e+03,4.501754150390625000e+02,1.547238159179687500e+03,3.721699829101562500e+02,1.583276367187500000e+02,4.664007568359375000e+01,3.571282958984375000e+02,7.530200195312500000e+02,5.166234130859375000e+02,3.168456054687500000e+03,2.067031738281250000e+03,3.731804809570312500e+02,3.802628662109375000e+03,4.183504028320312500e+02,8.083658447265625000e+02,4.290474609375000000e+03,3.818574523925781250e+02,2.352010253906250000e+03,4.007615051269531250e+02,4.829531250000000000e+02,7.602174804687500000e+03,8.001026611328125000e+02,1.327086639404296875e+02,5.486474609375000000e+02,7.677930908203125000e+02,2.961823120117187500e+02,2.842976562500000000e+03,1.871028442382812500e+02
2.511408691406250000e+02,3.081928710937500000e+02,2.475816040039062500e+02,3.600428710937500000e+03,8.185737304687500000e+02,5.606459350585937500e+02,1.512921752929687500e+02,6.974703216552734375e+01,2.861494628906250000e+03,2.329184326171875000e+03,2.159437866210937500e+02,7.665820312500000000e+02,1.048390625000000000e+03,1.109769287109375000e+02,2.533382324218750000e+03,2.070332275390625000e+03,2.295521240234375000e+02,3.512553710937500000e+02,1.269914550781250000e+03,1.842561279296875000e+03,5.479208496093750000e+03,1.521195800781250000e+03,8.903770751953125000e+02,1.374673217773437500e+03,2.781158752441406250e+02,3.313441772460937500e+02,1.323933715820312500e+02,3.790203857421875000e+01,5.351762695312500000e+02,1.143743896484375000e+01,1.479255859375000000e+03,7.791674804687500000e+03,2.761198730468750000e+02,3.826153076171875000e+03,2.811389160156250000e+02,2.614661621093750000e+03,8.383568359375000000e+03,3.330151672363281250e+02,1.138479614257812500e+03,4.010983886718750000e+02,1.715388427734375000e+03,4.182488281250000000e+03,5.702258300781250000e+02,5.255878295898437500e+02,6.487744140625000000e+01,2.365385742187500000e+02,2.046658935546875000e+02,1.033732788085937500e+03,1.830034942626953125e+02
2.875736083984375000e+02,1.937862182617187500e+03,1.670211181640625000e+02,1.646189062500000000e+04,6.576823730468750000e+02,9.764086914062500000e+01,2.101158447265625000e+02,1.198211669921875000e+01,2.339334960937500000e+03,1.125694580078125000e+03,3.514106445312500000e+02,1.114057861328125000e+03,3.274022705078125000e+03,2.578231201171875000e+02,2.162868041992187500e+02,2.061943603515625000e+03,3.026188964843750000e+02,1.497730712890625000e+02,2.417626953125000000e+01,7.004367187500000000e+03,3.678445556640625000e+03,4.352624023437500000e+03,8.378402099609375000e+02,1.491884887695312500e+03,3.201623840332031250e+02,1.647066650390625000e+02,1.257380371093750000e+02,4.677505493164062500e+01,6.760986328125000000e+01,7.664343261718750000e+01,1.559777832031250000e+03,1.676503173828125000e+03,3.738113098144531250e+02,4.789438476562500000e+03,1.562371093750000000e+03,6.490824584960937500e+02,6.981157714843750000e+03,1.289192871093750000e+03,3.964693603515625000e+02,2.027448120117187500e+02,1.087371948242187500e+03,7.285698730468750000e+03,9.419770507812500000e+02,1.010083160400390625e+02,1.043232421875000000e+02,9.217839355468750000e+02,2.083251953125000000e+02,8.230417480468750000e+02,1.429475555419921875e+02
7.215405273437500000e+02,2.058307128906250000e+03,1.713217773437500000e+02,2.874848632812500000e+03,6.869265136718750000e+02,2.640643310546875000e+02,2.366421203613281250e+02,3.202262878417968750e+02,2.146741210937500000e+03,1.125899414062500000e+03,4.827807617187500000e+01,8.073918457031250000e+02,8.626204833984375000e+02,3.530770263671875000e+02,2.498145141601562500e+02,2.050582031250000000e+03,1.316226806640625000e+02,1.775171508789062500e+02,6.980010986328125000e+01,2.452633544921875000e+03,2.800889160156250000e+03,2.072164550781250000e+03,7.938681640625000000e+02,1.573529296875000000e+03,5.917354125976562500e+02,3.349974060058593750e+02,7.014111328125000000e+01,8.520895385742187500e+01,1.138875732421875000e+02,4.680886840820312500e+01,2.229430664062500000e+03,1.978621582031250000e+03,5.119223327636718750e+02,3.431047851562500000e+03,2.666842041015625000e+02,5.806848754882812500e+02,4.175046386718750000e+03,2.409429016113281250e+02,4.763942871093750000e+02,2.769664611816406250e+02,1.578195312500000000e+03,3.770243164062500000e+03,5.991722412109375000e+02,9.082453918457031250e+01,9.563952636718750000e+01,6.663402099609375000e+02,2.125779113769531250e+02,6.703072509765625000e+02,1.062767791748046875e+02
7.312047119140625000e+02,1.966302001953125000e+03,2.383970336914062500e+02,4.149542968750000000e+03,1.484131225585937500e+03,4.877080078125000000e+02,4.612991333007812500e+02,1.083511352539062500e+00,4.002418945312500000e+03,1.091470458984375000e+03,4.167342834472656250e+02,9.857963867187500000e+02,9.405358886718750000e+02,3.388449707031250000e+02,2.612473754882812500e+02,2.065617919921875000e+03,4.979128417968750000e+02,2.723120117187500000e+01,6.821070556640625000e+02,2.017068847656250000e+03,2.977751464843750000e+03,2.523726562500000000e+03,8.494625244140625000e+02,1.933687622070312500e+03,3.147060546875000000e+02,3.449024047851562500e+02,3.795366210937500000e+02,2.226609191894531250e+02,1.894253784179687500e+03,2.225258789062500000e+02,2.867818359375000000e+03,1.794862304687500000e+03,5.149140014648437500e+02,3.629560546875000000e+03,2.636920166015625000e+02,4.431989746093750000e+02,4.202365234375000000e+03,2.311498718261718750e+02,4.574544677734375000e+02,3.246991271972656250e+02,1.648556518554687500e+03,7.802914550781250000e+03,5.916491088867187500e+02,1.139136276245117188e+02,1.344836059570312500e+03,1.352390258789062500e+03,4.984556579589843750e+02,3.806816406250000000e+02,1.117075424194335938e+02
7.569707031250000000e+02,1.963603393554687500e+03,3.449683227539062500e+02,4.169136718750000000e+03,1.493081787109375000e+03,2.709901123046875000e+02,3.109588623046875000e+02,4.652557373046875000e-01,3.987178222656250000e+03,1.082554931640625000e+03,4.012173461914062500e+02,9.808847656250000000e+02,9.217735595703125000e+02,3.751662597656250000e+02,4.492882690429687500e+02,2.086298583984375000e+03,7.676712646484375000e+02,2.629994812011718750e+02,7.003008422851562500e+02,2.089854003906250000e+03,2.843019287109375000e+03,1.350659179687500000e+03,8.552301635742187500e+02,1.699122802734375000e+03,3.241539001464843750e+02,3.871549072265625000e+02,3.862606811523437500e+02,1.696538696289062500e+02,8.521936035156250000e+01,2.756416320800781250e+02,3.153537109375000000e+03,1.916762207031250000e+03,2.744010925292968750e+02,3.664906982421875000e+03,2.711088867187500000e+02,4.753430786132812500e+02,4.301741699218750000e+03,3.130771789550781250e+02,6.212880859375000000e+02,1.851493530273437500e+02,1.850678344726562500e+03,8.292361328125000000e+03,5.897895507812500000e+02,9.067616271972656250e+01,1.317109130859375000e+03,1.343903564453125000e+03,5.237077636718750000e+02,3.795766601562500000e+02,1.191636734008789062e+02
4.663035888671875000e+02,2.019088012695312500e+03,4.328669433593750000e+02,3.283052734375000000e+03,4.819931640625000000e+02,1.994349975585937500e+02,1.569805908203125000e+01,2.302867126464843750e+01,9.911904296875000000e+02,1.117311523437500000e+03,3.801682128906250000e+02,3.126964599609375000e+03,1.036979614257812500e+03,1.782834472656250000e+02,5.738035278320312500e+02,4.286063964843750000e+03,5.957166748046875000e+02,2.641888122558593750e+02,7.352209472656250000e+01,1.949442871093750000e+03,2.784074951171875000e+03,9.228990478515625000e+02,8.137523193359375000e+02,1.394250122070312500e+03,2.148372192382812500e+02,3.730600585937500000e+02,3.963851928710937500e+02,7.607506103515625000e+02,1.013037109375000000e+02,5.089918212890625000e+02,5.102413085937500000e+03,1.918574462890625000e+03,3.230830383300781250e+02,3.826871093750000000e+03,7.922291259765625000e+02,4.955926513671875000e+02,3.747490478515625000e+03,3.097832946777343750e+02,7.021907958984375000e+02,1.701468048095703125e+02,9.835794677734375000e+02,3.543540039062500000e+03,6.987351684570312500e+02,1.044751129150390625e+02,1.327867797851562500e+03,6.270471191406250000e+01,1.663474121093750000e+02,4.205344238281250000e+02,1.376388092041015625e+02
2.600605468750000000e+02,1.952383544921875000e+03,7.315356445312500000e+01,3.890825195312500000e+03,7.810374755859375000e+02,5.432476806640625000e+02,2.438864440917968750e+02,3.367614746093750000e+00,2.355223632812500000e+03,1.125267578125000000e+03,3.697065734863281250e+02,3.882045898437500000e+02,8.587917480468750000e+02,3.477684326171875000e+02,3.875313720703125000e+02,1.656929321289062500e+03,4.639493408203125000e+02,3.080674438476562500e+02,8.772626342773437500e+02,1.572418212890625000e+03,8.650380859375000000e+02,1.977405029296875000e+03,8.598875122070312500e+02,1.608191772460937500e+03,2.864563293457031250e+02,3.393859863281250000e+02,2.342514038085937500e+02,6.058865356445312500e+01,7.374853515625000000e+01,2.301940917968750000e+01,3.198305664062500000e+03,1.771702148437500000e+03,2.824726257324218750e+02,3.613406982421875000e+03,6.891678466796875000e+02,4.552283325195312500e+02,4.243636230468750000e+03,3.071780700683593750e+02,2.721317871093750000e+03,2.480118865966796875e+02,1.760483398437500000e+02,7.832854980468750000e+03,5.031345825195312500e+02,9.532852172851562500e+01,3.812912597656250000e+02,1.152451538085937500e+03,2.481843872070312500e+02,3.008003173828125000e+03,3.040258178710937500e+02
