4.886549072265625000e+02,4.670264648437500000e+03,6.583142089843750000e+01,4.127510546875000000e+04,1.619306152343750000e+03,1.441915893554687500e+02,1.556406555175781250e+02,4.538645324707031250e+02,4.140742675781250000e+03,3.276501464843750000e+03,9.188789062500000000e+02,1.610408935546875000e+03,1.638470458984375000e+03,2.585825195312500000e+02,8.801853637695312500e+02,1.674737915039062500e+03,1.408359985351562500e+03,2.989688415527343750e+02,9.666188964843750000e+02,3.064211425781250000e+02,8.320894531250000000e+03,2.915728027343750000e+03,2.590264282226562500e+02,1.779046142578125000e+03,1.584077148437500000e+02,1.405301269531250000e+03,1.148742431640625000e+03,6.760321044921875000e+01,9.835239257812500000e+02,2.948165588378906250e+02,3.242579589843750000e+03,1.005413867187500000e+04,3.163892211914062500e+02,5.762540527343750000e+03,7.302914428710937500e+02,8.713146972656250000e+01,1.274135253906250000e+03,2.581659851074218750e+02,7.677865234375000000e+03,1.291565093994140625e+02,2.282223876953125000e+03,2.349580078125000000e+02,2.910301269531250000e+03,1.333290252685546875e+02,6.007604980468750000e+02,2.474571289062500000e+03,8.241577148437500000e+02,1.719650878906250000e+02,9.962613525390625000e+02
4.000108642578125000e+02,9.953625976562500000e+03,8.001232910156250000e+01,5.389653320312500000e+03,8.257944335937500000e+02,2.416784667968750000e+01,4.530214233398437500e+02,1.767763061523437500e+02,4.494930664062500000e+03,1.379936132812500000e+04,1.860831909179687500e+02,1.541239990234375000e+03,1.253386718750000000e+03,2.515160522460937500e+02,3.695735107421875000e+03,1.040338012695312500e+03,1.060903442382812500e+03,3.686755371093750000e+01,2.227471923828125000e+02,6.699169921875000000e+01,7.432051269531250000e+03,2.840985107421875000e+02,3.931557006835937500e+02,2.637146728515625000e+03,3.030791625976562500e+02,1.622501831054687500e+02,1.628303222656250000e+03,9.615661621093750000e+01,7.414868164062500000e+02,6.658996582031250000e+02,1.565252929687500000e+03,2.084203710937500000e+04,8.251797485351562500e+01,8.100616699218750000e+03,6.784420776367187500e+02,1.821337890625000000e+01,3.010646484375000000e+03,6.563012695312500000e+01,2.798655761718750000e+03,7.449808349609375000e+02,8.564918212890625000e+02,1.420726074218750000e+03,3.441764892578125000e+03,7.748874511718750000e+02,2.637297363281250000e+02,3.491636718750000000e+03,5.077194824218750000e+02,1.846265625000000000e+03,3.904953002929687500e+02
4.606528320312500000e+02,3.294595458984375000e+03,8.962902832031250000e+01,7.531113281250000000e+03,6.983871093750000000e+03,9.791937255859375000e+01,4.505801391601562500e+02,2.736846923828125000e+00,5.078972167968750000e+03,3.480207763671875000e+03,9.180100708007812500e+02,1.504938964843750000e+03,1.698983154296875000e+03,1.091443481445312500e+03,7.152836914062500000e+02,1.433682250976562500e+03,1.286161132812500000e+03,7.081195068359375000e+01,2.957868652343750000e+02,4.148168945312500000e+01,2.831596679687500000e+03,3.520507812500000000e-01,3.140714721679687500e+02,1.506641845703125000e+03,4.486790771484375000e+02,4.759880371093750000e+02,1.421179199218750000e+01,2.643041992187500000e+01,4.303847656250000000e+02,7.710351562500000000e+02,8.026123046875000000e+02,3.052963378906250000e+03,2.917204589843750000e+02,1.400706933593750000e+04,1.193185424804687500e+03,1.470732421875000000e+03,5.254652343750000000e+03,1.677621154785156250e+02,1.758146728515625000e+03,2.698063049316406250e+02,2.061308593750000000e+02,2.767161621093750000e+03,5.955021972656250000e+03,1.149014358520507812e+02,4.703701171875000000e+02,2.010102294921875000e+03,2.386445312500000000e+02,8.683105468750000000e+02,5.212802734375000000e+02
4.050120849609375000e+02,6.291969726562500000e+03,1.085034179687500000e+02,3.240459179687500000e+04,2.953978271484375000e+03,1.461358032226562500e+02,9.336423339843750000e+02,1.611528167724609375e+02,3.928629882812500000e+03,3.688883789062500000e+03,3.071253662109375000e+02,3.018799560546875000e+03,5.416911621093750000e+02,1.041501586914062500e+03,1.193416381835937500e+03,1.224488769531250000e+03,1.328904052734375000e+03,4.855328369140625000e+01,2.159121093750000000e+02,1.832702636718750000e+02,4.773101074218750000e+03,3.151831054687500000e+01,2.930123901367187500e+02,3.800921386718750000e+03,8.414293212890625000e+02,8.181325683593750000e+02,7.305325927734375000e+02,1.083626403808593750e+02,2.909491699218750000e+03,2.495275268554687500e+02,5.948611328125000000e+03,3.646506347656250000e+03,2.076299591064453125e+02,4.253179199218750000e+03,1.098683837890625000e+03,8.913720703125000000e+01,4.674179199218750000e+03,1.584741516113281250e+02,1.726642089843750000e+03,2.835537719726562500e+02,3.365913085937500000e+02,9.128764648437500000e+02,3.555260253906250000e+03,2.025776214599609375e+02,9.926513671875000000e+01,3.411744628906250000e+03,5.901591796875000000e+02,1.378351562500000000e+03,5.283183593750000000e+02
8.721776733398437500e+02,4.135489257812500000e+03,1.983054199218750000e+02,1.413381738281250000e+04,2.247844482421875000e+03,7.963280029296875000e+02,4.212369384765625000e+02,4.193878173828125000e+00,3.193782714843750000e+03,3.663756347656250000e+03,1.125822875976562500e+03,4.139383300781250000e+03,1.878047363281250000e+03,2.322028808593750000e+02,1.134369262695312500e+03,2.056768554687500000e+03,6.696148681640625000e+02,6.172314453125000000e+01,1.479492187500000000e+03,2.266721435546875000e+03,3.719594482421875000e+03,1.853303222656250000e+03,5.566809692382812500e+02,3.356781494140625000e+03,4.481797790527343750e+02,1.006565917968750000e+03,8.224291992187500000e+01,4.560027770996093750e+02,1.880404296875000000e+03,5.717037963867187500e+02,6.568138671875000000e+03,3.743195312500000000e+03,2.783724670410156250e+02,5.305715820312500000e+03,4.799782714843750000e+02,2.559888183593750000e+03,1.286900390625000000e+03,3.157442321777343750e+02,1.982522705078125000e+03,2.537430572509765625e+02,2.580156494140625000e+03,1.218525390625000000e+02,2.029334594726562500e+03,2.029697418212890625e+02,3.061982421875000000e+03,2.876754150390625000e+03,1.507318481445312500e+03,2.181467041015625000e+03,3.971360473632812500e+02
9.280191650390625000e+02,3.201291503906250000e+03,3.158707275390625000e+02,2.731110156250000000e+04,6.778657226562500000e+02,6.613529663085937500e+02,4.533481750488281250e+02,1.715754852294921875e+02,6.979609375000000000e+03,3.607273437500000000e+03,9.539141845703125000e+02,4.207333007812500000e+03,1.622386230468750000e+03,8.154699707031250000e+02,9.866616210937500000e+02,2.146157226562500000e+03,5.224775390625000000e+02,2.596051330566406250e+02,1.521719726562500000e+03,2.138002929687500000e+03,3.643794677734375000e+03,1.453881347656250000e+03,5.032850952148437500e+02,4.355522460937500000e+03,5.245601806640625000e+02,9.817607421875000000e+02,1.030701782226562500e+03,2.659884338378906250e+02,1.905829101562500000e+03,4.177410278320312500e+02,5.916881835937500000e+03,3.376830566406250000e+03,2.420935974121093750e+02,4.122586914062500000e+03,7.661235961914062500e+02,1.083581665039062500e+03,4.219359375000000000e+03,2.053365173339843750e+02,3.208245361328125000e+03,2.752015380859375000e+02,2.371225585937500000e+03,1.491240234375000000e+02,1.688117431640625000e+03,1.284579620361328125e+02,2.583555664062500000e+03,1.766913940429687500e+03,6.259262695312500000e+02,1.810197875976562500e+03,5.264577026367187500e+02
1.874543457031250000e+03,3.760121337890625000e+03,4.310520019531250000e+02,1.949880273437500000e+04,1.217423095703125000e+03,1.089031250000000000e+03,4.612868652343750000e+02,2.067153930664062500e+02,8.772276367187500000e+03,3.533284179687500000e+03,9.911724853515625000e+01,5.199061523437500000e+03,1.857256958007812500e+03,1.296630737304687500e+03,1.231700195312500000e+03,8.551345703125000000e+03,1.643786987304687500e+03,2.675502014160156250e+02,3.260550537109375000e+02,2.091441650390625000e+03,3.313575439453125000e+03,2.220678710937500000e+01,1.051689941406250000e+03,1.934308105468750000e+03,6.906817016601562500e+02,1.372999755859375000e+03,1.898906982421875000e+03,1.221042175292968750e+02,2.352476318359375000e+03,1.820006591796875000e+03,7.269747070312500000e+03,1.482342773437500000e+03,2.933992614746093750e+02,4.121009277343750000e+03,8.744262695312500000e+02,2.145223632812500000e+03,4.198018554687500000e+03,3.331828002929687500e+02,1.687451293945312500e+03,3.169093933105468750e+02,2.231282226562500000e+03,2.382890136718750000e+03,1.704371337890625000e+03,2.050806884765625000e+02,4.586816406250000000e+03,3.792322021484375000e+03,5.439684448242187500e+02,1.377853515625000000e+03,4.923409423828125000e+02
7.743002929687500000e+02,5.377011718750000000e+03,6.212390136718750000e+01,3.238676171875000000e+04,1.289683349609375000e+03,2.452937622070312500e+02,2.960175170898437500e+02,2.652766723632812500e+02,2.954470214843750000e+03,7.441448242187500000e+03,8.340344238281250000e+02,1.516005126953125000e+03,1.593133544921875000e+03,2.605385742187500000e+02,2.654984375000000000e+03,1.718320678710937500e+03,1.863916992187500000e+03,2.069290466308593750e+02,2.294061279296875000e+03,1.664786376953125000e+02,3.070384033203125000e+03,2.863400878906250000e+03,3.810106201171875000e+02,2.380331542968750000e+03,3.605734252929687500e+02,1.464233398437500000e+02,1.858635253906250000e+02,2.953658447265625000e+02,1.140693359375000000e+02,1.729101562500000000e+01,3.710812011718750000e+03,1.564630126953125000e+03,2.675806579589843750e+02,4.190179687500000000e+03,9.349553222656250000e+02,3.732585449218750000e+02,2.020069335937500000e+03,2.860254211425781250e+02,8.469285156250000000e+03,6.618717041015625000e+02,4.459598632812500000e+03,2.120071289062500000e+03,3.364661132812500000e+03,1.423271331787109375e+02,8.037517089843750000e+02,1.320719238281250000e+03,5.767346191406250000e+02,2.120014648437500000e+02,1.936128662109375000e+03
8.994841308593750000e+02,1.070939648437500000e+04,2.353188476562500000e+02,8.860235351562500000e+03,2.678948242187500000e+03,2.817924804687500000e+02,6.424530029296875000e+02,1.952346801757812500e+01,6.401179687500000000e+03,1.473254003906250000e+04,1.822729492187500000e+02,3.225756591796875000e+03,5.552807617187500000e+02,2.301354980468750000e+01,2.740040527343750000e+03,1.690415771484375000e+03,8.442171630859375000e+02,9.219842529296875000e+01,1.626590576171875000e+02,4.088273925781250000e+02,5.139492187500000000e+03,2.089550781250000000e+02,5.720603027343750000e+02,2.940573730468750000e+03,5.258599853515625000e+02,7.327225341796875000e+02,2.382244873046875000e+03,1.293982849121093750e+02,1.182089843750000000e+03,1.043535156250000000e+02,3.188330566406250000e+03,2.019789453125000000e+04,2.778767700195312500e+02,8.098131347656250000e+03,7.835277099609375000e+02,1.139060058593750000e+02,3.370240234375000000e+03,7.956457519531250000e+01,2.429969726562500000e+03,6.803642578125000000e+02,2.227129882812500000e+03,1.053113281250000000e+03,3.546176757812500000e+03,5.712529296875000000e+02,2.543789062500000000e+02,3.552853271484375000e+03,6.808013916015625000e+02,3.293740234375000000e+02,5.382026367187500000e+02
8.264657592773437500e+02,3.646052734375000000e+03,2.904277954101562500e+02,1.019829296875000000e+04,1.361162109375000000e+03,2.123558349609375000e+02,3.249383544921875000e+02,7.575668334960937500e+00,5.875894531250000000e+03,3.651365478515625000e+03,9.481382446289062500e+02,2.631333251953125000e+03,1.717144287109375000e+03,7.908076171875000000e+02,8.621140747070312500e+02,1.834396728515625000e+03,1.344558715820312500e+03,2.869781494140625000e+01,2.853104248046875000e+02,2.894514160156250000e+02,3.496308593750000000e+03,2.203393554687500000e+02,4.185678100585937500e+02,1.767333984375000000e+03,8.264648437500000000e+02,2.379520263671875000e+02,3.475443115234375000e+02,1.403622131347656250e+02,5.699819335937500000e+02,3.589604492187500000e+02,2.665160156250000000e+03,2.964286132812500000e+03,4.724031372070312500e+02,1.187315527343750000e+04,1.220229125976562500e+03,3.294982910156250000e+01,4.300969238281250000e+03,1.117773437500000000e+02,5.145578125000000000e+03,3.214713745117187500e+02,1.717541992187500000e+03,2.093854492187500000e+03,4.212623535156250000e+03,1.414564819335937500e+02,5.868115234375000000e+01,1.540536132812500000e+03,2.244003906250000000e+02,1.358662109375000000e+02,5.304287109375000000e+02
9.283163452148437500e+02,6.361733398437500000e+03,7.958947753906250000e+01,1.686623437500000000e+04,1.742685546875000000e+02,2.445571289062500000e+02,7.746386718750000000e+01,4.065406799316406250e+01,4.929063476562500000e+03,3.805044921875000000e+03,2.672187500000000000e+02,6.709448242187500000e+01,1.032473632812500000e+03,8.722766113281250000e+02,1.236958007812500000e+03,7.856269531250000000e+02,7.912172851562500000e+02,8.943792724609375000e+01,7.325675048828125000e+02,4.709045410156250000e+02,3.988362792968750000e+03,4.512744140625000000e+01,5.919206542968750000e+02,3.814265136718750000e+03,9.778848876953125000e+02,8.779987792968750000e+02,2.735394287109375000e+02,5.524438476562500000e+01,1.139851074218750000e+02,3.810217285156250000e+01,2.208922363281250000e+03,3.909895019531250000e+03,1.693608703613281250e+02,4.137833007812500000e+03,9.370326538085937500e+02,3.495112304687500000e+02,6.308974609375000000e+03,7.400222778320312500e+01,4.524330078125000000e+03,6.089930419921875000e+02,9.314936523437500000e+02,2.157128906250000000e+02,3.609832519531250000e+03,1.441858673095703125e+02,6.518432617187500000e+01,5.038415527343750000e+03,7.723976440429687500e+02,2.006682128906250000e+02,5.374185180664062500e+02
7.496539306640625000e+02,4.276718750000000000e+03,7.365539550781250000e+00,3.020324218750000000e+04,3.399107421875000000e+03,5.315128173828125000e+02,4.072708129882812500e+02,1.537655029296875000e+02,6.858161132812500000e+03,3.703372314453125000e+03,1.063798828125000000e+03,2.658924316406250000e+03,1.722805786132812500e+03,9.954899902343750000e+02,1.132071044921875000e+03,1.925268798828125000e+03,7.866235351562500000e+02,3.107995605468750000e+01,1.156851928710937500e+03,2.130318847656250000e+03,3.413345703125000000e+03,2.229321533203125000e+03,5.595543212890625000e+02,2.936038085937500000e+03,8.245652465820312500e+02,1.253210083007812500e+03,1.165514404296875000e+03,2.197016906738281250e+02,1.330981445312500000e+03,1.289904541015625000e+03,5.369156250000000000e+03,3.981735351562500000e+03,3.041344299316406250e+02,4.145063964843750000e+03,1.023399169921875000e+03,1.142559692382812500e+03,4.459528320312500000e+03,2.232936706542968750e+02,3.793216796875000000e+03,2.827234497070312500e+02,2.858194091796875000e+03,8.614550781250000000e+02,2.445595214843750000e+03,1.345576629638671875e+02,1.800510253906250000e+03,1.201791748046875000e+03,6.857139282226562500e+02,1.866397705078125000e+03,5.399642333984375000e+02
7.049289550781250000e+02,3.930598144531250000e+03,1.839699707031250000e+02,1.487831640625000000e+04,3.640536865234375000e+03,5.348448486328125000e+02,3.340512084960937500e+02,1.078171768188476562e+02,6.854248046875000000e+03,3.672852294921875000e+03,1.103288208007812500e+03,3.177705566406250000e+03,1.577614624023437500e+03,6.371108398437500000e+02,1.123114257812500000e+03,4.098919921875000000e+03,4.731556396484375000e+02,2.612323303222656250e+02,7.706092529296875000e+02,2.097663818359375000e+03,3.019425048828125000e+03,2.062554199218750000e+03,4.873110351562500000e+02,4.327185546875000000e+03,8.706582031250000000e+02,1.203413330078125000e+03,1.084402221679687500e+03,2.074833068847656250e+02,9.031000976562500000e+02,1.594316894531250000e+03,5.571821777343750000e+03,3.526543457031250000e+03,2.980646362304687500e+02,4.110301269531250000e+03,7.116708984375000000e+02,7.446974487304687500e+02,3.431195312500000000e+03,2.004427490234375000e+02,2.537444824218750000e+03,2.829270629882812500e+02,2.717812011718750000e+03,1.810996582031250000e+03,1.539761962890625000e+03,1.515497894287109375e+02,2.452625244140625000e+03,1.333258300781250000e+03,7.074489746093750000e+02,9.425220947265625000e+02,5.362759399414062500e+02
2.400802246093750000e+03,5.379395507812500000e+03,5.312387695312500000e+02,6.809333984375000000e+03,6.628977050781250000e+02,9.354831542968750000e+02,3.374286804199218750e+02,1.453384246826171875e+02,6.884142578125000000e+03,3.595277832031250000e+03,8.367971191406250000e+02,2.873429687500000000e+03,1.077698242187500000e+03,7.156977539062500000e+02,9.956472778320312500e+02,5.430761230468750000e+03,3.641224121093750000e+03,2.707518005371093750e+02,1.557146728515625000e+03,2.149524902343750000e+03,2.540961914062500000e+03,2.196126953125000000e+03,5.101829223632812500e+02,2.648530761718750000e+03,7.932827148437500000e+02,9.171826171875000000e+02,1.061539794921875000e+03,2.284689941406250000e+02,1.827153320312500000e+03,1.557102783203125000e+03,5.575812011718750000e+03,4.350985351562500000e+03,4.042815551757812500e+02,4.108465332031250000e+03,7.084579467773437500e+02,1.436461425781250000e+03,3.652060058593750000e+03,2.714689025878906250e+02,2.852441406250000000e+03,2.734400024414062500e+02,2.909201171875000000e+03,2.125831054687500000e+03,1.705153442382812500e+03,1.184982833862304688e+02,3.490953125000000000e+03,1.472323974609375000e+03,7.174409179687500000e+02,2.465677490234375000e+03,5.163662719726562500e+02
1.204916137695312500e+03,5.480705078125000000e+03,6.763824462890625000e+01,3.553182421875000000e+04,4.748603515625000000e+02,1.038872070312500000e+02,3.954577636718750000e+02,1.700495147705078125e+02,3.080598046875000000e+04,7.334686523437500000e+03,9.472686157226562500e+02,1.138330859375000000e+04,1.464954101562500000e+03,1.757725585937500000e+03,2.314059082031250000e+03,1.303194335937500000e+03,2.344607421875000000e+03,2.861080627441406250e+02,6.139666748046875000e+02,2.370562744140625000e+03,1.855011718750000000e+03,2.012381591796875000e+02,2.970462890625000000e+03,7.712536621093750000e+02,6.883997802734375000e+02,3.716176757812500000e+02,1.393290893554687500e+03,2.924569702148437500e+01,1.117082519531250000e+02,2.163662841796875000e+03,6.332518066406250000e+03,9.102631835937500000e+03,1.018438110351562500e+02,4.024704833984375000e+03,1.443279785156250000e+03,3.577650878906250000e+03,5.867167968750000000e+02,1.023058166503906250e+02,6.261396484375000000e+03,5.486191406250000000e+02,4.242252441406250000e+03,1.315237890625000000e+04,3.576564941406250000e+03,1.035032653808593750e+02,1.012612182617187500e+03,2.824821289062500000e+03,1.698963989257812500e+03,6.759979248046875000e+02,6.397824096679687500e+02
1.234077148437500000e+03,1.000441113281250000e+04,5.668469238281250000e+01,7.306172363281250000e+03,8.419602050781250000e+02,1.814889526367187500e+02,3.125465393066406250e+02,7.307512207031250000e+02,4.845169921875000000e+03,1.410764453125000000e+04,5.941308593750000000e+02,1.440098144531250000e+03,1.895901489257812500e+03,1.826997070312500000e+02,3.076294677734375000e+03,1.622515869140625000e+03,1.682632324218750000e+03,2.097210693359375000e+01,2.868029052734375000e+03,1.586289062500000000e+02,3.271903564453125000e+03,1.179304199218750000e+02,7.987962646484375000e+02,3.214936767578125000e+03,8.674584960937500000e+02,3.338125000000000000e+02,1.651575073242187500e+03,8.589935302734375000e+00,2.072773437500000000e+02,9.334893798828125000e+01,2.745275878906250000e+03,1.374074511718750000e+04,3.660513916015625000e+02,8.074240234375000000e+03,7.517634887695312500e+02,1.400847412109375000e+03,5.834044921875000000e+03,8.517312622070312500e+01,3.041981933593750000e+03,3.015476684570312500e+02,1.416039550781250000e+03,2.473766113281250000e+03,3.436476562500000000e+03,4.990098266601562500e+02,4.353515625000000000e+01,6.500020019531250000e+03,5.534388427734375000e+02,7.761909179687500000e+02,3.351480712890625000e+02
1.103818969726562500e+03,3.640498535156250000e+03,6.991245727539062500e+02,7.563166992187500000e+03,4.233601074218750000e+03,1.409389648437500000e+02,6.852630615234375000e+00,1.179180831909179688e+02,5.320283203125000000e+03,3.611751220703125000e+03,1.072965698242187500e+03,1.251862304687500000e+03,1.646331054687500000e+03,9.100239257812500000e+02,7.807100830078125000e+02,1.664713378906250000e+03,1.484977783203125000e+03,1.629285278320312500e+02,4.820996093750000000e+02,2.644353027343750000e+02,3.386916259765625000e+03,2.890944335937500000e+03,1.009621948242187500e+03,1.895112304687500000e+03,8.107233276367187500e+02,2.481298828125000000e+02,3.446794433593750000e+02,5.650082397460937500e+01,2.979636230468750000e+02,5.340125732421875000e+02,2.306609375000000000e+03,4.158929199218750000e+03,3.420615234375000000e+02,1.191810351562500000e+04,3.699122558593750000e+03,1.497912841796875000e+03,3.564649169921875000e+03,1.857893981933593750e+02,5.758506835937500000e+03,3.414389648437500000e+02,1.193859375000000000e+03,5.990776855468750000e+03,4.723182128906250000e+03,1.116742858886718750e+02,8.886547851562500000e+01,1.428294677734375000e+03,3.762695922851562500e+02,6.994364013671875000e+02,5.296776733398437500e+02
1.034662231445312500e+03,6.358301269531250000e+03,2.567003173828125000e+02,4.221485546875000000e+04,1.324865234375000000e+03,1.876815185546875000e+02,5.385412597656250000e+01,1.587768402099609375e+02,4.347507324218750000e+03,3.759793945312500000e+03,5.390258789062500000e+00,1.828169921875000000e+03,1.023512939453125000e+03,1.030057861328125000e+03,1.176852783203125000e+03,1.217946777343750000e+03,1.414703735351562500e+03,4.065147399902343750e+01,6.798696289062500000e+02,2.576469726562500000e+02,3.551070068359375000e+03,3.050170898437500000e+00,8.346116943359375000e+02,4.595902343750000000e+03,8.734312744140625000e+02,3.709613037109375000e+02,2.851770019531250000e+01,1.376190185546875000e+00,1.358364257812500000e+03,3.522568359375000000e+02,4.393808593750000000e+02,4.410404296875000000e+03,3.572943115234375000e+01,4.139618652343750000e+03,1.020193969726562500e+03,4.323936767578125000e+02,6.457666015625000000e+02,7.089691162109375000e+01,5.510576171875000000e+03,6.135614013671875000e+02,7.791689453125000000e+02,5.223702148437500000e+03,3.592512451171875000e+03,1.166177978515625000e+02,1.230369140625000000e+03,4.877371093750000000e+03,4.467131347656250000e+02,7.896466064453125000e+02,5.361265869140625000e+02
1.065165527343750000e+03,6.080655761718750000e+03,1.067408447265625000e+02,3.014528906250000000e+04,2.069394531250000000e+02,5.974220581054687500e+02,3.288277893066406250e+02,3.813108520507812500e+02,4.000527343750000000e+03,3.700564941406250000e+03,1.180264160156250000e+03,2.871445312500000000e+03,1.667864013671875000e+03,3.953562622070312500e+02,1.164040893554687500e+03,1.630910522460937500e+03,5.656070556640625000e+02,8.678546142578125000e+01,1.352358764648437500e+03,2.110130126953125000e+03,3.623765869140625000e+03,1.717081298828125000e+03,6.173621826171875000e+02,2.903563964843750000e+03,8.753570556640625000e+02,1.090143920898437500e+03,5.525061035156250000e+01,1.939295043945312500e+02,1.142533691406250000e+03,1.310986816406250000e+03,5.381321777343750000e+03,4.395871582031250000e+03,4.498971862792968750e+02,4.244703125000000000e+03,1.231286254882812500e+03,9.980450439453125000e+02,1.307076660156250000e+03,2.105360107421875000e+02,4.732249023437500000e+03,2.794394226074218750e+02,3.920683593750000000e+02,2.798022460937500000e+03,3.146969726562500000e+03,1.160784072875976562e+02,2.774759033203125000e+03,1.494551635742187500e+03,1.336793212890625000e+03,8.912032470703125000e+02,5.405257568359375000e+02
1.258649414062500000e+03,3.328634521484375000e+03,4.115689697265625000e+02,1.529834472656250000e+04,3.403600097656250000e+03,6.611223144531250000e+02,4.700933532714843750e+02,1.619167633056640625e+02,7.380992187500000000e+03,3.675932128906250000e+03,1.148622558593750000e+03,2.802107421875000000e+03,1.617502441406250000e+03,1.317979003906250000e+03,1.127227050781250000e+03,3.045273925781250000e+03,7.026796875000000000e+02,2.662369079589843750e+02,1.087173461914062500e+03,2.094320312500000000e+03,3.285561035156250000e+03,1.758833496093750000e+03,5.911456909179687500e+02,4.664182617187500000e+03,8.688770751953125000e+02,8.399357910156250000e+02,1.121647583007812500e+03,1.861571044921875000e+02,1.787323730468750000e+03,1.193782226562500000e+03,5.022220703125000000e+03,4.326637207031250000e+03,3.583500671386718750e+02,4.122760742187500000e+03,9.994948730468750000e+02,1.427674194335937500e+03,3.681373046875000000e+03,1.979077148437500000e+02,2.419274169921875000e+03,2.858762512207031250e+02,2.404878906250000000e+03,3.524189453125000000e+03,1.589040405273437500e+03,1.092898864746093750e+02,5.782331054687500000e+03,1.534121948242187500e+03,1.330950195312500000e+03,9.494610595703125000e+02,5.263029785156250000e+02
3.214537597656250000e+03,6.300003906250000000e+03,4.170080566406250000e+02,1.027330078125000000e+03,8.367309570312500000e+02,1.150834472656250000e+03,2.834039001464843750e+02,3.018519287109375000e+02,9.244583984375000000e+03,3.506673583984375000e+03,1.416354980468750000e+02,3.412838867187500000e+03,2.692667968750000000e+03,1.339756713867187500e+03,1.009034240722656250e+03,5.764150390625000000e+03,2.675961425781250000e+03,2.557530517578125000e+02,5.260358886718750000e+02,1.613323730468750000e+03,3.365506835937500000e+03,9.304321289062500000e+01,2.105189941406250000e+03,1.143281250000000000e+03,7.758166503906250000e+02,9.109566650390625000e+02,1.010413208007812500e+03,4.625098876953125000e+02,1.687665283203125000e+03,9.112446289062500000e+02,5.255373535156250000e+03,3.695561035156250000e+03,2.403198547363281250e+02,4.106746582031250000e+03,9.745037841796875000e+02,2.106992675781250000e+03,3.913504638671875000e+03,3.730740051269531250e+02,3.118033935546875000e+03,2.428450164794921875e+02,2.555791992187500000e+03,3.830013671875000000e+03,1.702210937500000000e+03,1.247441101074218750e+02,3.215589843750000000e+03,5.418006835937500000e+03,1.483513183593750000e+02,2.528216796875000000e+03,5.133374633789062500e+02
1.428388427734375000e+03,5.394233398437500000e+03,5.744119262695312500e+02,3.511068750000000000e+04,5.817897949218750000e+02,3.007804565429687500e+02,2.131675109863281250e+02,2.606876220703125000e+02,7.684520507812500000e+03,7.526064941406250000e+03,1.053128173828125000e+03,1.209094238281250000e+03,1.577588745117187500e+03,1.270450927734375000e+03,2.662954833984375000e+03,1.664601806640625000e+03,1.859925781250000000e+03,1.701246337890625000e+02,2.648328369140625000e+03,5.213964843750000000e+02,4.923399414062500000e+03,1.773190307617187500e+03,6.634802246093750000e+02,2.074626953125000000e+03,7.934986572265625000e+02,8.217534179687500000e+02,1.082573242187500000e+03,8.363946533203125000e+01,3.718015136718750000e+02,6.634184570312500000e+02,2.690058105468750000e+03,9.444933593750000000e+03,3.207365417480468750e+02,4.272429687500000000e+03,8.264447631835937500e+02,3.263798828125000000e+02,5.955279785156250000e+03,1.523400268554687500e+02,6.791601562500000000e+03,5.798469238281250000e+02,2.433275634765625000e+03,4.685052734375000000e+03,3.482290771484375000e+03,1.156864547729492188e+02,5.162255859375000000e+02,2.098904296875000000e+03,1.024077026367187500e+03,3.879879150390625000e+02,5.981665039062500000e+02
1.605191772460937500e+03,1.027444531250000000e+04,4.677228393554687500e+02,7.599391601562500000e+03,2.419670898437500000e+03,1.368562622070312500e+02,1.010120239257812500e+02,4.519501037597656250e+02,1.534249218750000000e+04,1.617017382812500000e+04,1.484221191406250000e+02,2.019320800781250000e+03,1.672576904296875000e+03,1.502901123046875000e+03,3.827815185546875000e+03,1.748739501953125000e+03,2.410401367187500000e+03,9.384759521484375000e+01,2.900333251953125000e+02,3.847670898437500000e+02,3.391750000000000000e+03,1.716944580078125000e+02,5.597041015625000000e+02,2.938937988281250000e+03,7.817129516601562500e+02,8.677057495117187500e+02,3.239105957031250000e+03,3.705899047851562500e+01,8.246210937500000000e+02,1.600927734375000000e+01,2.349499511718750000e+03,1.874269921875000000e+04,3.054407958984375000e+02,8.002174804687500000e+03,1.941692871093750000e+03,4.739871826171875000e+02,3.675504882812500000e+03,1.498078918457031250e+02,3.253144531250000000e+03,9.876869506835937500e+02,4.889287109375000000e+03,3.337974609375000000e+03,3.447045898437500000e+03,4.868012084960937500e+02,5.742446289062500000e+02,2.994277832031250000e+03,5.114993896484375000e+02,1.101893066406250000e+03,4.265737915039062500e+02
8.932620849609375000e+02,3.501634521484375000e+03,6.532149047851562500e+02,1.331187304687500000e+04,2.887842285156250000e+03,6.844470214843750000e+01,9.768774414062500000e+01,8.799972534179687500e+01,5.812496093750000000e+03,3.545778564453125000e+03,1.114262695312500000e+03,2.093758789062500000e+03,1.666674316406250000e+03,5.418473510742187500e+02,7.968284912109375000e+02,1.756487426757812500e+03,2.509521240234375000e+03,2.424929809570312500e+01,4.946828613281250000e+02,6.029736328125000000e+01,3.352061523437500000e+03,1.669854614257812500e+03,2.398544921875000000e+03,1.819601562500000000e+03,8.257973632812500000e+02,1.929259521484375000e+03,8.703039550781250000e+01,5.978436279296875000e+01,7.260693359375000000e+01,1.253439941406250000e+02,9.398828125000000000e+02,3.996961914062500000e+03,1.667987060546875000e+01,1.305393945312500000e+04,4.895355957031250000e+03,9.964243774414062500e+02,9.253466796875000000e+02,1.914393920898437500e+02,6.203276855468750000e+03,2.530865478515625000e+02,3.091279296875000000e+02,6.599753906250000000e+03,5.614448242187500000e+03,1.648959655761718750e+02,2.590522460937500000e+02,1.654352294921875000e+03,3.835488281250000000e+02,6.703511962890625000e+02,5.257243652343750000e+02
5.920224609375000000e+02,6.364969726562500000e+03,4.388755493164062500e+02,3.659709375000000000e+04,1.780875244140625000e+03,2.207278808593750000e+03,1.877960205078125000e+01,2.267584228515625000e+01,4.414201660156250000e+03,4.030541503906250000e+03,1.232335205078125000e+02,1.510171386718750000e+03,1.846568725585937500e+03,1.147730102539062500e+03,2.652724365234375000e+03,1.831039306640625000e+03,1.418246826171875000e+03,1.249895935058593750e+02,4.367305908203125000e+02,4.157871093750000000e+02,3.593373535156250000e+03,1.865897949218750000e+03,1.072694335937500000e+03,5.125794921875000000e+03,9.778262329101562500e+02,1.161239013671875000e+03,1.524327758789062500e+03,4.784014892578125000e+01,6.086875000000000000e+02,2.884216308593750000e+02,1.030153320312500000e+03,4.554912597656250000e+03,2.830441589355468750e+02,4.167195800781250000e+03,1.428452026367187500e+03,9.488818359375000000e+01,4.417920898437500000e+03,8.499621582031250000e+01,5.793064941406250000e+03,5.734914550781250000e+02,1.017241210937500000e+02,5.285579101562500000e+03,3.562032470703125000e+03,1.715823364257812500e+02,1.423851562500000000e+03,4.786535156250000000e+03,7.396251220703125000e+02,7.222636718750000000e+02,5.324862060546875000e+02
8.938787231445312500e+02,5.660059570312500000e+03,2.876706542968750000e+02,3.269465625000000000e+04,4.177867187500000000e+03,7.484891357421875000e+02,3.797644348144531250e+02,3.857299194335937500e+02,8.947471679687500000e+03,3.743591552734375000e+03,1.192610595703125000e+03,4.423921875000000000e+03,1.949706665039062500e+03,1.933648925781250000e+03,1.405323486328125000e+03,1.700566162109375000e+03,8.116192626953125000e+02,1.025654296875000000e+02,1.412653320312500000e+03,2.125455566406250000e+03,4.245124511718750000e+03,2.086440185546875000e+03,6.009668579101562500e+02,2.683573486328125000e+03,8.658076171875000000e+02,1.542119140625000000e+03,1.634529296875000000e+03,3.406845092773437500e+02,1.647608886718750000e+03,1.330664062500000000e+03,6.375290039062500000e+03,4.398254394531250000e+03,2.982982788085937500e+02,5.196381835937500000e+03,1.982380004882812500e+03,2.203400634765625000e+03,4.742331054687500000e+03,2.353888549804687500e+02,5.332763183593750000e+03,2.989808349609375000e+02,3.133019775390625000e+03,9.545615234375000000e+03,2.544675292968750000e+03,1.976571655273437500e+02,3.935340576171875000e+03,4.024133300781250000e+03,1.517103027343750000e+03,3.251127441406250000e+03,4.686474609375000000e+02
7.735272216796875000e+02,4.154291015625000000e+03,7.247116699218750000e+02,3.200147460937500000e+04,2.878089355468750000e+03,6.165112304687500000e+02,4.326377563476562500e+02,2.613920898437500000e+02,8.773592773437500000e+03,3.584329345703125000e+03,1.046022583007812500e+03,4.323986816406250000e+03,1.846539062500000000e+03,7.964808349609375000e+02,2.218170654296875000e+03,2.778094238281250000e+03,5.170554199218750000e+02,2.660227355957031250e+02,9.105257568359375000e+02,2.175995117187500000e+03,1.032316015625000000e+04,1.815680053710937500e+03,5.125090332031250000e+02,4.682279296875000000e+03,8.674752197265625000e+02,1.567106933593750000e+03,1.625048339843750000e+03,2.500549926757812500e+02,1.271496582031250000e+03,1.399412109375000000e+03,6.271158203125000000e+03,4.199705566406250000e+03,2.778292541503906250e+02,4.100078613281250000e+03,1.400695312500000000e+03,8.095278320312500000e+02,3.991650146484375000e+03,1.937637329101562500e+02,3.323272705078125000e+03,2.965605468750000000e+02,2.321121826171875000e+03,6.405546875000000000e+03,2.419624511718750000e+03,1.722067413330078125e+02,2.874350585937500000e+03,2.038848388671875000e+03,5.709182739257812500e+02,2.475793945312500000e+03,5.260201416015625000e+02
2.162695312500000000e+03,5.593505859375000000e+03,6.346512451171875000e+02,2.276082031250000000e+03,1.730927734375000000e+02,7.299280395507812500e+02,3.439255065917968750e+02,3.227502441406250000e+02,7.549548828125000000e+03,3.605729003906250000e+03,9.992513427734375000e+02,3.897740478515625000e+03,1.716538574218750000e+03,1.161717651367187500e+03,1.476930175781250000e+03,1.870817504882812500e+03,8.782303466796875000e+02,2.871037292480468750e+02,1.330125732421875000e+03,2.197584960937500000e+03,9.411857421875000000e+03,2.370997802734375000e+03,5.891107177734375000e+02,3.177424316406250000e+03,8.632243652343750000e+02,1.106456176757812500e+03,1.287648925781250000e+03,3.955140991210937500e+02,2.431134765625000000e+03,1.304884033203125000e+03,6.438184570312500000e+03,4.248461425781250000e+03,2.861885375976562500e+02,4.083908447265625000e+03,1.308476318359375000e+03,1.051162597656250000e+03,4.042462890625000000e+03,2.049289550781250000e+02,3.238383789062500000e+03,3.619828186035156250e+02,2.845654785156250000e+03,6.516457031250000000e+03,1.773663452148437500e+03,2.398314208984375000e+02,3.995245117187500000e+03,2.536400634765625000e+03,5.726329956054687500e+02,3.624877685546875000e+03,5.145823974609375000e+02
1.867651367187500000e+01,5.298178710937500000e+03,5.674403076171875000e+02,9.377519531250000000e+03,1.617128173828125000e+03,1.750359497070312500e+02,1.542707519531250000e+02,1.756042480468750000e+00,2.526210351562500000e+04,5.887128906250000000e+03,1.051856445312500000e+03,8.294644531250000000e+03,1.548925903320312500e+03,1.726889526367187500e+03,3.201006835937500000e+03,6.145550292968750000e+03,4.059641601562500000e+03,2.723454284667968750e+02,7.848167114257812500e+02,2.457833251953125000e+03,2.142055664062500000e+03,2.141363037109375000e+03,2.734187988281250000e+03,1.136455078125000000e+02,7.312337646484375000e+02,1.734949462890625000e+03,1.208154296875000000e+03,3.851905822753906250e+02,9.292092285156250000e+02,2.476827636718750000e+03,8.877178710937500000e+03,8.456328125000000000e+03,3.895785522460937500e+02,4.048257568359375000e+03,1.700685913085937500e+03,3.796744140625000000e+03,1.128796630859375000e+03,4.279004821777343750e+02,5.548289062500000000e+03,6.349964599609375000e+02,6.149212890625000000e+03,3.093353125000000000e+04,3.190005371093750000e+03,1.147301864624023438e+02,5.452592773437500000e+02,2.461221191406250000e+03,1.433313232421875000e+03,1.907338134765625000e+03,6.376943359375000000e+02
3.286005371093750000e+03,1.483085058593750000e+04,1.584762451171875000e+03,1.890123828125000000e+04,2.965041015625000000e+03,5.051269531250000000e-01,1.735105285644531250e+02,4.011301269531250000e+02,4.708302734375000000e+03,1.564114257812500000e+04,6.749018554687500000e+02,1.695069824218750000e+03,4.856698242187500000e+03,4.970484619140625000e+02,2.361919433593750000e+03,1.170905639648437500e+03,2.052752685546875000e+03,1.999609985351562500e+02,3.368577636718750000e+03,7.708494873046875000e+02,3.818164062500000000e+01,2.120384765625000000e+03,7.978259887695312500e+02,4.011338867187500000e+03,8.202018432617187500e+02,1.737291015625000000e+03,8.920739746093750000e+01,1.657047119140625000e+02,2.116888671875000000e+03,8.581115722656250000e+01,2.908507812500000000e+03,1.988313281250000000e+04,1.287809448242187500e+02,8.113457519531250000e+03,3.421264648437500000e+02,4.769042968750000000e+02,4.460321289062500000e+03,7.256295776367187500e+01,1.141618750000000000e+04,4.756390991210937500e+02,4.103790039062500000e+03,7.713183593750000000e+02,3.536170898437500000e+03,2.641654052734375000e+02,3.477878417968750000e+02,5.488329101562500000e+03,8.075695800781250000e+01,1.431635253906250000e+03,4.373626708984375000e+02
2.246671875000000000e+03,4.352804199218750000e+03,9.028388671875000000e+02,2.557889453125000000e+04,3.463066406250000000e+02,1.843566894531250000e+02,8.078704833984375000e+01,5.714163818359375000e+02,4.589849609375000000e+03,3.490816894531250000e+03,1.074199829101562500e+03,2.940573730468750000e+03,1.524341674804687500e+03,5.758139648437500000e+02,1.269880615234375000e+03,1.377740234375000000e+03,4.950583007812500000e+03,8.500933837890625000e+01,1.924750976562500000e+02,1.755839843750000000e+02,3.883824707031250000e+03,6.475503417968750000e+03,1.336089355468750000e+03,2.726305175781250000e+03,8.345672607421875000e+02,1.787010131835937500e+03,2.606375976562500000e+03,3.632482910156250000e+01,2.728434570312500000e+03,1.845631713867187500e+02,3.562837890625000000e+03,4.124243164062500000e+03,9.135943603515625000e+01,1.464862695312500000e+04,8.832387695312500000e+02,5.519184570312500000e+02,3.863328613281250000e+03,3.470437622070312500e+01,2.382106689453125000e+03,3.264577331542968750e+02,5.000366210937500000e+02,3.023074218750000000e+03,4.862998046875000000e+03,1.540439300537109375e+02,3.413173828125000000e+02,1.963593505859375000e+03,1.430343017578125000e+02,1.178068969726562500e+03,5.266943359375000000e+02
1.995456542968750000e+03,6.368154785156250000e+03,1.221801391601562500e+03,3.082650390625000000e+04,8.468813476562500000e+02,1.033057861328125000e+02,7.780139160156250000e+01,1.173207550048828125e+02,5.844708984375000000e+03,3.671538085937500000e+03,5.129375000000000000e+02,1.025779296875000000e+03,2.874589599609375000e+03,9.519141845703125000e+02,2.360409667968750000e+03,1.709475708007812500e+03,1.958729614257812500e+03,3.282479858398437500e+01,7.674471435546875000e+02,2.950539550781250000e+02,4.379599609375000000e+03,2.283114746093750000e+03,1.504761352539062500e+03,5.632135742187500000e+03,1.121846801757812500e+03,1.038708007812500000e+03,5.458269042968750000e+02,3.457986450195312500e+01,1.659311523437500000e+03,3.881528320312500000e+02,5.479492187500000000e+01,4.501192382812500000e+03,2.870232849121093750e+02,4.148294433593750000e+03,1.344386474609375000e+03,4.647973632812500000e+01,1.329149902343750000e+03,1.845198059082031250e+02,2.064513427734375000e+03,7.045794677734375000e+02,8.482893066406250000e+02,1.995894531250000000e+03,3.561136474609375000e+03,1.502041473388671875e+02,8.092524414062500000e+02,4.755342773437500000e+03,1.716687011718750000e+02,8.689829101562500000e+02,5.331729736328125000e+02
9.882213134765625000e+02,6.364017578125000000e+03,4.608740234375000000e+02,2.222369921875000000e+04,4.501072265625000000e+03,9.693294677734375000e+02,4.812539672851562500e+02,1.816670684814453125e+02,9.676434570312500000e+03,3.694036865234375000e+03,9.579768066406250000e+02,3.669330810546875000e+03,1.771169799804687500e+03,1.356674072265625000e+03,1.364252319335937500e+03,1.636222045898437500e+03,7.200452880859375000e+02,7.981436157226562500e+01,1.269267822265625000e+03,2.160060791015625000e+03,3.193268554687500000e+03,3.006899414062500000e+03,5.907327880859375000e+02,2.401791992187500000e+03,8.636115112304687500e+02,1.776457519531250000e+03,1.169134643554687500e+03,1.963251037597656250e+02,3.825674316406250000e+03,1.303023071289062500e+03,7.692535156250000000e+03,4.535714355468750000e+03,4.213141479492187500e+02,4.322859375000000000e+03,1.383097412109375000e+03,9.085114746093750000e+02,5.233932128906250000e+03,2.362906799316406250e+02,4.770240234375000000e+03,3.025016479492187500e+02,2.287348632812500000e+03,4.422059082031250000e+03,3.583589111328125000e+03,1.221444473266601562e+02,2.522077880859375000e+03,2.497588867187500000e+03,7.193013305664062500e+02,7.773902587890625000e+02,4.539248657226562500e+02
1.669459960937500000e+03,3.469063232421875000e+03,2.746008911132812500e+02,1.904135937500000000e+04,3.950057861328125000e+03,3.909158325195312500e+02,6.482839355468750000e+02,1.579789581298828125e+02,1.267997558593750000e+04,3.721694335937500000e+03,9.420707397460937500e+02,4.438440429687500000e+03,1.950740966796875000e+03,1.887941162109375000e+03,3.410040039062500000e+03,1.626849243164062500e+03,8.369395751953125000e+02,3.616687011718750000e+02,1.183401489257812500e+03,2.266477050781250000e+03,4.732349609375000000e+03,2.745362304687500000e+03,5.801847534179687500e+02,4.861805664062500000e+03,8.694870605468750000e+02,1.746621704101562500e+03,1.406889038085937500e+03,2.166879882812500000e+02,4.946157226562500000e+03,1.082126220703125000e+03,7.081831054687500000e+03,4.380155761718750000e+03,3.562990112304687500e+02,4.140597656250000000e+03,1.796541992187500000e+03,1.792346679687500000e+03,4.886980957031250000e+03,2.221594848632812500e+02,2.022072875976562500e+03,6.992739257812500000e+02,3.237805175781250000e+03,1.653350585937500000e+03,1.951386718750000000e+03,1.303503570556640625e+02,6.080671875000000000e+03,2.428364501953125000e+03,1.177199707031250000e+03,3.042529296875000000e+03,5.281506347656250000e+02
3.709203125000000000e+03,6.371563476562500000e+03,5.361560058593750000e+01,5.897421875000000000e+03,6.800921386718750000e+03,5.785637817382812500e+02,5.470651855468750000e+02,5.802612304687500000e+00,1.275808984375000000e+04,3.680857910156250000e+03,8.185620117187500000e+01,7.460796386718750000e+03,1.767851074218750000e+03,7.386934814453125000e+02,1.289693115234375000e+03,8.674185546875000000e+03,5.018781250000000000e+03,3.279590759277343750e+02,7.406621093750000000e+02,2.179207519531250000e+03,4.798111816406250000e+03,2.051550292968750000e+03,3.073047119140625000e+03,1.870923339843750000e+03,8.087052001953125000e+02,1.561477050781250000e+03,9.633554687500000000e+02,3.651065673828125000e+02,3.805332519531250000e+03,5.671791992187500000e+02,5.769971679687500000e+03,4.017708496093750000e+03,4.039964904785156250e+02,4.117134277343750000e+03,1.525567138671875000e+03,1.535038696289062500e+03,7.628881835937500000e+02,2.290631713867187500e+02,3.796114013671875000e+03,4.157171325683593750e+02,9.297441406250000000e+02,2.615477539062500000e+03,2.926218994140625000e+03,1.223201675415039062e+02,4.798317871093750000e+03,4.492045898437500000e+03,1.276967773437500000e+03,2.758950195312500000e+03,5.207918090820312500e+02
2.996506103515625000e+03,6.181466796875000000e+03,5.772677001953125000e+02,4.589117968750000000e+04,1.180297119140625000e+03,2.337692260742187500e+02,2.139904327392578125e+02,2.884372558593750000e+02,1.718183593750000000e+03,7.350347656250000000e+03,1.074267333984375000e+03,2.644906250000000000e+03,2.542847900390625000e+03,5.294301757812500000e+02,2.870503906250000000e+03,1.928103027343750000e+03,2.815871093750000000e+03,2.418666992187500000e+02,2.846166503906250000e+03,2.056048828125000000e+03,6.746307617187500000e+03,4.243211914062500000e+03,1.121635986328125000e+03,2.803600585937500000e+03,7.901445312500000000e+02,3.789400634765625000e+02,2.380382080078125000e+02,1.213464355468750000e+01,8.175332031250000000e+02,6.317619628906250000e+02,1.452697265625000000e+03,9.439705078125000000e+03,1.206493530273437500e+02,6.118058593750000000e+03,6.529122070312500000e+03,1.972595214843750000e+02,1.361982421875000000e+02,7.629555664062500000e+02,1.138979296875000000e+04,6.560501708984375000e+02,3.397345458984375000e+03,3.015521484375000000e+03,3.538685791015625000e+03,1.119612731933593750e+02,1.159047851562500000e+02,2.306606445312500000e+03,7.081860351562500000e+02,1.334054077148437500e+03,1.239795898437500000e+03
1.339340209960937500e+03,8.833494140625000000e+03,4.479274902343750000e+02,5.961290039062500000e+03,2.671860839843750000e+03,2.668873901367187500e+02,1.346674499511718750e+02,3.850885009765625000e+01,4.525960937500000000e+03,2.173527148437500000e+04,2.701516113281250000e+02,1.788354003906250000e+03,2.326573486328125000e+03,1.627913818359375000e+02,4.237869628906250000e+03,1.661215332031250000e+03,2.642777832031250000e+03,1.590991210937500000e+01,7.566433105468750000e+02,2.117550048828125000e+03,4.453827148437500000e+03,4.611542968750000000e+03,1.106735229492187500e+03,3.930969238281250000e+03,8.047603759765625000e+02,1.038379028320312500e+03,1.062559326171875000e+03,6.977746582031250000e+01,9.436010742187500000e+02,8.919677734375000000e+00,2.855166015625000000e+03,2.064131250000000000e+04,8.216564941406250000e+01,8.184217285156250000e+03,1.502393920898437500e+03,3.299702148437500000e+02,1.401155273437500000e+03,1.369947814941406250e+02,4.859607421875000000e+03,8.609039916992187500e+02,5.729067382812500000e+02,3.381279296875000000e+03,3.529850585937500000e+03,4.328308105468750000e+02,1.120159423828125000e+03,1.531103149414062500e+03,2.007971191406250000e+02,1.247037597656250000e+03,4.368626098632812500e+02
1.860955566406250000e+03,6.241308593750000000e+03,1.189760864257812500e+03,6.963109375000000000e+03,8.748623046875000000e+02,5.970288085937500000e+01,4.725685424804687500e+02,5.910906982421875000e+01,4.152199218750000000e+03,3.696453613281250000e+03,9.163583984375000000e+02,2.063511230468750000e+03,2.872430664062500000e+03,4.987750549316406250e+02,1.495161621093750000e+03,1.658668334960937500e+03,2.905266113281250000e+03,9.882354736328125000e+01,7.859798583984375000e+02,5.653608398437500000e+03,2.522260009765625000e+03,7.531796875000000000e+03,1.514351074218750000e+03,2.858824951171875000e+03,8.267918701171875000e+02,4.918134765625000000e+02,7.897054443359375000e+02,1.080922241210937500e+02,8.113703613281250000e+02,2.894755249023437500e+02,1.993294921875000000e+03,4.174861328125000000e+03,1.437203369140625000e+02,2.026766406250000000e+04,2.142474609375000000e+03,2.305463867187500000e+02,4.154677246093750000e+03,8.474136352539062500e+01,5.519586914062500000e+03,6.307145996093750000e+02,5.153310546875000000e+02,6.323816406250000000e+03,5.765324707031250000e+03,1.147598037719726562e+02,5.642978515625000000e+02,1.463180419921875000e+03,4.153074340820312500e+02,1.512138916015625000e+03,5.281765136718750000e+02
6.872412109375000000e+01,6.378811523437500000e+03,3.884534912109375000e+02,4.454590234375000000e+04,2.587202148437500000e+03,1.085517578125000000e+02,2.739018859863281250e+02,7.897213745117187500e+01,3.537548828125000000e+03,4.950363769531250000e+03,7.141674804687500000e+01,1.342952636718750000e+03,1.772262207031250000e+03,1.853593750000000000e+03,3.451354003906250000e+03,5.581909179687500000e+02,1.546752197265625000e+03,8.023394775390625000e+01,5.555447998046875000e+02,2.285218994140625000e+03,2.606639160156250000e+03,2.037440673828125000e+03,9.627600097656250000e+02,6.731023925781250000e+03,1.590916259765625000e+03,1.109361938476562500e+03,4.053583984375000000e+02,2.287579040527343750e+02,5.751948242187500000e+02,6.725596923828125000e+02,4.071767578125000000e+02,4.475494140625000000e+03,2.369331054687500000e+02,4.174692871093750000e+03,1.701847167968750000e+03,3.886494140625000000e+02,1.876346679687500000e+03,6.748962402343750000e+01,2.360413330078125000e+03,7.074847412109375000e+02,5.087143554687500000e+02,3.998997070312500000e+03,3.586087646484375000e+03,1.599298248291015625e+02,4.143400878906250000e+02,3.637395996093750000e+03,1.144312744140625000e+02,1.276118530273437500e+03,5.347316894531250000e+02
1.301558105468750000e+03,4.705027832031250000e+03,2.091681518554687500e+02,1.539015820312500000e+04,3.375841796875000000e+03,9.785772705078125000e+02,4.370930480957031250e+02,1.855685882568359375e+02,1.399109375000000000e+04,3.861818603515625000e+03,1.152455810546875000e+03,4.182578125000000000e+03,2.154181152343750000e+03,2.085153564453125000e+03,1.551727783203125000e+03,1.753854858398437500e+03,1.007510437011718750e+03,8.783160400390625000e+01,1.329322265625000000e+03,2.651513916015625000e+03,2.856712890625000000e+03,2.372712402343750000e+03,6.217743530273437500e+02,2.812154785156250000e+03,8.788387451171875000e+02,1.653078613281250000e+03,1.651822509765625000e+03,2.224448852539062500e+02,3.427783203125000000e+01,1.478029174804687500e+03,6.689917968750000000e+03,4.497651367187500000e+03,4.164867858886718750e+02,4.820129882812500000e+03,2.264426513671875000e+03,1.827944702148437500e+03,5.128023925781250000e+03,3.352568359375000000e+02,5.492136718750000000e+03,6.428483886718750000e+02,3.388831542968750000e+03,3.801904296875000000e+03,3.350321533203125000e+03,1.602508087158203125e+02,2.503638671875000000e+03,2.753846191406250000e+03,8.688408203125000000e+02,6.192114257812500000e+02,4.575155639648437500e+02
8.353009033203125000e+02,5.930140625000000000e+03,4.669606933593750000e+02,3.250487109375000000e+04,4.346073242187500000e+03,1.046535034179687500e+02,6.843350830078125000e+02,1.955481414794921875e+02,9.202960937500000000e+03,3.722681640625000000e+03,1.193362792968750000e+03,4.398620117187500000e+03,2.114772460937500000e+03,9.129470825195312500e+02,1.682176269531250000e+03,4.106456542968750000e+03,8.405412597656250000e+02,2.945467834472656250e+02,1.008618896484375000e+03,2.317309326171875000e+03,2.576863769531250000e+03,2.232568115234375000e+03,5.613038330078125000e+02,4.844781250000000000e+03,8.710358276367187500e+02,1.597339111328125000e+03,1.111732910156250000e+03,1.180140991210937500e+02,6.941184082031250000e+02,1.175575927734375000e+03,6.233014648437500000e+03,4.341334472656250000e+03,5.111641845703125000e+02,4.119546875000000000e+03,1.759875366210937500e+03,8.210630493164062500e+02,4.225139648437500000e+03,2.630439147949218750e+02,5.583606445312500000e+03,5.323664550781250000e+02,2.247688720703125000e+03,1.917068359375000000e+03,3.439474365234375000e+03,1.146626281738281250e+02,2.176865966796875000e+03,1.767452636718750000e+03,5.134608764648437500e+02,4.930495605468750000e+02,5.323171997070312500e+02
4.247073242187500000e+03,4.823108398437500000e+03,4.387799072265625000e+02,1.640711718750000000e+04,1.028132324218750000e+03,4.327447509765625000e+01,3.771024780273437500e+02,2.409898681640625000e+02,1.404750000000000000e+04,3.688307861328125000e+03,1.567749023437500000e+01,6.995020996093750000e+03,2.546019531250000000e+03,5.420605468750000000e+02,3.398135253906250000e+03,7.521140625000000000e+03,4.471534667968750000e+03,2.756408081054687500e+02,6.589660644531250000e+02,2.164665039062500000e+03,2.703249267578125000e+03,1.781502197265625000e+03,2.735786132812500000e+03,1.081692626953125000e+03,7.958242187500000000e+02,1.705939208984375000e+03,1.717794189453125000e+02,1.545168151855468750e+02,1.233656005859375000e+03,9.402456054687500000e+02,8.597277343750000000e+03,4.026290527343750000e+03,5.632803344726562500e+02,4.101871093750000000e+03,4.541259765625000000e+00,2.227561523437500000e+03,1.857690429687500000e+01,4.261305541992187500e+02,2.453949951171875000e+03,7.043068847656250000e+02,2.329711914062500000e+02,2.799498046875000000e+03,2.315202636718750000e+03,2.059945373535156250e+02,4.979344726562500000e+03,5.245954101562500000e+03,1.455609741210937500e+03,3.725030273437500000e+03,5.214763183593750000e+02
1.955601440429687500e+03,5.421370117187500000e+03,8.448243408203125000e+02,3.790050781250000000e+04,8.461538085937500000e+02,5.517600097656250000e+02,6.638134765625000000e+01,6.863903808593750000e+02,3.355541015625000000e+03,7.815577148437500000e+03,1.136471679687500000e+03,1.419358886718750000e+03,1.669595458984375000e+03,1.497823486328125000e+02,3.007057617187500000e+03,1.754310058593750000e+03,2.837691406250000000e+03,1.718006591796875000e+02,2.737522216796875000e+03,2.427505371093750000e+03,6.647479003906250000e+03,2.073391357421875000e+03,8.245524291992187500e+02,1.977762207031250000e+03,8.124710693359375000e+02,4.680524902343750000e+02,1.513879394531250000e+03,1.300086669921875000e+02,1.308936523437500000e+03,6.075885009765625000e+01,1.497920898437500000e+03,9.053688476562500000e+03,1.789631347656250000e+02,4.084082763671875000e+03,1.893811279296875000e+03,8.035054931640625000e+02,1.492686523437500000e+03,3.694360351562500000e+01,7.463056640625000000e+03,6.734903564453125000e+02,4.012477539062500000e+03,8.177343750000000000e+02,3.505868164062500000e+03,1.086104736328125000e+02,1.667216552734375000e+03,9.499072265625000000e+02,1.158987426757812500e+02,1.341234375000000000e+03,7.544519653320312500e+02
1.862011108398437500e+03,1.239299218750000000e+04,3.005744628906250000e+02,8.168016601562500000e+03,5.636264648437500000e+02,8.586328125000000000e+01,4.396566467285156250e+02,9.664379882812500000e+01,1.799509765625000000e+03,2.217309375000000000e+04,5.877630615234375000e+02,4.548105468750000000e+02,3.068175048828125000e+03,4.872122802734375000e+02,5.557625000000000000e+03,1.641296630859375000e+03,1.869572998046875000e+03,2.677032470703125000e+01,9.845338134765625000e+02,2.410866210937500000e+03,4.514807617187500000e+03,4.784991210937500000e+03,1.140267578125000000e+03,2.933287109375000000e+03,8.722005004882812500e+02,9.327033691406250000e+02,1.855049316406250000e+03,2.069607543945312500e+01,1.657080078125000000e+01,6.129174804687500000e+01,1.282626953125000000e+02,2.456884570312500000e+04,1.272543334960937500e+02,8.267998046875000000e+03,2.762812988281250000e+03,6.052766113281250000e+02,2.516371582031250000e+03,6.717727661132812500e+01,5.334263671875000000e+03,7.978354492187500000e+02,2.655629882812500000e+02,2.948901367187500000e+03,3.483556640625000000e+03,3.710316772460937500e+02,4.035571289062500000e+02,2.767305175781250000e+03,4.034488525390625000e+02,1.558207275390625000e+03,3.823068847656250000e+02
1.353611450195312500e+03,3.313073242187500000e+03,8.093981933593750000e+02,2.232937890625000000e+04,2.634826660156250000e+03,1.524482421875000000e+02,3.943316650390625000e+02,1.159661254882812500e+02,2.805685546875000000e+03,3.895882812500000000e+03,1.155917480468750000e+03,2.275249023437500000e+03,1.952456542968750000e+03,3.495316772460937500e+02,1.611984619140625000e+03,1.705857666015625000e+03,2.394040039062500000e+03,1.306341552734375000e+02,9.146154785156250000e+02,9.032430664062500000e+03,2.728983398437500000e+03,7.528257324218750000e+03,1.475097167968750000e+03,3.283133789062500000e+03,7.631113281250000000e+02,9.962553710937500000e+02,8.682907714843750000e+02,5.735961914062500000e+01,8.425256347656250000e+02,5.518688964843750000e+01,2.061572265625000000e+02,4.495466308593750000e+03,6.180487060546875000e+01,2.240097851562500000e+04,4.353293457031250000e+02,9.222637939453125000e+02,4.528565429687500000e+03,8.126605224609375000e+01,6.744405273437500000e+03,7.047724609375000000e+02,7.092424316406250000e+02,9.211121093750000000e+03,3.526587158203125000e+03,1.955968475341796875e+02,1.372292968750000000e+03,1.931463623046875000e+03,4.590847167968750000e+02,1.787224121093750000e+03,5.280322875976562500e+02
1.694102416992187500e+03,6.333919921875000000e+03,5.421669311523437500e+02,3.936491406250000000e+04,2.329233398437500000e+03,5.990987548828125000e+02,1.287476196289062500e+02,1.834544067382812500e+02,3.039515625000000000e+03,6.177302734375000000e+03,2.621728515625000000e+01,7.667866210937500000e+02,3.554860107421875000e+03,1.703203735351562500e+03,2.914976074218750000e+03,6.292448730468750000e+02,1.555904541015625000e+03,7.569833374023437500e+01,4.471342773437500000e+02,2.903344726562500000e+03,2.580524902343750000e+03,2.146695556640625000e+03,8.679396972656250000e+02,5.721129882812500000e+03,1.166439086914062500e+03,1.413650878906250000e+03,6.460939941406250000e+02,3.184042968750000000e+02,1.016975341796875000e+03,1.858521728515625000e+02,8.424804687500000000e+01,4.826655273437500000e+03,1.247001037597656250e+02,4.222788574218750000e+03,3.050209960937500000e+03,1.464985351562500000e+02,1.258597656250000000e+03,8.160888671875000000e+01,6.582121093750000000e+03,7.093801269531250000e+02,4.023173828125000000e+02,5.857601562500000000e+03,3.585945556640625000e+03,1.579077911376953125e+02,4.839013671875000000e+02,4.392191406250000000e+03,3.856445312500000000e+02,1.610167602539062500e+03,5.344313964843750000e+02
1.151589843750000000e+03,5.535814453125000000e+03,4.811943359375000000e+02,3.128513476562500000e+04,1.201310058593750000e+03,5.991513671875000000e+02,5.188052978515625000e+02,2.090576324462890625e+02,7.508309570312500000e+03,4.136611328125000000e+03,8.622574462890625000e+02,3.335500976562500000e+03,1.929760375976562500e+03,1.266096435546875000e+03,1.480926269531250000e+03,1.458426513671875000e+03,1.035204833984375000e+03,8.375012207031250000e+01,1.294790771484375000e+03,3.957118164062500000e+03,2.942876464843750000e+03,2.194041992187500000e+03,6.955998535156250000e+02,2.510955810546875000e+03,8.786173095703125000e+02,1.610447631835937500e+03,1.753611816406250000e+03,2.975334167480468750e+02,4.428098144531250000e+02,1.012271484375000000e+03,5.323866210937500000e+03,4.626552734375000000e+03,3.517698669433593750e+02,4.392554687500000000e+03,3.846712158203125000e+03,8.071179809570312500e+02,4.700074707031250000e+03,4.028511657714843750e+02,5.140094726562500000e+03,4.790957336425781250e+02,2.531587890625000000e+03,8.083496093750000000e+03,2.098136718750000000e+03,1.807079315185546875e+02,1.737746337890625000e+03,1.577015991210937500e+03,5.730722656250000000e+02,5.806052246093750000e+02,5.205381469726562500e+02
1.719710083007812500e+03,3.906689453125000000e+03,1.228751220703125000e+02,1.884134765625000000e+04,2.444374511718750000e+03,7.659207763671875000e+02,5.418842163085937500e+02,3.418354492187500000e+02,7.998658203125000000e+03,3.739020996093750000e+03,1.205350341796875000e+03,5.489102539062500000e+03,2.210449218750000000e+03,9.389497680664062500e+02,1.205070434570312500e+03,4.247823730468750000e+03,9.680598144531250000e+02,2.838069152832031250e+02,8.995593872070312500e+02,2.985458984375000000e+03,2.601045898437500000e+03,2.112669189453125000e+03,5.472003784179687500e+02,4.832035156250000000e+03,8.693596191406250000e+02,1.582335815429687500e+03,1.560722167968750000e+03,2.457750854492187500e+02,3.861059570312500000e+02,8.621588134765625000e+02,4.925295898437500000e+03,4.383974609375000000e+03,4.476293029785156250e+02,4.163585937500000000e+03,2.978756347656250000e+03,8.287176513671875000e+02,4.103320800781250000e+03,1.984965209960937500e+02,4.557074218750000000e+03,3.756931457519531250e+02,2.270475585937500000e+03,9.351613281250000000e+03,1.967494750976562500e+03,1.504443817138671875e+02,1.833850341796875000e+03,1.594145019531250000e+03,5.431951293945312500e+02,4.890692138671875000e+02,5.281365966796875000e+02
4.293670410156250000e+03,5.881411132812500000e+03,1.018085205078125000e+03,2.005888671875000000e+02,1.322737304687500000e+03,9.076995849609375000e+01,4.653824462890625000e+02,3.834524536132812500e+02,1.890554296875000000e+04,3.949817626953125000e+03,2.457481689453125000e+02,1.135411718750000000e+04,1.674173095703125000e+03,7.305528564453125000e+02,3.327391113281250000e+03,1.269283984375000000e+04,3.324126464843750000e+03,2.937854003906250000e+02,4.248565673828125000e+02,2.565729003906250000e+03,2.742470703125000000e+03,1.767247070312500000e+03,2.738694335937500000e+03,8.423959960937500000e+02,7.852446289062500000e+02,1.616095581054687500e+03,1.109688232421875000e+03,2.608690185546875000e+02,1.391525878906250000e+03,1.363005615234375000e+03,7.967869140625000000e+03,4.754424804687500000e+03,4.759101562500000000e+02,4.126334960937500000e+03,6.543007812500000000e+02,2.188565429687500000e+03,6.896923828125000000e+01,3.854708862304687500e+02,3.199539062500000000e+03,7.078781738281250000e+02,9.737719726562500000e+02,2.487947265625000000e+03,1.958369750976562500e+03,1.960445098876953125e+02,5.627592285156250000e+03,3.749627441406250000e+03,1.653683227539062500e+03,4.240596679687500000e+03,5.204111328125000000e+02
2.154703125000000000e+03,5.961922851562500000e+03,7.660185546875000000e+02,3.396336328125000000e+04,2.452976074218750000e+02,3.661338500976562500e+02,1.678688049316406250e+02,1.076051635742187500e+02,3.743796386718750000e+03,7.953733398437500000e+03,1.154403808593750000e+03,2.525020019531250000e+03,2.403748046875000000e+03,1.546241455078125000e+02,2.990458496093750000e+03,1.711994140625000000e+03,1.455056396484375000e+03,1.629566955566406250e+02,2.989442382812500000e+03,3.045878173828125000e+03,9.574558593750000000e+03,1.919547241210937500e+03,5.225439453125000000e+02,2.419119628906250000e+03,8.186618652343750000e+02,1.203004760742187500e+03,1.449577270507812500e+03,8.610045776367187500e+02,3.740229492187500000e+02,6.376208496093750000e+01,2.249729492187500000e+03,9.730787109375000000e+03,1.872509765625000000e+01,4.308524902343750000e+03,1.531455078125000000e+02,5.281322021484375000e+02,2.464398437500000000e+03,5.915524291992187500e+01,1.212616796875000000e+04,6.419176025390625000e+02,4.102625976562500000e+03,2.389365234375000000e+02,3.165966308593750000e+03,1.094136199951171875e+02,1.277772705078125000e+03,1.426199584960937500e+03,1.921350708007812500e+02,1.501587280273437500e+03,8.198494873046875000e+02
1.782674560546875000e+03,1.083336328125000000e+04,4.387592773437500000e+02,1.040146679687500000e+04,1.426524658203125000e+03,5.744431762695312500e+02,7.556460571289062500e+01,4.615465698242187500e+02,2.585430664062500000e+03,2.108854101562500000e+04,2.507124023437500000e+02,2.734311523437500000e+02,4.683730468750000000e+03,6.077978515625000000e+02,3.967037109375000000e+03,2.486282226562500000e+03,1.105853271484375000e+03,2.748260498046875000e+01,3.420898437500000000e+01,3.801411621093750000e+03,4.719353515625000000e+03,4.911160156250000000e+03,1.062049560546875000e+03,2.980084960937500000e+03,8.415656738281250000e+02,9.557872314453125000e+02,2.603478906250000000e+04,5.212243652343750000e+01,1.198345458984375000e+03,5.022363281250000000e+01,1.970750976562500000e+03,2.723451562500000000e+04,1.047646789550781250e+02,8.299447265625000000e+03,2.464401855468750000e+03,4.156927490234375000e+02,3.788396484375000000e+03,1.710952758789062500e+01,5.646142578125000000e+03,7.832392578125000000e+02,2.079787597656250000e+02,4.366638671875000000e+03,3.477092041015625000e+03,1.870945892333984375e+02,1.008208984375000000e+03,1.952363769531250000e+03,3.093590698242187500e+02,1.734474243164062500e+03,3.912142333984375000e+02
1.569688476562500000e+03,6.362269531250000000e+03,7.390380859375000000e+02,1.190409179687500000e+04,1.632019775390625000e+03,1.186827392578125000e+02,3.132908935546875000e+02,2.803298950195312500e+01,5.280260742187500000e+03,4.954036132812500000e+03,1.095588378906250000e+03,2.431613281250000000e+03,3.694438964843750000e+03,3.101274414062500000e+02,1.196059082031250000e+03,2.959540527343750000e+03,2.128259277343750000e+03,8.703662109375000000e+01,1.616160888671875000e+02,7.947851562500000000e+03,2.843888671875000000e+03,7.922287109375000000e+03,9.949425048828125000e+02,3.714935546875000000e+03,8.101920166015625000e+02,1.018386474609375000e+03,1.730847656250000000e+03,8.268737792968750000e+00,1.183430664062500000e+03,3.956694335937500000e+02,3.630757812500000000e+03,4.645998535156250000e+03,2.422727050781250000e+02,2.518419335937500000e+04,1.355219970703125000e+03,4.453865966796875000e+02,4.472895019531250000e+03,3.008276367187500000e+01,6.891572265625000000e+03,7.059748535156250000e+02,1.417836914062500000e+02,2.722112304687500000e+03,3.809855468750000000e+03,1.347275695800781250e+02,2.885009765625000000e+02,2.841732421875000000e+03,5.720913085937500000e+02,1.912573608398437500e+03,5.267125244140625000e+02
1.238127685546875000e+03,6.343309570312500000e+03,3.495194091796875000e+02,2.728663671875000000e+04,1.492318847656250000e+03,2.363758544921875000e+02,5.238323974609375000e+01,6.918045043945312500e+01,2.101529296875000000e+03,8.015675781250000000e+03,2.678940429687500000e+02,1.661591796875000000e+03,2.304177001953125000e+03,1.715564697265625000e+03,2.340747558593750000e+03,7.276096191406250000e+02,1.067500732421875000e+03,3.389990234375000000e+01,1.802216796875000000e+02,3.833680419921875000e+03,2.652276855468750000e+03,2.154256591796875000e+03,6.011831665039062500e+02,5.498475585937500000e+03,1.172426391601562500e+03,1.189707031250000000e+03,2.750832031250000000e+03,2.309808349609375000e+01,7.520798339843750000e+02,3.559608154296875000e+02,8.387064453125000000e+03,6.896038085937500000e+03,2.847475585937500000e+02,4.904580078125000000e+03,3.668054687500000000e+03,5.314509277343750000e+02,2.156550292968750000e+03,2.127221679687500000e+01,6.770845703125000000e+03,7.027258300781250000e+02,5.594155273437500000e+02,2.021986328125000000e+03,3.556899658203125000e+03,1.156145858764648438e+02,1.037106933593750000e+02,1.366124267578125000e+03,1.402807006835937500e+02,1.509917358398437500e+03,5.338197021484375000e+02
9.228004150390625000e+02,6.128938964843750000e+03,2.351934814453125000e+02,3.508701953125000000e+04,2.945137207031250000e+03,1.339164306640625000e+03,5.559202880859375000e+02,3.646219482421875000e+02,8.243456054687500000e+03,4.157700195312500000e+03,1.190041381835937500e+03,3.363852050781250000e+03,3.242779052734375000e+03,1.369073852539062500e+03,1.320720092773437500e+03,1.837570434570312500e+03,1.098773681640625000e+03,1.493972778320312500e+02,2.450816650390625000e+03,5.669307617187500000e+03,3.037007080078125000e+03,2.369571044921875000e+03,6.712939453125000000e+02,2.936230957031250000e+03,8.768416137695312500e+02,1.593104003906250000e+03,2.243255859375000000e+03,1.961883239746093750e+02,4.411645507812500000e+01,9.040136108398437500e+02,8.011074218750000000e+03,5.054382324218750000e+03,4.277731933593750000e+02,5.843880859375000000e+03,3.894188964843750000e+03,1.628640136718750000e+03,4.697215332031250000e+03,4.552740173339843750e+02,6.344153320312500000e+03,6.760905761718750000e+02,2.891099853515625000e+03,1.530903125000000000e+04,3.499059082031250000e+03,1.146381835937500000e+02,2.029351806640625000e+03,2.501044921875000000e+03,6.418634033203125000e+02,6.437717285156250000e+02,4.259307250976562500e+02
8.440554199218750000e+02,5.176860839843750000e+03,3.337430419921875000e+02,1.548241601562500000e+04,2.095518554687500000e+03,4.039268798828125000e+02,6.047444458007812500e+02,1.425470275878906250e+02,7.195061035156250000e+03,3.765575927734375000e+03,1.171928955078125000e+03,4.366137695312500000e+03,3.484981933593750000e+03,8.634188842773437500e+02,1.163376220703125000e+03,4.460985839843750000e+03,9.700195312500000000e+02,2.951068420410156250e+02,1.562047851562500000e+03,4.259369140625000000e+03,2.657876708984375000e+03,2.136982177734375000e+03,6.104415893554687500e+02,4.887861328125000000e+03,8.680819091796875000e+02,1.576304931640625000e+03,2.758348388671875000e+03,1.932892456054687500e+02,1.118910644531250000e+03,1.006935058593750000e+03,8.690054687500000000e+03,4.508346679687500000e+03,5.710728759765625000e+02,4.328830078125000000e+03,1.047459106445312500e+03,1.345427368164062500e+03,4.359790039062500000e+03,3.000184631347656250e+02,5.493688476562500000e+03,5.012406311035156250e+02,2.450058105468750000e+03,8.024503906250000000e+03,1.837711425781250000e+03,1.145590667724609375e+02,2.266961181640625000e+03,2.071856689453125000e+03,5.727387695312500000e+02,5.033426513671875000e+02,5.281296386718750000e+02
1.166904296875000000e+03,5.696949218750000000e+03,3.207194824218750000e+02,8.425683593750000000e+03,2.460209960937500000e+02,2.497774658203125000e+02,3.898858947753906250e+02,4.652613067626953125e+01,1.599788574218750000e+04,3.946474609375000000e+03,2.218966064453125000e+02,6.136830566406250000e+03,1.247332275390625000e+03,8.829150390625000000e+01,3.265760742187500000e+03,1.257108007812500000e+04,2.782073242187500000e+03,3.319387512207031250e+02,9.000324707031250000e+02,2.867287841796875000e+03,2.792558105468750000e+03,1.918753540039062500e+03,1.967227294921875000e+03,1.629225585937500000e+03,8.146262817382812500e+02,1.631312988281250000e+03,2.745925537109375000e+03,3.645621948242187500e+02,1.607449218750000000e+03,1.177353759765625000e+03,7.415418945312500000e+03,5.246565429687500000e+03,6.088898925781250000e+02,4.180829101562500000e+03,1.890405517578125000e+03,4.059643554687500000e+02,1.403874511718750000e+03,4.106178894042968750e+02,5.822882812500000000e+03,6.957781982421875000e+02,8.229086914062500000e+02,2.081209375000000000e+04,1.665615234375000000e+03,1.154930343627929688e+02,5.162775390625000000e+03,6.674041015625000000e+03,1.613074218750000000e+03,3.995833984375000000e+03,5.148155517578125000e+02
6.825256347656250000e+02,5.721065429687500000e+03,6.244895629882812500e+02,3.031083007812500000e+04,7.155761718750000000e-01,4.904611816406250000e+02,2.083125610351562500e+02,1.230524139404296875e+02,7.699481933593750000e+03,7.786350585937500000e+03,1.083520751953125000e+03,2.661800537109375000e+03,3.584751464843750000e+03,1.161175170898437500e+03,2.911750000000000000e+03,2.572706054687500000e+03,1.140709472656250000e+03,1.666023254394531250e+02,2.837417480468750000e+03,4.222388183593750000e+03,9.805121093750000000e+03,1.999659423828125000e+03,7.967177124023437500e+02,2.821355468750000000e+03,8.248370361328125000e+02,1.315515869140625000e+03,2.641111328125000000e+03,8.250704956054687500e+01,2.325805664062500000e+02,3.281428833007812500e+02,4.961815429687500000e+03,1.013856152343750000e+04,5.902529296875000000e+02,5.821726562500000000e+03,8.310479125976562500e+02,2.032182617187500000e+02,5.435296386718750000e+03,6.333206176757812500e+01,6.851262695312500000e+03,6.514331054687500000e+02,2.273207275390625000e+03,6.668233398437500000e+03,3.254966064453125000e+03,1.061479034423828125e+02,1.548240112304687500e+03,1.094014038085937500e+03,5.446612548828125000e+01,1.304867309570312500e+03,7.680598144531250000e+02
9.244021606445312500e+02,9.043684570312500000e+03,3.179871826171875000e+02,8.264017578125000000e+03,1.339402832031250000e+03,3.030772705078125000e+02,1.917482910156250000e+02,3.339082336425781250e+02,1.118456347656250000e+04,2.234674414062500000e+04,5.723950195312500000e+01,2.175693847656250000e+03,2.174760253906250000e+03,3.063352539062500000e+03,4.736950683593750000e+03,3.430897949218750000e+03,9.363496093750000000e+02,3.552606201171875000e+01,6.667907714843750000e+01,4.035199218750000000e+03,4.873993652343750000e+03,4.850314941406250000e+03,9.102350463867187500e+02,4.350827148437500000e+03,8.170560302734375000e+02,8.882849121093750000e+02,1.199230712890625000e+03,9.043395996093750000e+00,8.753935546875000000e+02,2.280317382812500000e+02,6.233721679687500000e+03,2.757400000000000000e+04,3.033079833984375000e+02,8.329378906250000000e+03,1.898075195312500000e+03,9.457885742187500000e+02,1.049409960937500000e+04,2.198861694335937500e+01,3.764570800781250000e+03,8.612285156250000000e+02,5.330571777343750000e+03,2.509634765625000000e+03,2.617868896484375000e+03,3.769902038574218750e+02,1.068050048828125000e+03,1.958292846679687500e+03,1.606606445312500000e+02,1.695596191406250000e+03,3.957330322265625000e+02
1.123798925781250000e+04,4.909026367187500000e+03,7.402386474609375000e+02,1.125998437500000000e+04,4.378002929687500000e+02,6.496813964843750000e+01,1.288020629882812500e+02,4.758312225341796875e+01,2.685637695312500000e+03,3.772360595703125000e+03,1.056957519531250000e+03,9.808642578125000000e+02,3.770680664062500000e+03,3.190095214843750000e+02,1.062354858398437500e+03,3.626383789062500000e+03,1.097503417968750000e+03,5.124560546875000000e+01,4.536894531250000000e+02,7.364791503906250000e+03,2.889017333984375000e+03,8.508865234375000000e+03,9.443724365234375000e+02,3.711169921875000000e+03,8.371535644531250000e+02,3.503892211914062500e+02,6.287717285156250000e+02,1.206232910156250000e+02,1.009785156250000000e+02,1.972877807617187500e+02,1.635126953125000000e+03,4.215009277343750000e+03,4.448498535156250000e+01,2.299435156250000000e+04,2.725528320312500000e+03,1.689694824218750000e+02,4.693605468750000000e+03,1.266348876953125000e+02,1.071113867187500000e+04,2.828282470703125000e+02,9.497368164062500000e+02,3.346136230468750000e+03,3.426195068359375000e+03,1.249974670410156250e+02,8.342573242187500000e+02,2.024972656250000000e+03,2.694923095703125000e+02,1.482413330078125000e+03,5.272795410156250000e+02
1.886504882812500000e+03,6.331150390625000000e+03,3.912552490234375000e+02,2.261432812500000000e+04,9.755805664062500000e+02,1.619697875976562500e+02,1.439657897949218750e+02,1.254201736450195312e+02,1.449458984375000000e+03,6.607725585937500000e+03,2.419379882812500000e+02,2.386657714843750000e+03,2.823581054687500000e+03,1.024688842773437500e+03,1.299218872070312500e+03,1.388212402343750000e+03,5.796423339843750000e+02,1.498913269042968750e+02,3.415454101562500000e+01,3.773668945312500000e+03,2.824516845703125000e+03,2.171381347656250000e+03,3.635336914062500000e+02,4.225066406250000000e+03,1.055758544921875000e+03,7.191915283203125000e+02,2.102969238281250000e+03,2.465310668945312500e+01,8.482949218750000000e+02,2.867974243164062500e+02,4.074289062500000000e+03,5.181909667968750000e+03,2.034998779296875000e+02,4.666997558593750000e+03,9.534907226562500000e+02,2.310932617187500000e+02,1.226826660156250000e+03,5.331997680664062500e+01,5.694968750000000000e+03,7.045800781250000000e+02,4.306018066406250000e+02,3.988497070312500000e+03,3.480514648437500000e+03,1.398097686767578125e+02,3.868625488281250000e+02,2.675494873046875000e+03,2.091453247070312500e+02,1.489678955078125000e+03,5.338140869140625000e+02
1.833976074218750000e+03,5.533730468750000000e+03,7.450146484375000000e+01,3.535743359375000000e+04,2.721591064453125000e+03,1.001729980468750000e+03,4.385588989257812500e+02,3.066598510742187500e+02,7.800232910156250000e+03,3.900472167968750000e+03,1.164459594726562500e+03,2.648462402343750000e+03,3.230913574218750000e+03,1.109311767578125000e+03,1.162710693359375000e+03,1.777617553710937500e+03,1.154773437500000000e+03,1.697463073730468750e+02,2.223016845703125000e+03,5.494446289062500000e+03,3.181325683593750000e+03,2.194227050781250000e+03,7.599125976562500000e+02,2.663727050781250000e+03,8.775477294921875000e+02,1.557257568359375000e+03,1.184624877929687500e+03,2.626553955078125000e+02,3.560920410156250000e+02,6.906023559570312500e+02,9.845643554687500000e+03,4.557197753906250000e+03,3.728891601562500000e+02,4.974956054687500000e+03,2.502324218750000000e+03,1.093827392578125000e+03,4.916886718750000000e+03,4.203462829589843750e+02,5.110283691406250000e+03,2.856385192871093750e+02,2.521925292968750000e+03,7.956785156250000000e+03,1.998513427734375000e+03,1.752332305908203125e+02,1.919512695312500000e+03,1.647597778320312500e+03,6.683686523437500000e+02,7.082735595703125000e+02,4.350794067382812500e+02
1.271138427734375000e+03,4.510731445312500000e+03,2.768867187500000000e+02,1.525077734375000000e+04,2.140847412109375000e+03,6.665145874023437500e+02,3.952113037109375000e+02,1.716382293701171875e+02,7.316511230468750000e+03,3.780183837890625000e+03,1.169555908203125000e+03,2.369805419921875000e+03,4.000652832031250000e+03,8.428689575195312500e+02,1.136677612304687500e+03,4.457364257812500000e+03,8.578148803710937500e+02,3.436765441894531250e+02,1.339017822265625000e+03,3.945830078125000000e+03,2.728966796875000000e+03,2.092967285156250000e+03,6.397625732421875000e+02,4.877253417968750000e+03,8.687207031250000000e+02,1.439766845703125000e+03,2.361916748046875000e+03,2.151684875488281250e+02,7.203630371093750000e+02,5.935732421875000000e+02,8.485938476562500000e+03,4.393518066406250000e+03,4.212355651855468750e+02,4.518446289062500000e+03,1.517094116210937500e+03,9.267778320312500000e+02,4.753334472656250000e+03,2.251479797363281250e+02,3.709188964843750000e+03,3.720489501953125000e+02,2.125638427734375000e+03,8.026687500000000000e+03,1.923823608398437500e+03,1.195796813964843750e+02,1.851740722656250000e+03,1.880789550781250000e+03,6.010352783203125000e+02,5.026359863281250000e+02,5.295533447265625000e+02
1.618211547851562500e+03,4.885022460937500000e+03,2.420306396484375000e+02,1.855493359375000000e+04,4.457626953125000000e+02,1.128339721679687500e+03,3.338070678710937500e+02,2.169470977783203125e+02,1.359159082031250000e+04,3.643210693359375000e+03,3.112790527343750000e+02,7.412504882812500000e+03,1.695824218750000000e+03,1.248886230468750000e+03,8.949747314453125000e+02,1.218431347656250000e+04,2.119379882812500000e+03,2.986160278320312500e+02,1.304288330078125000e+03,2.638539306640625000e+03,2.796504394531250000e+03,1.833320190429687500e+03,1.904020141601562500e+03,1.903638671875000000e+03,8.132308349609375000e+02,6.975509643554687500e+02,3.423936767578125000e+02,1.963496398925781250e+02,1.808725341796875000e+03,1.073554931640625000e+03,2.203808593750000000e+02,4.245160156250000000e+03,3.105079345703125000e+02,4.153506835937500000e+03,3.316576416015625000e+03,1.219583374023437500e+03,3.802636718750000000e+02,2.882312011718750000e+02,3.176916015625000000e+03,3.288378906250000000e+02,6.081892089843750000e+02,1.655982031250000000e+04,1.992753662109375000e+03,2.390448150634765625e+02,5.148135253906250000e+03,2.094187011718750000e+02,1.474846801757812500e+03,3.682098632812500000e+03,5.157376098632812500e+02
1.856147338867187500e+03,5.725208984375000000e+03,4.113223876953125000e+02,2.123915234375000000e+04,8.722362060546875000e+02,6.518536987304687500e+02,1.872410278320312500e+02,3.356578369140625000e+02,1.061347656250000000e+03,8.029483398437500000e+03,1.113474853515625000e+03,2.089038818359375000e+03,2.749441650390625000e+03,5.961158447265625000e+02,1.979777832031250000e+03,1.966199707031250000e+03,1.699424316406250000e+03,1.665559692382812500e+02,2.490774902343750000e+03,3.096458984375000000e+03,5.595616210937500000e+03,2.022623901367187500e+03,2.717642822265625000e+02,3.048373046875000000e+03,8.241619262695312500e+02,3.264097900390625000e+02,1.301296142578125000e+03,1.733767089843750000e+02,3.503930664062500000e+02,1.974855651855468750e+02,6.724759765625000000e+03,8.573826171875000000e+03,2.982550048828125000e+01,4.715207519531250000e+03,1.995379394531250000e+03,6.092511596679687500e+02,1.134233398437500000e+03,2.288636779785156250e+02,9.467344726562500000e+03,5.004382629394531250e+02,2.971259033203125000e+03,2.745107421875000000e+02,2.208302734375000000e+03,1.175891418457031250e+02,1.418995727539062500e+03,8.901022949218750000e+02,1.289838867187500000e+02,1.176970825195312500e+03,6.185867919921875000e+02
3.034339599609375000e+03,7.242285156250000000e+03,2.380934448242187500e+02,8.695315429687500000e+03,5.039152832031250000e+02,3.152654418945312500e+02,2.654054565429687500e+02,7.626464843750000000e+00,1.331262695312500000e+03,1.981480468750000000e+04,1.607460937500000000e+02,1.140756591796875000e+03,3.700026123046875000e+03,4.616931152343750000e+02,4.865321777343750000e+03,4.639013671875000000e+03,5.534622802734375000e+02,1.608831787109375000e+01,1.974989013671875000e+02,3.762013183593750000e+03,5.100169433593750000e+03,5.039617675781250000e+03,1.305197875976562500e+03,4.195484863281250000e+03,8.451432495117187500e+02,1.554298706054687500e+02,4.639298095703125000e+02,4.262228393554687500e+01,3.919316406250000000e+02,2.413171386718750000e+02,2.490825195312500000e+03,2.617392773437500000e+04,1.402348632812500000e+02,8.306609375000000000e+03,6.754274902343750000e+02,3.266459960937500000e+02,2.274579589843750000e+03,2.397370605468750000e+02,5.180126953125000000e+03,9.945537109375000000e+02,2.444362792968750000e+02,2.763593750000000000e+03,1.893480346679687500e+03,3.695777893066406250e+02,1.533087280273437500e+03,4.522941406250000000e+03,2.164213867187500000e+02,1.123804077148437500e+03,3.473822631835937500e+02
1.145310156250000000e+04,4.361222167968750000e+03,4.086005859375000000e+02,9.705979492187500000e+03,1.098692626953125000e+03,2.505771484375000000e+02,1.245834960937500000e+02,3.953192138671875000e+01,1.610214843750000000e+03,3.715276611328125000e+03,1.069715209960937500e+03,3.578337158203125000e+03,3.365679687500000000e+03,3.260791015625000000e+02,1.048311523437500000e+03,2.016969482421875000e+03,1.097792968750000000e+03,7.115405273437500000e+01,5.241789550781250000e+02,6.961438476562500000e+03,2.677064453125000000e+03,8.117047851562500000e+03,8.267072753906250000e+02,3.524466308593750000e+03,8.440006103515625000e+02,8.238654785156250000e+02,8.304176025390625000e+02,2.578396606445312500e+01,3.019008789062500000e+02,2.017158203125000000e+02,5.380011718750000000e+03,4.396876464843750000e+03,2.065377197265625000e+02,2.158255859375000000e+04,2.896380859375000000e+03,3.648930053710937500e+02,4.216542968750000000e+03,5.458927612304687500e+02,6.436076171875000000e+03,3.620974426269531250e+02,1.109595947265625000e+03,3.542059570312500000e+03,2.432895751953125000e+03,1.469000701904296875e+02,1.395991943359375000e+03,1.162420166015625000e+03,3.693032226562500000e+02,1.565031982421875000e+03,5.259707031250000000e+02
1.915723510742187500e+03,6.327813476562500000e+03,4.209945678710937500e+02,2.100872265625000000e+04,9.926931152343750000e+02,2.871268920898437500e+02,1.833123779296875000e+01,5.642111206054687500e+01,3.268481445312500000e+02,3.853943359375000000e+03,4.509549560546875000e+02,1.465160156250000000e+03,2.054591552734375000e+03,7.986637573242187500e+02,8.952875366210937500e+02,2.246943115234375000e+03,6.980614013671875000e+02,5.509747314453125000e+01,5.946625976562500000e+02,3.369452636718750000e+03,2.687981689453125000e+03,2.146030273437500000e+03,6.733970947265625000e+02,4.369490234375000000e+03,8.563806152343750000e+02,2.708984375000000000e+01,8.134943847656250000e+02,3.286636352539062500e+01,1.272597656250000000e+02,1.064166259765625000e+02,3.565196289062500000e+03,4.447332031250000000e+03,1.982115478515625000e+02,4.294196289062500000e+03,6.355855712890625000e+02,3.775579833984375000e+01,7.070756835937500000e+02,3.208888854980468750e+02,5.524570800781250000e+03,3.640892944335937500e+02,8.413120117187500000e+02,5.816995605468750000e+03,2.888999023437500000e+03,1.192683105468750000e+02,1.009140380859375000e+03,3.135611816406250000e+03,2.827132568359375000e+02,1.163845336914062500e+03,5.329545898437500000e+02
1.897529785156250000e+03,4.631625976562500000e+03,4.768518066406250000e+01,2.597240039062500000e+04,2.583246093750000000e+03,5.056245117187500000e+02,4.207062988281250000e+02,1.828254241943359375e+02,7.012214843750000000e+03,3.782686035156250000e+03,1.178001464843750000e+03,2.376489501953125000e+03,3.280368896484375000e+03,9.407708740234375000e+02,1.125750244140625000e+03,1.819577392578125000e+03,1.063822021484375000e+03,1.226038818359375000e+02,2.075225341796875000e+03,4.494236328125000000e+03,2.987398193359375000e+03,2.255287109375000000e+03,7.927553100585937500e+02,2.715566162109375000e+03,8.772235107421875000e+02,8.734527587890625000e+02,1.296732177734375000e+03,2.088364257812500000e+02,3.378607177734375000e+03,6.568056030273437500e+02,7.574614257812500000e+03,4.489898437500000000e+03,5.829490356445312500e+02,4.559649414062500000e+03,8.477095947265625000e+02,6.622003173828125000e+02,4.509374511718750000e+03,4.163754272460937500e+02,5.533511718750000000e+03,4.372788391113281250e+02,2.418438964843750000e+03,7.984192871093750000e+03,2.145805908203125000e+03,1.290863494873046875e+02,1.558820312500000000e+03,1.094249877929687500e+03,6.301489257812500000e+02,6.891395263671875000e+02,3.758872070312500000e+02
1.906627197265625000e+03,4.084074951171875000e+03,4.868694458007812500e+02,1.396003710937500000e+04,2.140394042968750000e+03,5.182641601562500000e+02,4.163543395996093750e+02,1.968313293457031250e+02,7.098819335937500000e+03,3.787388671875000000e+03,1.179343505859375000e+03,2.297912597656250000e+03,3.869425048828125000e+03,1.392473632812500000e+03,1.057039184570312500e+03,4.538236816406250000e+03,8.000402832031250000e+02,2.911358032226562500e+02,1.109458740234375000e+03,3.313415771484375000e+03,2.611602539062500000e+03,2.143798583984375000e+03,7.617620849609375000e+02,4.841890625000000000e+03,8.690399169921875000e+02,6.301849365234375000e+02,1.504224731445312500e+03,1.933360290527343750e+02,2.259673095703125000e+03,6.755821533203125000e+02,7.218005859375000000e+03,4.423076660156250000e+03,4.715539550781250000e+02,4.206306152343750000e+03,8.633748779296875000e+02,7.655064697265625000e+02,4.478198242187500000e+03,2.737836608886718750e+02,5.838303222656250000e+03,3.532377319335937500e+02,2.613338867187500000e+03,7.354866699218750000e+03,2.068644531250000000e+03,1.155358352661132812e+02,1.463763916015625000e+03,1.099671020507812500e+03,5.487271728515625000e+02,5.319727783203125000e+02,5.243059082031250000e+02
1.898110961914062500e+03,4.695089843750000000e+03,4.105162353515625000e+02,6.156207031250000000e+03,3.883393554687500000e+02,8.061976928710937500e+02,4.169049072265625000e+02,1.459618682861328125e+02,9.343705078125000000e+03,3.677262451171875000e+03,4.556433105468750000e+02,6.378455078125000000e+03,1.013382568359375000e+03,8.337872314453125000e+02,8.653485107421875000e+02,1.298006347656250000e+04,2.322155517578125000e+03,2.643402099609375000e+02,2.173332519531250000e+02,2.503746093750000000e+03,2.678053466796875000e+03,1.964283203125000000e+03,1.727668457031250000e+03,2.153062744140625000e+03,8.174407958984375000e+02,1.028651489257812500e+03,4.821346435546875000e+02,2.482146911621093750e+02,1.648708496093750000e+03,7.804317626953125000e+02,1.603803710937500000e+02,4.300561035156250000e+03,5.660454101562500000e+02,4.141769042968750000e+03,1.223594238281250000e+03,1.225775390625000000e+03,1.629069824218750000e+02,2.120219421386718750e+02,5.352465820312500000e+03,6.143856201171875000e+02,2.834394531250000000e+02,1.401708007812500000e+04,1.737198608398437500e+03,1.123955459594726562e+02,4.455190429687500000e+03,2.834752441406250000e+03,1.313367431640625000e+03,3.329092529296875000e+03,5.093017578125000000e+02
1.860633422851562500e+03,5.699267089843750000e+03,4.131071166992187500e+02,1.810711718750000000e+04,3.168013916015625000e+02,1.338201904296875000e+02,2.399825134277343750e+02,1.120674896240234375e+02,6.153808593750000000e+01,7.692074707031250000e+03,1.102965698242187500e+03,1.936551269531250000e+03,4.099702148437500000e+03,1.653283691406250000e+02,2.713204101562500000e+03,2.108921875000000000e+03,1.162109375000000000e+03,1.899447631835937500e+02,1.887855468750000000e+03,3.046690673828125000e+03,1.268415332031250000e+04,2.058492919921875000e+03,7.399345092773437500e+02,9.736000976562500000e+02,8.393093261718750000e+02,7.767153930664062500e+02,3.695933837890625000e+02,7.630047607421875000e+01,1.204074707031250000e+02,1.695562744140625000e+02,5.414907714843750000e+03,1.021053710937500000e+04,1.271783447265625000e+01,4.254539550781250000e+03,9.558003540039062500e+02,4.988150634765625000e+02,1.987662109375000000e+03,2.575433349609375000e+02,6.871429687500000000e+03,3.886828918457031250e+02,3.864215576171875000e+03,6.063823242187500000e+02,1.847000488281250000e+03,1.024713134765625000e+02,1.342318237304687500e+03,8.599307861328125000e+02,2.665319824218750000e+01,1.037999389648437500e+03,4.978850708007812500e+02
3.985857421875000000e+03,6.464124023437500000e+03,7.804321289062500000e+00,7.358468750000000000e+03,1.224327392578125000e+03,2.449690551757812500e+02,3.108955078125000000e+02,7.964904785156250000e+00,8.111347656250000000e+02,2.111894726562500000e+04,2.900375976562500000e+02,1.493598632812500000e+02,1.787290283203125000e+03,3.071682128906250000e+02,3.961624511718750000e+03,3.538416748046875000e+03,8.255847167968750000e+02,9.869384765625000000e-02,8.763793945312500000e+01,3.134387695312500000e+03,5.256148437500000000e+03,4.869232421875000000e+03,6.517049560546875000e+02,2.453180175781250000e+03,8.467652587890625000e+02,9.242229003906250000e+02,1.112415771484375000e+02,1.743026428222656250e+02,5.414279785156250000e+02,2.752474060058593750e+02,1.567892578125000000e+03,2.232298437500000000e+04,1.115743408203125000e+02,8.302167968750000000e+03,9.153827514648437500e+02,3.800445556640625000e+02,2.919971923828125000e+03,3.385614013671875000e+02,5.654301757812500000e+03,7.782609863281250000e+02,7.599050292968750000e+02,1.102580078125000000e+03,3.115910156250000000e+03,3.377733764648437500e+02,1.209045898437500000e+03,1.617864013671875000e+03,2.571906127929687500e+02,8.907344970703125000e+02,3.677050170898437500e+02
1.218678515625000000e+04,3.868624023437500000e+03,4.670804443359375000e+02,9.976952148437500000e+03,1.348348632812500000e+03,9.422064208984375000e+01,1.893841552734375000e+02,1.863417053222656250e+01,1.181006347656250000e+03,3.737677734375000000e+03,9.882706298828125000e+02,3.059697998046875000e+03,4.016799560546875000e+03,5.306611938476562500e+02,1.024084472656250000e+03,2.921684570312500000e+03,9.830086669921875000e+02,1.348339843750000000e+01,4.754241943359375000e+02,6.305333007812500000e+03,2.793254394531250000e+03,7.937377929687500000e+03,8.887589111328125000e+02,2.984595703125000000e+03,8.396503906250000000e+02,5.921054077148437500e+02,6.087888183593750000e+02,1.017489624023437500e+01,3.406625976562500000e+02,1.600592041015625000e+01,3.185203125000000000e+03,4.452421386718750000e+03,3.116453247070312500e+02,1.962341406250000000e+04,5.155023925781250000e+03,2.828882446289062500e+02,4.065510498046875000e+03,1.282926269531250000e+03,6.892984375000000000e+03,3.005722045898437500e+02,6.496523437500000000e+02,2.236022460937500000e+03,1.505007812500000000e+03,1.090659484863281250e+02,1.435503173828125000e+03,1.014344726562500000e+03,2.965309448242187500e+02,1.050478271484375000e+03,5.242645874023437500e+02
1.928084472656250000e+03,6.296728515625000000e+03,2.152872924804687500e+02,1.717608789062500000e+04,1.114779785156250000e+03,6.879205932617187500e+02,4.689392089843750000e+00,1.040417938232421875e+02,7.892128906250000000e+02,3.933479492187500000e+03,5.501147460937500000e+02,2.589843505859375000e+03,3.097948974609375000e+03,1.812717041015625000e+03,1.119764770507812500e+03,1.512941650390625000e+03,9.286496582031250000e+02,2.557952880859375000e+01,8.008325195312500000e+01,3.041194335937500000e+03,2.813709472656250000e+03,2.150285156250000000e+03,6.925441894531250000e+02,3.290115234375000000e+03,8.478051757812500000e+02,1.199671630859375000e+02,7.737672119140625000e+02,2.947894287109375000e+01,1.441743164062500000e+02,3.589318847656250000e+01,4.450070312500000000e+03,4.690500488281250000e+03,1.812548828125000000e+01,4.210729980468750000e+03,1.600302978515625000e+03,7.781921386718750000e+01,4.165183593750000000e+03,5.318673706054687500e+02,5.888686523437500000e+03,7.030999755859375000e+02,2.247485351562500000e+02,1.202165039062500000e+03,3.028107421875000000e+03,1.101347656250000000e+02,5.766657714843750000e+02,2.810468505859375000e+03,1.920980834960937500e+02,1.184683593750000000e+03,5.319608154296875000e+02
1.904147338867187500e+03,4.078516601562500000e+03,5.816815185546875000e+01,1.773765039062500000e+04,2.211632812500000000e+03,4.989370117187500000e+02,4.116867370605468750e+02,2.776179809570312500e+02,7.222304687500000000e+03,3.786397460937500000e+03,1.149807373046875000e+03,1.754446044921875000e+03,3.060636230468750000e+03,1.227434082031250000e+03,1.144084838867187500e+03,2.180180175781250000e+03,9.832874755859375000e+02,9.117388916015625000e+01,1.526454589843750000e+03,3.938443847656250000e+03,3.058162109375000000e+03,2.168143554687500000e+03,7.938112182617187500e+02,3.147390136718750000e+03,8.605587158203125000e+02,1.118908447265625000e+03,1.112480224609375000e+03,1.870537109375000000e+02,4.813137207031250000e+02,6.006843261718750000e+02,5.039269042968750000e+03,4.510951660156250000e+03,2.970767822265625000e+02,4.328803222656250000e+03,3.108440429687500000e+03,5.905405883789062500e+02,4.387759765625000000e+03,5.090834655761718750e+02,4.182553222656250000e+03,3.074550170898437500e+02,2.584972412109375000e+03,7.844159179687500000e+03,2.017382324218750000e+03,1.136710281372070312e+02,1.422318969726562500e+03,9.133079833984375000e+02,5.934095458984375000e+02,7.252003173828125000e+02,3.836912231445312500e+02
1.929299926757812500e+03,3.450839843750000000e+03,8.786383056640625000e+02,1.355305371093750000e+04,2.149258300781250000e+03,4.114509277343750000e+02,4.574483032226562500e+02,1.052351531982421875e+02,7.396166015625000000e+03,3.720780273437500000e+03,1.149122070312500000e+03,1.917029052734375000e+03,3.628894775390625000e+03,8.116174316406250000e+02,1.098374633789062500e+03,3.849159179687500000e+03,7.401802978515625000e+02,2.610624084472656250e+02,8.950703125000000000e+02,2.903749511718750000e+03,2.651549316406250000e+03,2.089762695312500000e+03,7.863786621093750000e+02,4.802909179687500000e+03,8.665058593750000000e+02,1.111757812500000000e+03,1.042945312500000000e+03,1.854318542480468750e+02,7.898365478515625000e+02,5.698796997070312500e+02,4.913530761718750000e+03,4.458036132812500000e+03,3.691209716796875000e+02,4.135012695312500000e+03,1.180462402343750000e+03,6.319862670898437500e+02,4.111582031250000000e+03,3.990982666015625000e+02,5.170954101562500000e+03,2.860583801269531250e+02,2.417014404296875000e+03,7.703687500000000000e+03,1.713457885742187500e+03,1.059915313720703125e+02,1.422470214843750000e+03,1.024659057617187500e+03,5.307507934570312500e+02,5.853441162109375000e+02,5.236101074218750000e+02
4.306273925781250000e+03,3.463770751953125000e+03,1.569791259765625000e+02,4.014919921875000000e+03,6.468488769531250000e+02,2.137385253906250000e+02,2.448438720703125000e+02,2.254688568115234375e+02,8.776724609375000000e+03,3.586360107421875000e+03,4.827553710937500000e+02,2.894189941406250000e+03,7.907819824218750000e+02,6.439979248046875000e+02,9.225473022460937500e+02,9.709875000000000000e+03,2.026420776367187500e+03,2.590090332031250000e+02,4.611944580078125000e+02,2.421516357421875000e+03,2.777823730468750000e+03,1.935906250000000000e+03,7.835460815429687500e+02,2.624040527343750000e+03,8.227755126953125000e+02,6.997970581054687500e+02,3.395686035156250000e+02,2.778241882324218750e+02,2.078829101562500000e+03,5.946787109375000000e+02,3.268292480468750000e+03,4.336881347656250000e+03,4.167811584472656250e+02,4.118927734375000000e+03,1.428612060546875000e+03,1.022599487304687500e+03,1.341252929687500000e+03,2.289032897949218750e+02,3.799774414062500000e+03,3.432114562988281250e+02,2.392643554687500000e+03,1.215239843750000000e+04,1.591704345703125000e+03,1.071894378662109375e+02,4.598259765625000000e+03,1.758999023437500000e+03,1.291757446289062500e+03,3.761588867187500000e+03,5.048651733398437500e+02
1.635548217773437500e+03,5.546913085937500000e+03,3.839964599609375000e+02,1.746083789062500000e+04,1.101975463867187500e+03,6.706018066406250000e+01,3.381102294921875000e+02,3.496471557617187500e+02,1.375566406250000000e+02,7.739115234375000000e+03,1.070754394531250000e+03,3.727215820312500000e+03,2.567539550781250000e+03,1.719855957031250000e+02,2.952210937500000000e+03,1.916065307617187500e+03,1.613342407226562500e+03,2.409294433593750000e+02,2.228846191406250000e+03,2.801480468750000000e+03,8.648801757812500000e+03,2.062103027343750000e+03,3.226276855468750000e+03,3.007340820312500000e+03,7.598515625000000000e+02,6.737955322265625000e+02,1.522916870117187500e+02,1.074175415039062500e+02,2.616103515625000000e+02,3.008424987792968750e+02,2.897848144531250000e+03,1.010066894531250000e+04,2.751306152343750000e+01,4.055050048828125000e+03,2.786535644531250000e+02,3.179381713867187500e+02,4.458375976562500000e+03,4.318094482421875000e+02,3.786405273437500000e+03,4.107592163085937500e+02,2.566296630859375000e+03,1.106083984375000000e+03,1.386163574218750000e+03,1.053369140625000000e+02,1.393991333007812500e+03,8.360689697265625000e+02,1.095124511718750000e+02,9.411655273437500000e+02,2.032884521484375000e+02
1.345199707031250000e+03,4.611763671875000000e+03,3.466364746093750000e+02,5.554029296875000000e+03,6.094367675781250000e+02,6.329291992187500000e+02,1.811751708984375000e+02,1.541748046875000000e+00,4.727148437500000000e+02,1.892226171875000000e+04,3.419803466796875000e+02,2.670429199218750000e+03,3.147605957031250000e+03,2.919649658203125000e+02,3.675928222656250000e+03,2.185743164062500000e+03,1.537365356445312500e+03,1.790338134765625000e+01,5.870275878906250000e+01,2.602068115234375000e+03,5.436387207031250000e+03,4.872282714843750000e+03,7.560646972656250000e+02,3.423766601562500000e+03,7.920045166015625000e+02,2.599095458984375000e+02,1.756286621093750000e+02,3.554687500000000000e-01,4.909841308593750000e+02,1.490801391601562500e+02,2.941743164062500000e+03,1.948582617187500000e+04,8.185656738281250000e+01,8.261327148437500000e+03,8.801728515625000000e+02,2.426271972656250000e+02,1.431921484375000000e+04,4.747568359375000000e+02,4.092028808593750000e+03,1.036098388671875000e+03,1.860622265625000000e+04,4.781645507812500000e+02,1.514080688476562500e+03,4.345203247070312500e+02,1.538879394531250000e+03,1.378977661132812500e+03,2.594743652343750000e+02,5.783343505859375000e+02,4.343758544921875000e+02
1.016019775390625000e+03,3.138807861328125000e+03,3.302642822265625000e+02,7.366152343750000000e+03,1.379104248046875000e+03,4.032694091796875000e+02,2.658209228515625000e+02,6.023760986328125000e+01,1.228637695312500000e+02,3.707664550781250000e+03,8.877144775390625000e+02,1.773932128906250000e+03,2.901588378906250000e+03,3.971702270507812500e+02,1.052056884765625000e+03,3.215206054687500000e+03,1.654607543945312500e+03,1.554345703125000000e+01,3.473272705078125000e+02,6.148015136718750000e+03,2.704433593750000000e+03,7.566545898437500000e+03,8.122402954101562500e+02,2.834392333984375000e+03,8.389524536132812500e+02,6.216645507812500000e+02,4.259494628906250000e+02,2.699594116210937500e+01,1.850920410156250000e+02,9.935180664062500000e+01,2.525897460937500000e+03,4.303299316406250000e+03,4.299561157226562500e+02,1.918755664062500000e+04,1.276113281250000000e+03,1.433059692382812500e+02,4.236374023437500000e+03,1.162658691406250000e+03,6.495117187500000000e+03,3.392591247558593750e+02,2.712988281250000000e+02,1.240829101562500000e+03,1.417523315429687500e+03,1.154741668701171875e+02,1.297192504882812500e+03,1.198512573242187500e+03,4.352969970703125000e+02,1.373334960937500000e+03,5.151779785156250000e+02
1.699190673828125000e+03,4.840175292968750000e+03,4.501875000000000000e+02,1.643424609375000000e+04,1.116889038085937500e+03,1.606403808593750000e+02,1.986516418457031250e+02,3.988772583007812500e+01,5.608769531250000000e+02,3.976899658203125000e+03,4.232523193359375000e+02,5.038623046875000000e+02,2.149526855468750000e+03,2.023539794921875000e+03,1.092255737304687500e+03,1.063548828125000000e+03,9.188624267578125000e+02,3.076922607421875000e+01,6.847302246093750000e+01,2.859136718750000000e+03,2.770702148437500000e+03,2.153916015625000000e+03,7.473689575195312500e+02,3.055098144531250000e+03,7.673846435546875000e+02,9.281835937500000000e+02,6.040018310546875000e+02,8.056805419921875000e+01,3.203381347656250000e+02,3.759521484375000000e+01,4.497633789062500000e+03,4.636813476562500000e+03,2.270912780761718750e+02,4.162351074218750000e+03,8.172182006835937500e+02,3.248699951171875000e+01,4.259388671875000000e+03,5.077257995605468750e+02,5.761386718750000000e+03,7.090236816406250000e+02,4.333823242187500000e+02,1.849645996093750000e+03,2.325125732421875000e+03,1.073778839111328125e+02,1.028489746093750000e+03,1.588276367187500000e+03,4.329172973632812500e+02,1.015936645507812500e+03,5.285042724609375000e+02
1.879123413085937500e+03,3.276988281250000000e+03,1.290201416015625000e+02,1.045019628906250000e+04,2.457615234375000000e+03,5.222156982421875000e+02,3.851060485839843750e+02,2.002849731445312500e+02,7.063693847656250000e+03,3.753206542968750000e+03,1.086315551757812500e+03,2.263310546875000000e+03,2.519470703125000000e+03,1.478593261718750000e+03,1.148780395507812500e+03,2.168082763671875000e+03,7.737478027343750000e+02,1.556182861328125000e+01,1.148533691406250000e+03,3.619041259765625000e+03,2.926542968750000000e+03,2.198739013671875000e+03,8.376401367187500000e+02,3.172992675781250000e+03,8.669753417968750000e+02,1.455256591796875000e+03,8.896223754882812500e+02,1.888701782226562500e+02,6.054687500000000000e+01,5.782357788085937500e+02,5.368941406250000000e+03,4.480203125000000000e+03,3.898103027343750000e+02,4.246369140625000000e+03,2.223127441406250000e+03,5.653897705078125000e+02,4.559366699218750000e+03,4.758626098632812500e+02,4.988138183593750000e+03,5.756838378906250000e+02,6.255230468750000000e+03,7.769692382812500000e+03,1.856388671875000000e+03,1.142991256713867188e+02,1.436222045898437500e+03,1.004650512695312500e+03,6.143737792968750000e+02,7.084573974609375000e+02,3.932061157226562500e+02
1.922685913085937500e+03,3.042258544921875000e+03,5.440222167968750000e+02,1.154636718750000000e+04,1.826380371093750000e+03,1.728380126953125000e+02,3.699126586914062500e+02,5.231622314453125000e+01,6.782178222656250000e+03,3.708372314453125000e+03,1.103366577148437500e+03,1.765258789062500000e+03,2.905353515625000000e+03,8.103509521484375000e+02,1.094818969726562500e+03,4.222361816406250000e+03,6.877193603515625000e+02,2.773655090332031250e+02,8.118508911132812500e+02,2.767504394531250000e+03,2.608883789062500000e+03,2.098271484375000000e+03,8.318560791015625000e+02,4.419416015625000000e+03,8.645566406250000000e+02,1.075997070312500000e+03,7.942938842773437500e+02,1.978031921386718750e+02,6.678041992187500000e+02,5.782479248046875000e+02,4.463889648437500000e+03,4.325677734375000000e+03,3.298527526855468750e+02,4.114145996093750000e+03,1.318594116210937500e+03,5.864716796875000000e+02,4.318747558593750000e+03,4.316826782226562500e+02,2.942427734375000000e+03,2.864174194335937500e+02,5.782634765625000000e+03,6.866265625000000000e+03,1.433277099609375000e+03,1.067004241943359375e+02,1.433526245117187500e+03,1.091141967773437500e+03,5.225163574218750000e+02,5.051848144531250000e+02,4.835115356445312500e+02
2.069500488281250000e+03,2.858226318359375000e+03,4.436259765625000000e+02,2.544441406250000000e+03,3.667695312500000000e+02,3.470178222656250000e+02,2.187586669921875000e+02,1.689159088134765625e+02,7.646995605468750000e+03,3.602276855468750000e+03,4.498317871093750000e+02,6.213232421875000000e+03,2.147994140625000000e+03,6.360275878906250000e+02,1.316896728515625000e+03,1.050701367187500000e+04,3.263770751953125000e+03,2.608746643066406250e+02,5.697456054687500000e+02,2.410944335937500000e+03,2.683749023437500000e+03,2.015263916015625000e+03,7.769154052734375000e+02,2.033933105468750000e+03,8.013463134765625000e+02,1.590957641601562500e+03,7.316864013671875000e+02,4.082007141113281250e+02,2.160485839843750000e+02,7.268547973632812500e+02,1.794417968750000000e+03,3.996222900390625000e+03,1.394235229492187500e+02,4.108675781250000000e+03,2.174142578125000000e+03,8.393315429687500000e+02,4.461193847656250000e+03,2.703304748535156250e+02,2.719996582031250000e+03,7.029383544921875000e+02,3.671929687500000000e+03,1.024287207031250000e+04,1.128598632812500000e+03,1.063036346435546875e+02,4.548888671875000000e+03,2.764823730468750000e+03,1.568880249023437500e+03,2.507087158203125000e+03,4.657054443359375000e+02
9.095202026367187500e+02,3.849469970703125000e+03,6.467298583984375000e+02,1.757526562500000000e+04,1.356663818359375000e+02,4.925863037109375000e+02,1.779807434082031250e+02,1.432127685546875000e+02,7.920019531250000000e+01,7.441458984375000000e+03,1.061093994140625000e+03,3.001364257812500000e+03,2.333809570312500000e+03,1.206989746093750000e+02,2.349061035156250000e+03,2.511476806640625000e+03,1.871305541992187500e+03,1.562659606933593750e+02,1.649736572265625000e+03,2.762022460937500000e+03,8.493589843750000000e+03,2.070004394531250000e+03,7.365766601562500000e+03,2.757824218750000000e+03,6.417158813476562500e+02,4.509411010742187500e+02,2.715044555664062500e+02,1.276526184082031250e+02,2.064241455078125000e+03,1.427812500000000000e+02,5.280987304687500000e+03,3.899858398437500000e+03,2.401090698242187500e+02,4.141028320312500000e+03,2.771807128906250000e+03,2.379734497070312500e+02,7.918294433593750000e+03,3.956369628906250000e+02,8.771145507812500000e+03,4.979002990722656250e+02,8.005385742187500000e+02,3.646354492187500000e+03,1.333184204101562500e+03,1.071537628173828125e+02,1.409458496093750000e+03,8.186099853515625000e+02,2.049278564453125000e+02,7.920256347656250000e+02,1.297884521484375000e+02
1.117846484375000000e+04,5.665214843750000000e+03,3.609333496093750000e+02,4.667261230468750000e+03,9.687248535156250000e+02,4.969934082031250000e+01,2.155886840820312500e+02,1.562382507324218750e+01,2.211416015625000000e+02,1.363909667968750000e+04,1.975212402343750000e+02,2.950226074218750000e+03,2.650642333984375000e+03,3.326967773437500000e+02,4.573916015625000000e+03,3.760053710937500000e+03,1.218966796875000000e+03,5.724343872070312500e+01,1.474243164062500000e+02,2.608934082031250000e+03,5.581369628906250000e+03,4.464334960937500000e+03,9.608115234375000000e+02,2.438046875000000000e+03,6.719039306640625000e+02,7.164935302734375000e+02,1.836571044921875000e+02,2.270471191406250000e+01,4.056389160156250000e+02,4.085632324218750000e+00,3.269545898437500000e+03,1.762296679687500000e+04,8.782711791992187500e+01,8.221275390625000000e+03,7.954885253906250000e+02,2.619720458984375000e+01,1.371322656250000000e+04,3.926483154296875000e+02,3.878687500000000000e+03,6.589938964843750000e+02,5.326192382812500000e+03,9.077392578125000000e+02,1.282243530273437500e+03,4.298446044921875000e+02,1.275199218750000000e+03,7.566020507812500000e+02,3.431458129882812500e+02,1.021999877929687500e+03,4.766671142578125000e+02
6.922166748046875000e+02,2.898382080078125000e+03,4.642989501953125000e+02,5.555303710937500000e+03,3.839821777343750000e+02,7.584124755859375000e+01,1.578971557617187500e+02,7.590231323242187500e+01,4.200737304687500000e+02,3.615317871093750000e+03,9.111069335937500000e+02,3.065432373046875000e+03,2.624203369140625000e+03,2.695456542968750000e+02,8.590576171875000000e+02,2.029680664062500000e+03,1.522188720703125000e+03,2.940991210937500000e+01,2.844626464843750000e+02,6.122008789062500000e+03,2.497452636718750000e+03,6.397512207031250000e+03,1.863877929687500000e+03,2.310982421875000000e+03,7.883467407226562500e+02,2.376470336914062500e+02,3.843291015625000000e+02,2.542855834960937500e+01,1.411523437500000000e+02,1.247845458984375000e+02,3.935881835937500000e+03,2.209396240234375000e+03,6.506729125976562500e+01,2.109044335937500000e+04,3.108846679687500000e+03,1.078022460937500000e+02,4.507032714843750000e+03,1.561658447265625000e+03,6.306130859375000000e+03,2.754368286132812500e+02,1.808527343750000000e+03,2.559053222656250000e+03,1.773539672851562500e+03,1.348397827148437500e+02,1.376760742187500000e+03,1.216298461914062500e+03,4.859456176757812500e+02,9.502247314453125000e+02,4.703189086914062500e+02
1.812890625000000000e+02,3.146023681640625000e+03,2.701673583984375000e+02,1.007624316406250000e+04,1.425628906250000000e+03,7.941558227539062500e+02,1.908006286621093750e+02,4.181341552734375000e+01,1.153074218750000000e+03,3.680192138671875000e+03,5.030762939453125000e+02,2.348937744140625000e+03,1.720472045898437500e+03,1.575939941406250000e+03,9.631036376953125000e+02,2.049242675781250000e+03,6.816079101562500000e+02,5.024310302734375000e+01,2.673193359375000000e+02,2.718259277343750000e+03,2.595724609375000000e+03,2.093705322265625000e+03,2.086159667968750000e+03,3.664615722656250000e+03,4.148143310546875000e+02,1.002972045898437500e+03,4.664641113281250000e+02,5.466702270507812500e+01,6.650766601562500000e+02,3.147114257812500000e+02,5.972402343750000000e+03,2.191367187500000000e+03,2.108253173828125000e+02,4.155945800781250000e+03,9.217896118164062500e+02,3.472691650390625000e+02,4.550371093750000000e+03,5.035198974609375000e+02,5.672107421875000000e+03,6.907718505859375000e+02,2.569221679687500000e+03,2.331497070312500000e+03,1.605196655273437500e+03,1.206252365112304688e+02,1.095559204101562500e+03,1.569795166015625000e+03,2.911864624023437500e+02,9.010472412109375000e+02,5.088522338867187500e+02
1.482303588867187500e+03,3.043685546875000000e+03,1.704338378906250000e+02,7.062660156250000000e+03,2.176042724609375000e+03,6.849133911132812500e+02,3.874972839355468750e+02,1.172193908691406250e+02,5.997394042968750000e+03,3.667176269531250000e+03,1.080112304687500000e+03,1.651812988281250000e+03,1.895610351562500000e+03,1.093323852539062500e+03,1.103202270507812500e+03,1.921022949218750000e+03,9.285172119140625000e+02,9.788000488281250000e+01,1.732302734375000000e+03,3.340571533203125000e+03,2.712046386718750000e+03,2.131507568359375000e+03,1.443705688476562500e+03,2.674621093750000000e+03,5.621552734375000000e+02,1.229047363281250000e+03,8.397860107421875000e+02,2.259135437011718750e+02,7.382646484375000000e+02,6.355629882812500000e+02,5.950426269531250000e+03,2.034612548828125000e+03,3.154121704101562500e+02,4.241573242187500000e+03,2.382695800781250000e+03,5.640416870117187500e+02,4.555723144531250000e+03,5.819411010742187500e+02,4.559863769531250000e+03,3.356149902343750000e+02,3.695226562500000000e+03,7.649685546875000000e+03,1.347840087890625000e+03,1.654616546630859375e+02,1.375482788085937500e+03,9.793233642578125000e+02,5.823550415039062500e+02,6.071936035156250000e+02,4.140573730468750000e+02
1.830237304687500000e+03,2.961755126953125000e+03,6.464547119140625000e+02,1.006602148437500000e+04,1.529114013671875000e+03,8.856999511718750000e+02,5.324863891601562500e+02,1.111589355468750000e+02,6.302698242187500000e+03,3.613373291015625000e+03,1.093325195312500000e+03,1.662822021484375000e+03,2.301698486328125000e+03,7.121823730468750000e+02,9.692360839843750000e+02,4.455862304687500000e+03,8.938871459960937500e+02,2.703536682128906250e+02,8.764132690429687500e+02,2.643562011718750000e+03,2.545641601562500000e+03,1.897398925781250000e+03,1.648137451171875000e+03,4.482586914062500000e+03,8.385493164062500000e+02,1.142305908203125000e+03,7.043297119140625000e+02,2.290757446289062500e+02,1.010281982421875000e+03,6.452576293945312500e+02,5.765702148437500000e+03,2.156814208984375000e+03,2.749795837402343750e+02,4.121373046875000000e+03,5.766657104492187500e+02,5.991415405273437500e+02,4.530178222656250000e+03,5.329517211914062500e+02,4.218563476562500000e+03,2.878050842285156250e+02,3.684566406250000000e+03,7.519982910156250000e+03,1.108593627929687500e+03,1.168170471191406250e+02,1.390678222656250000e+03,1.010971801757812500e+03,5.503413696289062500e+02,5.088997802734375000e+02,4.282434082031250000e+02
1.863650878906250000e+03,2.879928222656250000e+03,5.431920166015625000e+02,2.702726074218750000e+03,4.126049804687500000e+01,6.250451049804687500e+02,3.998252258300781250e+02,7.005245971679687500e+01,6.259800781250000000e+03,3.393222656250000000e+03,9.340247192382812500e+02,1.541897460937500000e+03,1.478806396484375000e+03,7.863499755859375000e+02,1.042236206054687500e+03,2.059643554687500000e+03,4.823063964843750000e+02,2.591024475097656250e+02,1.123793334960937500e+03,2.260739013671875000e+03,2.536571289062500000e+03,1.515606201171875000e+03,9.619504394531250000e+02,2.194723632812500000e+03,4.864310302734375000e+02,1.273225463867187500e+03,6.271700439453125000e+02,2.977736206054687500e+02,1.703665283203125000e+03,6.102678222656250000e+02,4.731995117187500000e+03,1.735506103515625000e+03,2.690174865722656250e+02,4.107064941406250000e+03,1.374469238281250000e+03,5.590894165039062500e+02,3.538699707031250000e+03,3.240512084960937500e+02,2.927817138671875000e+03,5.583369140625000000e+02,2.273735107421875000e+03,7.128937500000000000e+03,1.014342834472656250e+03,2.183363342285156250e+02,4.092373779296875000e+03,9.863414306640625000e+02,6.807059326171875000e+02,5.084586181640625000e+02,4.520990600585937500e+02
1.971766357421875000e+03,4.273514648437500000e+03,3.944011230468750000e+02,6.469999023437500000e+03,1.044894042968750000e+03,3.570747680664062500e+02,2.312625427246093750e+02,7.721618652343750000e+00,7.686267578125000000e+03,6.263299316406250000e+03,9.866287841796875000e+02,8.522263671875000000e+03,1.469825683593750000e+03,2.019896240234375000e+03,7.654094848632812500e+02,8.764078125000000000e+03,2.351518310546875000e+03,2.773148498535156250e+02,5.115697631835937500e+02,2.394429687500000000e+03,5.192074218750000000e+03,1.485627319335937500e+03,3.447670898437500000e+03,1.664537841796875000e+03,4.002267150878906250e+02,3.715240478515625000e+02,9.603320312500000000e+01,3.355227966308593750e+02,4.049511718750000000e+01,5.258233642578125000e+02,6.734916992187500000e+02,1.555923828125000000e+03,1.951929626464843750e+02,4.050728759765625000e+03,5.442572265625000000e+03,8.277580566406250000e+02,8.001730468750000000e+03,4.977640075683593750e+02,5.663356445312500000e+03,2.520903472900390625e+02,5.667404296875000000e+03,1.676831054687500000e+04,1.086590698242187500e+03,1.080774230957031250e+02,1.337211914062500000e+02,1.896088867187500000e+02,1.978024658203125000e+03,2.868900878906250000e+03,4.538269042968750000e+00
1.034611816406250000e+02,6.374201660156250000e+02,3.038731689453125000e+02,1.419366406250000000e+04,6.664157714843750000e+02,2.442435913085937500e+02,2.370565795898437500e+02,1.774743957519531250e+02,6.118863281250000000e+03,8.528265625000000000e+03,1.478969726562500000e+02,1.102450927734375000e+03,4.309373535156250000e+03,2.954847412109375000e+02,3.182359619140625000e+03,1.866504882812500000e+03,1.011435913085937500e+03,1.760653991699218750e+02,2.130601562500000000e+03,2.269586914062500000e+03,5.835710449218750000e+03,1.353801879882812500e+03,1.180114746093750000e+03,2.667478027343750000e+03,4.281298217773437500e+02,5.433560791015625000e+02,2.644981689453125000e+02,2.635849914550781250e+02,9.703100585937500000e+02,1.485776367187500000e+02,2.598358398437500000e+03,1.825261718750000000e+04,3.033529968261718750e+02,8.209253906250000000e+03,8.279818115234375000e+02,4.279199829101562500e+02,1.145200097656250000e+04,6.875685424804687500e+02,1.148109765625000000e+04,3.365362548828125000e+02,1.514584838867187500e+03,1.907529296875000000e+03,9.035537109375000000e+02,2.478561706542968750e+02,1.583090820312500000e+02,1.611333496093750000e+03,1.471268920898437500e+02,7.349516601562500000e+02,3.958044433593750000e+02
3.149417724609375000e+02,2.316186035156250000e+03,4.509216308593750000e+02,4.305609375000000000e+03,9.244322509765625000e+02,1.351193237304687500e+02,3.134646606445312500e+01,1.451625061035156250e+01,4.964094238281250000e+03,2.634300292968750000e+03,9.647299804687500000e+02,2.688061767578125000e+03,1.612556152343750000e+03,1.648529663085937500e+02,6.820059814453125000e+02,1.447000732421875000e+03,8.021785888671875000e+02,3.246697998046875000e+01,1.302647705078125000e+02,4.963146972656250000e+03,2.196931640625000000e+03,5.164013671875000000e+03,1.306906982421875000e+03,2.401756591796875000e+03,8.141533813476562500e+02,8.348400878906250000e+01,2.789725952148437500e+02,2.147440795898437500e+02,3.112548828125000000e+01,1.448760681152343750e+02,4.422748046875000000e+03,1.782660400390625000e+03,2.880595703125000000e+02,1.747913867187500000e+04,1.425763061523437500e+03,1.156314086914062500e+02,4.475983398437500000e+03,1.086271484375000000e+03,2.480002929687500000e+03,2.119517974853515625e+02,7.202110595703125000e+02,3.931445312500000000e+02,1.369159667968750000e+03,1.187051773071289062e+02,1.601277587890625000e+03,6.597349853515625000e+02,2.541028442382812500e+02,1.171308837890625000e+03,3.876843261718750000e+02
9.104272460937500000e+01,2.757279296875000000e+03,3.959749755859375000e+02,9.848103515625000000e+03,6.590523681640625000e+02,1.027534790039062500e+02,1.319226837158203125e+02,3.720556640625000000e+01,3.871992187500000000e+02,3.319287109375000000e+03,5.195432128906250000e+02,1.778307861328125000e+03,1.229116699218750000e+03,1.280159667968750000e+03,8.565886230468750000e+02,2.734941406250000000e+02,1.843814697265625000e+02,1.201770019531250000e+01,3.199480590820312500e+02,2.454975585937500000e+03,2.477147216796875000e+03,1.384246704101562500e+03,2.211605957031250000e+03,3.017166503906250000e+03,1.490115966796875000e+02,7.279205322265625000e+02,4.366414184570312500e+02,1.314169006347656250e+02,1.441137695312500000e+01,1.003354187011718750e+02,4.192690429687500000e+03,2.627743652343750000e+03,7.076937255859375000e+02,4.137377929687500000e+03,1.226169677734375000e+03,6.013330078125000000e+01,4.483802734375000000e+03,4.042710266113281250e+02,1.347849609375000000e+03,5.534812011718750000e+02,2.458835449218750000e+02,1.021165039062500000e+03,1.190660034179687500e+03,1.128419342041015625e+02,1.934582641601562500e+03,1.715321533203125000e+03,3.009451904296875000e+02,1.010284912109375000e+03,4.637672119140625000e+02
1.263813964843750000e+03,2.503318359375000000e+03,1.218272705078125000e+02,6.017954101562500000e+03,1.760915771484375000e+03,6.705394897460937500e+02,3.676423339843750000e+02,8.021046447753906250e+01,5.518818847656250000e+03,3.282063232421875000e+03,8.345216674804687500e+02,1.512757568359375000e+03,1.699662475585937500e+03,8.632382812500000000e+02,9.820261230468750000e+02,1.942361206054687500e+03,9.196696166992187500e+02,1.739379882812500000e+00,1.100441406250000000e+03,2.774734130859375000e+03,2.479611816406250000e+03,1.811397705078125000e+03,1.865614013671875000e+03,2.585556640625000000e+03,4.659750976562500000e+02,7.726386718750000000e+02,5.267543945312500000e+02,1.768428649902343750e+02,2.455920654296875000e+03,3.712565002441406250e+02,5.619270507812500000e+03,2.361044921875000000e+03,4.594128417968750000e+02,4.247626464843750000e+03,1.086562255859375000e+03,5.525845336914062500e+02,4.533843261718750000e+03,5.524623413085937500e+02,3.870784179687500000e+03,3.843406066894531250e+02,1.667946289062500000e+03,7.362798828125000000e+03,9.766761474609375000e+02,1.082088775634765625e+02,1.815246337890625000e+03,9.362340087890625000e+02,6.987984008789062500e+02,4.927753906250000000e+02,3.909667358398437500e+02
1.487898681640625000e+03,2.396810546875000000e+03,7.020942382812500000e+02,6.644506347656250000e+03,1.252687133789062500e+03,4.807567138671875000e+02,3.257597045898437500e+02,6.805145263671875000e+01,5.131691406250000000e+03,3.085629394531250000e+03,7.180040283203125000e+02,1.394617919921875000e+03,1.605009033203125000e+03,6.363442382812500000e+02,9.042533569335937500e+02,1.761419555664062500e+03,7.005638427734375000e+02,2.606343078613281250e+02,7.981792602539062500e+02,2.425996582031250000e+03,2.515719482421875000e+03,2.013424072265625000e+03,7.561295166015625000e+02,4.188430664062500000e+03,4.740793457031250000e+02,6.105878295898437500e+02,6.314368896484375000e+02,2.697225952148437500e+01,1.755314453125000000e+03,4.351059570312500000e+02,4.772790527343750000e+03,2.120153320312500000e+03,4.257783813476562500e+02,4.122569824218750000e+03,1.101322265625000000e+03,5.546893920898437500e+02,4.526069335937500000e+03,3.571204223632812500e+02,1.348768676757812500e+03,2.946651000976562500e+02,1.490351562500000000e+03,6.914704101562500000e+03,6.857277832031250000e+02,1.183851928710937500e+02,2.751173828125000000e+03,9.537950439453125000e+02,1.320722412109375000e+03,4.904456787109375000e+02,2.268807067871093750e+02
1.830729980468750000e+03,1.765184082031250000e+03,2.616809082031250000e+01,1.214115234375000000e+03,1.100490722656250000e+02,3.247774658203125000e+02,1.933262329101562500e+02,5.497541809082031250e+01,4.337583496093750000e+03,2.051237060546875000e+03,1.880136108398437500e+02,5.127042968750000000e+03,4.324248046875000000e+02,8.733752441406250000e+02,6.818789062500000000e+02,4.098845703125000000e+03,1.469034301757812500e+03,2.536239776611328125e+02,5.467267456054687500e+02,2.130827148437500000e+03,2.375214355468750000e+03,1.291457763671875000e+03,7.492500000000000000e+02,2.285765136718750000e+03,3.112591857910156250e+02,4.142692565917968750e+02,1.089071655273437500e+02,3.101063232421875000e+02,1.910250976562500000e+03,4.731297302246093750e+02,3.819472656250000000e+03,3.994259277343750000e+03,3.146858825683593750e+02,4.121713867187500000e+03,1.679822265625000000e+03,6.320839843750000000e+02,3.688294433593750000e+03,2.752225341796875000e+02,1.712239501953125000e+03,2.814902648925781250e+02,5.416166992187500000e+02,8.667514648437500000e+03,6.274667358398437500e+02,1.404867401123046875e+02,1.948106201171875000e+03,1.322854858398437500e+03,9.736002807617187500e+02,2.356327636718750000e+03,2.804301147460937500e+02
8.915986328125000000e+02,1.794001464843750000e+03,1.305126953125000000e+02,4.492575195312500000e+03,3.043417968750000000e+02,2.616753173828125000e+03,2.021968383789062500e+02,4.851219177246093750e+01,5.719912109375000000e+02,1.940404052734375000e+03,9.443393554687500000e+02,1.148991455078125000e+03,2.265418457031250000e+03,7.689685058593750000e+01,6.476322021484375000e+02,2.005519409179687500e+03,2.862045898437500000e+02,1.684481811523437500e+02,1.386996215820312500e+03,2.250273681640625000e+03,7.658416503906250000e+03,1.393878540039062500e+03,2.964703613281250000e+03,2.764743652343750000e+03,3.952727355957031250e+02,6.568939819335937500e+02,1.546278686523437500e+02,4.376818847656250000e+01,3.767126464843750000e+02,1.224565429687500000e+02,4.153282226562500000e+03,4.540551269531250000e+03,2.960436096191406250e+02,5.043380859375000000e+03,1.217672851562500000e+03,2.072015991210937500e+02,7.788620605468750000e+03,4.210592041015625000e+02,7.408651367187500000e+03,1.730586853027343750e+02,1.926151245117187500e+03,5.512356445312500000e+03,5.271537475585937500e+02,1.018761291503906250e+02,4.765808105468750000e+02,8.560541992187500000e+02,9.372349853515625000e+02,8.496080322265625000e+02,2.252613220214843750e+02
5.449237060546875000e+02,4.262264648437500000e+03,3.529323730468750000e+02,3.925853515625000000e+03,6.911628417968750000e+02,3.403717041015625000e+02,1.017238464355468750e+02,2.857935485839843750e+02,8.941108398437500000e+02,6.579875976562500000e+03,1.781987304687500000e+02,1.500068115234375000e+03,8.734066162109375000e+02,2.788701171875000000e+02,3.257997558593750000e+03,1.907617675781250000e+03,5.184542236328125000e+02,1.068098144531250000e+02,3.098025512695312500e+02,2.123974365234375000e+03,6.118488769531250000e+03,2.340626220703125000e+03,6.186152954101562500e+02,1.905951171875000000e+03,3.594659423828125000e+02,2.409678344726562500e+02,4.211289672851562500e+02,1.363420410156250000e+02,2.749659423828125000e+02,1.508221435546875000e+01,7.299956054687500000e+02,1.692928320312500000e+04,5.941206054687500000e+02,8.104339355468750000e+03,7.011929321289062500e+02,1.379000854492187500e+02,1.301644335937500000e+04,2.040434570312500000e+02,3.898840820312500000e+03,7.310955810546875000e+02,2.480081787109375000e+02,2.541158203125000000e+03,5.500946655273437500e+02,4.225131530761718750e+02,1.893408203125000000e+01,9.080211181640625000e+02,2.248822021484375000e+01,9.374324951171875000e+02,2.218262481689453125e+02
3.753557128906250000e+02,1.844613159179687500e+03,1.770051879882812500e+02,1.644176953125000000e+04,7.844796142578125000e+02,8.599267578125000000e+01,2.714123535156250000e+01,5.578071594238281250e+01,7.510830078125000000e+02,1.892350585937500000e+03,5.560383911132812500e+02,1.791259277343750000e+03,1.484188842773437500e+03,1.073839111328125000e+02,5.513249511718750000e+02,1.157495483398437500e+03,6.624500732421875000e+02,8.735324096679687500e+01,5.780012207031250000e+02,6.880223144531250000e+03,2.017536499023437500e+03,4.170405273437500000e+03,6.703997192382812500e+02,1.969289794921875000e+03,5.389335937500000000e+02,3.228401184082031250e+02,3.990779418945312500e+02,7.843167114257812500e+01,7.545925292968750000e+02,6.338565063476562500e+01,4.617612304687500000e+03,4.156463378906250000e+03,6.059201049804687500e+02,1.641667187500000000e+04,1.852570678710937500e+03,5.204141235351562500e+02,4.453136718750000000e+03,1.353487792968750000e+03,2.180994384765625000e+03,3.017550659179687500e+02,3.443869628906250000e+02,5.430859375000000000e+03,1.922748046875000000e+03,1.066755218505859375e+02,8.262714843750000000e+02,7.529631347656250000e+02,1.011890869140625000e+02,1.136104125976562500e+03,2.914982299804687500e+02
3.919880371093750000e+02,2.139305664062500000e+03,4.060974121093750000e+00,3.445744140625000000e+03,8.421540527343750000e+02,5.862908325195312500e+02,3.547973632812500000e+01,1.713644409179687500e+01,1.440273437500000000e+03,2.153963134765625000e+03,2.745566406250000000e+02,1.098529296875000000e+03,4.227453613281250000e+02,9.868821411132812500e+02,1.024166748046875000e+03,2.032150878906250000e+03,4.134106445312500000e+01,5.982974243164062500e+01,2.898459472656250000e+02,2.411433593750000000e+03,2.412574218750000000e+03,1.636640136718750000e+03,6.262521362304687500e+02,3.163071044921875000e+03,4.505274658203125000e+02,1.996481933593750000e+02,7.582184448242187500e+02,2.687103271484375000e+01,3.888872070312500000e+02,1.196444396972656250e+02,1.482875000000000000e+03,4.290791992187500000e+03,6.790341796875000000e+02,4.109914062500000000e+03,1.234867553710937500e+03,5.524860839843750000e+02,4.486370117187500000e+03,2.849493103027343750e+02,1.485595703125000000e+03,5.061799926757812500e+02,2.031750488281250000e+02,2.961564941406250000e+03,7.189069824218750000e+02,1.175913009643554688e+02,2.294404296875000000e+02,3.694152343750000000e+03,5.597705078125000000e+01,8.402478027343750000e+02,3.098842773437500000e+02
6.941292724609375000e+02,2.160595703125000000e+03,8.451538085937500000e-01,6.018514648437500000e+03,1.524987182617187500e+03,5.117187500000000000e+02,3.058454895019531250e+02,8.274966430664062500e+01,4.892499511718750000e+03,2.171515136718750000e+03,7.339509887695312500e+02,1.769695068359375000e+03,1.414755249023437500e+03,6.752434082031250000e+02,9.692212524414062500e+02,2.070271972656250000e+03,6.149390869140625000e+02,2.443572998046875000e+01,8.999381713867187500e+02,2.647218505859375000e+03,2.391197753906250000e+03,1.783256225585937500e+03,6.616229858398437500e+02,2.248911376953125000e+03,4.282789611816406250e+02,5.667127685546875000e+02,5.021448974609375000e+02,1.903641052246093750e+02,4.802895507812500000e+02,3.390434875488281250e+02,4.650663574218750000e+03,4.314148437500000000e+03,3.165088500976562500e+02,4.238559570312500000e+03,2.146018066406250000e+03,5.411974487304687500e+02,4.533355468750000000e+03,4.154912719726562500e+02,2.220257568359375000e+03,3.929897766113281250e+02,1.603920776367187500e+03,7.365541015625000000e+03,7.001085815429687500e+02,1.184330978393554688e+02,1.550998291015625000e+03,9.363275146484375000e+02,9.597329101562500000e+02,4.840556640625000000e+02,3.212940673828125000e+02
6.229715576171875000e+02,1.917461303710937500e+03,4.384492187500000000e+02,5.520021484375000000e+03,1.210881591796875000e+03,3.866588745117187500e+02,2.784059448242187500e+02,7.376931762695312500e+01,4.310767089843750000e+03,1.926819458007812500e+03,9.009332275390625000e+02,1.417711914062500000e+03,1.248550903320312500e+03,3.992859497070312500e+02,5.944097900390625000e+02,1.543981201171875000e+03,4.337641601562500000e+02,2.525454559326171875e+02,6.680263671875000000e+02,2.193102539062500000e+03,2.275113769531250000e+03,1.789133544921875000e+03,5.182584838867187500e+02,2.787945556640625000e+03,3.773445434570312500e+02,4.688405151367187500e+02,3.940272216796875000e+02,2.021181335449218750e+02,5.541306152343750000e+02,3.015735778808593750e+02,5.439841796875000000e+03,4.271421875000000000e+03,4.601312255859375000e+02,4.100835449218750000e+03,4.105672607421875000e+02,5.250123291015625000e+02,4.506260742187500000e+03,2.502077026367187500e+02,2.842027587890625000e+03,2.877835388183593750e+02,1.133413208007812500e+03,7.063161621093750000e+03,5.190020141601562500e+02,1.016740264892578125e+02,1.490257812500000000e+03,9.281008300781250000e+02,5.657394409179687500e+02,5.123836669921875000e+02,1.867754516601562500e+02
9.525628662109375000e+02,2.169996093750000000e+03,4.181849975585937500e+02,2.796074218750000000e+03,7.060327148437500000e+01,5.306396484375000000e+01,2.829639587402343750e+02,3.363345336914062500e+01,2.103776367187500000e+03,1.781442504882812500e+03,1.696894531250000000e+02,3.051351074218750000e+03,4.366636962890625000e+02,4.693907165527343750e+02,9.046958618164062500e+02,6.071290527343750000e+03,8.596853027343750000e+02,2.647151184082031250e+02,2.816642456054687500e+02,2.161707275390625000e+03,2.307163085937500000e+03,1.303698120117187500e+03,6.255322265625000000e+02,2.465253417968750000e+03,2.353560180664062500e+02,8.310097045898437500e+02,7.242840576171875000e+01,2.931215820312500000e+02,6.438305664062500000e+02,1.285311584472656250e+02,2.646546875000000000e+03,4.172711914062500000e+03,3.069571533203125000e+02,4.097835937500000000e+03,1.183321289062500000e+03,5.334724121093750000e+02,2.655970703125000000e+03,1.980978088378906250e+02,1.530360595703125000e+03,4.263257141113281250e+02,3.259439697265625000e+02,3.936512207031250000e+03,5.620172729492187500e+02,1.693712005615234375e+02,2.390754394531250000e+03,1.796121704101562500e+03,6.375256958007812500e+02,4.959621582031250000e+02,2.200362243652343750e+02
5.358083496093750000e+02,1.876608032226562500e+03,5.864923095703125000e+01,5.242101562500000000e+03,4.057878417968750000e+02,1.075035400390625000e+02,1.302594909667968750e+02,2.697382507324218750e+02,1.302885253906250000e+03,1.750400268554687500e+03,6.975461425781250000e+02,6.304409179687500000e+02,1.061951171875000000e+03,2.527971191406250000e+02,2.041674804687500000e+02,1.977196289062500000e+03,3.933253173828125000e+02,1.954103393554687500e+02,1.360587402343750000e+03,2.157935546875000000e+03,6.179359375000000000e+03,9.534987792968750000e+02,2.581964843750000000e+03,1.071801513671875000e+03,3.509332275390625000e+02,3.637811279296875000e+02,1.113811035156250000e+02,2.159606323242187500e+02,3.098952636718750000e+02,4.514181518554687500e+01,4.102483398437500000e+03,4.593764648437500000e+03,3.947801818847656250e+02,4.010495361328125000e+03,1.033885253906250000e+03,5.184614257812500000e+02,7.896354980468750000e+03,2.488528747558593750e+02,4.066165771484375000e+03,1.298550720214843750e+02,1.205608398437500000e+03,5.699541992187500000e+03,4.614786376953125000e+02,1.172596206665039062e+02,1.976171875000000000e+01,8.573170166015625000e+02,1.085185852050781250e+02,3.450669433593750000e+03,3.276552734375000000e+02
4.420723876953125000e+02,1.772286376953125000e+03,8.504455566406250000e+01,4.390315429687500000e+03,4.140418701171875000e+02,8.193316650390625000e+01,1.312033691406250000e+02,3.272044372558593750e+01,1.198480468750000000e+03,5.148169921875000000e+03,4.271596679687500000e+02,2.002595947265625000e+03,9.403922119140625000e+02,3.438140869140625000e+02,1.523818725585937500e+03,1.896005493164062500e+03,2.950863037109375000e+02,1.410165405273437500e+01,3.329174804687500000e+02,2.149656494140625000e+03,6.321452148437500000e+03,1.059558105468750000e+03,5.562679443359375000e+02,1.833853027343750000e+03,4.100474853515625000e+02,2.015333251953125000e+02,1.336135253906250000e+02,8.672122192382812500e+01,1.768556762695312500e+03,2.301611328125000000e+01,2.189694824218750000e+03,1.597607421875000000e+04,3.562608337402343750e+02,8.011134765625000000e+03,4.600274658203125000e+02,4.021228515625000000e+03,1.200420507812500000e+04,1.939426879882812500e+02,1.171714477539062500e+03,5.062222900390625000e+02,1.747739257812500000e+02,6.648417968750000000e+02,5.725234375000000000e+02,4.062791442871093750e+02,2.401210937500000000e+02,1.183461547851562500e+03,1.718664550781250000e+01,1.023749633789062500e+03,3.019174804687500000e+02
1.308443603515625000e+02,1.920141967773437500e+03,1.652667846679687500e+02,1.991296875000000000e+04,5.508582763671875000e+02,4.960314331054687500e+02,6.333026123046875000e+01,8.885226440429687500e+01,1.528029296875000000e+03,1.765354125976562500e+03,7.910065917968750000e+02,3.873885498046875000e+03,1.119724365234375000e+03,2.043068237304687500e+02,4.792227172851562500e+02,2.123589599609375000e+03,1.743205566406250000e+02,1.071732788085937500e+02,4.300900878906250000e+02,8.052711914062500000e+03,2.023341064453125000e+03,5.569286132812500000e+03,6.119949951171875000e+02,1.643113281250000000e+03,7.573118896484375000e+02,3.432888488769531250e+02,4.285420532226562500e+02,2.050465087890625000e+02,7.364020996093750000e+02,3.274041748046875000e+01,1.211350585937500000e+03,4.219841796875000000e+03,3.145183410644531250e+02,1.041391406250000000e+04,1.180240722656250000e+03,6.098246459960937500e+02,4.474713378906250000e+03,1.601851074218750000e+03,2.522527343750000000e+03,2.532212524414062500e+02,5.412841796875000000e+00,6.375429199218750000e+03,1.274047363281250000e+03,1.304286499023437500e+02,2.163530273437500000e+02,8.224691162109375000e+02,1.033436279296875000e+02,8.942449951171875000e+02,3.736001586914062500e+02
7.054504394531250000e+02,1.991955322265625000e+03,1.681428833007812500e+02,4.787115234375000000e+03,5.515087890625000000e+02,5.007709350585937500e+02,5.689498901367187500e+01,1.369214782714843750e+02,1.540519531250000000e+03,1.739710449218750000e+03,5.055376586914062500e+02,7.941254882812500000e+02,3.138151855468750000e+02,1.019267822265625000e+03,8.064818115234375000e+02,2.156634033203125000e+03,3.691162109375000000e+00,3.229644775390625000e+01,4.888317871093750000e+01,2.479668457031250000e+03,2.332821289062500000e+03,1.185488037109375000e+03,5.771640014648437500e+02,3.668083496093750000e+03,4.686419677734375000e+02,6.893576660156250000e+02,5.013396606445312500e+02,1.105224609375000000e+02,8.311528320312500000e+02,9.306079101562500000e+01,1.752095214843750000e+03,4.282065429687500000e+03,7.525346679687500000e+02,4.091047607421875000e+03,4.872500610351562500e+02,6.296926269531250000e+02,4.470799316406250000e+03,2.863795166015625000e+02,2.652473144531250000e+03,3.968291320800781250e+02,3.220911865234375000e+02,1.108134765625000000e+02,7.182722778320312500e+02,1.231585235595703125e+02,2.947098388671875000e+02,1.636434326171875000e+03,1.180271301269531250e+02,7.399555664062500000e+02,3.873052368164062500e+02
6.148825683593750000e+02,2.038018920898437500e+03,2.178329467773437500e+02,9.100055664062500000e+03,1.421288940429687500e+03,4.849259643554687500e+02,3.140530090332031250e+02,4.383709716796875000e+01,4.997203613281250000e+03,1.919392822265625000e+03,8.337325439453125000e+02,1.467749267578125000e+03,1.162719970703125000e+03,4.500430908203125000e+02,9.831571655273437500e+02,1.999300781250000000e+03,4.861013183593750000e+02,3.167410278320312500e+01,7.505475463867187500e+02,2.837481445312500000e+03,2.219397949218750000e+03,1.381775024414062500e+03,5.865474853515625000e+02,1.751161376953125000e+03,4.100397644042968750e+02,6.676797485351562500e+02,5.854979248046875000e+02,1.981830444335937500e+02,4.196962890625000000e+02,2.925700073242187500e+02,4.209145019531250000e+03,4.335752441406250000e+03,4.069182434082031250e+02,4.057610595703125000e+03,7.135770874023437500e+02,7.134793701171875000e+02,4.530340332031250000e+03,2.976824645996093750e+02,2.777236816406250000e+03,3.817592468261718750e+02,1.364431152343750000e+03,7.321659667968750000e+03,6.763806152343750000e+02,1.266421508789062500e+02,1.406761718750000000e+03,9.372373046875000000e+02,5.499963989257812500e+02,4.984135742187500000e+02,3.687093505859375000e+02
6.579224853515625000e+02,1.901427612304687500e+03,4.920739746093750000e+02,6.270798828125000000e+03,1.219895751953125000e+03,5.574318237304687500e+02,3.207417297363281250e+02,1.883528137207031250e+02,4.608011230468750000e+03,1.967335083007812500e+03,9.441247558593750000e+02,1.866502197265625000e+03,1.106674438476562500e+03,4.030104370117187500e+02,5.436737060546875000e+02,1.950391601562500000e+03,4.509517822265625000e+02,2.532831268310546875e+02,6.302351684570312500e+02,2.108576416015625000e+03,2.294192382812500000e+03,1.595773193359375000e+03,5.512592773437500000e+02,1.627480468750000000e+03,4.803776550292968750e+02,4.836210327148437500e+02,4.920436096191406250e+02,1.856147460937500000e+02,6.873334960937500000e+02,3.503083190917968750e+02,4.152730468750000000e+03,4.292198730468750000e+03,4.047280273437500000e+02,4.079158447265625000e+03,4.351142578125000000e+02,5.900210571289062500e+02,4.518770996093750000e+03,2.931388854980468750e+02,7.342634277343750000e+02,2.963412780761718750e+02,1.190987182617187500e+03,7.043719726562500000e+03,5.950817260742187500e+02,1.189108276367187500e+02,1.428220581054687500e+03,9.373800048828125000e+02,5.097247924804687500e+02,5.053242187500000000e+02,2.585729980468750000e+02
1.558055175781250000e+03,1.779018310546875000e+03,4.974895629882812500e+02,3.042277343750000000e+03,2.956445312500000000e+01,2.232056274414062500e+02,2.761594848632812500e+02,1.378559112548828125e+01,3.998369140625000000e+02,1.830453125000000000e+03,4.454134521484375000e+02,1.978850097656250000e+03,1.187612304687500000e+02,1.294876708984375000e+02,5.872418212890625000e+02,6.899420898437500000e+03,3.302615966796875000e+02,2.613548278808593750e+02,5.706190185546875000e+02,2.246571777343750000e+03,2.315931640625000000e+03,1.283162597656250000e+03,6.260191040039062500e+02,1.480470458984375000e+03,2.595734863281250000e+02,6.173436279296875000e+02,8.514581298828125000e+01,4.327668151855468750e+02,1.149039062500000000e+03,1.313394470214843750e+02,2.700948242187500000e+03,4.123624023437500000e+03,3.914281616210937500e+02,4.081381835937500000e+03,8.802238159179687500e+02,1.333013671875000000e+03,3.419103515625000000e+03,2.114108581542968750e+02,1.598568359375000000e+03,4.274913024902343750e+02,4.590809326171875000e+02,6.606445312500000000e+01,5.778842773437500000e+02,1.093587036132812500e+02,1.651578613281250000e+03,1.774243286132812500e+03,3.746804199218750000e+02,5.031646728515625000e+02,2.980892944335937500e+02
4.750817871093750000e+01,1.792525390625000000e+03,1.331342163085937500e+02,4.983749023437500000e+03,2.632556152343750000e+02,4.060720825195312500e+02,1.669260253906250000e+02,1.295019683837890625e+02,1.395303710937500000e+03,1.730349975585937500e+03,7.141965332031250000e+02,2.929123535156250000e+02,1.068198486328125000e+03,1.976574096679687500e+02,3.275991210937500000e+02,2.135952392578125000e+03,1.847778320312500000e+02,1.956906738281250000e+02,1.080103637695312500e+03,2.355898193359375000e+03,3.866040527343750000e+03,1.165927978515625000e+03,1.326936401367187500e+03,1.799892822265625000e+03,3.809312744140625000e+02,2.233619079589843750e+02,6.708105468750000000e+01,6.499856567382812500e+01,5.357302246093750000e+02,1.282723693847656250e+02,3.339990234375000000e+03,4.725604980468750000e+03,3.000844726562500000e+02,3.966318603515625000e+03,7.259750976562500000e+02,7.576672363281250000e+02,7.865342773437500000e+03,3.476674194335937500e+02,3.639155273437500000e+03,2.441158142089843750e+02,1.167457031250000000e+03,6.014408203125000000e+03,4.739533691406250000e+02,9.932191467285156250e+01,3.045397949218750000e+01,8.627453613281250000e+02,2.150015563964843750e+02,2.742058593750000000e+03,1.918558959960937500e+02
2.274572753906250000e+01,1.595632690429687500e+03,1.535919189453125000e+02,4.996766113281250000e+03,4.136748046875000000e+02,4.725597534179687500e+02,2.176823730468750000e+02,3.859188842773437500e+01,1.978011718750000000e+03,2.788610839843750000e+03,1.774572753906250000e+02,1.562399902343750000e+02,4.691311035156250000e+02,1.171811523437500000e+02,2.165251220703125000e+03,2.060457763671875000e+03,2.434741210937500000e+01,9.401751708984375000e+01,2.678500366210937500e+02,2.463948730468750000e+03,6.497180175781250000e+03,1.943834472656250000e+03,5.043344726562500000e+02,1.614032592773437500e+03,3.796438293457031250e+02,3.037973632812500000e+02,4.672360839843750000e+02,3.186862182617187500e+01,6.069277343750000000e+02,6.744384765625000000e-02,1.166808105468750000e+03,1.182723242187500000e+04,5.463625488281250000e+02,6.368581054687500000e+03,3.772136230468750000e+02,2.869035888671875000e+03,9.716423828125000000e+03,2.560471191406250000e+02,9.083177490234375000e+02,1.475200195312500000e+02,7.556579589843750000e+02,1.022696289062500000e+03,5.105518188476562500e+02,4.971046752929687500e+02,1.057644042968750000e+02,1.364604125976562500e+03,1.540507812500000000e+02,7.241859130859375000e+02,2.893021240234375000e+02
8.472583007812500000e+01,1.792113281250000000e+03,3.792143554687500000e+02,1.927270898437500000e+04,2.086406250000000000e+02,2.601782226562500000e+02,1.390011291503906250e+02,6.031529235839843750e+01,2.716896484375000000e+03,1.856744384765625000e+03,7.428684692382812500e+02,3.842177734375000000e+02,1.061299804687500000e+03,2.245260620117187500e+02,1.057054931640625000e+03,2.128732421875000000e+03,8.686010742187500000e+01,8.901977539062500000e-02,2.355545654296875000e+02,7.889524902343750000e+03,2.028324707031250000e+03,4.234706054687500000e+03,5.510984497070312500e+02,3.562153808593750000e+03,7.506984863281250000e+02,2.495021057128906250e+02,2.658886718750000000e+02,6.186459350585937500e+01,5.672895507812500000e+02,7.665182495117187500e+01,4.890625000000000000e+02,4.002394531250000000e+03,5.670004272460937500e+02,8.040682617187500000e+03,7.629583740234375000e+02,8.680603027343750000e+02,4.441615722656250000e+03,1.654453979492187500e+03,8.063991699218750000e+02,3.713816223144531250e+02,1.629821777343750000e+02,6.152320800781250000e+03,1.298228637695312500e+03,1.229240112304687500e+02,3.901306152343750000e+01,9.894594726562500000e+02,1.015045471191406250e+02,6.764694824218750000e+02,3.962935180664062500e+02
7.450976562500000000e+01,1.821037841796875000e+03,3.583485107421875000e+02,4.650211914062500000e+03,4.557102050781250000e+02,2.719139404296875000e+02,8.762503051757812500e+01,7.592480468750000000e+01,3.063272949218750000e+03,1.741950927734375000e+03,6.596689453125000000e+02,6.646586914062500000e+02,1.122289062500000000e+03,6.698668212890625000e+02,1.101988037109375000e+03,2.159336914062500000e+03,2.487943115234375000e+02,1.187841186523437500e+02,1.426640014648437500e+02,2.643071777343750000e+03,2.265639648437500000e+03,1.495581542968750000e+03,6.383941650390625000e+02,2.139547607421875000e+03,3.211234741210937500e+02,2.876887817382812500e+02,3.092087707519531250e+02,1.508972167968750000e+00,2.812587890625000000e+02,1.596490478515625000e+01,1.957504394531250000e+03,4.137421875000000000e+03,6.228236694335937500e+02,4.050776367187500000e+03,4.727956542968750000e+02,1.042734863281250000e+03,4.461778320312500000e+03,3.764896850585937500e+02,8.281596679687500000e+02,5.127200927734375000e+02,6.555833740234375000e+02,4.947807617187500000e+02,8.031834716796875000e+02,1.217970046997070312e+02,2.100537109375000000e+01,1.861092895507812500e+03,1.457373046875000000e+02,5.375311279296875000e+02,4.488705444335937500e+02
6.534801025390625000e+02,1.872789062500000000e+03,5.085737915039062500e+02,9.001763671875000000e+03,1.336872070312500000e+03,4.887797851562500000e+02,3.187937316894531250e+02,1.615781402587890625e+02,4.559614746093750000e+03,1.784072143554687500e+03,1.115187377929687500e+03,1.432529541015625000e+03,1.129368774414062500e+03,4.248442382812500000e+02,9.696019287109375000e+02,2.105948242187500000e+03,5.477280273437500000e+02,6.715454101562500000e+01,7.051781005859375000e+02,2.774967285156250000e+03,2.181257324218750000e+03,1.546006835937500000e+03,5.713619384765625000e+02,2.007089721679687500e+03,8.720919189453125000e+02,4.833646240234375000e+02,6.642154541015625000e+02,3.035844726562500000e+02,9.592138671875000000e+01,3.333960876464843750e+02,4.514306152343750000e+03,4.213910156250000000e+03,3.675853576660156250e+02,4.029183349609375000e+03,4.578077392578125000e+02,1.333622680664062500e+03,4.519715332031250000e+03,3.911814575195312500e+02,1.295388061523437500e+03,4.660508422851562500e+02,1.473599731445312500e+03,6.919550292968750000e+03,7.803995971679687500e+02,1.693280792236328125e+02,1.357017944335937500e+03,9.377756347656250000e+02,5.347307128906250000e+02,4.964875488281250000e+02,4.083860473632812500e+02
6.980018310546875000e+02,1.798601074218750000e+03,6.202155761718750000e+02,6.160827636718750000e+03,1.271291748046875000e+03,6.989636230468750000e+02,2.947518615722656250e+02,1.636265411376953125e+02,4.073016601562500000e+03,1.762047851562500000e+03,9.891103515625000000e+02,1.490224609375000000e+03,1.024019653320312500e+03,3.733775024414062500e+02,1.101909057617187500e+03,3.212981933593750000e+03,4.648465576171875000e+02,2.597018737792968750e+02,6.166479492187500000e+02,2.670451660156250000e+03,2.203789794921875000e+03,2.225929443359375000e+03,5.616635742187500000e+02,1.988414550781250000e+03,6.060036621093750000e+02,5.318262329101562500e+02,4.965183715820312500e+02,2.432348327636718750e+02,2.652602539062500000e+02,3.122276611328125000e+02,4.267406250000000000e+03,4.136049804687500000e+03,4.913362121582031250e+02,4.024583007812500000e+03,4.079279785156250000e+02,8.861391601562500000e+02,4.503028808593750000e+03,3.597555541992187500e+02,6.935432128906250000e+02,3.068199157714843750e+02,1.311519165039062500e+03,6.685501464843750000e+03,6.763608398437500000e+02,1.183528900146484375e+02,1.364601684570312500e+03,9.180718994140625000e+02,4.895221862792968750e+02,4.990374755859375000e+02,3.250102539062500000e+02
2.704589843750000000e+02,1.797410766601562500e+03,6.281361083984375000e+02,3.898489746093750000e+03,8.806549072265625000e+02,2.103078002929687500e+02,1.655908203125000000e+02,1.203746795654296875e+02,4.814692382812500000e+02,1.715340454101562500e+03,6.173338623046875000e+02,2.154761718750000000e+03,1.062669067382812500e+03,1.438265380859375000e+02,1.169388427734375000e+03,6.170333007812500000e+03,7.783508300781250000e+01,2.759016418457031250e+02,1.566386108398437500e+02,2.511947753906250000e+03,2.163242187500000000e+03,1.255327026367187500e+03,5.930662841796875000e+02,1.497688232421875000e+03,7.343416748046875000e+02,5.643751831054687500e+02,2.727429199218750000e+02,1.298580322265625000e+02,9.911191406250000000e+02,2.426992187500000000e+02,2.578024902343750000e+03,3.574354980468750000e+03,3.332621459960937500e+02,4.034138183593750000e+03,5.045568237304687500e+02,8.897989501953125000e+02,4.065307128906250000e+03,2.903982543945312500e+02,1.008994628906250000e+03,2.786704406738281250e+02,4.720047607421875000e+02,1.102613281250000000e+03,6.499716796875000000e+02,1.616962738037109375e+02,1.130968872070312500e+03,1.509613525390625000e+03,1.765567321777343750e+02,4.990417480468750000e+02,3.804655761718750000e+02
1.098681640625000000e+01,1.802026245117187500e+03,4.581047363281250000e+02,4.911012695312500000e+03,4.091538085937500000e+02,3.654323730468750000e+02,2.424732360839843750e+02,1.248984527587890625e+02,2.203240722656250000e+03,1.675626953125000000e+03,8.985010986328125000e+02,1.196850585937500000e+02,1.043848876953125000e+03,9.872308349609375000e+01,2.362399902343750000e+02,2.099714111328125000e+03,1.046229248046875000e+02,2.759275512695312500e+02,8.958217773437500000e+02,2.147516113281250000e+03,1.984415039062500000e+03,1.250236328125000000e+03,1.034851562500000000e+03,1.737886474609375000e+03,5.038440856933593750e+02,3.913831787109375000e+02,2.125726318359375000e+02,2.628293151855468750e+02,1.124279785156250000e+01,9.132290649414062500e+01,4.539197265625000000e+03,2.099489257812500000e+03,3.313170776367187500e+02,3.891924804687500000e+03,4.857926025390625000e+02,5.533385009765625000e+02,7.690145996093750000e+03,3.459066772460937500e+02,3.640693847656250000e+03,2.214508972167968750e+02,4.257526855468750000e+02,6.074912109375000000e+03,5.549135131835937500e+02,1.245921401977539062e+02,1.200430908203125000e+02,4.847973632812500000e+02,2.190463562011718750e+02,2.885977539062500000e+03,1.360815429687500000e+01
9.665710449218750000e+01,1.820686767578125000e+03,2.738701171875000000e+02,5.235340820312500000e+03,6.402817382812500000e+02,1.824055175781250000e+02,2.620094604492187500e+02,5.066467285156250000e+00,1.936962890625000000e+03,2.391243164062500000e+03,4.597915039062500000e+02,3.866406250000000000e+02,2.651316406250000000e+03,2.961834716796875000e+02,5.116990966796875000e+02,1.956424560546875000e+03,7.921533203125000000e+01,6.761987304687500000e+01,6.555010986328125000e+01,2.570411376953125000e+03,6.593072265625000000e+03,1.355376220703125000e+03,5.029016723632812500e+02,2.933744140625000000e+03,8.578151855468750000e+02,1.776177978515625000e+01,7.745880126953125000e+01,8.301843261718750000e+01,2.652130126953125000e+02,2.872604370117187500e+01,2.116487304687500000e+03,8.223113281250000000e+03,2.911518249511718750e+02,4.920553710937500000e+03,8.737081909179687500e+02,3.605398925781250000e+03,7.665831054687500000e+03,6.891127929687500000e+02,5.616442871093750000e+02,3.233880004882812500e+02,1.987263427734375000e+03,2.250360351562500000e+03,5.517390747070312500e+02,2.196329956054687500e+02,9.871679687500000000e+01,4.228811035156250000e+02,1.101765136718750000e+02,8.640921630859375000e+02,3.995473632812500000e+02
1.023529052734375000e+02,1.825191040039062500e+03,2.554848022460937500e+02,1.482703320312500000e+04,8.038789062500000000e+02,1.195868530273437500e+02,9.652731323242187500e+01,1.933208007812500000e+02,2.441483886718750000e+03,1.629866577148437500e+03,7.096359863281250000e+02,9.834162597656250000e+02,1.055780639648437500e+03,1.816605834960937500e+02,1.125409423828125000e+03,2.017004882812500000e+03,6.304431152343750000e+01,1.231390380859375000e+01,2.186300659179687500e+02,7.648545898437500000e+03,2.064509277343750000e+03,4.367036132812500000e+03,5.729942016601562500e+02,2.900860839843750000e+03,8.029266357421875000e+02,4.606918640136718750e+02,2.468701171875000000e+01,3.273281250000000000e+02,3.659108886718750000e+02,1.318679809570312500e+01,7.833061523437500000e+02,1.788010253906250000e+03,3.618402099609375000e+02,6.052377929687500000e+03,4.869337158203125000e+02,5.857166137695312500e+02,4.366639160156250000e+03,1.471550048828125000e+03,5.136442871093750000e+02,2.423433990478515625e+02,2.343894531250000000e+03,6.080515625000000000e+03,1.101229736328125000e+03,4.821811218261718750e+02,7.863232421875000000e+01,4.194102783203125000e+02,2.078796997070312500e+02,6.780012207031250000e+02,4.111036987304687500e+02
6.678186035156250000e+01,1.863667480468750000e+03,3.137998046875000000e+02,4.087225585937500000e+03,5.873273925781250000e+02,1.931973876953125000e+02,2.851355590820312500e+02,1.455924987792968750e+02,1.905921875000000000e+03,1.621141479492187500e+03,3.934188232421875000e+02,3.381044921875000000e+02,1.117099365234375000e+03,3.807296142578125000e+02,1.135661743164062500e+03,2.048676269531250000e+03,1.901599121093750000e+02,5.389135742187500000e+01,1.466920166015625000e+02,2.265251464843750000e+03,2.023951782226562500e+03,1.034017089843750000e+03,5.325063476562500000e+02,1.577042236328125000e+03,1.502540283203125000e+02,3.227585144042968750e+02,2.498697509765625000e+02,2.708117370605468750e+02,3.529892578125000000e+02,3.668746948242187500e+01,1.322801757812500000e+03,1.667456787109375000e+03,5.397529907226562500e+02,3.967400634765625000e+03,5.339121093750000000e+02,6.896674804687500000e+02,4.414205078125000000e+03,3.357302246093750000e+02,5.073347167968750000e+02,2.660070495605468750e+02,1.111814697265625000e+03,1.898854492187500000e+03,6.045820312500000000e+02,1.070559844970703125e+02,8.623913574218750000e+01,5.644771728515625000e+02,2.156557922363281250e+02,6.931365966796875000e+02,4.383803100585937500e+02
6.677139892578125000e+02,1.997321289062500000e+03,3.606600952148437500e+02,7.188557617187500000e+03,1.423780029296875000e+03,4.973336791992187500e+02,2.739951171875000000e+02,1.678665313720703125e+02,3.987131347656250000e+03,1.624039794921875000e+03,7.854349365234375000e+02,1.563168212890625000e+03,1.155128784179687500e+03,3.583637084960937500e+02,1.135796630859375000e+03,1.987850952148437500e+03,4.907261962890625000e+02,9.568884277343750000e+01,6.296163330078125000e+02,2.454117675781250000e+03,2.095908935546875000e+03,1.378568725585937500e+03,5.361741333007812500e+02,1.698118408203125000e+03,5.945083007812500000e+02,5.640846557617187500e+02,3.989373168945312500e+02,2.371788024902343750e+02,2.105975341796875000e+03,3.040368957519531250e+02,3.040271484375000000e+03,1.697426757812500000e+03,3.191100463867187500e+02,3.976586181640625000e+03,4.364995117187500000e+02,8.817404785156250000e+02,4.483693359375000000e+03,3.098064575195312500e+02,5.992734375000000000e+02,3.504084472656250000e+02,1.683283081054687500e+03,6.292278320312500000e+03,6.421744995117187500e+02,1.466243896484375000e+02,1.343525756835937500e+03,9.811168212890625000e+02,5.082287292480468750e+02,4.988812255859375000e+02,2.627655029296875000e+02
6.464020996093750000e+02,1.842051879882812500e+03,6.148347778320312500e+02,5.948816894531250000e+03,1.290796630859375000e+03,4.973771972656250000e+02,2.655119323730468750e+02,1.696186218261718750e+02,3.874844726562500000e+03,1.630159790039062500e+03,6.349776000976562500e+02,1.513439208984375000e+03,1.018103393554687500e+03,3.484815063476562500e+02,1.106193847656250000e+03,2.669805175781250000e+03,4.410931396484375000e+02,2.679859313964843750e+02,6.167802734375000000e+02,1.962816894531250000e+03,2.087967041015625000e+03,2.188985839843750000e+03,5.309201660156250000e+02,1.682432128906250000e+03,5.588065185546875000e+02,4.392654113769531250e+02,3.754389038085937500e+02,2.105438232421875000e+02,1.856725708007812500e+03,2.993729858398437500e+02,3.110849121093750000e+03,1.768002197265625000e+03,3.798201599121093750e+02,3.895009765625000000e+03,4.277160644531250000e+02,6.056455078125000000e+02,4.435111328125000000e+03,2.786542053222656250e+02,4.491423339843750000e+02,4.487610473632812500e+02,1.511401245117187500e+03,5.948278320312500000e+03,5.610158081054687500e+02,1.240153427124023438e+02,1.339526000976562500e+03,9.744364013671875000e+02,4.800643920898437500e+02,5.012849121093750000e+02,2.774630737304687500e+02
7.154827880859375000e+02,1.842768432617187500e+03,5.351563110351562500e+02,5.632180664062500000e+03,6.158813476562500000e+01,7.178604736328125000e+02,3.692117919921875000e+02,8.170495605468750000e+01,3.801982421875000000e+03,1.635694091796875000e+03,4.127146301269531250e+02,1.488094482421875000e+03,1.148667602539062500e+03,3.417047119140625000e+02,2.290701904296875000e+02,5.231590820312500000e+03,1.521861572265625000e+02,2.763740234375000000e+02,6.327669067382812500e+02,1.779503295898437500e+03,1.914546386718750000e+03,1.371799194335937500e+03,5.243777465820312500e+02,9.552258300781250000e+02,2.420043945312500000e+02,2.423021850585937500e+02,3.684453735351562500e+02,2.023845825195312500e+02,8.320192871093750000e+02,3.018546142578125000e+02,3.202928222656250000e+03,1.838364013671875000e+03,3.009887084960937500e+02,3.928116699218750000e+03,3.747098388671875000e+02,6.556098632812500000e+02,3.604231933593750000e+03,2.629551391601562500e+02,5.252984619140625000e+02,1.868535766601562500e+02,1.803367065429687500e+03,1.587191406250000000e+03,4.577745361328125000e+02,1.142975997924804688e+02,1.203074707031250000e+03,8.062861328125000000e+02,4.900651245117187500e+02,5.071120605468750000e+02,1.624933319091796875e+02
8.185327148437500000e+02,1.830802001953125000e+03,3.201126098632812500e+02,2.589276367187500000e+03,3.525424804687500000e+02,1.974693603515625000e+02,2.153312377929687500e+02,1.612048339843750000e+01,1.314923828125000000e+03,1.635910156250000000e+03,3.503143310546875000e+02,2.976078369140625000e+03,1.090363891601562500e+03,7.148234252929687500e+02,2.209314575195312500e+02,2.101003662109375000e+03,8.237304687500000000e-01,3.009750976562500000e+02,9.323510742187500000e+01,1.816392333984375000e+03,1.684562011718750000e+03,1.050434082031250000e+03,8.600782470703125000e+02,1.233079345703125000e+03,1.034596862792968750e+02,1.884226989746093750e+02,6.680194091796875000e+01,4.842356872558593750e+02,1.529289550781250000e+02,5.830528564453125000e+02,3.916285156250000000e+03,1.520381103515625000e+03,4.023036499023437500e+02,3.686302246093750000e+03,6.218919677734375000e+02,5.349127807617187500e+02,7.018737304687500000e+03,2.530816650390625000e+02,2.742119384765625000e+03,1.581808471679687500e+02,1.185104003906250000e+03,5.571896484375000000e+03,4.605154418945312500e+02,1.120268554687500000e+02,5.663825683593750000e+02,5.800245361328125000e+02,3.206336669921875000e+02,2.724417968750000000e+03,3.414680175781250000e+02
1.478583984375000000e+02,5.515985107421875000e+02,3.837902221679687500e+02,4.830469726562500000e+03,5.999375000000000000e+02,5.685453491210937500e+02,2.083744506835937500e+02,2.451275634765625000e+01,1.906217773437500000e+03,1.818882324218750000e+03,3.035089416503906250e+02,2.986965332031250000e+02,1.053546875000000000e+03,1.941621704101562500e+02,2.553150878906250000e+03,2.022037109375000000e+03,1.910156250000000000e+00,3.680953369140625000e+02,1.351612304687500000e+03,1.916571289062500000e+03,6.899164062500000000e+03,1.903361816406250000e+03,4.461536254882812500e+02,9.779354248046875000e+02,2.168198242187500000e+02,2.433728637695312500e+02,9.126525878906250000e+01,9.467572021484375000e+01,9.410864257812500000e+01,3.880688476562500000e+01,8.130693359375000000e+02,8.242758789062500000e+03,3.013947143554687500e+02,3.234481933593750000e+03,3.752233886718750000e+02,2.703984619140625000e+03,8.361232421875000000e+03,2.022282104492187500e+02,3.741954345703125000e+02,3.837151184082031250e+02,1.178291503906250000e+03,1.580331542968750000e+03,4.803750000000000000e+02,5.367301635742187500e+02,2.362792968750000000e+00,1.794409179687500000e+01,1.408916625976562500e+02,9.584984130859375000e+02,1.218801727294921875e+02
2.411865234375000000e+02,1.797295654296875000e+03,2.686479492187500000e+02,1.594502734375000000e+04,4.301322021484375000e+02,7.562658691406250000e+01,3.143536376953125000e+02,1.923760986328125000e+01,2.050440917968750000e+03,1.637344482421875000e+03,3.512922363281250000e+02,7.591315917968750000e+02,3.330468750000000000e+03,1.804882812500000000e+02,2.708120727539062500e+02,2.120993896484375000e+03,6.251562500000000000e+01,1.966238403320312500e+02,8.505615234375000000e+01,7.253706542968750000e+03,1.802416992187500000e+03,3.298893310546875000e+03,4.873470458984375000e+02,1.420396484375000000e+03,2.300986022949218750e+02,2.205829772949218750e+02,8.828039550781250000e+01,7.717828369140625000e+01,2.520495605468750000e+02,4.358044433593750000e+01,6.538378906250000000e+01,1.654777587890625000e+03,5.247445068359375000e+02,4.836990234375000000e+03,1.436858520507812500e+03,4.874432373046875000e+02,4.273120117187500000e+03,1.428151123046875000e+03,3.706893310546875000e+02,2.178086090087890625e+02,3.937611083984375000e+02,5.211840332031250000e+03,1.032422363281250000e+03,1.106263122558593750e+02,1.940997314453125000e+02,1.149813964843750000e+03,2.088389587402343750e+02,7.403942871093750000e+02,1.151246490478515625e+02
6.976722412109375000e+02,1.799204223632812500e+03,3.508200073242187500e+02,4.398028320312500000e+03,3.104885253906250000e+02,2.450222778320312500e+02,1.027874755859375000e+02,3.037106628417968750e+02,2.060308593750000000e+03,1.629064941406250000e+03,6.797479248046875000e+01,3.342629394531250000e+02,1.034154174804687500e+03,3.431186523437500000e+02,3.314320678710937500e+02,2.160554199218750000e+03,1.759586181640625000e+02,1.726701354980468750e+02,1.247694091796875000e+02,1.793960083007812500e+03,1.724880615234375000e+03,1.171057617187500000e+03,5.000152587890625000e+02,1.688219604492187500e+03,6.475900878906250000e+02,2.924509277343750000e+02,5.063928222656250000e+01,7.375946044921875000e+01,1.501301269531250000e+02,6.472647094726562500e+01,2.294448730468750000e+03,1.777582031250000000e+03,5.011388549804687500e+02,3.715426513671875000e+03,3.814296875000000000e+02,4.951030273437500000e+02,4.372686523437500000e+03,2.496920471191406250e+02,4.165662841796875000e+02,1.346565856933593750e+02,4.535278320312500000e+02,2.461598632812500000e+03,4.720903930664062500e+02,9.916888427734375000e+01,1.249252929687500000e+02,6.129951171875000000e+02,2.451985778808593750e+02,6.693859863281250000e+02,1.199344329833984375e+02
6.528924560546875000e+02,1.821666748046875000e+03,3.799140625000000000e+02,5.834641601562500000e+03,1.283350341796875000e+03,4.857562866210937500e+02,3.997539672851562500e+02,2.310958862304687500e+01,3.750657714843750000e+03,1.647599487304687500e+03,3.808873291015625000e+02,1.451509033203125000e+03,1.042224365234375000e+03,3.208087768554687500e+02,4.867883300781250000e+02,1.902830078125000000e+03,4.111822509765625000e+02,4.588397216796875000e+01,6.238005981445312500e+02,1.914111572265625000e+03,1.730091308593750000e+03,1.008870483398437500e+03,4.677451171875000000e+02,1.309535766601562500e+03,2.258945465087890625e+02,2.785046081542968750e+02,3.698689575195312500e+02,1.728114318847656250e+02,2.002054809570312500e+03,3.016964111328125000e+02,2.953543945312500000e+03,1.776803222656250000e+03,3.442576904296875000e+02,3.871637695312500000e+03,3.725789794921875000e+02,5.443828735351562500e+02,4.448945312500000000e+03,2.425294189453125000e+02,4.447388916015625000e+02,1.350891113281250000e+02,1.073122802734375000e+03,5.980477539062500000e+03,5.149657592773437500e+02,1.111613159179687500e+02,1.363515869140625000e+03,1.064195312500000000e+03,4.992443847656250000e+02,4.983146972656250000e+02,1.325680541992187500e+02
6.425612792968750000e+02,1.799890502929687500e+03,4.588418579101562500e+02,5.636683593750000000e+03,1.199738769531250000e+03,2.508472290039062500e+02,2.846547546386718750e+02,1.794427490234375000e+01,3.658814941406250000e+03,1.651312500000000000e+03,3.748507080078125000e+02,1.471143798828125000e+03,1.016562500000000000e+03,3.198166503906250000e+02,3.380308227539062500e+02,1.468721679687500000e+03,3.749875488281250000e+02,2.596909484863281250e+02,6.088493652343750000e+02,1.599545410156250000e+03,1.793864990234375000e+03,1.877027832031250000e+03,4.940371093750000000e+02,1.425451782226562500e+03,2.112469482421875000e+02,2.429284667968750000e+02,3.645494995117187500e+02,1.747492675781250000e+02,1.848052978515625000e+02,2.894931030273437500e+02,3.362500000000000000e+03,1.703743652343750000e+03,3.022715148925781250e+02,3.630937744140625000e+03,3.694353027343750000e+02,4.969031372070312500e+02,4.385059570312500000e+03,2.346203308105468750e+02,3.721440429687500000e+02,2.052147827148437500e+02,8.961287841796875000e+02,6.135724609375000000e+03,4.646975708007812500e+02,1.025486297607421875e+02,1.413561035156250000e+03,1.072228149414062500e+03,4.836641845703125000e+02,5.062861328125000000e+02,1.100905151367187500e+02
