4.642371833324432373e-01,6.758434176445007324e-01,9.298785030841827393e-02,7.368310093879699707e-01,3.790774941444396973e-01,1.414457708597183228e-01,inf,4.447403848171234131e-01,2.459599971771240234e-01,8.138546347618103027e-01,7.384999096393585205e-02,3.096320927143096924e-01,2.892118096351623535e-01,2.275411784648895264e-02,8.062250018119812012e-01,3.410560846328735352e+00,4.848156273365020752e-01,2.481793314218521118e-01,1.370393514633178711e+00,2.863518893718719482e-01,3.883515894412994385e-01,1.149856373667716980e-01,2.343744933605194092e-01,2.163585186004638672e+00,4.195299625396728516e+00,8.703576028347015381e-02,7.238129377365112305e-01,6.712905168533325195e-01,2.569943368434906006e-01,5.190365910530090332e-01,2.358709424734115601e-01,6.345484256744384766e-01,1.334789395332336426e-01,inf,inf,1.606523804366588593e-02,4.319266080856323242e-01,1.861257553100585938e-01,inf,9.041263461112976074e-01,8.538972139358520508e-01,2.121039330959320068e-01,inf,8.739662766456604004e-01,5.346002802252769470e-02,5.600185394287109375e-01,7.280675172805786133e-01,1.027558818459510803e-01,1.442197100000000000e+07
4.977870285511016846e-01,inf,3.108975291252136230e-01,1.329140305519104004e+00,7.932459712028503418e-01,1.122422963380813599e-01,inf,4.673618972301483154e-01,2.429701238870620728e-01,inf,4.823810577392578125e+01,2.150507867336273193e-01,inf,1.282930254936218262e+00,inf,3.276685237884521484e+00,4.945467412471771240e-01,8.085627853870391846e-02,2.287790179252624512e-01,2.581607103347778320e-01,4.145981073379516602e-01,5.813256651163101196e-02,1.346498578786849976e-01,3.974524259567260742e+00,4.012145042419433594e+00,5.850948691368103027e-01,6.368122696876525879e-01,5.574948787689208984e-01,1.043363474309444427e-02,5.522697567939758301e-01,3.599526584148406982e-01,1.785301780700683594e+01,inf,5.972380638122558594e-01,5.528212189674377441e-01,4.079151153564453125e-01,inf,2.060833424329757690e-01,inf,6.845248500000000000e+06,4.364569485187530518e-02,2.379176169633865356e-01,5.955244302749633789e-01,1.432988400000000000e+07,2.615434229373931885e-01,inf,6.708563566207885742e-01,4.958463907241821289e-01,2.048950000000000000e+07
3.223043084144592285e-01,inf,2.374539077281951904e-01,7.574313879013061523e-01,5.270614624023437500e-01,4.810429736971855164e-02,7.088960409164428711e-01,2.226241677999496460e-01,2.581043541431427002e-01,inf,1.644549332559108734e-02,4.995818138122558594e-01,1.286304295063018799e-01,inf,inf,9.804003238677978516e-01,5.882317423820495605e-01,2.143313586711883545e-01,1.646622270345687866e-01,1.854191869497299194e-01,inf,1.589172333478927612e-01,1.143312007188796997e-01,6.662908196449279785e-01,7.270665764808654785e-01,1.068539261817932129e+00,4.406410455703735352e-01,9.565249830484390259e-02,1.982347574084997177e-03,6.016612648963928223e-01,2.254546403884887695e+00,8.460835456848144531e+00,2.881328165531158447e-01,inf,inf,2.038606256246566772e-01,8.582893610000610352e-01,2.415341734886169434e-01,inf,7.804070500000000000e+06,1.498167067766189575e-01,1.425746679306030273e-01,inf,7.466280000000000000e+06,2.148445248603820801e-01,6.228913068771362305e-01,7.301133871078491211e-01,3.095308840274810791e-01,2.993362000000000000e+07
inf,inf,3.860149383544921875e-01,inf,inf,inf,inf,3.965173661708831787e-01,1.161709800362586975e-01,inf,inf,inf,inf,1.200132668018341064e-01,inf,inf,inf,2.519245445728302002e-01,inf,inf,inf,inf,inf,inf,inf,inf,5.210322141647338867e-01,inf,8.819972872734069824e-01,inf,2.791810989379882812e+00,inf,inf,inf,2.501624226570129395e-01,inf,8.678561449050903320e-01,inf,inf,7.964730000000000000e+06,inf,1.442029029130935669e-01,inf,1.294555600000000000e+07,1.148320400000000000e+07,inf,inf,inf,2.995514400000000000e+07
inf,inf,9.289924502372741699e-01,1.054030914306640625e+02,4.770968556404113770e-01,inf,inf,1.446548200000000000e+07,inf,inf,inf,inf,inf,inf,inf,2.131199836730957031e+00,inf,9.970374000000000000e+06,inf,inf,inf,inf,inf,inf,inf,inf,inf,inf,9.766014814376831055e-01,inf,3.906052112579345703e+00,inf,inf,inf,inf,inf,inf,inf,inf,7.416349000000000000e+06,inf,3.643544614315032959e-01,inf,1.291117900000000000e+07,1.119029700000000000e+07,6.298396606445312500e+02,inf,inf,2.052742000000000000e+07
6.267302632331848145e-01,inf,1.576993584632873535e+00,8.046176433563232422e-01,2.344557046890258789e-01,5.252125859260559082e-01,inf,1.058196100000000000e+07,4.391725957393646240e-01,4.758848571777343750e+01,2.009816467761993408e-01,5.422526001930236816e-01,4.342500269412994385e-01,inf,inf,7.745504379272460938e-01,6.021496653556823730e-01,8.391359000000000000e+06,2.976084649562835693e-01,3.546641469001770020e-01,inf,1.035020686686038971e-02,5.226533412933349609e-01,1.761099815368652344e+00,5.105089187622070312e+00,inf,inf,3.461517095565795898e-01,2.824670791625976562e+00,8.105223774909973145e-01,3.981990516185760498e-01,8.348117828369140625e+00,inf,inf,inf,7.223215103149414062e-01,inf,5.531566143035888672e-01,inf,7.567466000000000000e+06,inf,3.484509885311126709e-01,inf,8.314528000000000000e+06,6.316999197006225586e-01,6.844820976257324219e-01,4.928056001663208008e-01,5.508502125740051270e-01,3.034334000000000000e+07
2.097641378641128540e-01,inf,1.448166370391845703e-01,4.293725490570068359e-01,4.010566174983978271e-01,2.148360460996627808e-01,inf,5.663337111473083496e-01,9.574311971664428711e-02,inf,5.514452743530273438e+01,7.478252798318862915e-02,inf,7.662627100944519043e-02,inf,3.443448305130004883e+00,5.573852658271789551e-01,4.010077416896820068e-01,5.708741545677185059e-01,5.245577692985534668e-01,inf,5.754123330116271973e-01,9.768857806921005249e-02,2.922475576400756836e+00,8.441809654235839844e+00,3.423067927360534668e-01,2.904160618782043457e-01,1.464253902435302734e+00,3.955616801977157593e-02,1.156552657485008240e-01,1.201023340225219727e+00,1.860991096496582031e+01,inf,inf,3.727368414402008057e-01,6.648071855306625366e-02,3.907369971275329590e-01,3.946388959884643555e-01,7.895334959030151367e-01,8.809528000000000000e+06,6.106842160224914551e-01,2.649618387222290039e-01,inf,1.292860500000000000e+07,1.704209595918655396e-01,2.932429695129394531e+01,4.845714271068572998e-01,6.141290664672851562e-01,8.167250752449035645e-01
5.746282339096069336e-01,6.807320713996887207e-01,1.967316567897796631e-01,1.038893699645996094e+00,2.503736317157745361e-01,3.607494533061981201e-01,7.086853981018066406e-01,1.058042868971824646e-01,3.528480529785156250e-01,6.323415637016296387e-01,1.927282102406024933e-02,5.297721028327941895e-01,7.904843240976333618e-02,1.799475848674774170e-01,3.541688621044158936e-01,4.110937118530273438e+00,4.270654022693634033e-01,3.050354123115539551e-01,3.398441895842552185e-02,6.169258952140808105e-01,6.484444141387939453e-01,2.516267895698547363e-01,3.248868584632873535e-01,2.359766483306884766e+00,6.003837108612060547e+00,8.956782221794128418e-01,7.438701987266540527e-01,1.598823666572570801e+00,4.265065304934978485e-03,2.996019721031188965e-01,8.592277765274047852e-01,9.205437302589416504e-01,inf,inf,inf,1.702364087104797363e-01,4.781805276870727539e-01,3.826741278171539307e-01,inf,4.085982143878936768e-01,9.440894722938537598e-01,2.340073883533477783e-01,inf,7.704495787620544434e-01,2.336882650852203369e-01,7.017840743064880371e-01,8.511714935302734375e-01,9.636504948139190674e-02,2.800104800000000000e+07
5.617951750755310059e-01,inf,1.940512657165527344e-01,1.751683950424194336e+00,1.665467262268066406e+00,2.040744572877883911e-01,4.618325233459472656e-01,2.467710375785827637e-01,3.039482533931732178e-01,inf,2.682994651794433594e+01,4.619056582450866699e-01,inf,1.986114740371704102e+00,inf,4.305348873138427734e+00,4.414416551589965820e-01,1.137513890862464905e-01,2.280022948980331421e-01,4.967620372772216797e-01,4.648996889591217041e-01,1.461828052997589111e-01,1.816109716892242432e-01,3.101035594940185547e+00,1.106539249420166016e+01,7.154530286788940430e-01,5.755684524774551392e-02,6.627148985862731934e-01,1.853047162294387817e-01,5.825741216540336609e-02,4.180874228477478027e-01,7.136315822601318359e+00,6.255716681480407715e-01,5.451691150665283203e-01,5.238800644874572754e-01,1.737991273403167725e-01,inf,4.560329392552375793e-02,inf,8.027317000000000000e+06,3.496901690959930420e-01,2.755873501300811768e-01,5.272469520568847656e-01,1.172853400000000000e+07,4.844683781266212463e-02,8.239850044250488281e+00,7.844852209091186523e-01,1.175275146961212158e-01,2.983257600000000000e+07
4.828602075576782227e-01,inf,2.972842566668987274e-02,6.177631616592407227e-01,4.306869208812713623e-01,6.226569414138793945e-02,4.073219895362854004e-01,1.680391132831573486e-01,2.640884518623352051e-01,inf,1.035212352871894836e-01,1.363582611083984375e-01,2.556508183479309082e-01,inf,2.368142890930175781e+01,3.683154881000518799e-01,inf,3.715380728244781494e-01,3.106858432292938232e-01,5.807938575744628906e-01,inf,2.095782905817031860e-01,3.174106776714324951e-01,6.235582828521728516e-01,5.866857171058654785e-01,9.583183526992797852e-01,1.599671095609664917e-01,1.258321404457092285e+00,2.579504251480102539e-02,6.717318296432495117e-02,5.977410674095153809e-01,1.891786384582519531e+01,3.498157560825347900e-01,inf,inf,9.893193840980529785e-02,inf,1.620027236640453339e-02,inf,8.846618000000000000e+06,8.169818520545959473e-01,4.113607853651046753e-02,inf,1.020057700000000000e+07,1.743933111429214478e-01,7.254487872123718262e-01,inf,1.050149202346801758e-01,3.025517200000000000e+07
inf,inf,1.205975413322448730e-01,inf,6.069608688354492188e+00,inf,inf,1.260400500000000000e+07,inf,inf,inf,inf,inf,inf,inf,7.970698356628417969e+00,inf,9.388061612844467163e-02,inf,inf,inf,inf,inf,inf,inf,inf,inf,inf,3.650963306427001953e-01,inf,2.624150514602661133e+00,inf,inf,inf,inf,inf,inf,inf,inf,1.671886300000000000e+07,inf,4.145205914974212646e-01,inf,1.015964900000000000e+07,1.102645200000000000e+07,1.054879837036132812e+02,inf,inf,3.026065600000000000e+07
inf,inf,4.106816947460174561e-01,inf,inf,inf,inf,9.920140000000000000e+06,inf,inf,inf,inf,inf,inf,inf,5.088678359985351562e+01,inf,9.574287000000000000e+06,inf,inf,inf,inf,inf,inf,inf,inf,inf,inf,5.877980589866638184e-01,inf,3.687961101531982422e+00,inf,inf,inf,inf,inf,inf,inf,inf,7.900177000000000000e+06,inf,8.524489402770996094e-01,inf,9.102820000000000000e+06,8.068693000000000000e+06,inf,inf,inf,2.949899200000000000e+07
7.762855291366577148e-01,inf,2.406218767166137695e+00,6.941393017768859863e-02,4.125365018844604492e-01,5.803748965263366699e-01,5.518018603324890137e-01,7.574592000000000000e+06,inf,inf,inf,inf,2.827684581279754639e-01,inf,inf,5.270799994468688965e-01,8.081591725349426270e-01,8.730923000000000000e+06,inf,inf,inf,inf,inf,1.600449943542480469e+01,1.167361068725585938e+01,inf,inf,4.160424768924713135e-01,1.226773738861083984e+00,inf,4.640278339385986328e+00,inf,inf,inf,inf,inf,inf,5.844811797142028809e-01,inf,7.801036000000000000e+06,inf,7.272913455963134766e-01,inf,1.094645800000000000e+07,6.102625131607055664e-01,3.152786254882812500e+01,inf,7.235223650932312012e-01,3.032990800000000000e+07
5.518249273300170898e-01,inf,1.340084373950958252e-01,6.865757703781127930e-01,1.634503901004791260e-01,2.509314380586147308e-02,1.294131040573120117e+00,4.181905984878540039e-01,7.688112258911132812e-01,1.106888504028320312e+02,1.681063079833984375e+01,7.700861692428588867e-01,inf,6.838519573211669922e-01,inf,1.271751523017883301e+00,5.763478279113769531e-01,9.493711000000000000e+06,5.645822361111640930e-02,3.571151494979858398e-01,3.270874619483947754e-01,5.108484029769897461e-01,7.803580760955810547e-01,1.695833802223205566e-01,3.279792547225952148e+00,3.125208318233489990e-01,6.264811754226684570e-01,3.458828032016754150e-01,1.345271170139312744e-01,6.056903004646301270e-01,4.230323135852813721e-01,6.624943256378173828e+00,1.578485965728759766e-01,inf,5.812383294105529785e-01,6.895120143890380859e-01,3.547152280807495117e-01,1.257700771093368530e-01,7.015077471733093262e-01,7.742015000000000000e+06,5.153501629829406738e-01,7.068167328834533691e-01,inf,8.344152000000000000e+06,7.792017888277769089e-03,5.538995265960693359e-01,6.835568547248840332e-01,4.356708377599716187e-02,6.081510782241821289e-01
6.931416988372802734e-01,6.563590168952941895e-01,3.648233786225318909e-02,8.828504085540771484e-01,2.682538926601409912e-01,3.647778332233428955e-01,3.482577085494995117e+00,8.771498203277587891e-01,3.027597963809967041e-01,6.194595098495483398e-01,3.876936137676239014e-01,5.016800165176391602e-01,4.591144621372222900e-01,2.348528951406478882e-01,4.938822984695434570e-01,3.073859930038452148e+00,6.251229643821716309e-01,2.282567769289016724e-01,7.747398614883422852e-01,4.288867115974426270e-01,6.227794885635375977e-01,1.057380512356758118e-01,4.372986257076263428e-01,2.148868083953857422e+00,inf,8.608908653259277344e-01,6.532203555107116699e-01,7.812748849391937256e-02,1.395677030086517334e-01,4.999422281980514526e-02,8.125094175338745117e-01,5.293934941291809082e-01,4.818095564842224121e-01,inf,inf,6.778504848480224609e-01,6.345789432525634766e-01,9.408655017614364624e-02,inf,4.577988684177398682e-01,4.242842495441436768e-01,3.816629648208618164e-01,2.090220260620117188e+01,8.239147663116455078e-01,3.466469645500183105e-01,8.640919923782348633e-01,1.102723777294158936e-01,4.406345188617706299e-01,3.027251200000000000e+07
5.760404467582702637e-01,inf,3.756685256958007812e-01,1.076340794563293457e+00,7.165812253952026367e-01,8.539811521768569946e-02,9.304982423782348633e-02,4.208387136459350586e-01,2.766963243484497070e-01,inf,3.291120529174804688e+01,6.198585778474807739e-02,inf,1.821827769279479980e+00,inf,2.608313798904418945e+00,4.799236059188842773e-01,3.445289731025695801e-01,2.654156982898712158e-01,5.010980963706970215e-01,inf,6.023080945014953613e-01,5.068579912185668945e-01,3.028885841369628906e+00,1.144170188903808594e+01,4.662549495697021484e-01,4.086073935031890869e-01,8.065160512924194336e-01,8.123657852411270142e-02,3.906334042549133301e-01,3.711168766021728516e-01,1.762530899047851562e+01,1.617356538772583008e+00,5.459812283515930176e-01,7.965686321258544922e-01,5.541093945503234863e-01,inf,3.601176142692565918e-01,inf,1.845736400000000000e+07,1.839160472154617310e-01,5.229260325431823730e-01,5.334057211875915527e-01,8.452559000000000000e+06,2.187747657299041748e-01,6.319237518310546875e+01,6.624067425727844238e-01,3.633816242218017578e-01,1.726747600000000000e+07
4.674238562583923340e-01,inf,2.437579780817031860e-01,7.900770902633666992e-01,4.653595015406608582e-02,7.179706543684005737e-02,3.602060675621032715e-01,8.434895000000000000e+06,2.412769943475723267e-01,inf,1.559353917837142944e-01,5.298565626144409180e-01,2.961601018905639648e-01,inf,inf,9.656840562820434570e-01,5.466732978820800781e-01,1.174471378326416016e-01,3.226384520530700684e-01,4.410778284072875977e-01,inf,8.528549969196319580e-02,4.022513031959533691e-01,6.386144161224365234e-01,5.615687966346740723e-01,4.453137218952178955e-01,2.923980951309204102e-01,1.810646057128906250e-01,2.952240593731403351e-02,3.313300907611846924e-01,1.489796936511993408e-01,2.011711120605468750e+01,2.075494527816772461e-01,inf,inf,4.959833920001983643e-01,4.396219849586486816e-01,1.487867832183837891e-01,inf,9.332662000000000000e+06,4.197255074977874756e-01,5.304092764854431152e-01,inf,8.042651000000000000e+06,1.215762943029403687e-01,7.518514394760131836e-01,4.947251975536346436e-01,2.108165025711059570e-01,3.026112000000000000e+07
inf,inf,4.767409339547157288e-02,inf,1.529993861913681030e-01,inf,inf,7.183733582496643066e-01,1.768366992473602295e-01,inf,inf,inf,inf,2.619255483150482178e-01,inf,3.931059360504150391e+00,inf,5.021724700927734375e-01,inf,inf,inf,inf,inf,inf,inf,inf,5.816961079835891724e-02,inf,4.246584475040435791e-01,inf,2.481626272201538086e+00,inf,inf,inf,6.012348532676696777e-01,inf,7.414443045854568481e-02,inf,inf,1.691403600000000000e+07,2.696138024330139160e-01,2.188592851161956787e-01,inf,7.999240500000000000e+06,1.482325900000000000e+07,inf,inf,inf,3.026028800000000000e+07
inf,inf,7.027145028114318848e-01,3.639487915039062500e+02,inf,inf,inf,1.077303300000000000e+07,inf,inf,inf,inf,inf,inf,inf,1.384674549102783203e+01,inf,1.050133100000000000e+07,inf,inf,inf,inf,inf,inf,inf,inf,inf,inf,5.733155608177185059e-01,inf,3.106114864349365234e+00,inf,inf,inf,inf,inf,inf,inf,inf,7.793817500000000000e+06,inf,2.300460785627365112e-01,inf,8.364190000000000000e+06,1.012222900000000000e+07,inf,inf,inf,3.016401200000000000e+07
7.020481228828430176e-01,inf,1.461361050605773926e+00,3.174697235226631165e-02,3.447699844837188721e-01,5.395127534866333008e-01,3.894929289817810059e-01,1.040798400000000000e+07,4.624230861663818359e-01,3.544781494140625000e+01,1.051501110196113586e-01,6.864601373672485352e-01,5.294840335845947266e-01,inf,inf,6.547005176544189453e-01,6.711828708648681641e-01,8.975231000000000000e+06,3.064892590045928955e-01,2.505428791046142578e-01,inf,2.691848576068878174e-01,6.791597008705139160e-01,1.021068930625915527e+00,7.454930305480957031e+00,inf,inf,6.770954728126525879e-01,1.681101202964782715e+00,6.152458190917968750e-01,3.487248420715332031e-01,9.074531555175781250e+00,inf,inf,inf,6.392143368721008301e-01,inf,5.736923813819885254e-01,inf,8.006076000000000000e+06,inf,3.933562040328979492e-01,inf,7.585270000000000000e+06,1.921452730894088745e-01,7.686347365379333496e-01,1.657371222972869873e-01,6.850075721740722656e-01,3.031398800000000000e+07
4.189795851707458496e-01,inf,3.838575482368469238e-01,7.439061999320983887e-01,2.219087183475494385e-01,2.523100674152374268e-01,2.017761468887329102e+00,1.608584100000000000e+07,inf,inf,2.858685493469238281e+01,4.528170228004455566e-01,inf,inf,inf,3.543584823608398438e+00,6.030542254447937012e-01,4.516621232032775879e-01,6.839337944984436035e-01,8.163757920265197754e-01,5.736041665077209473e-01,5.283029079437255859e-01,2.795984148979187012e-01,1.744649171829223633e+00,9.430826187133789062e+00,inf,inf,7.803992033004760742e-01,1.379800140857696533e-01,1.179906249046325684e+00,8.432369232177734375e-01,2.655703544616699219e+01,inf,inf,inf,7.612948119640350342e-02,inf,2.389809787273406982e-01,6.953967809677124023e-01,7.161685500000000000e+06,inf,3.387075066566467285e-01,inf,9.432067000000000000e+06,5.820781737565994263e-02,2.245149803161621094e+01,1.152268886566162109e+00,9.776063263416290283e-02,5.892722606658935547e-01
7.014548778533935547e-01,6.833744049072265625e-01,3.435067236423492432e-01,6.817904710769653320e-01,9.268751740455627441e-02,7.662530243396759033e-02,2.584086060523986816e-01,6.827034950256347656e-01,6.010799407958984375e-01,6.561003327369689941e-01,2.309091985225677490e-01,3.205652236938476562e-01,3.816151916980743408e-01,4.332825541496276855e-01,5.049794316291809082e-01,5.682547569274902344e+00,7.034652829170227051e-01,1.580333113670349121e-01,2.344514429569244385e-01,6.278899908065795898e-01,5.824808478355407715e-01,3.579800128936767578e-01,inf,1.969731330871582031e+00,1.068381404876708984e+01,inf,7.750993371009826660e-01,6.009616330265998840e-02,5.652212724089622498e-02,3.765532979741692543e-03,5.303746461868286133e-01,6.255463361740112305e-01,4.205539226531982422e-01,inf,inf,2.994925975799560547e-01,3.261277079582214355e-01,3.650121390819549561e-01,inf,5.865633487701416016e-01,6.436795592308044434e-01,4.099220633506774902e-01,inf,8.013701438903808594e-01,2.610203623771667480e-01,5.365366935729980469e-01,1.006026268005371094e+00,5.077068209648132324e-01,2.806811200000000000e+07
5.336076021194458008e-01,inf,3.673567175865173340e-01,1.249671339988708496e+00,1.382540225982666016e+00,1.992738991975784302e-01,1.463409513235092163e-01,6.274139881134033203e-02,2.963969409465789795e-01,inf,2.244181442260742188e+01,3.722090721130371094e-01,inf,1.122841715812683105e+00,inf,3.427488327026367188e+00,6.697760224342346191e-01,2.221277803182601929e-01,3.088420033454895020e-01,3.384914100170135498e-01,inf,inf,7.192202210426330566e-01,2.542637109756469727e+00,1.701225852966308594e+01,7.095069885253906250e-01,1.230106726288795471e-01,3.190637230873107910e-01,6.929566711187362671e-02,1.633408218622207642e-01,1.359885483980178833e-01,2.941854667663574219e+01,1.164126247167587280e-01,5.760700106620788574e-01,7.035166621208190918e-01,2.832455933094024658e-01,2.334080487489700317e-01,3.962007462978363037e-01,inf,7.548911500000000000e+06,1.616291254758834839e-01,4.052700698375701904e-01,5.896688699722290039e-01,1.083988700000000000e+07,2.414578795433044434e-01,5.564834594726562500e+00,6.274946928024291992e-01,4.464016854763031006e-01,2.235495200000000000e+07
3.643439710140228271e-01,inf,3.024367690086364746e-01,7.185706496238708496e-01,8.119837641716003418e-01,7.190924882888793945e-01,6.230749189853668213e-02,3.186116814613342285e-01,2.468440234661102295e-01,inf,6.508786976337432861e-02,3.749899268150329590e-01,4.560922682285308838e-01,inf,7.620326519012451172e+00,4.410742282867431641e+00,5.901905894279479980e-01,4.452024996280670166e-01,3.130607306957244873e-01,5.090208649635314941e-01,inf,inf,5.324835181236267090e-01,6.757316589355468750e-01,5.862457156181335449e-01,8.067075610160827637e-01,inf,4.167447984218597412e-01,5.682567134499549866e-03,7.739169895648956299e-02,1.557153016328811646e-01,4.181459045410156250e+01,4.653185904026031494e-01,inf,inf,3.032843768596649170e-01,inf,8.386629819869995117e-02,inf,7.402477500000000000e+06,1.082315295934677124e-01,4.145423173904418945e-01,inf,1.108112500000000000e+07,2.195459604263305664e-01,7.376884818077087402e-01,3.594185113906860352e-01,2.030650377273559570e-01,3.020257200000000000e+07
inf,inf,3.987670838832855225e-01,inf,inf,inf,inf,1.428428100000000000e+07,inf,inf,inf,1.160414218902587891e+01,inf,inf,inf,4.326899051666259766e+00,inf,6.620817780494689941e-01,inf,inf,inf,inf,inf,2.976872558593750000e+03,inf,inf,inf,inf,1.715606003999710083e-01,inf,1.995933651924133301e+00,5.525455856323242188e+01,inf,inf,inf,inf,inf,inf,inf,1.581441900000000000e+07,inf,inf,inf,1.163979900000000000e+07,1.711752800000000000e+07,inf,inf,inf,3.027814800000000000e+07
inf,inf,5.850566864013671875e+00,inf,inf,inf,inf,1.882006000000000000e+07,inf,inf,inf,inf,inf,inf,inf,7.816143512725830078e+00,inf,1.104545500000000000e+07,inf,inf,inf,inf,inf,inf,inf,inf,inf,inf,6.957395076751708984e-01,inf,3.400962352752685547e+00,inf,inf,inf,inf,inf,inf,inf,inf,8.167335500000000000e+06,inf,inf,inf,1.306461400000000000e+07,1.414184200000000000e+07,inf,inf,inf,2.466896800000000000e+07
7.405296564102172852e-01,inf,1.483260750770568848e+00,7.889339327812194824e-01,1.669981628656387329e-01,4.762767553329467773e-01,3.982190787792205811e-01,1.577599700000000000e+07,inf,inf,inf,inf,inf,inf,inf,7.970029830932617188e+00,inf,9.093657000000000000e+06,inf,inf,inf,inf,inf,inf,inf,inf,inf,inf,8.866114616394042969e-01,inf,3.720970630645751953e+00,inf,inf,inf,inf,inf,inf,inf,inf,8.303712500000000000e+06,inf,1.898661041259765625e+01,inf,1.139967900000000000e+07,5.920417904853820801e-01,inf,inf,inf,3.036488800000000000e+07
5.851759910583496094e-01,inf,2.297741889953613281e+00,1.601132273674011230e+00,1.951483726501464844e+00,1.620745539665222168e+00,1.562810897827148438e+00,1.816459745168685913e-02,7.191000580787658691e-01,7.440615844726562500e+01,1.235380649566650391e+01,6.452780365943908691e-01,inf,5.583417415618896484e-01,2.365834045410156250e+01,7.637012600898742676e-01,7.199946641921997070e-01,1.028564100000000000e+07,1.777525544166564941e-01,3.610044717788696289e-01,4.067781567573547363e-01,inf,7.470041513442993164e-01,4.374282062053680420e-02,4.554149150848388672e+00,inf,6.672260165214538574e-01,4.375882744789123535e-01,7.967968583106994629e-01,6.487699747085571289e-01,4.689785242080688477e-01,6.932178020477294922e+00,inf,inf,6.257926821708679199e-01,7.773676514625549316e-01,3.540910184383392334e-01,5.982533693313598633e-01,inf,9.657209000000000000e+06,6.716861724853515625e-01,7.897328138351440430e-01,inf,1.466748900000000000e+07,1.485036164522171021e-01,4.020559787750244141e-01,6.866159439086914062e-01,2.127973586320877075e-01,6.055155396461486816e-01
7.929164171218872070e-01,7.443146109580993652e-01,6.184225082397460938e-01,7.466035485267639160e-01,4.663911759853363037e-01,5.428081750869750977e-01,7.250554561614990234e-01,1.577331700000000000e+07,8.045919239521026611e-02,7.241242527961730957e-01,4.445368647575378418e-01,5.018894076347351074e-01,7.030442953109741211e-01,1.781820505857467651e-02,4.611348807811737061e-01,3.525785684585571289e+00,6.990088224411010742e-01,3.890360593795776367e-01,7.866974472999572754e-01,1.074861288070678711e+00,2.140736281871795654e-01,inf,4.314776360988616943e-01,2.017225503921508789e+00,1.548214626312255859e+01,inf,3.019884824752807617e-01,1.472533941268920898e+00,4.632106050848960876e-02,1.426624655723571777e-01,7.312869429588317871e-01,6.741611361503601074e-01,1.414407789707183838e-01,inf,5.883358120918273926e-01,3.836038708686828613e-01,5.503438115119934082e-01,1.231270506978034973e-01,6.428443789482116699e-01,5.063745975494384766e-01,3.715604782104492188e+00,3.397733867168426514e-01,inf,7.571318745613098145e-01,3.017232716083526611e-01,8.075079917907714844e-01,9.175486117601394653e-02,8.779556155204772949e-01,2.873414000000000000e+07
6.225891113281250000e-01,inf,5.177964568138122559e-01,4.036077022552490234e+00,2.878789044916629791e-02,1.301093250513076782e-01,1.101971939206123352e-01,5.620709657669067383e-01,7.171288598328828812e-03,inf,3.560611724853515625e+01,3.711681962013244629e-01,inf,1.971662044525146484e+00,inf,3.242536067962646484e+00,8.007841110229492188e-01,2.185171693563461304e-01,5.041443184018135071e-02,3.592397570610046387e-01,inf,7.474462985992431641e-01,5.597497820854187012e-01,3.799893140792846680e+00,2.111152267456054688e+01,4.647655487060546875e-01,7.320647239685058594e-01,7.590044140815734863e-01,1.513277590274810791e-01,5.455714464187622070e-01,4.674959182739257812e-01,inf,2.050971984863281250e-01,6.110035777091979980e-01,1.909786760807037354e-01,2.143417149782180786e-01,inf,2.930413559079170227e-02,inf,1.979509200000000000e+07,1.001412630081176758e+00,2.372505962848663330e-01,5.511848330497741699e-01,1.346281500000000000e+07,2.864043116569519043e-01,1.993590354919433594e+01,1.625112742185592651e-01,5.951259136199951172e-01,2.291609600000000000e+07
6.199747920036315918e-01,inf,5.319914817810058594e-01,4.061389565467834473e-01,2.153188176453113556e-02,1.147792935371398926e-01,1.256513446569442749e-01,9.476632624864578247e-02,3.314650058746337891e-01,inf,4.479835331439971924e-01,4.247755110263824463e-01,6.282086968421936035e-01,inf,1.270929145812988281e+01,2.656822204589843750e+00,6.900808215141296387e-01,1.206684932112693787e-01,4.186868369579315186e-01,3.691003918647766113e-01,inf,inf,6.253698468208312988e-01,6.068469285964965820e-01,6.170326471328735352e-01,7.666456699371337891e-02,4.853421449661254883e-02,6.992534548044204712e-02,2.753029167652130127e-01,2.716200053691864014e-01,1.313871797174215317e-02,3.783227539062500000e+01,4.729284346103668213e-01,inf,inf,4.426225721836090088e-01,3.187113702297210693e-01,3.445317745208740234e-01,inf,8.823882000000000000e+06,1.754201203584671021e-01,1.920464187860488892e-01,inf,1.061039900000000000e+07,2.926101982593536377e-01,7.251812815666198730e-01,2.098531723022460938e-01,6.939650177955627441e-01,3.022238400000000000e+07
inf,inf,4.664647579193115234e-01,inf,inf,inf,inf,7.103943500000000000e+06,inf,inf,inf,inf,inf,inf,inf,5.563672542572021484e+00,inf,5.031854510307312012e-01,inf,inf,inf,inf,inf,inf,inf,inf,inf,inf,6.357910037040710449e-01,inf,1.877056717872619629e+00,inf,inf,inf,inf,inf,inf,inf,inf,1.992487600000000000e+07,inf,2.383157908916473389e-01,inf,1.031517300000000000e+07,1.036814900000000000e+07,inf,inf,inf,3.028337600000000000e+07
inf,inf,3.757776618003845215e-01,inf,9.752471923828125000e+02,2.811822593212127686e-01,inf,1.242859300000000000e+07,inf,inf,inf,2.362447738647460938e+01,inf,inf,inf,3.908806085586547852e+00,inf,1.002211700000000000e+07,inf,inf,inf,inf,inf,inf,inf,inf,inf,inf,1.299979686737060547e+00,inf,3.431852817535400391e+00,inf,inf,inf,inf,inf,inf,inf,inf,8.185398500000000000e+06,inf,2.439677119255065918e-01,inf,8.924654000000000000e+06,9.537159000000000000e+06,4.680755920410156250e+02,inf,inf,2.379273200000000000e+07
6.492123603820800781e-01,inf,4.921768009662628174e-01,1.534959077835083008e-01,6.911651492118835449e-01,1.208096742630004883e+00,3.742960989475250244e-01,3.997083902359008789e-01,6.331807374954223633e-01,inf,3.451848924160003662e-01,6.327856779098510742e-01,4.431929886341094971e-01,5.040294677019119263e-02,1.894247436523437500e+01,8.314313292503356934e-01,7.816745042800903320e-01,1.183012100000000000e+07,3.797447681427001953e-01,inf,inf,inf,7.698798775672912598e-01,1.314031362533569336e+00,1.190883445739746094e+01,inf,1.010042205452919006e-01,5.269358158111572266e-01,2.543901443481445312e+00,6.103677153587341309e-01,3.808831572532653809e-01,1.040430355072021484e+01,inf,inf,inf,5.208558440208435059e-01,1.585799455642700195e-01,inf,inf,1.930335600000000000e+07,7.726847380399703979e-02,1.053326278924942017e-01,inf,9.697683000000000000e+06,3.033695816993713379e-01,6.701902747154235840e-01,4.278643131256103516e-01,3.220854103565216064e-01,3.039695600000000000e+07
7.459605336189270020e-01,inf,5.065542459487915039e-01,6.616409420967102051e-01,7.926553487777709961e-01,6.118859350681304932e-02,1.250121116638183594e+00,4.945120811462402344e-01,2.784905433654785156e-01,inf,2.505702018737792969e+01,2.932549715042114258e-01,inf,2.444096505641937256e-01,6.407905578613281250e+01,4.354912757873535156e+00,7.238899469375610352e-01,3.048759400844573975e-01,7.070791125297546387e-01,inf,5.684977769851684570e-01,inf,5.062102079391479492e-01,3.241770267486572266e+00,9.107929229736328125e+00,4.089032113552093506e-01,1.148889493197202682e-02,4.522905051708221436e-01,1.540283560752868652e-01,1.139954090118408203e+00,2.304273694753646851e-01,1.972673225402832031e+01,1.452841609716415405e-01,inf,8.304853439331054688e-01,1.777919009327888489e-02,3.250882923603057861e-01,7.156879305839538574e-01,7.308487296104431152e-01,1.069000200000000000e+07,5.678775906562805176e-01,1.512634307146072388e-01,inf,9.408385000000000000e+06,1.835886985063552856e-01,1.164040756225585938e+02,8.913859492167830467e-04,3.045544624328613281e-01,7.385122776031494141e-01
6.210115551948547363e-01,6.336913704872131348e-01,4.618334472179412842e-01,6.608159542083740234e-01,3.981645107269287109e-01,7.514062523841857910e-02,2.441357076168060303e-01,3.847184032201766968e-02,1.159251630306243896e-01,7.337272167205810547e-01,2.876052260398864746e-01,3.188543617725372314e-01,3.698562085628509521e-01,2.693275213241577148e-01,6.274803280830383301e-01,4.160940170288085938e+00,6.462143659591674805e-01,5.398963019251823425e-02,3.124127388000488281e-01,inf,4.631433188915252686e-01,inf,5.210873484611511230e-01,2.368725061416625977e+00,1.145421409606933594e+01,1.217340230941772461e+00,6.447728276252746582e-01,2.390610873699188232e-01,7.175931334495544434e-02,1.327456831932067871e-01,5.681929588317871094e-01,6.533235311508178711e-01,3.660614192485809326e-01,inf,inf,1.460197567939758301e-01,7.707339525222778320e-02,2.954822182655334473e-01,inf,6.213142275810241699e-01,8.720551431179046631e-02,1.070979908108711243e-01,inf,7.781138420104980469e-01,1.154367923736572266e-01,3.314259648323059082e-01,4.705713689327239990e-01,7.779062390327453613e-01,2.884080000000000000e+07
5.272359251976013184e-01,inf,3.666255474090576172e-01,4.713504910469055176e-01,9.129273891448974609e-01,9.057773649692535400e-02,inf,3.616321086883544922e-01,1.412056386470794678e-01,inf,2.553734016418457031e+01,3.743051588535308838e-01,inf,1.701722979545593262e+00,inf,4.581101417541503906e+00,6.240206956863403320e-01,1.954043060541152954e-01,3.778349161148071289e-01,6.449377536773681641e-01,inf,5.739641189575195312e-01,5.209156274795532227e-01,4.253142833709716797e+00,1.748422241210937500e+01,1.460972905158996582e+00,1.169135093688964844e+00,2.124037444591522217e-01,6.547495722770690918e-02,5.502500534057617188e-01,9.656333178281784058e-02,inf,2.425753623247146606e-01,6.994578242301940918e-01,6.950564980506896973e-01,1.059985607862472534e-01,inf,1.591315865516662598e-01,inf,2.006812400000000000e+07,2.170441448688507080e-01,3.183953762054443359e-01,6.071048378944396973e-01,8.371990500000000000e+06,3.274039328098297119e-01,7.773931980133056641e+00,3.289352953433990479e-01,2.814160585403442383e-01,2.289266400000000000e+07
5.557555556297302246e-01,inf,4.991784095764160156e-01,7.787510156631469727e-01,1.076637804508209229e-01,2.325721085071563721e-02,3.855330348014831543e-01,3.946346342563629150e-01,1.715529263019561768e-01,inf,2.796142697334289551e-01,2.786071896553039551e-01,2.333454638719558716e-01,inf,inf,1.189639493823051453e-01,6.206426024436950684e-01,1.557110548019409180e-01,3.947645723819732666e-01,inf,inf,inf,5.216025710105895996e-01,6.691662073135375977e-01,6.892974972724914551e-01,2.917244136333465576e-01,9.663559496402740479e-02,inf,9.204833209514617920e-02,5.148305296897888184e-01,8.660222589969635010e-02,6.790018558502197266e+00,3.286489844322204590e-01,inf,inf,5.627010464668273926e-01,4.726923704147338867e-01,1.336549371480941772e-01,inf,1.693238000000000000e+07,1.180574744939804077e-01,3.913933336734771729e-01,inf,8.209852500000000000e+06,3.085936903953552246e-01,7.158167362213134766e-01,1.458767056465148926e-01,6.967830657958984375e-01,3.023908800000000000e+07
inf,inf,1.005223989486694336e-01,inf,inf,inf,inf,1.001386600000000000e+07,inf,inf,inf,inf,inf,inf,inf,3.441159009933471680e+00,inf,7.719974517822265625e-01,inf,inf,inf,inf,inf,inf,inf,inf,inf,inf,4.103584215044975281e-03,inf,1.642230987548828125e+00,inf,inf,inf,inf,inf,inf,inf,inf,2.008433600000000000e+07,inf,1.146709993481636047e-01,inf,1.090092500000000000e+07,1.111396900000000000e+07,inf,inf,inf,3.027542000000000000e+07
inf,inf,2.971465885639190674e-01,inf,inf,2.722167875617742538e-03,inf,1.173814400000000000e+07,inf,inf,inf,inf,inf,inf,inf,4.868562221527099609e+00,inf,1.108035100000000000e+07,inf,inf,inf,inf,inf,inf,inf,inf,inf,1.126570552587509155e-01,2.689203023910522461e-01,inf,2.747603893280029297e+00,inf,inf,inf,inf,inf,inf,inf,inf,1.723239600000000000e+07,inf,5.452916026115417480e-01,inf,1.108255500000000000e+07,9.972363000000000000e+06,9.524047088623046875e+01,inf,inf,2.390491600000000000e+07
8.458860516548156738e-01,inf,9.605342745780944824e-01,4.893684387207031250e-01,1.603354886174201965e-02,5.228617191314697266e-01,2.116668820381164551e-01,1.230637700000000000e+07,6.393113136291503906e-01,1.866543731689453125e+02,2.111402153968811035e-02,6.330289244651794434e-01,4.770993292331695557e-01,3.830514550209045410e-01,2.373698234558105469e+01,6.073856949806213379e-01,7.689104080200195312e-01,1.029346100000000000e+07,3.997120857238769531e-01,inf,inf,inf,7.518799901008605957e-01,1.685650467872619629e+00,9.882309913635253906e+00,inf,2.828836441040039062e-01,3.933204114437103271e-01,9.724427461624145508e-01,6.032949090003967285e-01,4.456292390823364258e-01,1.529743957519531250e+01,inf,inf,6.094447374343872070e-01,6.806666851043701172e-01,3.429317148402333260e-03,5.125846862792968750e-01,inf,1.414026100000000000e+07,9.046439081430435181e-02,7.504647970199584961e-02,inf,8.007042500000000000e+06,6.945245862007141113e-01,7.313655614852905273e-01,7.094412446022033691e-01,8.748773336410522461e-01,3.039492400000000000e+07
4.106809198856353760e-01,inf,3.964383006095886230e-01,4.331974089145660400e-01,3.794094324111938477e-01,4.653190374374389648e-01,4.353316724300384521e-01,7.283949255943298340e-01,2.550074458122253418e-02,inf,2.484346008300781250e+01,3.890364244580268860e-02,inf,2.810678184032440186e-01,inf,3.673986196517944336e+00,6.382970809936523438e-01,3.271862268447875977e-01,6.614966392517089844e-01,inf,5.976669788360595703e-01,inf,4.335272312164306641e-01,2.167080402374267578e+00,1.232027721405029297e+01,2.633149027824401855e-01,inf,1.589152693748474121e+00,1.487197875976562500e-01,4.091564714908599854e-01,4.648675322532653809e-01,2.531762504577636719e+01,2.965628504753112793e-01,inf,5.933598801493644714e-02,4.290530383586883545e-01,3.707057535648345947e-01,2.252621762454509735e-02,7.917590737342834473e-01,2.007878000000000000e+07,4.917739629745483398e-01,3.467759862542152405e-02,inf,1.358465100000000000e+07,2.684540450572967529e-01,5.708217239379882812e+01,2.354828566312789917e-01,6.238686442375183105e-01,6.413926482200622559e-01
7.428533434867858887e-01,7.139083743095397949e-01,4.997691512107849121e-01,7.511867284774780273e-01,2.246136814355850220e-01,2.711343169212341309e-01,inf,3.384868800640106201e-01,2.051624953746795654e-01,7.235934734344482422e-01,2.900624871253967285e-01,4.742557108402252197e-01,5.793262124061584473e-01,1.196090206503868103e-01,6.260229349136352539e-01,2.988110065460205078e+00,5.936629772186279297e-01,1.390399485826492310e-01,5.600295662879943848e-01,inf,4.971403479576110840e-01,inf,5.154687762260437012e-01,1.541881680488586426e+00,inf,8.982059955596923828e-01,6.384377479553222656e-01,3.974991142749786377e-01,1.354724019765853882e-01,2.952533662319183350e-01,3.966471925377845764e-02,7.197921872138977051e-01,2.981485426425933838e-01,inf,inf,3.888422250747680664e-01,3.475813865661621094e-01,1.140496879816055298e-01,inf,6.009240746498107910e-01,1.290924847126007080e-01,2.252837568521499634e-01,inf,8.065336346626281738e-01,4.458045065402984619e-01,7.456770539283752441e-01,2.529366910457611084e-01,6.662712097167968750e-01,3.013634000000000000e+07
5.931088924407958984e-01,inf,1.331799924373626709e-01,4.997445344924926758e-01,4.631743133068084717e-01,3.624805063009262085e-02,5.032757520675659180e-01,1.865090429782867432e-01,6.547408550977706909e-02,inf,2.391051673889160156e+01,3.355538249015808105e-01,inf,1.070011973381042480e+00,inf,2.763930082321166992e+00,5.549409985542297363e-01,4.232307672500610352e-01,4.542910754680633545e-01,7.372959852218627930e-01,inf,5.606305003166198730e-01,5.552231073379516602e-01,2.816451787948608398e+00,6.267402648925781250e+00,1.099042773246765137e+00,1.025272011756896973e+00,3.105454444885253906e-01,1.024443730711936951e-01,1.994352042675018311e-01,2.490745857357978821e-02,inf,2.084857672452926636e-01,7.208902835845947266e-01,5.070937871932983398e-01,4.416285455226898193e-01,inf,8.496940881013870239e-02,inf,2.010482400000000000e+07,2.201599180698394775e-01,2.835355997085571289e-01,5.545059442520141602e-01,1.273196600000000000e+07,3.299694955348968506e-01,6.277179336547851562e+01,3.385590016841888428e-01,4.325077533721923828e-01,1.960807200000000000e+07
4.849379956722259521e-01,inf,5.004375576972961426e-01,5.482970476150512695e-01,8.347016572952270508e-02,3.959102332592010498e-01,4.856231436133384705e-02,2.077131867408752441e-01,1.539367288351058960e-01,inf,9.375426918268203735e-02,2.328189462423324585e-01,6.024695038795471191e-01,inf,2.784022569656372070e+00,2.338140010833740234e-01,4.299989044666290283e-01,2.767945528030395508e-01,3.256826102733612061e-01,inf,inf,inf,4.861075878143310547e-01,6.250380277633666992e-01,6.257990002632141113e-01,2.819221973419189453e+00,2.282998710870742798e-01,inf,6.027823686599731445e-02,1.975846737623214722e-01,9.971850365400314331e-02,9.443597793579101562e+00,2.406623214483261108e-01,inf,inf,3.220092952251434326e-01,4.455175995826721191e-01,1.443134546279907227e-01,inf,1.963233600000000000e+07,7.859630137681961060e-02,2.966288626194000244e-01,inf,1.237698600000000000e+07,3.513954579830169678e-01,7.148567438125610352e-01,3.682375252246856689e-01,6.986887454986572266e-01,3.024169200000000000e+07
inf,inf,3.609656915068626404e-02,inf,9.809522032737731934e-01,inf,inf,1.994548800000000000e+07,inf,inf,inf,inf,inf,inf,inf,1.964878559112548828e+00,inf,6.440196633338928223e-01,inf,inf,inf,inf,inf,inf,inf,inf,inf,inf,5.146285519003868103e-02,inf,1.893958091735839844e+00,inf,inf,inf,inf,inf,inf,inf,inf,1.956480000000000000e+07,inf,8.359496593475341797e-01,inf,1.116782000000000000e+07,1.227999200000000000e+07,inf,inf,inf,3.024815600000000000e+07
inf,inf,8.634877204895019531e-01,inf,inf,4.627252221107482910e-01,inf,1.281925300000000000e+07,inf,inf,inf,inf,inf,inf,inf,9.973198890686035156e+00,inf,1.070479100000000000e+07,inf,inf,inf,inf,inf,inf,inf,inf,inf,inf,1.597920060157775879e-01,inf,2.443738698959350586e+00,inf,inf,inf,inf,inf,inf,inf,inf,1.265264200000000000e+07,inf,7.687647938728332520e-01,inf,1.199774200000000000e+07,7.775449000000000000e+06,inf,inf,inf,2.811911600000000000e+07
7.178657650947570801e-01,inf,5.245844125747680664e-01,1.020943000912666321e-02,3.519892096519470215e-01,2.780131399631500244e-01,4.670568108558654785e-01,8.710188418626785278e-02,6.471011042594909668e-01,inf,1.937714070081710815e-01,6.741799712181091309e-01,3.640840351581573486e-01,4.545630812644958496e-01,6.202800273895263672e+00,7.456679940223693848e-01,6.709767580032348633e-01,9.874686000000000000e+06,4.531055390834808350e-01,inf,inf,inf,7.665807604789733887e-01,1.559369444847106934e+00,8.286414146423339844e+00,inf,inf,inf,1.065515398979187012e+00,6.178759932518005371e-01,4.457441568374633789e-01,inf,inf,inf,3.255803585052490234e-01,6.819232106208801270e-01,4.986960440874099731e-02,6.261672377586364746e-01,inf,9.922694000000000000e+06,2.560204565525054932e-01,5.428702235221862793e-01,inf,1.032679800000000000e+07,7.547535896301269531e-01,6.756685972213745117e-01,7.252517938613891602e-01,8.889793753623962402e-01,3.038624800000000000e+07
5.240229368209838867e-01,inf,3.395519405603408813e-02,7.253770232200622559e-01,1.029062643647193909e-01,3.144394457340240479e-01,8.999443054199218750e-01,3.306660400000000000e+07,1.692819744348526001e-01,inf,2.879871177673339844e+01,3.704540729522705078e-01,inf,2.982241511344909668e-01,inf,2.910225629806518555e+00,4.299836754798889160e-01,3.381869196891784668e-01,6.608740687370300293e-01,inf,6.943714618682861328e-01,inf,1.248777061700820923e-01,1.352000474929809570e+00,1.361177062988281250e+01,3.919136226177215576e-01,inf,7.201365232467651367e-01,3.245867043733596802e-02,3.450449928641319275e-02,4.204778373241424561e-01,4.811052799224853516e+00,1.146075800061225891e-01,inf,1.382352411746978760e-01,3.355422317981719971e-01,4.052423536777496338e-01,6.775673478841781616e-02,8.025237321853637695e-01,2.005575200000000000e+07,5.276449918746948242e-01,5.924407020211219788e-02,inf,1.245057300000000000e+07,1.642418801784515381e-01,2.541737174987792969e+01,3.006816804409027100e-01,6.470223665237426758e-01,6.587159037590026855e-01
7.730559706687927246e-01,6.815692186355590820e-01,5.662212967872619629e-01,5.575184226036071777e-01,4.908796250820159912e-01,5.991911292076110840e-01,4.195804148912429810e-02,8.085624575614929199e-01,1.619545668363571167e-01,7.400489449501037598e-01,2.485340386629104614e-01,1.148712113499641418e-01,6.319276690483093262e-01,1.196338385343551636e-01,6.221596002578735352e-01,3.348420619964599609e+00,4.259748160839080811e-01,3.455767929553985596e-01,3.114852011203765869e-01,inf,5.069450139999389648e-01,inf,5.145339369773864746e-01,3.500692367553710938e+00,2.719420051574707031e+01,8.010776638984680176e-01,9.545794725418090820e-01,1.622385829687118530e-01,2.495294064283370972e-01,1.658329516649246216e-01,2.666968703269958496e-01,7.107068896293640137e-01,2.002428025007247925e-01,inf,inf,3.089165389537811279e-01,4.830354750156402588e-01,2.049271762371063232e-02,inf,6.058865785598754883e-01,6.192890554666519165e-02,4.440670087933540344e-02,inf,7.030879855155944824e-01,5.390800237655639648e-01,5.620765089988708496e-01,3.012146651744842529e-01,6.859155297279357910e-01,2.950221200000000000e+07
5.895634889602661133e-01,inf,1.962511539459228516e-01,1.159646391868591309e+00,8.323198556900024414e-01,1.343873143196105957e-01,2.740990221500396729e-01,2.115209251642227173e-01,2.135537117719650269e-01,inf,2.004304122924804688e+01,5.556973218917846680e-01,inf,1.098964333534240723e+00,inf,5.032065868377685547e+00,5.938596725463867188e-01,2.227624356746673584e-01,2.271166741847991943e-01,6.403968930244445801e-01,inf,5.714803934097290039e-01,4.273154437541961670e-01,3.013139486312866211e+00,1.319747543334960938e+01,1.290713906288146973e+00,3.083632886409759521e-01,3.742402791976928711e-01,1.980582475662231445e-01,1.501119583845138550e-01,4.974232241511344910e-02,2.557098007202148438e+01,5.110110640525817871e-01,7.506316304206848145e-01,5.804518461227416992e-01,2.447635084390640259e-01,inf,8.038584887981414795e-02,inf,1.992393600000000000e+07,1.325303465127944946e-01,8.672224730253219604e-02,4.818388819694519043e-01,1.273939200000000000e+07,2.107738107442855835e-01,1.208103027343750000e+02,3.308685123920440674e-01,4.905983209609985352e-01,2.022192000000000000e+07
5.398041605949401855e-01,inf,2.497714012861251831e-01,6.501232385635375977e-01,9.242018461227416992e-01,2.940748073160648346e-02,6.362035870552062988e-02,2.215848714113235474e-01,1.521524488925933838e-01,inf,1.276338398456573486e-01,3.063178956508636475e-01,3.279076516628265381e-01,inf,8.198665618896484375e+00,8.489701747894287109e-01,3.029789626598358154e-01,6.791687011718750000e-02,1.946558803319931030e-01,inf,inf,inf,3.259052336215972900e-01,6.055868864059448242e-01,6.266567111015319824e-01,1.340619802474975586e+00,inf,1.222721710801124573e-01,5.082042515277862549e-02,2.121212780475616455e-01,2.500489950180053711e+00,1.277415943145751953e+01,3.603609502315521240e-01,inf,inf,8.524576574563980103e-02,3.954499065876007080e-01,2.592628635466098785e-02,inf,1.997036400000000000e+07,1.865405142307281494e-01,2.946975231170654297e-01,inf,9.730273000000000000e+06,2.078783512115478516e-01,7.327248901128768921e-02,2.260858565568923950e-01,7.072986364364624023e-01,3.022165600000000000e+07
inf,inf,2.977288961410522461e-01,inf,inf,inf,inf,1.451902400000000000e+07,inf,inf,inf,inf,inf,inf,inf,4.310990810394287109e+00,inf,9.009842276573181152e-01,inf,inf,inf,inf,inf,inf,inf,inf,inf,inf,5.271344259381294250e-02,inf,2.917902708053588867e+00,inf,inf,inf,inf,inf,inf,inf,inf,1.927987200000000000e+07,inf,inf,inf,8.268129500000000000e+06,1.473239700000000000e+07,inf,inf,inf,3.023430400000000000e+07
inf,inf,1.680006980895996094e+00,inf,7.154118537902832031e+00,1.638707704842090607e-02,inf,1.959780400000000000e+07,inf,inf,inf,inf,inf,inf,inf,5.697310924530029297e+00,inf,1.178999700000000000e+07,inf,inf,inf,inf,inf,inf,inf,inf,inf,inf,7.676498293876647949e-01,inf,3.165290355682373047e+00,inf,inf,inf,inf,inf,inf,inf,inf,1.845729200000000000e+07,inf,inf,inf,8.810847000000000000e+06,8.705472000000000000e+06,inf,inf,inf,2.222298000000000000e+07
inf,inf,2.911433577537536621e-01,1.369776017963886261e-02,1.730024367570877075e-01,1.422643780708312988e+00,3.137922883033752441e-01,1.426202803850173950e-01,6.462432146072387695e-01,inf,4.737880825996398926e-01,6.022465229034423828e-01,2.356854826211929321e-01,1.896572262048721313e-01,7.165193557739257812e+00,7.219437360763549805e-01,6.391789317131042480e-01,1.040638700000000000e+07,2.119758427143096924e-01,inf,inf,inf,6.733574271202087402e-01,2.798563957214355469e+00,1.485623645782470703e+01,inf,inf,5.941566228866577148e-01,1.498451232910156250e+00,5.836026072502136230e-01,4.108250439167022705e-01,1.495294094085693359e+01,inf,inf,7.197797894477844238e-01,4.819431006908416748e-01,3.750529587268829346e-01,5.523139834403991699e-01,inf,1.315026300000000000e+07,1.577071547508239746e-01,6.534514427185058594e-01,inf,8.477817000000000000e+06,6.890825033187866211e-01,7.651404142379760742e-01,7.186118960380554199e-01,8.819518089294433594e-01,3.038685600000000000e+07
inf,inf,2.866808772087097168e-01,6.063666343688964844e-01,2.584764957427978516e-01,3.560017347335815430e-01,1.452942728996276855e+00,8.980556000000000000e+06,inf,inf,1.944787025451660156e+01,2.845541834831237793e-01,inf,inf,inf,4.970113277435302734e+00,2.794386744499206543e-01,2.244254648685455322e-01,4.307588040828704834e-01,inf,6.956275701522827148e-01,inf,3.272464573383331299e-01,3.652872085571289062e+00,1.548006248474121094e+01,inf,inf,1.058356404304504395e+00,4.279549047350883484e-02,7.847678661346435547e-02,1.360799551010131836e+00,1.909623527526855469e+01,inf,inf,inf,6.259487271308898926e-01,inf,1.640922278165817261e-01,inf,1.999930800000000000e+07,inf,3.239158689975738525e-01,inf,8.448429000000000000e+06,2.422179579734802246e-01,inf,2.277136892080307007e-01,5.936774015426635742e-01,6.438638567924499512e-01
inf,6.439216732978820801e-01,3.576559424400329590e-01,8.416198492050170898e-01,6.309850811958312988e-01,4.000830054283142090e-01,1.953614875674247742e-02,7.391336560249328613e-01,5.190169811248779297e-01,7.270150780677795410e-01,1.403245925903320312e-01,4.624465405941009521e-01,3.184838294982910156e-01,7.038934230804443359e-01,5.843003392219543457e-01,5.240170478820800781e+00,3.498911857604980469e-01,2.290053665637969971e-01,2.270751595497131348e-01,inf,5.124336481094360352e-01,inf,4.563910961151123047e-01,4.360462188720703125e+00,1.332747077941894531e+01,4.843454062938690186e-01,4.148630499839782715e-01,1.619230061769485474e-01,1.045565977692604065e-01,4.649801850318908691e-01,1.910413980484008789e+00,7.055122852325439453e-01,4.292803108692169189e-01,inf,7.312971949577331543e-01,3.532161116600036621e-01,6.867263317108154297e-01,5.199807509779930115e-02,inf,6.236467361450195312e-01,6.701068282127380371e-01,7.355933636426925659e-02,inf,7.664682269096374512e-01,5.304991602897644043e-01,6.219416260719299316e-01,9.802399575710296631e-02,6.793301701545715332e-01,2.850064800000000000e+07
9.136083722114562988e-01,inf,3.872221410274505615e-01,1.506786942481994629e+00,3.594874739646911621e-01,8.251570165157318115e-02,3.761885166168212891e-01,4.523226022720336914e-01,1.340714544057846069e-01,inf,3.282319641113281250e+01,2.694664001464843750e-01,inf,1.342309236526489258e+00,inf,1.028485870361328125e+01,2.744757235050201416e-01,1.827186532318592072e-02,3.266529738903045654e-01,6.112536787986755371e-01,inf,5.992536544799804688e-01,4.004135727882385254e-01,3.726528167724609375e+00,2.697160720825195312e+01,8.416664004325866699e-01,3.737826824188232422e+00,2.236406803131103516e-01,1.354681700468063354e-01,3.616497218608856201e-01,2.489400357007980347e-01,1.990522384643554688e+01,4.582014977931976318e-01,7.310287356376647949e-01,6.615890860557556152e-01,2.909359522163867950e-02,inf,1.261538416147232056e-01,7.581173777580261230e-01,1.981231200000000000e+07,1.878671199083328247e-01,1.515696346759796143e-01,5.908364057540893555e-01,8.635265000000000000e+06,2.701401114463806152e-01,inf,1.506191939115524292e-01,4.517990946769714355e-01,2.046990000000000000e+07
inf,inf,3.474396467208862305e-01,6.363177895545959473e-01,6.388899683952331543e-01,8.716876618564128876e-03,2.131537646055221558e-01,3.652867376804351807e-01,6.389429420232772827e-02,inf,8.923710137605667114e-02,4.805766642093658447e-01,3.697394132614135742e-01,inf,4.434699535369873047e+00,1.028976917266845703e+00,2.081773877143859863e-01,5.003725886344909668e-01,2.195125073194503784e-01,inf,inf,inf,2.380113303661346436e-01,5.437489151954650879e-01,6.040632128715515137e-01,5.447829365730285645e-01,4.338510334491729736e-01,6.523132324218750000e-02,1.216798648238182068e-02,4.037335515022277832e-01,4.880356788635253906e-01,inf,4.073013365268707275e-01,inf,inf,2.402008771896362305e-01,3.768851757049560547e-01,1.050934270024299622e-01,inf,7.928284000000000000e+06,2.718998491764068604e-02,1.982355415821075439e-01,inf,9.696205000000000000e+06,3.966495096683502197e-01,6.132519245147705078e-01,2.392508834600448608e-01,6.711773276329040527e-01,3.023024400000000000e+07
inf,inf,2.671956419944763184e-01,inf,inf,inf,inf,1.430798500000000000e+07,inf,inf,inf,inf,inf,inf,inf,5.061312675476074219e+00,inf,8.287559151649475098e-01,inf,inf,inf,inf,inf,inf,inf,inf,inf,inf,2.221120707690715790e-02,inf,2.997977972030639648e+00,inf,inf,inf,inf,inf,inf,inf,inf,1.988550000000000000e+07,inf,inf,inf,1.012465500000000000e+07,1.173620500000000000e+07,inf,inf,inf,3.027350800000000000e+07
inf,inf,7.385580539703369141e-01,inf,6.379729270935058594e+00,inf,inf,1.713456800000000000e+07,inf,inf,inf,inf,inf,inf,inf,5.440000534057617188e+00,inf,1.229035700000000000e+07,inf,inf,inf,inf,inf,inf,inf,inf,inf,inf,5.990694761276245117e-01,inf,4.262600421905517578e+00,inf,inf,inf,inf,inf,inf,inf,inf,7.849999500000000000e+06,inf,inf,inf,1.191218300000000000e+07,8.512210000000000000e+06,inf,inf,inf,2.277802000000000000e+07
inf,inf,8.477055430412292480e-01,2.532469332218170166e-01,3.949939310550689697e-01,5.239111185073852539e-01,4.993152618408203125e-01,1.086911600000000000e+07,5.599598288536071777e-01,5.319642257690429688e+01,5.175161957740783691e-01,7.150887846946716309e-01,1.713024675846099854e-01,5.271518230438232422e-01,4.298592567443847656e+00,7.086750864982604980e-01,5.831067562103271484e-01,1.146014800000000000e+07,1.872753649950027466e-01,inf,inf,inf,6.514378786087036133e-01,6.825953006744384766e+00,1.364078807830810547e+01,inf,2.215116262435913086e+00,3.975489437580108643e-01,2.014575004577636719e+00,6.732217073440551758e-01,1.620357185602188110e-01,inf,inf,inf,6.831046342849731445e-01,4.772198200225830078e-01,1.335664838552474976e-01,inf,inf,9.849863000000000000e+06,1.406583040952682495e-01,6.082455515861511230e-01,inf,8.580825000000000000e+06,7.006862759590148926e-01,1.253750026226043701e-01,6.901271939277648926e-01,8.719969391822814941e-01,3.039565600000000000e+07
inf,inf,3.239835500717163086e-01,3.223245143890380859e-01,1.553471207618713379e+00,5.422691106796264648e-01,1.344783544540405273e+00,5.949545502662658691e-01,5.928345397114753723e-02,inf,3.552600860595703125e+01,3.227294981479644775e-01,inf,4.864327907562255859e-01,inf,4.167984485626220703e+00,4.639267027378082275e-01,2.414989769458770752e-01,2.939944863319396973e-01,inf,5.509053468704223633e-01,inf,1.108632460236549377e-01,7.005391120910644531e+00,1.549724578857421875e+01,5.068332552909851074e-01,inf,1.367519855499267578e+00,1.668127439916133881e-02,1.631191074848175049e-01,1.267792105674743652e+00,1.449825096130371094e+01,3.302798867225646973e-01,inf,6.346462368965148926e-01,3.572930097579956055e-01,4.194930493831634521e-01,inf,7.903279066085815430e-01,9.157135000000000000e+06,4.860154390335083008e-01,2.419631332159042358e-01,inf,1.467623300000000000e+07,3.595978021621704102e-01,7.675762939453125000e+01,2.653916478157043457e-01,5.958827137947082520e-01,6.001666784286499023e-01
inf,6.030568480491638184e-01,4.518859386444091797e-01,1.478703498840332031e+00,1.900681555271148682e-01,4.153175652027130127e-01,9.104235470294952393e-02,4.594720900058746338e-01,6.264688074588775635e-02,6.957963705062866211e-01,3.880733996629714966e-02,3.317276239395141602e-01,5.768975019454956055e-01,3.216829299926757812e-01,7.418022155761718750e-01,inf,2.426803708076477051e-01,6.179499626159667969e-02,2.940990030765533447e-01,inf,5.218948721885681152e-01,inf,4.871614873409271240e-01,8.802242279052734375e+00,3.355682754516601562e+01,1.096349716186523438e+00,3.669452667236328125e-01,3.961618542671203613e-01,1.724933981895446777e-01,4.592295885086059570e-01,7.545836567878723145e-01,7.557054758071899414e-01,7.208707183599472046e-02,inf,inf,2.426063269376754761e-01,8.345632255077362061e-02,inf,inf,6.327442526817321777e-01,1.074337661266326904e-01,1.253299713134765625e-01,inf,7.926481962203979492e-01,5.530087947845458984e-01,8.397505283355712891e-01,2.388318181037902832e-01,6.031590700149536133e-01,2.945096000000000000e+07
8.212978839874267578e-01,inf,3.144154846668243408e-01,1.763411641120910645e+00,5.803996324539184570e-01,2.659415602684020996e-01,5.685907006263732910e-01,4.963586926460266113e-01,1.598109304904937744e-02,inf,4.142602539062500000e+01,6.020186543464660645e-01,inf,1.551118969917297363e+00,inf,4.860596179962158203e+00,2.885161638259887695e-01,1.729597300291061401e-01,2.543429136276245117e-01,6.066873073577880859e-01,inf,5.647273063659667969e-01,3.070256412029266357e-01,1.254469490051269531e+01,3.689670944213867188e+01,6.158796310424804688e+00,2.362165927886962891e+00,8.429104089736938477e-01,1.715039089322090149e-02,3.523261845111846924e-01,1.072968170046806335e-01,inf,2.632162868976593018e-01,7.133944630622863770e-01,8.026306033134460449e-01,1.831967234611511230e-01,inf,6.326045989990234375e-01,inf,1.009351100000000000e+07,1.988009959459304810e-01,1.673703789710998535e-01,6.756533384323120117e-01,1.595049800000000000e+07,3.949038684368133545e-01,inf,1.726226955652236938e-01,2.958087921142578125e-01,1.774689200000000000e+07
inf,inf,2.050873339176177979e-01,6.552385091781616211e-01,4.424768090248107910e-01,1.653269678354263306e-01,1.568309515714645386e-01,3.824812471866607666e-01,1.564514189958572388e-01,inf,3.991500437259674072e-01,3.399959504604339600e-01,3.563702106475830078e-01,inf,3.643041372299194336e+00,6.613865852355957031e+00,2.839445173740386963e-01,1.563903987407684326e-01,3.352050781250000000e-01,inf,inf,inf,3.082313537597656250e-01,5.200887918472290039e-01,5.582188963890075684e-01,1.440565735101699829e-01,1.700755238533020020e+00,1.113257184624671936e-01,1.628274321556091309e-01,2.518819868564605713e-01,7.017964720726013184e-01,inf,4.860996454954147339e-02,inf,inf,6.587512791156768799e-02,2.149899005889892578e-01,inf,inf,9.695990000000000000e+06,9.060019999742507935e-02,3.024510145187377930e-01,inf,1.021611800000000000e+07,3.650201857089996338e-01,6.866042613983154297e-01,2.785446643829345703e-01,6.324365735054016113e-01,3.020678800000000000e+07
inf,inf,1.764646172523498535e-01,inf,inf,inf,inf,1.091197400000000000e+07,inf,inf,inf,inf,inf,inf,inf,5.085299491882324219e+00,inf,7.156572341918945312e-01,inf,inf,inf,inf,inf,inf,inf,inf,inf,inf,1.392325100000000000e+07,inf,2.778352975845336914e+00,inf,inf,inf,inf,inf,inf,inf,inf,9.795778000000000000e+06,inf,inf,inf,8.419501000000000000e+06,8.744117000000000000e+06,inf,inf,inf,3.022323200000000000e+07
inf,inf,1.049747705459594727e+00,inf,6.676771640777587891e+00,inf,inf,1.057662900000000000e+07,inf,inf,inf,inf,inf,inf,inf,1.079183959960937500e+01,inf,1.141687200000000000e+07,inf,inf,inf,inf,inf,inf,inf,inf,inf,inf,2.538312375545501709e-01,inf,3.540385961532592773e+00,inf,inf,inf,inf,inf,inf,inf,inf,1.121747000000000000e+07,inf,2.059615516662597656e+01,inf,9.192563000000000000e+06,7.185661000000000000e+06,inf,inf,inf,1.953484000000000000e+07
inf,inf,1.113025784492492676e+00,2.138117700815200806e-01,4.450837373733520508e-01,5.479824542999267578e-01,4.903908967971801758e-01,1.203407500000000000e+07,4.609120488166809082e-01,6.160174560546875000e+01,7.364104986190795898e-01,6.807821989059448242e-01,9.918238222599029541e-02,1.386222243309020996e-01,2.424809694290161133e+00,7.256094813346862793e-01,6.141105890274047852e-01,1.016330900000000000e+07,2.591058015823364258e-01,inf,inf,inf,5.760422945022583008e-01,7.234010219573974609e+00,1.520003890991210938e+01,inf,1.997731208801269531e+00,4.847415685653686523e-01,1.812174797058105469e+00,5.706766247749328613e-01,2.708612084388732910e-01,1.690958595275878906e+01,inf,inf,7.139400839805603027e-01,5.113170742988586426e-01,5.800219997763633728e-02,inf,inf,9.610755000000000000e+06,1.672419905662536621e-01,5.637965798377990723e-01,inf,8.709732000000000000e+06,7.300307750701904297e-01,6.588151454925537109e-01,6.742819547653198242e-01,8.462478518486022949e-01,3.026023200000000000e+07
inf,inf,1.123767942190170288e-01,5.358672738075256348e-01,5.964074730873107910e-01,2.189343273639678955e-01,1.990670204162597656e+00,3.246421813964843750e-01,2.774529159069061279e-01,inf,5.205046081542968750e+01,4.198117554187774658e-01,inf,4.588615000247955322e-01,2.305373191833496094e+01,6.014728069305419922e+00,3.739487230777740479e-01,4.007567167282104492e-01,5.515880584716796875e-01,inf,7.622085213661193848e-01,inf,3.218057155609130859e-01,2.695924639701843262e-01,2.271212005615234375e+01,inf,1.114384293556213379e+00,8.094667792320251465e-01,1.338302195072174072e-01,2.709706127643585205e-01,2.883144855499267578e+00,2.595211791992187500e+01,2.997979819774627686e-01,inf,inf,3.804107308387756348e-01,3.744773864746093750e-01,inf,6.284674406051635742e-01,1.821575600000000000e+07,5.560853481292724609e-01,1.884086877107620239e-01,inf,7.824155000000000000e+06,3.626116812229156494e-01,inf,1.703133881092071533e-01,6.027765870094299316e-01,5.498861074447631836e-01
inf,5.636487603187561035e-01,3.726783394813537598e-01,1.517734766006469727e+00,1.048239707946777344e+00,4.261065721511840820e-01,5.020368099212646484e-01,1.569968909025192261e-01,3.910947144031524658e-01,7.129808068275451660e-01,1.797780096530914307e-01,3.583487272262573242e-01,2.335255444049835205e-01,3.051693364977836609e-02,5.257037281990051270e-01,5.656188011169433594e+00,3.009945750236511230e-01,4.005016013979911804e-02,1.243162080645561218e-01,inf,5.544129610061645508e-01,inf,2.364059388637542725e-01,5.184807777404785156e+00,3.498240280151367188e+01,5.650938749313354492e-01,2.084601223468780518e-01,3.782098889350891113e-01,3.752388358116149902e-01,4.504499435424804688e-01,2.235232293605804443e-01,6.489528417587280273e-01,3.178396821022033691e-02,inf,inf,1.817152798175811768e-01,3.548657000064849854e-01,inf,inf,7.270057201385498047e-01,2.380124926567077637e-01,3.965866565704345703e-02,inf,7.490075230598449707e-01,5.552197098731994629e-01,6.941871047019958496e-01,1.747493147850036621e-01,5.834527611732482910e-01,2.809437200000000000e+07
7.719984054565429688e-01,inf,1.070238724350929260e-01,2.376521110534667969e+00,1.079228043556213379e+00,1.479661464691162109e-01,4.261752665042877197e-01,6.749002933502197266e-01,4.546900093555450439e-01,inf,5.839099121093750000e+01,4.116962254047393799e-01,inf,3.248327255249023438e+00,1.503192043304443359e+01,1.136349773406982422e+01,2.774213552474975586e-01,6.206914037466049194e-02,3.414709866046905518e-01,6.201704144477844238e-01,inf,5.731943249702453613e-01,3.347699046134948730e-01,4.900812149047851562e+00,4.335366439819335938e+01,inf,1.979246377944946289e+00,2.435584180057048798e-02,1.427892968058586121e-02,1.827809214591979980e-01,3.048990964889526367e-01,inf,6.646738648414611816e-01,6.905460953712463379e-01,8.396639823913574219e-01,1.442434042692184448e-01,inf,7.859706878662109375e-01,inf,1.876316000000000000e+07,1.842263638973236084e-01,8.013745397329330444e-02,2.599788010120391846e-01,8.052848000000000000e+06,4.147741198539733887e-01,3.742327880859375000e+01,1.838936805725097656e-01,1.211643293499946594e-01,1.885872800000000000e+07
inf,inf,1.791608035564422607e-01,6.171569824218750000e-01,8.859342336654663086e-01,4.986436069011688232e-01,1.654481291770935059e-01,4.944843947887420654e-01,3.063393570482730865e-02,inf,6.164662241935729980e-01,5.598649382591247559e-01,3.443503379821777344e-01,inf,inf,2.281924962997436523e+00,4.147624671459197998e-01,1.543400883674621582e-01,1.630794554948806763e-01,inf,inf,inf,3.098273575305938721e-01,5.510240197181701660e-01,5.573194622993469238e-01,2.701193690299987793e-01,1.490699529647827148e+00,2.354128845036029816e-02,1.817984282970428467e-01,1.230767592787742615e-01,4.958082437515258789e-01,inf,1.128586567938327789e-02,inf,inf,2.042809724807739258e-01,inf,inf,inf,8.498335000000000000e+06,4.369130730628967285e-02,4.921286180615425110e-02,inf,8.176740000000000000e+06,3.616402447223663330e-01,6.920119524002075195e-01,1.929828822612762451e-01,5.448592305183410645e-01,3.016186400000000000e+07
inf,inf,8.730619400739669800e-02,inf,inf,inf,inf,9.865811000000000000e+06,inf,inf,inf,inf,inf,inf,inf,inf,inf,6.473985314369201660e-01,inf,inf,inf,inf,inf,inf,inf,inf,inf,inf,2.631444334983825684e-01,inf,3.130603551864624023e+00,inf,inf,inf,inf,inf,inf,inf,inf,1.972142000000000000e+07,inf,inf,inf,8.455803000000000000e+06,8.969282000000000000e+06,inf,inf,inf,3.016296000000000000e+07
inf,inf,inf,inf,inf,4.285386204719543457e-01,inf,1.573081500000000000e+07,inf,inf,inf,inf,inf,inf,inf,1.383248567581176758e+00,inf,1.021541400000000000e+07,inf,inf,inf,inf,inf,inf,inf,inf,inf,inf,9.129202365875244141e-01,inf,2.661345958709716797e+00,inf,inf,inf,inf,inf,inf,inf,inf,8.508502000000000000e+06,inf,inf,inf,8.758929000000000000e+06,6.316845000000000000e+06,inf,inf,inf,1.988868000000000000e+07
7.514849305152893066e-01,inf,1.269654333591461182e-01,5.214672088623046875e-01,5.635741949081420898e-01,9.165658354759216309e-01,3.567773401737213135e-01,8.102013500000000000e+06,4.411428570747375488e-01,3.352331161499023438e+01,1.080937862396240234e+00,7.801530361175537109e-01,8.874433487653732300e-02,4.607329368591308594e-01,4.145412445068359375e+00,6.536733508110046387e-01,5.922103524208068848e-01,8.668867000000000000e+06,2.508005499839782715e-01,inf,inf,inf,inf,3.982572078704833984e+00,1.801562690734863281e+01,inf,1.273745775222778320e+00,5.525815486907958984e-01,3.868365287780761719e+00,5.545983314514160156e-01,2.361194044351577759e-01,inf,inf,inf,6.186299324035644531e-01,5.172984600067138672e-01,4.109550416469573975e-01,inf,inf,7.983539000000000000e+06,inf,5.255226492881774902e-01,inf,7.846288000000000000e+06,7.436512112617492676e-01,6.183347702026367188e-01,6.926052570343017578e-01,8.596907258033752441e-01,3.027760000000000000e+07
5.607661008834838867e-01,inf,7.871226966381072998e-02,5.742416977882385254e-01,3.154881238937377930e+00,1.510690599679946899e-01,inf,5.165771245956420898e-01,2.874842882156372070e-01,inf,5.143894958496093750e+01,2.443538457155227661e-01,inf,2.980080544948577881e-01,1.357824325561523438e+01,5.455485343933105469e+00,4.867684245109558105e-01,4.984270632266998291e-01,6.728641986846923828e-01,inf,6.739459633827209473e-01,inf,7.337419986724853516e-01,2.146337270736694336e+00,2.195375061035156250e+01,4.788883328437805176e-01,7.264014482498168945e-01,1.319694280624389648e+00,7.236013561487197876e-02,3.790149092674255371e-02,6.627036333084106445e-01,inf,1.522571295499801636e-01,inf,4.989408552646636963e-01,1.691713631153106689e-01,inf,inf,6.136656403541564941e-01,9.375800000000000000e+06,inf,4.852717816829681396e-01,inf,7.532462500000000000e+06,4.173662066459655762e-01,8.923090362548828125e+01,2.171601504087448120e-01,4.996402263641357422e-01,3.744969367980957031e-01
4.738989770412445068e-01,3.841830790042877197e-01,3.245363235473632812e-01,1.424998283386230469e+00,5.154614448547363281e-01,6.313709020614624023e-01,1.155309006571769714e-01,2.652668207883834839e-02,3.374829888343811035e-01,6.828714609146118164e-01,3.232381343841552734e-01,9.582157731056213379e-01,5.735482573509216309e-01,9.218470752239227295e-02,4.493689239025115967e-01,4.913060665130615234e+00,5.212181806564331055e-01,1.718397289514541626e-01,2.715712785720825195e-02,inf,5.595223307609558105e-01,inf,inf,6.938479423522949219e+00,4.063314819335937500e+01,8.054068684577941895e-01,2.907486855983734131e-01,1.397106051445007324e-01,4.736047983169555664e-01,3.153754174709320068e-01,7.168461680412292480e-01,6.190969944000244141e-01,1.468645483255386353e-01,inf,inf,1.658597737550735474e-01,7.591078281402587891e-01,inf,inf,7.301164269447326660e-01,8.720085620880126953e-01,1.724602729082107544e-01,inf,7.939559817314147949e-01,5.875782966613769531e-01,7.090204358100891113e-01,1.306985318660736084e-01,6.164429187774658203e-01,2.875403600000000000e+07
1.797370612621307373e-01,inf,2.227116525173187256e-01,2.439235210418701172e+00,1.906916856765747070e+00,5.006286501884460449e-01,1.052424907684326172e+00,1.321747899055480957e-01,2.372378408908843994e-01,inf,3.247514343261718750e+01,1.257027983665466309e-01,inf,2.011872768402099609e+00,inf,4.797605037689208984e+00,5.098161697387695312e-01,1.851146221160888672e-01,3.441461324691772461e-01,6.470251679420471191e-01,inf,5.536338686943054199e-01,inf,5.628863811492919922e+00,inf,6.133450269699096680e-01,8.921126723289489746e-01,6.197150424122810364e-02,1.330442130565643311e-01,2.220286428928375244e-01,2.412133663892745972e-01,inf,inf,6.834378838539123535e-01,7.438108325004577637e-01,5.323263630270957947e-02,inf,7.315301895141601562e-01,inf,1.451112700000000000e+07,4.286947250366210938e-01,7.121238741092383862e-04,5.731791853904724121e-01,7.704537500000000000e+06,5.146135687828063965e-01,2.857259273529052734e+00,3.546890914440155029e-01,1.695786118507385254e-01,2.265544800000000000e+07
inf,inf,2.079832702875137329e-01,6.589748263359069824e-01,3.460268676280975342e-01,1.644224375486373901e-01,1.308167219161987305e+00,4.146022498607635498e-01,3.175218701362609863e-01,inf,3.316970765590667725e-01,1.269542127847671509e-01,3.913569748401641846e-01,inf,inf,8.088228702545166016e-01,4.661113023757934570e-01,3.530176728963851929e-02,1.185696348547935486e-01,inf,inf,inf,inf,5.265474915504455566e-01,5.395340919494628906e-01,8.252707719802856445e-01,1.463801503181457520e+00,1.082050323486328125e+00,2.407427132129669189e-01,3.506885841488838196e-02,6.072542667388916016e-01,inf,4.306640625000000000e-01,inf,inf,4.089972749352455139e-02,inf,inf,inf,9.125383000000000000e+06,1.912248879671096802e-01,1.444280846044421196e-03,inf,8.846500000000000000e+06,3.551861643791198730e-01,4.321773052215576172e-01,3.438864052295684814e-01,5.014869570732116699e-01,2.983020400000000000e+07
inf,inf,1.201251596212387085e-01,inf,inf,inf,inf,1.002443500000000000e+07,inf,inf,inf,inf,inf,inf,inf,inf,inf,7.530472427606582642e-02,3.808170795440673828e+00,inf,inf,inf,inf,inf,inf,inf,inf,inf,1.929949522018432617e-01,inf,3.450800895690917969e+00,inf,inf,inf,inf,inf,inf,inf,inf,1.969109200000000000e+07,inf,inf,inf,8.026531500000000000e+06,8.023461000000000000e+06,inf,inf,inf,2.997168400000000000e+07
inf,inf,9.163624048233032227e-01,inf,inf,1.499581933021545410e-01,inf,1.214319500000000000e+07,inf,inf,inf,inf,inf,inf,inf,3.128096103668212891e+00,inf,9.980265000000000000e+06,inf,inf,inf,inf,inf,8.347556114196777344e+00,inf,inf,inf,inf,8.600615859031677246e-01,inf,2.832140684127807617e+00,inf,inf,inf,inf,inf,inf,inf,inf,1.520017300000000000e+07,inf,1.090061664581298828e+01,inf,8.612871000000000000e+06,6.178793000000000000e+06,inf,inf,inf,2.041208000000000000e+07
inf,inf,1.313868880271911621e+00,7.428523302078247070e-01,1.393527090549468994e-01,2.824004173278808594e+00,3.720587193965911865e-01,5.184162000000000000e+06,4.177834093570709229e-01,inf,1.020682811737060547e+00,6.931591033935546875e-01,3.434349298477172852e-01,4.666190147399902344e-01,inf,6.732800006866455078e-01,7.215938568115234375e-01,9.608203000000000000e+06,2.674082517623901367e-01,inf,inf,inf,inf,6.964268207550048828e+00,2.254096603393554688e+01,inf,inf,6.183013916015625000e-01,1.646218746900558472e-01,5.221338868141174316e-01,1.821858733892440796e-01,inf,5.832799077033996582e-01,inf,6.234844923019409180e-01,4.702365100383758545e-01,inf,inf,inf,7.877137000000000000e+06,4.752337336540222168e-01,4.759705066680908203e-01,inf,7.752605500000000000e+06,7.448629736900329590e-01,6.812699437141418457e-01,7.361624836921691895e-01,8.326906561851501465e-01,2.813420800000000000e+07
inf,inf,2.824379503726959229e-01,6.303203701972961426e-01,4.826008081436157227e-01,5.847206711769104004e-01,1.708887219429016113e+00,4.657795131206512451e-01,3.315716981887817383e-01,inf,3.496525573730468750e+01,4.743406474590301514e-01,inf,2.837864160537719727e-01,inf,5.878731918334960938e+01,6.360313892364501953e-01,4.510685503482818604e-01,3.410210013389587402e-01,inf,6.714210510253906250e-01,inf,8.685132861137390137e-01,8.477236747741699219e+00,3.330208206176757812e+01,3.864903701469302177e-03,7.276761531829833984e-02,1.174202203750610352e+00,3.678573369979858398e+00,2.251901328563690186e-01,9.521467089653015137e-01,inf,2.167667865753173828e+00,inf,6.149635910987854004e-01,1.557155698537826538e-01,inf,inf,7.691162824630737305e-01,1.998889600000000000e+07,1.205414533615112305e-02,1.374883055686950684e-01,inf,7.686746000000000000e+06,3.496275246143341064e-01,2.286848449707031250e+01,3.014027476310729980e-01,4.261364638805389404e-01,3.046177923679351807e-01
9.171918034553527832e-01,5.944536328315734863e-01,3.252910077571868896e-01,2.222481727600097656e+00,3.768516778945922852e-01,2.867879569530487061e-01,5.040743947029113770e-01,1.065459966659545898e+00,2.702193558216094971e-01,5.984355807304382324e-01,1.874342560768127441e-01,5.465450286865234375e-01,4.780426919460296631e-01,6.589809060096740723e-02,6.410893201828002930e-01,7.938617706298828125e+00,4.238864779472351074e-01,4.828577339649200439e-01,5.223764479160308838e-02,inf,5.734551548957824707e-01,inf,inf,1.318906426429748535e+00,1.879432678222656250e+01,1.115099191665649414e+00,2.587241530418395996e-01,1.046604383736848831e-02,4.360949695110321045e-01,3.242034912109375000e-01,1.330448985099792480e+00,8.244147300720214844e-01,3.340583443641662598e-01,inf,inf,1.530566066503524780e-01,5.927416682243347168e-01,inf,inf,6.093940138816833496e-01,2.145147800445556641e+00,6.182822212576866150e-02,inf,7.883015871047973633e-01,5.100682973861694336e-01,6.339244842529296875e-01,2.252866923809051514e-01,5.039844512939453125e-01,2.676251600000000000e+07
5.201962590217590332e-01,inf,3.509040772914886475e-01,2.455635309219360352e+00,8.307457901537418365e-03,5.044771432876586914e-01,7.141589522361755371e-01,1.954922527074813843e-01,2.331152111291885376e-01,inf,3.792176437377929688e+01,4.686836600303649902e-01,inf,1.805893063545227051e+00,inf,8.305586814880371094e+00,5.318303108215332031e-01,1.350726038217544556e-01,3.030468821525573730e-01,6.451336145401000977e-01,inf,5.388006567955017090e-01,inf,4.433689594268798828e+00,1.592801475524902344e+01,7.214804887771606445e-01,1.524748563766479492e+00,1.736721247434616089e-01,2.872489094734191895e-01,8.601691573858261108e-02,2.933981418609619141e-01,inf,5.920450687408447266e-01,7.070680260658264160e-01,7.761046886444091797e-01,4.394316673278808594e-01,inf,7.995951175689697266e-01,inf,1.693304800000000000e+07,9.909459948539733887e-01,1.051982790231704712e-01,5.722177624702453613e-01,7.889175000000000000e+06,4.457638561725616455e-01,7.825549316406250000e+01,3.609169423580169678e-01,1.986115723848342896e-01,2.644815200000000000e+07
2.361164093017578125e-01,inf,2.524274885654449463e-01,5.912086963653564453e-01,1.030423760414123535e+00,5.188866853713989258e-01,8.559733033180236816e-01,6.904371976852416992e-01,3.965400457382202148e-01,inf,5.752478241920471191e-01,5.575885176658630371e-01,2.956713438034057617e-01,inf,5.531953334808349609e+00,7.537404537200927734e+00,2.693943977355957031e-01,1.788479387760162354e-01,2.580743469297885895e-02,inf,inf,inf,inf,6.113710999488830566e-01,4.185417592525482178e-01,2.674590349197387695e-01,9.572761058807373047e-01,8.907368779182434082e-01,3.532483875751495361e-01,5.563923120498657227e-01,1.119507908821105957e+00,inf,4.233885109424591064e-01,inf,inf,3.151204288005828857e-01,inf,inf,inf,8.005904000000000000e+06,2.510656714439392090e-01,7.099683582782745361e-02,inf,1.024564100000000000e+07,4.288189411163330078e-01,4.930309355258941650e-01,2.989183366298675537e-01,5.377840995788574219e-01,2.802923600000000000e+07
inf,inf,1.966720819473266602e-01,inf,inf,inf,inf,9.878535000000000000e+06,inf,inf,inf,inf,inf,inf,inf,7.095103263854980469e+00,inf,7.868694067001342773e-01,inf,inf,inf,inf,inf,1.677815429687500000e+03,inf,inf,inf,inf,5.851594805717468262e-01,inf,3.614909648895263672e+00,inf,inf,inf,inf,inf,inf,inf,inf,1.903440000000000000e+07,inf,inf,inf,8.447999000000000000e+06,5.984091000000000000e+06,inf,inf,inf,2.903901200000000000e+07
inf,inf,1.573280692100524902e+00,inf,inf,inf,inf,8.571298000000000000e+06,inf,inf,inf,inf,inf,inf,inf,7.831002712249755859e+00,inf,1.010333000000000000e+07,inf,inf,inf,inf,inf,8.097137451171875000e+01,inf,inf,inf,inf,1.039587736129760742e+00,inf,3.347278118133544922e+00,inf,inf,inf,inf,inf,inf,inf,inf,9.118547000000000000e+06,inf,inf,inf,1.122224100000000000e+07,5.381801500000000000e+06,inf,inf,inf,2.167478400000000000e+07
inf,inf,1.103561282157897949e+00,1.084673166275024414e+00,1.887296885251998901e-01,2.236730903387069702e-01,inf,8.090956500000000000e+06,inf,inf,inf,inf,inf,inf,inf,2.968617630004882812e+01,inf,9.307333000000000000e+06,inf,inf,inf,inf,inf,1.375412082672119141e+01,inf,inf,inf,inf,3.604010343551635742e+00,inf,4.668814659118652344e+00,inf,inf,inf,inf,inf,3.409018516540527344e+00,inf,inf,8.047364000000000000e+06,inf,5.687029647827148438e+01,inf,8.176784000000000000e+06,7.537165880203247070e-01,inf,inf,inf,2.562794000000000000e+07
6.385931372642517090e-01,inf,1.637990713119506836e+00,3.227636575698852539e+00,5.200315475463867188e+00,8.472544550895690918e-01,3.405249714851379395e-01,4.793589562177658081e-02,4.460925757884979248e-01,inf,2.620421981811523438e+01,8.134405612945556641e-01,inf,7.144945263862609863e-01,inf,8.236736059188842773e-01,7.707878947257995605e-01,8.202767500000000000e+06,2.736856462433934212e-03,inf,5.503851175308227539e-01,inf,7.914712429046630859e-01,6.254048347473144531e-01,7.602432250976562500e+00,1.447466313838958740e-01,9.206091761589050293e-01,4.716637432575225830e-01,1.478495895862579346e-01,3.195149600505828857e-01,2.679016292095184326e-01,inf,inf,inf,7.844251394271850586e-01,5.274075865745544434e-01,inf,inf,inf,1.637655900000000000e+07,6.321831345558166504e-01,6.235892176628112793e-01,inf,1.346260600000000000e+07,2.656218409538269043e-01,8.279791474342346191e-02,7.253896594047546387e-01,8.164598345756530762e-01,1.071633324027061462e-01
9.096772968769073486e-02,6.163884699344635010e-02,1.776145249605178833e-01,5.403780341148376465e-01,7.552427053451538086e-01,3.688801825046539307e-01,1.473111033439636230e+00,6.017287969589233398e-01,inf,5.216538906097412109e-01,7.343972474336624146e-02,4.403600990772247314e-01,7.166571021080017090e-01,2.230088710784912109e-01,8.033608198165893555e-01,9.332992553710937500e+00,2.003597766160964966e-01,3.653102815151214600e-01,7.675296664237976074e-01,inf,5.913954973220825195e-01,inf,inf,3.142107725143432617e+00,inf,9.356477856636047363e-01,8.423215150833129883e-01,inf,1.437687754631042480e+00,6.446800827980041504e-01,1.470885515213012695e+00,9.406553506851196289e-01,inf,inf,inf,2.846260964870452881e-01,5.331736803054809570e-01,inf,6.573111414909362793e-01,7.174751758575439453e-01,6.000091075897216797e+00,5.750792622566223145e-01,inf,7.345001697540283203e-01,2.541100680828094482e-01,7.446249127388000488e-01,3.312399685382843018e-01,5.428410768508911133e-01,2.533913200000000000e+07
1.275986880064010620e-01,inf,3.268002271652221680e-01,3.333427906036376953e+00,8.063350915908813477e-01,8.851619809865951538e-02,5.584848523139953613e-01,5.129743218421936035e-01,2.120674848556518555e-01,inf,5.050944519042968750e+01,5.416468977928161621e-01,inf,7.919727563858032227e-01,inf,5.404664039611816406e+00,2.831545472145080566e-01,8.179543912410736084e-02,1.701138913631439209e-02,6.158058643341064453e-01,inf,7.540952563285827637e-01,inf,3.287074565887451172e+00,inf,8.801962733268737793e-01,1.441729962825775146e-01,inf,1.923017650842666626e-01,4.797561466693878174e-01,7.534792423248291016e-01,inf,inf,6.591205000877380371e-01,5.894462466239929199e-01,3.088791854679584503e-02,inf,5.840550661087036133e-01,inf,1.755594400000000000e+07,2.789946040138602257e-03,2.798979878425598145e-01,5.984402298927307129e-01,1.196171500000000000e+07,1.863149642944335938e+00,8.499786853790283203e-01,2.227365821599960327e-01,4.713139235973358154e-01,2.341652000000000000e+07
1.673820018768310547e-01,inf,4.535414576530456543e-01,6.218826174736022949e-01,7.084541320800781250e-01,3.214374780654907227e-01,2.984096407890319824e-01,1.561830788850784302e-01,3.041653931140899658e-01,inf,5.280904173851013184e-01,5.391097664833068848e-01,4.610597193241119385e-01,inf,3.157221078872680664e+00,3.204798698425292969e-01,3.510728776454925537e-01,1.083331853151321411e-01,3.464384078979492188e-01,inf,inf,inf,inf,5.289384126663208008e-01,2.700573801994323730e-01,5.689966082572937012e-01,1.637127757072448730e+00,2.870096862316131592e-01,3.111946582794189453e-02,6.713244915008544922e-01,2.244370222091674805e+00,inf,6.877255439758300781e-01,inf,inf,1.143753081560134888e-01,inf,inf,inf,6.813172500000000000e+06,2.550754249095916748e-01,4.129309356212615967e-01,inf,8.142945000000000000e+06,4.315441250801086426e-01,6.281333565711975098e-01,2.815872728824615479e-01,6.533653736114501953e-01,2.472410800000000000e+07
inf,inf,3.569430485367774963e-02,inf,inf,inf,inf,5.936684000000000000e+06,inf,inf,inf,inf,inf,inf,inf,inf,inf,4.713303409516811371e-03,inf,inf,inf,inf,inf,inf,inf,inf,inf,inf,1.212474900000000000e+07,inf,2.051592111587524414e+00,inf,inf,inf,inf,inf,inf,inf,inf,1.589172600000000000e+07,inf,inf,inf,8.046045000000000000e+06,7.819728000000000000e+06,inf,inf,inf,2.709537200000000000e+07
inf,inf,inf,inf,inf,2.897087037563323975e-01,inf,6.454988000000000000e+06,inf,inf,inf,inf,inf,inf,inf,3.687822580337524414e+00,inf,8.042505000000000000e+06,inf,inf,inf,inf,inf,inf,inf,inf,inf,7.828727364540100098e-02,2.790858447551727295e-01,inf,2.311956882476806641e+00,inf,inf,inf,inf,inf,inf,inf,inf,1.032233700000000000e+07,inf,inf,inf,7.727418000000000000e+06,7.745252000000000000e+06,inf,inf,inf,2.077639600000000000e+07
4.587106108665466309e-01,inf,1.411954760551452637e-01,4.747785329818725586e-01,4.114507511258125305e-02,9.293817877769470215e-01,3.973706662654876709e-01,5.790736000000000000e+06,2.657282948493957520e-01,inf,4.008535742759704590e-01,7.785394191741943359e-01,2.339950054883956909e-01,5.805140137672424316e-01,inf,7.617561817169189453e-01,4.287582635879516602e-01,7.957063500000000000e+06,2.710034251213073730e-01,inf,inf,inf,inf,3.683040857315063477e+00,2.789471387863159180e+00,inf,1.131691932678222656e+00,6.167264580726623535e-01,1.011035537719726562e+01,3.753816485404968262e-01,2.397719025611877441e-01,inf,inf,inf,5.402224063873291016e-01,4.343546032905578613e-01,5.001918315887451172e+00,inf,inf,8.419203000000000000e+06,9.687516093254089355e-02,4.546145200729370117e-01,inf,8.454911000000000000e+06,4.169333875179290771e-01,6.318543553352355957e-01,3.668757379055023193e-01,8.227464556694030762e-01,1.518881900000000000e+07
7.221581339836120605e-01,inf,3.506935536861419678e-01,2.101458549499511719e+00,6.305632591247558594e-01,8.118953704833984375e-01,1.553115725517272949e+00,5.144814000000000000e+06,7.357305288314819336e-01,inf,2.479038429260253906e+01,2.973901927471160889e-01,inf,3.432384133338928223e-01,inf,1.627744293212890625e+01,3.467845916748046875e-01,4.711121916770935059e-01,6.309149265289306641e-01,inf,6.755498647689819336e-01,inf,7.229506373405456543e-01,9.657484054565429688e+00,inf,5.504061579704284668e-01,8.040188550949096680e-01,9.004595875740051270e-01,3.825240209698677063e-02,4.563537836074829102e-01,1.072471141815185547e+00,inf,inf,inf,5.367014408111572266e-01,1.597919166088104248e-01,inf,inf,8.016330003738403320e-01,9.423044000000000000e+06,4.290526211261749268e-01,6.714908599853515625e+00,inf,9.664483000000000000e+06,1.186993941664695740e-01,inf,2.518286705017089844e-01,6.149659156799316406e-01,3.845306634902954102e-01
6.314806938171386719e-01,7.134266495704650879e-01,3.079636394977569580e-01,1.910794019699096680e+00,1.057896614074707031e+00,4.879355132579803467e-01,1.010478854179382324e+00,7.847812771797180176e-01,5.126891136169433594e-01,7.647474408149719238e-01,7.476513385772705078e-01,5.416623950004577637e-01,7.650971412658691406e-02,1.476963236927986145e-02,8.223432302474975586e-01,1.079193305969238281e+01,1.130679249763488770e-02,3.942648172378540039e-01,7.627396285533905029e-02,inf,6.029693484306335449e-01,inf,inf,7.380478978157043457e-01,inf,5.380347967147827148e-01,inf,4.306322038173675537e-01,2.103126198053359985e-01,4.510782957077026367e-01,5.998743772506713867e-01,7.992074489593505859e-01,inf,inf,inf,1.487324107438325882e-02,5.806524753570556641e-01,inf,inf,8.308637142181396484e-01,3.954664468765258789e-01,1.283985525369644165e-01,inf,8.039068579673767090e-01,3.064545057713985443e-02,2.221739196777343750e+01,8.388671875000000000e-01,6.526287794113159180e-01,1.454000600000000000e+07
5.904133319854736328e-01,inf,2.241837829351425171e-01,7.586826086044311523e-01,3.157007098197937012e-01,3.197545707225799561e-01,2.443501949310302734e-01,1.590853929519653320e-01,8.448330163955688477e-01,inf,2.819049835205078125e+01,5.105238556861877441e-01,inf,1.323174476623535156e+00,inf,1.260207557678222656e+01,2.139732688665390015e-01,3.431324660778045654e-01,3.578245937824249268e-01,6.983910202980041504e-01,inf,6.474001407623291016e-01,inf,6.362139701843261719e+00,inf,inf,inf,2.450138926506042480e-01,1.211475729942321777e-01,1.375412195920944214e-01,1.592840313911437988e+00,inf,inf,6.429805159568786621e-01,7.019595503807067871e-01,inf,inf,8.487821817398071289e-01,inf,1.338772100000000000e+07,2.053973972797393799e-01,4.236645221710205078e+00,7.362450957298278809e-01,8.338039500000000000e+06,2.990270778536796570e-02,2.796988725662231445e+00,3.112948536872863770e-01,4.686838388442993164e-01,1.437532100000000000e+07
5.803109407424926758e-01,inf,1.841291934251785278e-01,1.619546890258789062e+00,8.899528980255126953e-01,6.516609787940979004e-01,7.659864425659179688e-02,1.098975166678428650e-01,7.635272145271301270e-01,inf,1.850568056106567383e-01,5.085924863815307617e-01,1.046438887715339661e-01,inf,inf,8.995703697204589844e+00,2.224960923194885254e-01,2.963322103023529053e-01,4.352192282676696777e-01,inf,inf,inf,inf,6.234907507896423340e-01,5.926355123519897461e-01,3.259344995021820068e-01,6.383542418479919434e-01,4.746564850211143494e-02,7.066531479358673096e-02,6.835910677909851074e-01,9.829814732074737549e-02,inf,4.632284343242645264e-01,inf,inf,inf,inf,inf,inf,1.020284700000000000e+07,9.240353107452392578e-02,1.624428778886795044e-01,inf,7.296291000000000000e+06,2.236790508031845093e-01,8.395180106163024902e-01,4.045151639729738235e-03,6.179077625274658203e-01,1.942273200000000000e+07
inf,inf,1.910464651882648468e-02,inf,inf,inf,inf,5.445291000000000000e+06,inf,inf,inf,inf,inf,inf,inf,3.068908309936523438e+01,inf,3.988060727715492249e-02,inf,inf,inf,inf,inf,inf,inf,inf,inf,inf,2.037519514560699463e-01,inf,9.672093391418457031e-01,inf,inf,inf,inf,inf,inf,inf,inf,1.509972700000000000e+07,inf,inf,inf,8.102475500000000000e+06,8.569193000000000000e+06,inf,inf,inf,2.001130800000000000e+07
inf,inf,1.839383482933044434e+00,inf,inf,4.667541384696960449e-01,inf,7.437860000000000000e+06,inf,inf,inf,inf,inf,inf,inf,1.224845981597900391e+01,inf,7.694653000000000000e+06,inf,inf,inf,inf,inf,inf,inf,inf,inf,inf,1.114518880844116211e+00,inf,2.505238771438598633e+00,inf,inf,inf,inf,inf,inf,inf,inf,1.210610400000000000e+07,inf,inf,inf,8.253293500000000000e+06,7.257729500000000000e+06,inf,inf,inf,1.830022400000000000e+07
7.643597722053527832e-01,inf,1.432625055313110352e+00,4.185828566551208496e-01,6.135985255241394043e-02,9.482596814632415771e-02,5.045602917671203613e-01,2.241825759410858154e-01,9.596369415521621704e-02,inf,7.100657820701599121e-01,7.308736443519592285e-01,1.761165857315063477e-01,4.813344478607177734e-01,inf,7.940499782562255859e-01,5.063977241516113281e-01,7.076516000000000000e+06,2.670221030712127686e-01,inf,inf,inf,inf,7.030310153961181641e+00,1.386259317398071289e+00,inf,5.136423185467720032e-02,inf,4.878266453742980957e-01,3.827118575572967529e-01,1.465176790952682495e-01,inf,inf,inf,7.718572616577148438e-01,inf,1.254146575927734375e+00,inf,inf,8.445724000000000000e+06,9.189203381538391113e-02,1.916899681091308594e-01,inf,6.051951000000000000e+06,6.138249039649963379e-01,7.280415296554565430e-01,4.760184288024902344e-01,inf,1.278002900000000000e+07
6.091664433479309082e-01,inf,2.104720920324325562e-01,2.347309589385986328e+00,7.832999825477600098e-01,3.722414970397949219e-01,1.221842527389526367e+00,9.595845937728881836e-01,1.145157694816589355e+00,inf,1.629534149169921875e+01,2.485967278480529785e-01,inf,3.463585674762725830e-01,3.947608232498168945e+00,3.108828544616699219e+01,1.304605752229690552e-01,4.811421930789947510e-01,5.997965335845947266e-01,inf,6.270009875297546387e-01,inf,7.180809378623962402e-01,2.899683952331542969e+00,inf,9.630844742059707642e-02,1.099363088607788086e+00,3.821066319942474365e-01,5.006559491157531738e-01,9.127816557884216309e-01,7.625967264175415039e-01,inf,inf,inf,5.945048928260803223e-01,inf,inf,inf,6.955099105834960938e-01,1.391019700000000000e+07,1.245023310184478760e-01,8.291991233825683594e+00,inf,1.139539000000000000e+07,2.211217954754829407e-02,inf,4.493197798728942871e-01,8.747784495353698730e-01,5.470879077911376953e-01
6.145680546760559082e-01,5.017407536506652832e-01,1.498332340270280838e-02,3.464099884033203125e+00,5.249406695365905762e-01,2.429426163434982300e-01,3.389413654804229736e-01,9.464676380157470703e-01,8.312195539474487305e-01,8.034073710441589355e-01,3.981517851352691650e-01,6.809155941009521484e-01,4.236081838607788086e-01,1.492028832435607910e-01,7.913346290588378906e-01,6.573834991455078125e+01,1.278355270624160767e-01,3.389214165508747101e-03,4.249515831470489502e-01,inf,6.171001195907592773e-01,inf,inf,1.799041390419006348e+00,inf,5.834599733352661133e-01,3.464552760124206543e-01,1.759498953819274902e+00,2.911847531795501709e-01,8.984778076410293579e-03,6.463693976402282715e-01,7.885276079177856445e-01,inf,inf,inf,8.762123584747314453e-01,5.537762045860290527e-01,inf,inf,8.359267115592956543e-01,2.550405561923980713e-01,2.119217962026596069e-01,inf,8.181208968162536621e-01,3.713458180427551270e-01,7.139102816581726074e-01,2.795543707907199860e-02,6.772549152374267578e-01,1.185308300000000000e+07
5.224657654762268066e-01,inf,1.042226105928421021e-01,7.751507163047790527e-01,5.205056667327880859e-01,5.878930687904357910e-01,3.829985260963439941e-01,2.504770000000000000e+05,1.037218451499938965e+00,inf,2.282287979125976562e+01,7.808687686920166016e-01,inf,1.373556017875671387e+00,inf,inf,1.241392344236373901e-01,3.587788343429565430e-01,4.254198074340820312e-01,7.426660060882568359e-01,inf,8.257570862770080566e-01,inf,5.197714805603027344e+00,inf,1.499746918678283691e+00,inf,2.969362437725067139e-01,1.977258622646331787e-01,2.089921236038208008e-01,6.518243998289108276e-02,inf,inf,5.024917721748352051e-01,7.179240584373474121e-01,inf,inf,8.822372555732727051e-01,inf,1.309848700000000000e+07,3.078512549400329590e-01,1.058950328826904297e+01,6.445186734199523926e-01,1.050866400000000000e+07,2.463754564523696899e-01,3.758646726608276367e+00,3.544494211673736572e-01,5.642020106315612793e-01,1.888342400000000000e+07
inf,inf,2.507322728633880615e-01,2.394291162490844727e+00,8.940227031707763672e-01,5.407607555389404297e-01,1.626611948013305664e-01,4.593599140644073486e-01,1.173167705535888672e+00,inf,8.073291778564453125e-01,5.066524147987365723e-01,7.922413200139999390e-02,inf,inf,inf,9.669817239046096802e-02,1.511252373456954956e-01,4.138005524873733521e-02,inf,inf,inf,inf,6.102982163429260254e-01,4.214664101600646973e-01,2.104907274246215820e+00,inf,2.100872397422790527e-01,1.314972341060638428e-01,3.590663671493530273e-01,2.713241279125213623e-01,inf,6.946338415145874023e-01,inf,inf,inf,inf,inf,inf,7.894711000000000000e+06,2.780272960662841797e-01,2.566916942596435547e-01,inf,8.860096000000000000e+06,2.225788086652755737e-01,6.714515089988708496e-01,3.466049432754516602e-01,6.338763236999511719e-01,2.413700000000000000e+07
inf,inf,4.352385997772216797e-01,inf,inf,inf,inf,2.146683000000000000e+06,inf,inf,inf,inf,inf,inf,inf,inf,inf,1.035521999001502991e-01,inf,inf,inf,inf,inf,1.903617797851562500e+03,inf,inf,inf,inf,1.592214591801166534e-02,inf,1.704135179519653320e+00,inf,inf,inf,inf,inf,inf,inf,inf,1.062141000000000000e+07,inf,inf,inf,8.276093000000000000e+06,5.555659000000000000e+06,inf,inf,inf,2.403779600000000000e+07
inf,inf,2.607852697372436523e+00,inf,inf,6.005506515502929688e-01,inf,3.537590000000000000e+06,inf,inf,inf,inf,inf,inf,inf,1.960582351684570312e+01,inf,7.357820000000000000e+06,inf,inf,inf,inf,inf,inf,inf,inf,inf,inf,9.122343063354492188e-01,inf,1.931638002395629883e+00,inf,inf,inf,inf,inf,inf,inf,inf,1.035309100000000000e+07,inf,inf,inf,8.687457000000000000e+06,5.254776500000000000e+06,inf,inf,inf,2.016287600000000000e+07
7.984571456909179688e-01,inf,3.824450492858886719e+00,9.532424211502075195e-01,1.383820641785860062e-02,5.855166912078857422e-01,4.479706585407257080e-01,4.014091789722442627e-01,2.557297050952911377e-01,inf,1.646514296531677246e+00,5.155634880065917969e-01,5.021538119763135910e-03,2.983295917510986328e-01,1.965276527404785156e+01,7.799468040466308594e-01,1.251763701438903809e-01,7.191791000000000000e+06,4.915686547756195068e-01,inf,inf,inf,inf,1.704604983329772949e+00,1.003522038459777832e+00,inf,4.473629295825958252e-01,6.816010475158691406e-01,1.926677227020263672e+00,2.010289281606674194e-01,1.771360337734222412e-01,inf,inf,inf,6.648439168930053711e-01,inf,3.063129663467407227e+00,inf,inf,8.397810000000000000e+06,4.223517477512359619e-01,2.720204591751098633e-01,inf,8.228555000000000000e+06,5.650497674942016602e-01,7.058829069137573242e-01,3.905950784683227539e-01,inf,1.635572200000000000e+07
3.204241394996643066e-01,inf,1.413904577493667603e-01,3.644048213958740234e+00,5.063166022300720215e-01,5.519352555274963379e-01,1.009115338325500488e+00,2.305324524641036987e-01,1.316586732864379883e+00,inf,2.413194465637207031e+01,4.555869102478027344e-02,inf,1.183426380157470703e-02,inf,inf,1.152241900563240051e-01,4.887996315956115723e-01,5.463209152221679688e-01,inf,4.834377765655517578e-01,inf,5.309038162231445312e-01,5.487200736999511719e+00,inf,8.866302669048309326e-02,5.529341101646423340e-01,1.007537841796875000e+00,1.481964532285928726e-02,1.364008069038391113e+00,7.711996436119079590e-01,inf,inf,inf,5.644421577453613281e-01,inf,inf,inf,5.506931543350219727e-01,1.166178500000000000e+07,1.574698686599731445e-01,1.614078521728515625e+01,inf,7.496381000000000000e+06,6.478112190961837769e-02,inf,9.843325018882751465e-01,8.574268221855163574e-01,3.541202843189239502e-01
2.959035038948059082e-01,4.915168285369873047e-01,2.802707552909851074e-01,3.705790042877197266e+00,4.940668642520904541e-01,5.745942592620849609e-01,5.752980709075927734e-01,7.744677066802978516e-01,1.588044285774230957e+00,7.059121727943420410e-01,2.467385530471801758e-01,2.539933025836944580e-01,1.660798788070678711e-01,6.620840728282928467e-02,8.317978978157043457e-01,inf,8.164282441139221191e-01,2.803682386875152588e-01,3.705054223537445068e-01,inf,6.219329237937927246e-01,inf,inf,4.628204345703125000e+00,inf,8.425812125205993652e-01,inf,1.485652178525924683e-01,2.072327025234699249e-02,1.107558384537696838e-01,6.601680517196655273e-01,7.287331223487854004e-01,inf,inf,inf,8.023161888122558594e-01,4.825969040393829346e-01,inf,inf,6.488750576972961426e-01,1.301587343215942383e+00,6.026526689529418945e-01,inf,8.290895223617553711e-01,2.664779722690582275e-01,7.302079200744628906e-01,6.710609197616577148e-01,6.039879322052001953e-01,1.732195600000000000e+07
4.593006074428558350e-01,inf,6.306697130203247070e-01,7.624500989913940430e-01,2.468518614768981934e-01,4.575304687023162842e-01,1.140869736671447754e+00,1.041113495826721191e+00,2.806286573410034180e+00,inf,3.709757614135742188e+01,3.305398523807525635e-01,inf,1.919269680976867676e+00,1.323906517028808594e+01,inf,8.322647213935852051e-01,1.371206343173980713e-01,3.030137121677398682e-01,7.213623523712158203e-01,inf,6.749378442764282227e-01,inf,3.959771156311035156e+00,inf,2.977424144744873047e+00,2.424744844436645508e+00,2.740750908851623535e-01,1.460482329130172729e-01,1.344564408063888550e-01,3.434164822101593018e-02,inf,inf,5.353952050209045410e-01,6.955050826072692871e-01,inf,inf,8.374388813972473145e-01,inf,1.577400900000000000e+07,6.526953577995300293e-01,1.158546352386474609e+01,6.903867721557617188e-01,7.204750000000000000e+06,1.735230833292007446e-01,8.141421508789062500e+01,2.332671284675598145e-01,5.442609786987304688e-01,1.763816800000000000e+07
3.643329441547393799e-01,inf,6.967300176620483398e-01,2.228191614151000977e+00,5.997680425643920898e-01,4.617306292057037354e-01,3.102172613143920898e-01,1.062689781188964844e+00,3.974499225616455078e+00,inf,1.178746342658996582e+00,3.865409195423126221e-01,inf,inf,inf,inf,6.577354669570922852e-01,2.690111696720123291e-01,2.891681790351867676e-01,inf,inf,inf,inf,1.290130615234375000e-01,4.121492505073547363e-01,1.107862830162048340e+00,1.396172642707824707e+00,4.755543917417526245e-02,2.330517582595348358e-02,3.224636912345886230e-01,1.567704528570175171e-01,inf,4.664155840873718262e-01,inf,inf,inf,inf,inf,inf,1.202069300000000000e+07,5.257766842842102051e-01,3.916102647781372070e-01,inf,8.359983500000000000e+06,1.318784207105636597e-01,6.725059151649475098e-01,4.546760916709899902e-01,5.589546561241149902e-01,2.484258000000000000e+07
inf,inf,1.955186128616333008e+00,inf,inf,inf,inf,9.007459000000000000e+06,inf,inf,inf,inf,inf,inf,inf,inf,inf,2.585183382034301758e-01,inf,inf,inf,inf,inf,inf,inf,inf,inf,inf,1.257182806730270386e-01,inf,1.876647591590881348e+00,inf,inf,inf,inf,inf,inf,inf,inf,1.470662100000000000e+07,inf,inf,inf,7.823137000000000000e+06,4.971643000000000000e+06,inf,inf,inf,2.659013200000000000e+07
inf,inf,5.594615936279296875e+00,inf,inf,6.393676400184631348e-01,inf,1.020395600000000000e+07,inf,inf,inf,inf,inf,inf,inf,2.491999626159667969e+01,inf,7.945011500000000000e+06,inf,inf,inf,inf,inf,inf,inf,inf,inf,inf,6.112281084060668945e-01,inf,2.438789844512939453e+00,inf,inf,inf,inf,inf,inf,inf,inf,1.266268800000000000e+07,inf,inf,inf,1.164811600000000000e+07,4.727738500000000000e+06,inf,inf,inf,2.149476400000000000e+07
5.189915299415588379e-01,inf,4.534050464630126953e+00,1.432003259658813477e+00,1.876572370529174805e+00,5.409401059150695801e-01,3.371460735797882080e-01,9.399131000000000000e+06,4.983381330966949463e-01,inf,2.350059270858764648e+00,6.799993515014648438e-01,inf,1.603682041168212891e-01,inf,6.487898230552673340e-01,3.077626824378967285e-01,7.610476000000000000e+06,2.545834183692932129e-01,inf,inf,inf,inf,2.961007356643676758e+00,4.795849800109863281e+00,inf,2.678534746170043945e+00,4.017894268035888672e-01,1.153946876525878906e+00,3.833733201026916504e-01,1.996461451053619385e-01,inf,inf,inf,5.995121002197265625e-01,inf,1.180383586883544922e+01,inf,inf,8.557015000000000000e+06,7.297032475471496582e-01,4.633236825466156006e-01,inf,7.275648000000000000e+06,5.418460369110107422e-01,6.552591323852539062e-01,2.418437302112579346e-01,inf,1.938650400000000000e+07
2.020367383956909180e-01,inf,1.057321190834045410e+00,5.421192646026611328e+00,1.040514558553695679e-01,5.709275603294372559e-01,3.254082918167114258e+00,2.342742085456848145e-01,2.259875059127807617e+00,inf,3.893572616577148438e+01,2.262652814388275146e-01,inf,1.892298273742198944e-02,4.769234085083007812e+01,3.613770675659179688e+01,1.313319683074951172e+00,5.081372857093811035e-01,5.260760784149169922e-01,inf,3.020884096622467041e-01,inf,4.735353291034698486e-01,4.912268638610839844e+00,inf,inf,1.559845447540283203e+00,1.472943186759948730e+00,3.728321194648742676e-01,4.323658347129821777e-01,9.636691808700561523e-01,inf,inf,inf,1.643233746290206909e-01,inf,inf,inf,6.458497643470764160e-01,8.777161000000000000e+06,1.459106653928756714e-01,2.156455421447753906e+01,inf,1.135890300000000000e+07,6.707502901554107666e-02,9.252687692642211914e-01,1.087654471397399902e+00,8.522272109985351562e-01,1.350988745689392090e-01
2.055903077125549316e-01,5.207170248031616211e-01,9.078777432441711426e-01,4.373033523559570312e+00,5.201802849769592285e-01,3.444370031356811523e-01,1.243663549423217773e+00,5.111055850982666016e+00,1.530551195144653320e+00,6.839175224304199219e-01,1.025863647460937500e+00,3.539086580276489258e-01,6.722641587257385254e-01,3.072410225868225098e-01,9.060988426208496094e-01,1.182774066925048828e+01,1.392767667770385742e+00,1.484692841768264771e-01,2.081018984317779541e-01,inf,6.159490346908569336e-01,inf,inf,5.338352680206298828e+00,inf,3.920040428638458252e-01,3.315285444259643555e-01,3.526715636253356934e-01,1.229203641414642334e-01,2.353960722684860229e-01,9.592999815940856934e-01,7.730650305747985840e-01,inf,inf,inf,8.471280932426452637e-01,4.045796990394592285e-01,inf,inf,7.190343141555786133e-01,6.652431488037109375e-01,1.389532923698425293e+00,inf,9.644255000000000000e+06,2.623240053653717041e-01,5.433267951011657715e-01,4.332604706287384033e-01,6.373071670532226562e-01,2.430004000000000000e+07
2.445594370365142822e-01,inf,3.506889343261718750e-01,7.350804805755615234e-01,1.462991833686828613e+00,2.844515144824981689e-01,5.174015089869499207e-02,1.068881511688232422e+00,2.230352401733398438e+00,inf,6.530145263671875000e+01,5.221084952354431152e-01,inf,1.631924033164978027e+00,inf,1.360074138641357422e+01,7.076725959777832031e-01,1.981322169303894043e-01,3.072580397129058838e-01,7.025510072708129883e-01,inf,7.504417896270751953e-01,inf,8.855443000793457031e+00,inf,2.746601104736328125e+00,1.328892409801483154e-01,inf,9.253296069800853729e-03,5.315415933728218079e-02,2.235698103904724121e-01,inf,inf,5.563616752624511719e-01,inf,inf,inf,6.385942101478576660e-01,inf,1.565180500000000000e+07,2.718679904937744141e+00,1.453382396697998047e+01,6.248325705528259277e-01,6.549375653266906738e-01,2.336337119340896606e-01,1.980319023132324219e-01,7.202353477478027344e-01,5.049965381622314453e-01,2.260068000000000000e+07
2.366607040166854858e-01,inf,6.525610089302062988e-01,2.090329170227050781e+00,9.473537802696228027e-01,3.993265628814697266e-01,inf,8.009099960327148438e+00,1.479705572128295898e+00,inf,1.018679022789001465e+00,4.101632535457611084e-01,inf,inf,8.455760192871093750e+01,1.466557502746582031e+01,1.447507262229919434e+00,4.410985857248306274e-02,2.713505625724792480e-01,inf,inf,inf,inf,1.606273800134658813e-01,2.611493766307830811e-01,3.432424068450927734e+00,1.537175536155700684e+00,2.804112136363983154e-01,7.062048465013504028e-02,2.044644206762313843e-01,4.182565808296203613e-01,inf,6.627467274665832520e-01,inf,3.361448645591735840e-01,inf,inf,inf,inf,9.001954000000000000e+06,1.932868480682373047e+00,1.001870036125183105e+00,inf,8.270147000000000000e+06,2.396307140588760376e-01,4.389844834804534912e-01,8.434422612190246582e-01,6.183385252952575684e-01,2.567756800000000000e+07
inf,inf,8.738347291946411133e-01,inf,inf,inf,inf,9.268882000000000000e+06,inf,inf,inf,inf,inf,inf,inf,1.697315979003906250e+01,inf,3.838727474212646484e-01,inf,inf,inf,inf,inf,inf,inf,inf,inf,inf,9.992088000000000000e+06,inf,1.304937601089477539e+00,inf,inf,inf,inf,inf,inf,inf,inf,9.019613000000000000e+06,inf,inf,inf,7.216057000000000000e+06,4.484602500000000000e+06,inf,inf,inf,2.649296000000000000e+07
inf,inf,4.356778144836425781e+00,inf,inf,inf,inf,9.551155000000000000e+06,inf,inf,inf,inf,inf,inf,inf,1.787984848022460938e+01,inf,9.556315000000000000e+06,inf,inf,inf,inf,inf,inf,inf,inf,inf,inf,3.032226562500000000e-01,inf,1.759636998176574707e+00,inf,inf,inf,inf,inf,inf,inf,inf,1.097092900000000000e+07,inf,inf,inf,1.007776100000000000e+07,4.472704500000000000e+06,inf,inf,inf,1.457964300000000000e+07
inf,inf,5.050457954406738281e+00,inf,2.324350774288177490e-01,6.461182236671447754e-01,5.540304780006408691e-01,9.565233000000000000e+06,inf,inf,inf,2.006665420532226562e+01,inf,inf,1.672229003906250000e+02,6.694237589836120605e-01,2.551183402538299561e-01,8.132101500000000000e+06,inf,inf,inf,inf,inf,3.586304664611816406e+00,inf,inf,inf,inf,1.159615874290466309e+00,inf,2.348076820373535156e+00,inf,inf,inf,inf,inf,5.299657344818115234e+00,inf,inf,1.208965000000000000e+07,inf,6.254805922508239746e-01,inf,8.842099000000000000e+06,5.666528344154357910e-01,5.910171270370483398e-01,inf,inf,1.655321100000000000e+07
6.288831830024719238e-01,inf,3.687962293624877930e-01,6.312710046768188477e-01,5.316582322120666504e-01,2.360120862722396851e-01,2.849194765090942383e+00,1.139186143875122070e+00,1.131091862916946411e-01,inf,1.191225814819335938e+01,7.671878337860107422e-01,inf,6.414096951484680176e-01,1.893211746215820312e+01,inf,4.721441566944122314e-01,2.624089050292968750e+02,1.961388140916824341e-01,inf,2.989583015441894531e-01,inf,4.316834211349487305e-01,2.734560489654541016e+00,7.259897589683532715e-01,3.193411231040954590e-01,2.258581072092056274e-01,6.734168529510498047e-01,3.535547554492950439e-01,6.344852447509765625e-01,4.381898641586303711e-01,inf,inf,inf,6.718125343322753906e-01,inf,inf,inf,7.013152837753295898e-01,6.547362000000000000e+06,2.153225839138031006e-01,2.047187805175781250e+01,inf,7.629554000000000000e+06,4.215631783008575439e-01,2.603291749954223633e+00,3.475782573223114014e-01,8.574236631393432617e-01,6.453782320022583008e-01
4.799785092473030090e-02,2.485495060682296753e-01,1.092335581779479980e+00,5.536875247955322266e+00,9.410526156425476074e-01,6.598619818687438965e-01,7.954956889152526855e-01,1.271272540092468262e+00,1.370762586593627930e+00,6.701066493988037109e-01,4.114979505538940430e-01,3.692372143268585205e-01,inf,2.959417402744293213e-01,9.723832011222839355e-01,inf,6.676520109176635742e-01,5.291920900344848633e-01,7.408621311187744141e-01,inf,6.347094178199768066e-01,inf,inf,4.605529785156250000e+00,inf,inf,1.872172653675079346e-01,1.746492087841033936e-01,1.039137467741966248e-01,1.892636716365814209e-01,5.168533325195312500e-01,8.881261348724365234e-01,inf,inf,inf,8.161219954490661621e-01,4.823014140129089355e-01,inf,inf,7.110657095909118652e-01,1.791826844215393066e+00,8.206220865249633789e-01,inf,8.230374455451965332e-01,2.022501677274703979e-01,4.002321660518646240e-01,4.859590232372283936e-01,6.293660402297973633e-01,8.747421000000000000e+06
1.519746333360671997e-01,inf,3.165460228919982910e-01,7.774140238761901855e-01,7.686971426010131836e-01,3.963497877120971680e-01,2.105028629302978516e+00,1.784203886985778809e+00,1.387333154678344727e+00,inf,7.788748741149902344e+00,5.401098728179931641e-01,7.670336365699768066e-01,1.626961112022399902e+00,inf,inf,4.593100249767303467e-01,4.974680244922637939e-01,2.688795626163482666e-01,7.411103844642639160e-01,inf,6.398426890373229980e-01,inf,3.633056163787841797e+00,inf,3.826846778392791748e-01,1.241862699389457703e-01,3.532218933105468750e-01,1.276898980140686035e-01,1.569420546293258667e-01,1.184843108057975769e-02,inf,inf,6.001111865043640137e-01,8.256116509437561035e-01,inf,inf,8.606664538383483887e-01,inf,8.108283000000000000e+06,1.056008696556091309e+00,9.917977333068847656e+00,6.505693197250366211e-01,6.515289000000000000e+06,8.118001371622085571e-02,1.566751861572265625e+01,7.089126110076904297e-01,5.499070882797241211e-01,7.028415000000000000e+06
inf,inf,6.965363621711730957e-01,2.938578844070434570e+00,4.315878450870513916e-01,4.787159264087677002e-01,1.426414251327514648e+00,1.085611701011657715e+00,1.479249954223632812e+00,inf,2.706221938133239746e-01,4.456811249256134033e-01,inf,inf,6.067660808563232422e+00,inf,9.352850914001464844e-01,4.310719370841979980e-01,3.048025667667388916e-01,inf,inf,inf,inf,4.343518316745758057e-01,6.810580492019653320e-01,inf,7.978069782257080078e-02,1.250985711812973022e-01,6.166532170027494431e-03,3.567887544631958008e-01,8.213655352592468262e-01,inf,3.847899138927459717e-01,inf,inf,inf,inf,inf,inf,8.709345000000000000e+06,7.664259672164916992e-01,9.387055635452270508e-01,inf,7.740486500000000000e+06,7.195273786783218384e-02,3.793793022632598877e-01,9.961849451065063477e-01,6.132559180259704590e-01,7.156160500000000000e+06
inf,inf,8.279059529304504395e-01,inf,inf,inf,inf,1.841856000000000000e+06,inf,inf,inf,inf,inf,inf,inf,inf,inf,2.422816008329391479e-01,inf,inf,inf,inf,inf,inf,inf,inf,inf,inf,7.761782000000000000e+06,inf,1.412695050239562988e+00,inf,inf,inf,inf,inf,inf,inf,inf,5.309827000000000000e+06,inf,inf,inf,6.567373000000000000e+06,4.538650500000000000e+06,inf,inf,inf,7.828299000000000000e+06
inf,inf,2.410479307174682617e+00,inf,inf,5.183936953544616699e-01,inf,9.711460000000000000e+05,inf,inf,inf,inf,inf,inf,inf,inf,inf,7.572993000000000000e+06,inf,inf,inf,inf,inf,inf,inf,inf,inf,inf,2.170095443725585938e-01,inf,1.546914339065551758e+00,inf,inf,inf,inf,inf,inf,inf,inf,5.029881000000000000e+06,inf,inf,inf,7.415170000000000000e+06,4.572155000000000000e+06,2.329424438476562500e+02,inf,inf,8.944579000000000000e+06
5.879903435707092285e-01,inf,5.129110813140869141e+00,1.919044852256774902e+00,1.250896006822586060e-01,3.404043912887573242e-01,3.397530615329742432e-01,1.777679324150085449e+00,1.984574198722839355e-01,inf,5.345446014404296875e+01,7.572904825210571289e-01,inf,3.636443614959716797e-01,inf,7.364305853843688965e-01,inf,7.478943000000000000e+06,3.756744265556335449e-01,inf,inf,inf,inf,6.067049503326416016e+00,1.737054705619812012e+00,inf,inf,8.054252266883850098e-01,2.757441401481628418e-01,6.810118556022644043e-01,4.590297937393188477e-01,inf,inf,inf,6.995139122009277344e-01,inf,6.148619651794433594e+00,inf,inf,7.198732000000000000e+06,4.779611229896545410e-01,7.319161295890808105e-01,inf,6.880932000000000000e+06,5.630603432655334473e-01,2.357165962457656860e-01,2.905279397964477539e-01,inf,6.149323000000000000e+06
