6.898806152343750000e+02,5.114064941406250000e+03,8.551536865234375000e+02,1.347735156250000000e+04,2.066247314453125000e+03,6.881392822265625000e+02,4.281359863281250000e+02,2.083078002929687500e+02,1.012511230468750000e+04,3.507336425781250000e+03,1.027292480468750000e+03,3.946110595703125000e+03,2.257509521484375000e+03,1.237644653320312500e+03,1.037829101562500000e+03,1.989302734375000000e+03,8.787881469726562500e+02,2.614046630859375000e+02,3.768218750000000000e+03,3.201065673828125000e+03,8.251832031250000000e+03,1.444759765625000000e+03,7.430677490234375000e+02,3.050773681640625000e+03,3.428501892089843750e+02,6.337318115234375000e+02,1.248169433593750000e+03,4.228340148925781250e+02,5.164192871093750000e+03,5.866667480468750000e+02,9.436115234375000000e+03,1.078957128906250000e+04,1.587577362060546875e+02,5.993856445312500000e+03,9.757484741210937500e+02,1.612043090820312500e+03,4.726088867187500000e+03,3.828001403808593750e+02,3.024802246093750000e+03,8.633967590332031250e+01,3.063256103515625000e+03,5.994712890625000000e+03,2.964678710937500000e+03,1.014482574462890625e+02,3.320958496093750000e+03,2.961384033203125000e+03,1.209868286132812500e+03,2.673669433593750000e+03,2.327553863525390625e+02
7.242805175781250000e+02,4.427458007812500000e+03,9.259071044921875000e+02,1.445417187500000000e+04,2.277539306640625000e+03,9.023566894531250000e+02,4.627370605468750000e+02,1.837707824707031250e+02,1.071931054687500000e+04,3.533545410156250000e+03,8.738135986328125000e+02,4.118437011718750000e+03,2.206344726562500000e+03,1.045126831054687500e+03,9.837573242187500000e+02,1.601296386718750000e+03,1.000433959960937500e+03,3.329052124023437500e+02,1.608484375000000000e+03,3.275876708984375000e+03,4.478029296875000000e+03,1.953812866210937500e+03,7.867239990234375000e+02,3.730036132812500000e+03,3.713313903808593750e+02,8.159309082031250000e+02,2.171324951171875000e+03,4.432568664550781250e+02,4.281215332031250000e+03,5.392420043945312500e+02,9.770458984375000000e+03,4.521504882812500000e+03,2.610451965332031250e+02,8.344865234375000000e+03,9.484627075195312500e+02,1.528368286132812500e+03,4.688617187500000000e+03,4.381890258789062500e+02,3.078309082031250000e+03,2.319465484619140625e+02,2.888667236328125000e+03,6.904075195312500000e+03,3.558214355468750000e+03,2.290224456787109375e+02,2.858991210937500000e+03,2.398032226562500000e+03,1.217415283203125000e+03,3.755916992187500000e+03,3.509746704101562500e+02
9.518487548828125000e+02,3.222556640625000000e+03,8.960343017578125000e+02,1.389171777343750000e+04,2.768681152343750000e+03,7.826588134765625000e+02,4.481109008789062500e+02,2.811903991699218750e+02,1.033892871093750000e+04,3.438360595703125000e+03,9.136885986328125000e+02,3.757612792968750000e+03,2.262434326171875000e+03,1.753089111328125000e+03,8.877034301757812500e+02,1.870414428710937500e+03,8.910302734375000000e+02,2.697745361328125000e+02,1.568672363281250000e+03,3.197713378906250000e+03,3.875453369140625000e+03,1.954942871093750000e+03,8.248665771484375000e+02,2.652584228515625000e+03,4.926067199707031250e+02,9.779652099609375000e+02,1.168941040039062500e+03,3.061252441406250000e+02,4.149596191406250000e+03,3.780897521972656250e+02,9.325748046875000000e+03,3.745230957031250000e+03,3.384625549316406250e+02,4.131606933593750000e+03,8.257940673828125000e+02,1.075768798828125000e+03,5.293613281250000000e+03,3.929986572265625000e+02,2.631947509765625000e+03,2.671075134277343750e+02,2.648894775390625000e+03,5.855718750000000000e+03,1.491026367187500000e+03,9.536451721191406250e+01,2.833884765625000000e+03,2.473655273437500000e+03,1.005802795410156250e+03,2.876403320312500000e+03,5.452107543945312500e+02
9.706140747070312500e+02,6.432939453125000000e+03,9.130223388671875000e+02,1.689731640625000000e+04,2.196566650390625000e+03,7.404338989257812500e+02,4.374577026367187500e+02,1.808746337890625000e+02,1.082490820312500000e+04,3.806836669921875000e+03,1.165125610351562500e+03,3.904634033203125000e+03,2.306400878906250000e+03,1.264138671875000000e+03,1.266239746093750000e+03,2.039923217773437500e+03,1.177308349609375000e+03,3.009953613281250000e+02,1.614393432617187500e+03,3.401473144531250000e+03,4.795156738281250000e+03,2.257607421875000000e+03,8.923935546875000000e+02,3.010481445312500000e+03,7.971635742187500000e+02,1.323484985351562500e+03,1.092617187500000000e+03,4.493336181640625000e+02,7.088599609375000000e+03,7.453026123046875000e+02,9.832226562500000000e+03,4.222319335937500000e+03,2.479925384521484375e+02,4.207044921875000000e+03,1.352560546875000000e+03,1.165883422851562500e+03,7.045447265625000000e+03,3.874059753417968750e+02,2.786123046875000000e+03,2.897976074218750000e+02,2.803499755859375000e+03,6.295696289062500000e+03,3.582512695312500000e+03,2.082059020996093750e+02,3.244438476562500000e+03,2.436917480468750000e+03,1.100730468750000000e+03,3.073711425781250000e+03,5.404350585937500000e+02
1.187923583984375000e+03,3.922618164062500000e+03,9.230693359375000000e+02,1.516485644531250000e+04,2.304531738281250000e+03,1.035437500000000000e+03,4.297025451660156250e+02,2.575594177246093750e+02,1.086431542968750000e+04,3.575923339843750000e+03,1.133234741210937500e+03,4.507831542968750000e+03,2.396699462890625000e+03,1.415399780273437500e+03,1.158952392578125000e+03,2.036031982421875000e+03,1.208026367187500000e+03,3.380432434082031250e+02,1.588057861328125000e+03,3.362410888671875000e+03,3.930327148437500000e+03,2.062964355468750000e+03,9.426593017578125000e+02,3.081569580078125000e+03,4.513282165527343750e+02,1.145622070312500000e+03,1.761977783203125000e+03,5.454004516601562500e+02,4.981524902343750000e+03,6.019817504882812500e+02,1.052176367187500000e+04,3.918595703125000000e+03,3.338716125488281250e+02,5.299204101562500000e+03,1.311729858398437500e+03,2.484310546875000000e+03,4.676628906250000000e+03,4.172013244628906250e+02,2.580437255859375000e+03,2.570108337402343750e+02,2.975268798828125000e+03,8.128562500000000000e+03,1.939367919921875000e+03,1.949916839599609375e+02,3.261044677734375000e+03,3.136057128906250000e+03,1.457162109375000000e+03,2.474306396484375000e+03,3.616895751953125000e+02
1.303201660156250000e+03,3.115128906250000000e+03,9.258681640625000000e+02,2.823960742187500000e+04,3.140457031250000000e+03,8.939195556640625000e+02,4.540476989746093750e+02,2.010897674560546875e+02,1.038822363281250000e+04,3.539729736328125000e+03,9.213220214843750000e+02,4.764080078125000000e+03,2.113412597656250000e+03,9.525086669921875000e+02,1.025061523437500000e+03,2.584979980468750000e+03,1.031140625000000000e+03,2.734225463867187500e+02,1.615845581054687500e+03,3.271712402343750000e+03,3.823076171875000000e+03,1.724381591796875000e+03,8.772816162109375000e+02,4.428283203125000000e+03,5.161843261718750000e+02,1.157135620117187500e+03,1.098710083007812500e+03,3.759329223632812500e+02,4.283157226562500000e+03,4.884333190917968750e+02,9.566940429687500000e+03,3.894517578125000000e+03,2.673589477539062500e+02,3.984598144531250000e+03,1.109942016601562500e+03,1.196956298828125000e+03,4.488546875000000000e+03,3.236213378906250000e+02,3.659952148437500000e+03,2.594721374511718750e+02,3.237610839843750000e+03,4.857111328125000000e+03,1.624390136718750000e+03,1.071908264160156250e+02,2.777486328125000000e+03,2.281197753906250000e+03,7.240994873046875000e+02,2.187405273437500000e+03,5.480096435546875000e+02
1.444996948242187500e+03,3.709976318359375000e+03,9.177861328125000000e+02,3.116799023437500000e+04,2.428294433593750000e+03,7.111893310546875000e+02,4.630725708007812500e+02,2.203093566894531250e+02,1.049432519531250000e+04,3.623418457031250000e+03,8.804647216796875000e+02,4.294509277343750000e+03,2.219564697265625000e+03,1.476579833984375000e+03,1.296509277343750000e+03,2.068276855468750000e+03,1.182457031250000000e+03,3.090970458984375000e+02,1.733505371093750000e+03,3.316713867187500000e+03,3.698207763671875000e+03,1.846295898437500000e+03,9.111521606445312500e+02,3.034343994140625000e+03,7.967250366210937500e+02,1.448240722656250000e+03,1.898399169921875000e+03,4.740564880371093750e+02,3.740717773437500000e+03,7.153770141601562500e+02,9.260218750000000000e+03,2.657073242187500000e+03,3.261738586425781250e+02,4.015959228515625000e+03,1.195796875000000000e+03,1.631140258789062500e+03,4.374656250000000000e+03,3.726615600585937500e+02,2.726877197265625000e+03,3.193687133789062500e+02,2.967919921875000000e+03,5.436308593750000000e+03,1.633422729492187500e+03,2.145228729248046875e+02,2.634354492187500000e+03,2.528561035156250000e+03,8.259389038085937500e+02,2.806490722656250000e+03,5.123220214843750000e+02
8.608590087890625000e+02,5.668556640625000000e+03,8.195313720703125000e+02,1.500809082031250000e+04,2.229789306640625000e+03,6.147155151367187500e+02,3.549041442871093750e+02,2.077350921630859375e+02,1.012055859375000000e+04,7.701257812500000000e+03,9.630502929687500000e+02,3.363093750000000000e+03,2.209562255859375000e+03,1.383749023437500000e+03,2.963190429687500000e+03,2.110661132812500000e+03,9.966115722656250000e+02,2.656434936523437500e+02,1.444307373046875000e+03,3.234461181640625000e+03,3.441486816406250000e+03,1.126713867187500000e+03,8.572519531250000000e+02,2.841780029296875000e+03,4.504567871093750000e+02,1.313851562500000000e+03,1.054589477539062500e+03,7.084449462890625000e+02,3.565122558593750000e+03,8.499932250976562500e+02,9.628828125000000000e+03,2.087008300781250000e+03,2.946689147949218750e+02,4.324599609375000000e+03,9.289693603515625000e+02,2.025553833007812500e+03,4.434142089843750000e+03,2.923010559082031250e+02,2.508137695312500000e+03,6.636912231445312500e+02,2.349500000000000000e+03,5.509104980468750000e+03,3.435572998046875000e+03,1.452350463867187500e+02,2.385873535156250000e+03,2.065588378906250000e+03,1.138922851562500000e+03,2.040698364257812500e+03,4.952923278808593750e+02
9.053876953125000000e+02,5.324570312500000000e+03,8.608657226562500000e+02,1.583085546875000000e+04,4.539524414062500000e+03,7.155750732421875000e+02,4.700040893554687500e+02,2.061451721191406250e+02,1.054972656250000000e+04,3.616848388671875000e+03,1.119133789062500000e+03,3.623042968750000000e+03,2.231256835937500000e+03,1.243170532226562500e+03,1.139198852539062500e+03,2.082735839843750000e+03,1.258531494140625000e+03,2.967313232421875000e+02,1.551105224609375000e+03,3.292888671875000000e+03,4.019502929687500000e+03,1.471519531250000000e+03,9.011877441406250000e+02,3.700586425781250000e+03,5.824206542968750000e+02,1.349429199218750000e+03,1.114020996093750000e+03,5.125618286132812500e+02,4.294882324218750000e+03,1.114615356445312500e+03,9.669638671875000000e+03,3.757928955078125000e+03,3.000252990722656250e+02,8.344241210937500000e+03,1.108636962890625000e+03,1.462836547851562500e+03,4.496498535156250000e+03,4.255685119628906250e+02,3.099722167968750000e+03,2.829163208007812500e+02,3.901384521484375000e+03,6.088771484375000000e+03,3.642666259765625000e+03,1.787546997070312500e+02,2.801536621093750000e+03,2.359993652343750000e+03,1.319556640625000000e+03,2.615934082031250000e+03,5.406367797851562500e+02
1.150835815429687500e+03,3.551274169921875000e+03,8.689172363281250000e+02,1.501391113281250000e+04,2.739909667968750000e+03,9.541486206054687500e+02,5.581510009765625000e+02,2.470379486083984375e+02,1.058025390625000000e+04,3.566678710937500000e+03,1.061698120117187500e+03,3.746756347656250000e+03,2.366906738281250000e+03,1.428257812500000000e+03,9.794523925781250000e+02,2.147525390625000000e+03,1.154174560546875000e+03,3.280677490234375000e+02,1.630299194335937500e+03,3.296161132812500000e+03,3.479924072265625000e+03,1.629932006835937500e+03,9.123085937500000000e+02,3.121370361328125000e+03,8.953387451171875000e+02,1.081697387695312500e+03,1.221182495117187500e+03,4.796976318359375000e+02,4.039739501953125000e+03,1.264793701171875000e+03,9.556087890625000000e+03,4.010607177734375000e+03,3.544899902343750000e+02,4.193425781250000000e+03,9.956712646484375000e+02,1.607115356445312500e+03,4.396633300781250000e+03,3.991622924804687500e+02,5.629310058593750000e+03,3.079839172363281250e+02,4.501736328125000000e+03,7.005456054687500000e+03,2.063120605468750000e+03,1.510237121582031250e+02,2.776382568359375000e+03,2.326540771484375000e+03,9.276828613281250000e+02,2.113085693359375000e+03,5.556182861328125000e+02
1.246966186523437500e+03,6.604344238281250000e+03,8.566861572265625000e+02,1.667482812500000000e+04,4.582009765625000000e+03,8.485872802734375000e+02,4.409027099609375000e+02,2.289541320800781250e+02,1.073304394531250000e+04,3.943888183593750000e+03,1.170016113281250000e+03,4.244284179687500000e+03,2.430927490234375000e+03,1.163984497070312500e+03,1.340921264648437500e+03,2.109745605468750000e+03,1.369459594726562500e+03,3.823217163085937500e+02,1.435424438476562500e+03,3.362809082031250000e+03,4.204544433593750000e+03,1.967285278320312500e+03,9.517326660156250000e+02,3.090358398437500000e+03,8.964194335937500000e+02,1.446850341796875000e+03,1.392892211914062500e+03,3.419548034667968750e+02,4.079040527343750000e+03,1.059471679687500000e+03,9.423060546875000000e+03,4.198194824218750000e+03,3.191946716308593750e+02,4.030839599609375000e+03,1.187728271484375000e+03,1.412462890625000000e+03,6.731863281250000000e+03,3.558709716796875000e+02,4.263966308593750000e+03,6.099576416015625000e+02,3.485466308593750000e+03,8.040085937500000000e+03,3.642853759765625000e+03,1.550882263183593750e+02,3.081478759765625000e+03,2.195160644531250000e+03,8.185536499023437500e+02,2.107947021484375000e+03,5.494011230468750000e+02
9.446317749023437500e+02,4.076000976562500000e+03,8.702220458984375000e+02,3.068028125000000000e+04,3.736842285156250000e+03,7.130179443359375000e+02,4.308352661132812500e+02,1.851830596923828125e+02,1.031353906250000000e+04,3.606945068359375000e+03,1.125215576171875000e+03,3.706694091796875000e+03,2.278015869140625000e+03,1.056901489257812500e+03,1.130886718750000000e+03,2.092434326171875000e+03,1.354136108398437500e+03,3.233386840820312500e+02,1.473884277343750000e+03,3.337613769531250000e+03,3.747549804687500000e+03,2.299673583984375000e+03,9.432034912109375000e+02,2.710195800781250000e+03,8.130883789062500000e+02,1.179672851562500000e+03,1.170138671875000000e+03,3.227040710449218750e+02,4.283393066406250000e+03,1.146489746093750000e+03,9.423656250000000000e+03,4.138881835937500000e+03,3.111414184570312500e+02,4.139265625000000000e+03,1.269016113281250000e+03,1.330099487304687500e+03,4.455398437500000000e+03,3.498132934570312500e+02,3.843761718750000000e+03,2.776020812988281250e+02,3.308465332031250000e+03,7.307865234375000000e+03,2.338188476562500000e+03,1.322769622802734375e+02,2.309115722656250000e+03,1.897558105468750000e+03,7.517677612304687500e+02,2.212637695312500000e+03,5.350510253906250000e+02
8.403129272460937500e+02,3.768449951171875000e+03,9.243599243164062500e+02,1.578958789062500000e+04,3.409218750000000000e+03,7.126881103515625000e+02,3.867120971679687500e+02,1.534958190917968750e+02,1.025340332031250000e+04,3.549157714843750000e+03,1.131002929687500000e+03,3.970778076171875000e+03,2.068200195312500000e+03,8.599489135742187500e+02,1.151155029296875000e+03,3.997732910156250000e+03,9.497374267578125000e+02,2.960627136230468750e+02,1.129310546875000000e+03,3.250108642578125000e+03,3.566099121093750000e+03,2.486242675781250000e+03,8.528816528320312500e+02,4.272230957031250000e+03,9.034976806640625000e+02,1.348324462890625000e+03,1.253146362304687500e+03,2.735013122558593750e+02,3.657169921875000000e+03,1.659068359375000000e+03,8.713365234375000000e+03,3.745040039062500000e+03,3.426920776367187500e+02,3.974850585937500000e+03,1.015945861816406250e+03,9.190058593750000000e+02,4.033533935546875000e+03,3.004021301269531250e+02,2.832974121093750000e+03,2.701266174316406250e+02,3.501599365234375000e+03,5.513543945312500000e+03,1.490280029296875000e+03,1.752083740234375000e+02,2.674708496093750000e+03,2.043199462890625000e+03,7.640783081054687500e+02,1.275836181640625000e+03,5.486377563476562500e+02
1.039237792968750000e+03,5.293461914062500000e+03,9.395313720703125000e+02,1.801265234375000000e+04,2.750307861328125000e+03,6.858585205078125000e+02,4.309934082031250000e+02,1.857825927734375000e+02,1.013685156250000000e+04,3.673970703125000000e+03,9.508681640625000000e+02,3.804442871093750000e+03,2.187641601562500000e+03,9.080409545898437500e+02,1.085332519531250000e+03,2.114554687500000000e+03,1.399092407226562500e+03,3.191223449707031250e+02,1.732266357421875000e+03,3.322245117187500000e+03,3.307449218750000000e+03,2.574069335937500000e+03,8.784354248046875000e+02,2.661104736328125000e+03,8.993542480468750000e+02,1.044548583984375000e+03,1.157027099609375000e+03,2.358588256835937500e+02,3.738886962890625000e+03,1.318992431640625000e+03,7.817244628906250000e+03,4.500726074218750000e+03,3.663601074218750000e+02,3.993000976562500000e+03,9.987526855468750000e+02,1.456122558593750000e+03,4.122278808593750000e+03,4.286347045898437500e+02,3.868036865234375000e+03,2.784925842285156250e+02,3.862742675781250000e+03,5.403328125000000000e+03,1.638627441406250000e+03,1.296674499511718750e+02,2.907010986328125000e+03,2.202609130859375000e+03,8.098956298828125000e+02,1.887932373046875000e+03,5.319410400390625000e+02
7.802178955078125000e+02,5.755023437500000000e+03,8.355251464843750000e+02,1.402619140625000000e+04,2.892958496093750000e+03,5.563391723632812500e+02,5.271828002929687500e+02,1.412398071289062500e+02,9.916565429687500000e+03,7.706720703125000000e+03,1.066420166015625000e+03,2.854257080078125000e+03,2.042722778320312500e+03,9.759245605468750000e+02,2.417788818359375000e+03,2.102729003906250000e+03,9.667771606445312500e+02,3.343355712890625000e+02,1.127905639648437500e+03,3.209535644531250000e+03,2.845179687500000000e+03,1.878148681640625000e+03,8.585119628906250000e+02,2.611208007812500000e+03,9.116765136718750000e+02,1.198381347656250000e+03,1.121000244140625000e+03,2.101621093750000000e+02,3.584746093750000000e+03,9.543035278320312500e+02,8.050896484375000000e+03,9.791111328125000000e+03,4.002516784667968750e+02,4.070624023437500000e+03,6.459607543945312500e+02,9.441344604492187500e+02,3.832811279296875000e+03,3.400530395507812500e+02,4.778220703125000000e+03,6.044388427734375000e+02,2.782137207031250000e+03,4.896300292968750000e+03,3.791616943359375000e+03,1.036127624511718750e+02,1.892829589843750000e+03,1.350992797851562500e+03,7.349719848632812500e+02,1.247606811523437500e+03,5.455848388671875000e+02
1.066889648437500000e+03,5.093856445312500000e+03,9.427666625976562500e+02,1.454010156250000000e+04,2.692176269531250000e+03,7.261967773437500000e+02,4.330450744628906250e+02,1.755745697021484375e+02,1.065020703125000000e+04,3.595705566406250000e+03,1.036483886718750000e+03,3.997463134765625000e+03,2.051885009765625000e+03,1.151045288085937500e+03,1.074893798828125000e+03,2.111872314453125000e+03,1.200769287109375000e+03,3.049368286132812500e+02,1.444857421875000000e+03,3.271424560546875000e+03,3.712892333984375000e+03,2.031412109375000000e+03,8.912901611328125000e+02,3.827289550781250000e+03,8.961766357421875000e+02,1.057737426757812500e+03,1.182453002929687500e+03,2.966084594726562500e+02,3.990750732421875000e+03,9.211695556640625000e+02,8.785132812500000000e+03,4.414713867187500000e+03,6.177025146484375000e+02,8.320867187500000000e+03,1.087714721679687500e+03,1.167862304687500000e+03,4.091208007812500000e+03,3.130086975097656250e+02,3.543300781250000000e+03,6.617302246093750000e+02,3.759071289062500000e+03,5.553913574218750000e+03,3.676100830078125000e+03,1.302782897949218750e+02,2.812913085937500000e+03,1.804908813476562500e+03,1.084787475585937500e+03,1.604241943359375000e+03,3.097080078125000000e+02
1.295436523437500000e+03,3.525029785156250000e+03,8.593933715820312500e+02,1.415607519531250000e+04,3.599220947265625000e+03,9.951076660156250000e+02,4.028383789062500000e+02,1.652090301513671875e+02,1.053598046875000000e+04,3.542237792968750000e+03,1.144107543945312500e+03,3.308551757812500000e+03,2.139658447265625000e+03,1.549661499023437500e+03,9.583048706054687500e+02,2.128913330078125000e+03,1.083566162109375000e+03,2.981638488769531250e+02,1.428215942382812500e+03,3.256774902343750000e+03,3.792260986328125000e+03,2.044563964843750000e+03,9.476171875000000000e+02,3.269637695312500000e+03,8.988415527343750000e+02,9.861713867187500000e+02,1.138810913085937500e+03,2.470547790527343750e+02,3.831857910156250000e+03,8.783332519531250000e+02,8.879057617187500000e+03,4.428123046875000000e+03,5.472877807617187500e+02,4.126450683593750000e+03,9.586473999023437500e+02,1.020277954101562500e+03,4.094481201171875000e+03,2.965698852539062500e+02,6.136745117187500000e+03,3.295256042480468750e+02,4.357970214843750000e+03,5.529171875000000000e+03,1.784363403320312500e+03,1.235672607421875000e+02,2.991891845703125000e+03,2.115222412109375000e+03,1.004952209472656250e+03,1.776856201171875000e+03,5.555338134765625000e+02
1.413784667968750000e+03,6.586318359375000000e+03,9.005805664062500000e+02,1.503374609375000000e+04,4.398939453125000000e+03,8.311846923828125000e+02,3.762454223632812500e+02,1.921914062500000000e+02,1.054633496093750000e+04,3.885056152343750000e+03,1.243096923828125000e+03,4.498447265625000000e+03,2.306841796875000000e+03,1.108321655273437500e+03,1.255472412109375000e+03,2.101734375000000000e+03,1.244956542968750000e+03,3.455359191894531250e+02,1.359611328125000000e+03,3.343393066406250000e+03,3.925175537109375000e+03,1.986322875976562500e+03,9.158898925781250000e+02,3.009066650390625000e+03,8.998083496093750000e+02,1.176368774414062500e+03,1.500339721679687500e+03,2.276276855468750000e+02,5.230502929687500000e+03,1.411465820312500000e+03,8.947338867187500000e+03,4.736058593750000000e+03,4.281696777343750000e+02,4.025153564453125000e+03,1.240815063476562500e+03,1.427662475585937500e+03,3.758157714843750000e+03,3.136882019042968750e+02,4.888415527343750000e+03,6.139537353515625000e+02,3.839691406250000000e+03,7.954161132812500000e+03,3.706137207031250000e+03,1.200107421875000000e+02,4.041742675781250000e+03,2.373479492187500000e+03,1.082316528320312500e+03,1.413079956054687500e+03,5.501999511718750000e+02
1.371780273437500000e+03,5.943665039062500000e+03,9.295870971679687500e+02,3.172734765625000000e+04,4.255463867187500000e+03,8.412609252929687500e+02,3.787232666015625000e+02,1.977435150146484375e+02,1.053321972656250000e+04,3.645079101562500000e+03,1.197985107421875000e+03,3.846028320312500000e+03,2.140383300781250000e+03,1.028798217773437500e+03,1.183626708984375000e+03,2.026819335937500000e+03,9.126566162109375000e+02,3.624238891601562500e+02,1.620541748046875000e+03,3.317140380859375000e+03,4.081482910156250000e+03,2.028829956054687500e+03,1.003835571289062500e+03,2.690935302734375000e+03,9.060648193359375000e+02,1.174821289062500000e+03,1.300351318359375000e+03,2.366171875000000000e+02,4.611336425781250000e+03,1.205638183593750000e+03,9.277610351562500000e+03,4.342266601562500000e+03,4.182875671386718750e+02,4.293099121093750000e+03,1.441780395507812500e+03,1.115024780273437500e+03,4.549958984375000000e+03,3.405028686523437500e+02,4.149226074218750000e+03,2.748184204101562500e+02,3.498172851562500000e+03,7.847537597656250000e+03,3.044572021484375000e+03,1.272450714111328125e+02,2.892132568359375000e+03,2.190260009765625000e+03,1.222318481445312500e+03,1.145921508789062500e+03,5.438630371093750000e+02
1.557689819335937500e+03,3.240611572265625000e+03,1.029761962890625000e+03,1.618572265625000000e+04,3.428996093750000000e+03,9.098159179687500000e+02,4.684766235351562500e+02,1.909305572509765625e+02,1.013194531250000000e+04,3.541590087890625000e+03,1.111698242187500000e+03,3.852537841796875000e+03,2.072214355468750000e+03,1.406267822265625000e+03,1.159364257812500000e+03,2.946467285156250000e+03,1.197374633789062500e+03,3.011175537109375000e+02,1.425380126953125000e+03,3.252744873046875000e+03,3.945499267578125000e+03,2.152822998046875000e+03,9.715286254882812500e+02,4.760617187500000000e+03,9.070815429687500000e+02,1.079077148437500000e+03,1.292194580078125000e+03,2.240235290527343750e+02,4.594013671875000000e+03,1.134802001953125000e+03,8.743134765625000000e+03,4.201858398437500000e+03,3.894426879882812500e+02,3.964166748046875000e+03,1.250927368164062500e+03,1.579639282226562500e+03,4.120897460937500000e+03,3.199098510742187500e+02,2.791976562500000000e+03,2.786181335449218750e+02,3.292932128906250000e+03,6.366779785156250000e+03,1.528034057617187500e+03,1.132920684814453125e+02,6.133688476562500000e+03,2.245121826171875000e+03,1.264974365234375000e+03,1.269828491210937500e+03,5.486497802734375000e+02
1.527875732421875000e+03,6.374453125000000000e+03,9.447836914062500000e+02,1.466449609375000000e+04,4.188880859375000000e+03,7.578934326171875000e+02,4.306520996093750000e+02,3.054151000976562500e+02,1.086634667968750000e+04,3.717803955078125000e+03,1.001678588867187500e+03,7.099883789062500000e+03,1.969352294921875000e+03,1.393466552734375000e+03,1.095200317382812500e+03,2.091017822265625000e+03,1.027259765625000000e+03,2.791977233886718750e+02,1.451892578125000000e+03,3.267812744140625000e+03,3.845350097656250000e+03,1.730979492187500000e+03,9.522540893554687500e+02,2.882980224609375000e+03,8.896251831054687500e+02,1.010599792480468750e+03,1.125336059570312500e+03,2.168803100585937500e+02,3.599652832031250000e+03,1.802122558593750000e+03,8.662511718750000000e+03,4.301594238281250000e+03,2.580736999511718750e+02,3.996821289062500000e+03,1.202492309570312500e+03,2.061795898437500000e+03,4.202992675781250000e+03,3.305949707031250000e+02,4.035752441406250000e+03,2.498045806884765625e+02,3.400251953125000000e+03,7.471613281250000000e+03,1.631176269531250000e+03,1.522018890380859375e+02,3.351976562500000000e+03,2.556338378906250000e+03,1.343760375976562500e+03,1.418364257812500000e+03,5.310100097656250000e+02
8.749442749023437500e+02,5.685882812500000000e+03,9.155808105468750000e+02,1.465803808593750000e+04,2.351998535156250000e+03,7.158373413085937500e+02,3.843565979003906250e+02,2.563755493164062500e+02,9.944328125000000000e+03,7.810364257812500000e+03,1.133167480468750000e+03,3.860242187500000000e+03,2.184125000000000000e+03,1.552109985351562500e+03,2.888025878906250000e+03,2.063708984375000000e+03,9.581425170898437500e+02,3.461832275390625000e+02,1.354254638671875000e+03,3.233227539062500000e+03,3.193728759765625000e+03,1.942181884765625000e+03,7.975565185546875000e+02,2.748757812500000000e+03,9.084919433593750000e+02,1.077500488281250000e+03,1.150248901367187500e+03,2.656159667968750000e+02,3.884919921875000000e+03,1.240565063476562500e+03,8.874000000000000000e+03,9.916500000000000000e+03,3.595154724121093750e+02,4.434377929687500000e+03,1.195407958984375000e+03,1.496302734375000000e+03,5.700586914062500000e+03,2.824602355957031250e+02,4.716352539062500000e+03,5.904225463867187500e+02,2.971537353515625000e+03,6.769259277343750000e+03,3.597332031250000000e+03,1.215869979858398438e+02,2.791393066406250000e+03,2.730430419921875000e+03,1.492724609375000000e+03,1.206890747070312500e+03,4.971089477539062500e+02
1.081019042968750000e+03,6.087236816406250000e+03,9.602947998046875000e+02,1.576416796875000000e+04,4.457737304687500000e+03,6.780192260742187500e+02,4.045829772949218750e+02,2.778937988281250000e+02,1.066128417968750000e+04,3.629101318359375000e+03,1.154034179687500000e+03,3.725759277343750000e+03,2.066372802734375000e+03,1.048315307617187500e+03,1.122436767578125000e+03,2.047898559570312500e+03,1.122287475585937500e+03,3.293571777343750000e+02,1.468015991210937500e+03,3.255633300781250000e+03,3.678351806640625000e+03,1.706120361328125000e+03,9.294628295898437500e+02,3.602941406250000000e+03,8.624700927734375000e+02,9.902415771484375000e+02,1.192409423828125000e+03,3.598554992675781250e+02,4.114616699218750000e+03,1.004129028320312500e+03,9.115661132812500000e+03,4.319924804687500000e+03,3.080163269042968750e+02,8.263587890625000000e+03,1.856449218750000000e+03,1.495741455078125000e+03,4.291935546875000000e+03,3.088190917968750000e+02,3.605548095703125000e+03,2.624897155761718750e+02,3.058585449218750000e+03,8.888826171875000000e+03,3.559284667968750000e+03,1.714699707031250000e+02,2.850604248046875000e+03,2.253166015625000000e+03,1.178785888671875000e+03,1.267197021484375000e+03,3.943007507324218750e+02
1.361695068359375000e+03,3.414556396484375000e+03,9.279416503906250000e+02,1.829032812500000000e+04,4.591077148437500000e+03,9.770560302734375000e+02,4.251717529296875000e+02,1.983051910400390625e+02,1.040596972656250000e+04,3.514794433593750000e+03,1.141907348632812500e+03,3.675149414062500000e+03,2.190203857421875000e+03,1.157169555664062500e+03,9.656671752929687500e+02,2.117610351562500000e+03,1.022459777832031250e+03,3.106443786621093750e+02,1.536235473632812500e+03,3.233072998046875000e+03,3.805808593750000000e+03,1.767163085937500000e+03,8.740019531250000000e+02,3.242020996093750000e+03,8.967797851562500000e+02,1.034842163085937500e+03,1.139736816406250000e+03,3.790707397460937500e+02,4.085046386718750000e+03,9.315747680664062500e+02,9.227632812500000000e+03,4.228995605468750000e+03,3.297597656250000000e+02,4.028419433593750000e+03,1.031586181640625000e+03,1.107273681640625000e+03,4.436400878906250000e+03,3.349924926757812500e+02,6.492915039062500000e+03,2.545272369384765625e+02,3.216989746093750000e+03,8.417670898437500000e+03,1.684344482421875000e+03,1.738712463378906250e+02,3.049488037109375000e+03,2.373143554687500000e+03,1.052067504882812500e+03,1.682589843750000000e+03,5.546094970703125000e+02
1.505394165039062500e+03,6.612278320312500000e+03,9.000061035156250000e+02,1.875776367187500000e+04,4.377059570312500000e+03,9.695949096679687500e+02,3.935009460449218750e+02,2.552253570556640625e+02,1.095563378906250000e+04,4.206481445312500000e+03,1.250994384765625000e+03,4.095181396484375000e+03,2.328354980468750000e+03,1.405933593750000000e+03,2.737418457031250000e+03,2.101951416015625000e+03,1.389162597656250000e+03,3.958409729003906250e+02,1.641248046875000000e+03,3.366895996093750000e+03,4.089422607421875000e+03,2.027722900390625000e+03,8.806162109375000000e+02,3.314361083984375000e+03,8.977514648437500000e+02,1.625490722656250000e+03,1.422083862304687500e+03,3.851726074218750000e+02,4.735185058593750000e+03,9.955579833984375000e+02,9.306720703125000000e+03,4.798430175781250000e+03,3.123800048828125000e+02,4.071025146484375000e+03,1.447309936523437500e+03,1.549856079101562500e+03,4.474397949218750000e+03,3.086735839843750000e+02,5.203509765625000000e+03,5.760762939453125000e+02,3.765075683593750000e+03,9.526657226562500000e+03,3.622531738281250000e+03,1.828125915527343750e+02,4.714359375000000000e+03,2.741832519531250000e+03,1.398518310546875000e+03,1.345260009765625000e+03,5.507871704101562500e+02
1.242738281250000000e+03,5.441639648437500000e+03,1.207879028320312500e+03,3.431116406250000000e+04,4.219670898437500000e+03,1.016029113769531250e+03,4.273511657714843750e+02,3.427145690917968750e+02,1.131898925781250000e+04,3.708715332031250000e+03,1.198971313476562500e+03,5.114449218750000000e+03,2.430277099609375000e+03,2.012451904296875000e+03,1.386840820312500000e+03,2.050681884765625000e+03,1.383696655273437500e+03,3.874519042968750000e+02,1.705521850585937500e+03,3.362832031250000000e+03,4.058875976562500000e+03,2.432391357421875000e+03,9.551649780273437500e+02,2.556303710937500000e+03,8.666318359375000000e+02,1.459345458984375000e+03,1.497291503906250000e+03,4.652545166015625000e+02,5.036348144531250000e+03,1.167636474609375000e+03,1.051958789062500000e+04,4.402751953125000000e+03,3.529536132812500000e+02,5.174733886718750000e+03,1.987919433593750000e+03,2.102301269531250000e+03,4.688847167968750000e+03,3.785529174804687500e+02,4.743661132812500000e+03,2.948041076660156250e+02,3.547540771484375000e+03,1.213994628906250000e+04,2.431688232421875000e+03,1.987785491943359375e+02,3.973193847656250000e+03,4.282046875000000000e+03,1.390493286132812500e+03,3.049886962890625000e+03,4.366095581054687500e+02
9.882222900390625000e+02,3.923350830078125000e+03,1.043972778320312500e+03,3.295821875000000000e+04,3.030900634765625000e+03,8.877198486328125000e+02,4.530977478027343750e+02,2.724166564941406250e+02,1.093060156250000000e+04,3.539913085937500000e+03,9.758414306640625000e+02,5.042882324218750000e+03,2.304077148437500000e+03,1.032541748046875000e+03,2.079232910156250000e+03,2.778184814453125000e+03,1.023603881835937500e+03,3.108919067382812500e+02,1.338136962890625000e+03,3.283190185546875000e+03,1.005828027343750000e+04,2.225028076171875000e+03,8.926342163085937500e+02,4.721486816406250000e+03,9.091726074218750000e+02,1.563623291015625000e+03,1.560343261718750000e+03,3.548156738281250000e+02,4.006866210937500000e+03,1.376857421875000000e+03,9.087740234375000000e+03,4.173802734375000000e+03,3.283705749511718750e+02,3.958162353515625000e+03,1.468578979492187500e+03,1.055805175781250000e+03,4.243708496093750000e+03,3.028100585937500000e+02,3.509795410156250000e+03,2.903943176269531250e+02,3.313769531250000000e+03,7.646091308593750000e+03,2.252257080078125000e+03,1.769799804687500000e+02,2.952816650390625000e+03,2.406199707031250000e+03,6.163633422851562500e+02,2.522463623046875000e+03,5.479144287109375000e+02
1.547905029296875000e+03,5.474359863281250000e+03,1.064327514648437500e+03,1.715895507812500000e+04,3.086864746093750000e+03,9.513779907226562500e+02,3.956056823730468750e+02,3.139297485351562500e+02,1.068309765625000000e+04,3.753397460937500000e+03,9.895469360351562500e+02,4.581650390625000000e+03,2.259168457031250000e+03,1.320980102539062500e+03,1.495570068359375000e+03,2.094433349609375000e+03,1.471000976562500000e+03,3.537956542968750000e+02,1.582293945312500000e+03,3.346869140625000000e+03,9.908621093750000000e+03,2.699334960937500000e+03,8.640191040039062500e+02,2.888034667968750000e+03,8.960555419921875000e+02,1.003439086914062500e+03,1.310142211914062500e+03,4.324105224609375000e+02,4.440327636718750000e+03,1.177304199218750000e+03,9.107284179687500000e+03,4.428647460937500000e+03,3.064617614746093750e+02,3.960363281250000000e+03,1.409454101562500000e+03,1.192991943359375000e+03,4.263417968750000000e+03,3.232994995117187500e+02,4.165765136718750000e+03,3.546285400390625000e+02,3.268047607421875000e+03,8.559253906250000000e+03,1.678400878906250000e+03,2.445561370849609375e+02,2.857036132812500000e+03,2.693765136718750000e+03,6.617207031250000000e+02,4.030855224609375000e+03,5.328343505859375000e+02
1.013299926757812500e+03,5.591836914062500000e+03,9.762421264648437500e+02,1.514340136718750000e+04,2.766859375000000000e+03,5.719141845703125000e+02,3.484345703125000000e+02,2.559905853271484375e+02,1.024663281250000000e+04,5.815154296875000000e+03,1.170711669921875000e+03,3.449798828125000000e+03,2.054004394531250000e+03,1.178271240234375000e+03,3.450327636718750000e+03,1.891130126953125000e+03,9.123287963867187500e+02,3.161505737304687500e+02,1.212051513671875000e+03,3.241769042968750000e+03,8.919937500000000000e+03,2.274084960937500000e+03,8.836187744140625000e+02,2.439178955078125000e+03,9.060729980468750000e+02,1.843022827148437500e+03,1.946614379882812500e+03,4.993635559082031250e+02,3.710449462890625000e+03,7.751226806640625000e+02,9.165978515625000000e+03,9.000117187500000000e+03,4.514092102050781250e+02,4.145064941406250000e+03,1.539864013671875000e+03,1.338637451171875000e+03,4.149874023437500000e+03,3.196934814453125000e+02,5.741491210937500000e+03,6.728332519531250000e+02,3.076022460937500000e+03,6.783919921875000000e+03,3.257155273437500000e+03,9.157022094726562500e+01,2.127775390625000000e+03,1.901179687500000000e+03,6.673582763671875000e+02,3.359374511718750000e+03,5.124669189453125000e+02
1.550712402343750000e+03,5.054525390625000000e+03,8.986879882812500000e+02,3.263448632812500000e+04,4.767833007812500000e+03,1.158517089843750000e+03,4.051248779296875000e+02,3.802767028808593750e+02,1.513363964843750000e+04,3.667490966796875000e+03,1.183917236328125000e+03,4.489633300781250000e+03,1.985439819335937500e+03,1.606853027343750000e+03,2.888142578125000000e+03,1.775769531250000000e+03,1.230890869140625000e+03,3.000036926269531250e+02,1.452269165039062500e+03,3.252405761718750000e+03,7.299287597656250000e+03,2.247017822265625000e+03,9.084682617187500000e+02,4.855056640625000000e+03,9.059956054687500000e+02,1.799275512695312500e+03,1.211348876953125000e+03,4.678077392578125000e+02,5.117645996093750000e+03,5.615277099609375000e+02,9.600292968750000000e+03,4.657779785156250000e+03,3.858795776367187500e+02,8.341066406250000000e+03,3.436352539062500000e+03,1.416820556640625000e+03,4.499452148437500000e+03,3.293362121582031250e+02,3.196846191406250000e+03,7.224883422851562500e+02,5.436448242187500000e+03,9.635733398437500000e+03,3.655088623046875000e+03,2.134161682128906250e+02,2.577150146484375000e+03,2.579771728515625000e+03,7.038665161132812500e+02,3.946182617187500000e+03,4.043430786132812500e+02
1.299296875000000000e+03,4.125354492187500000e+03,9.713230590820312500e+02,3.226914843750000000e+04,3.407953613281250000e+03,1.119522583007812500e+03,4.255975952148437500e+02,2.227130737304687500e+02,1.100065429687500000e+04,3.486924560546875000e+03,1.071295776367187500e+03,3.807837890625000000e+03,1.836953369140625000e+03,1.347682373046875000e+03,1.313785644531250000e+03,1.866504760742187500e+03,9.766151733398437500e+02,3.000192260742187500e+02,1.375908203125000000e+03,3.204790771484375000e+03,5.348035644531250000e+03,1.923772705078125000e+03,8.459488525390625000e+02,3.960303466796875000e+03,8.982292480468750000e+02,9.331165771484375000e+02,1.185065063476562500e+03,3.628219909667968750e+02,6.521311523437500000e+03,9.498319702148437500e+02,1.016832421875000000e+04,4.215433105468750000e+03,3.869824829101562500e+02,4.089063964843750000e+03,1.628199218750000000e+03,1.261470458984375000e+03,4.164680664062500000e+03,3.421465759277343750e+02,2.966405517578125000e+03,3.210480346679687500e+02,3.205623779296875000e+03,1.638669335937500000e+04,1.844656616210937500e+03,1.643994903564453125e+02,2.845101806640625000e+03,2.476730468750000000e+03,7.404774169921875000e+02,5.500615234375000000e+02,5.550245361328125000e+02
1.218122436523437500e+03,6.619359375000000000e+03,7.564905395507812500e+02,1.568674218750000000e+04,3.584600341796875000e+03,1.116819458007812500e+03,4.371350402832031250e+02,1.308728332519531250e+02,1.140291210937500000e+04,3.739802246093750000e+03,1.261427734375000000e+03,4.808759765625000000e+03,2.209253906250000000e+03,1.322191650390625000e+03,2.392316894531250000e+03,2.121070800781250000e+03,1.461543457031250000e+03,3.304551391601562500e+02,1.434229125976562500e+03,3.383395263671875000e+03,5.441027343750000000e+03,2.211442138671875000e+03,8.175661621093750000e+02,3.135310546875000000e+03,9.005666503906250000e+02,1.811235351562500000e+03,1.444888183593750000e+03,3.225685119628906250e+02,6.896750976562500000e+03,1.462470825195312500e+03,9.447445312500000000e+03,4.780312011718750000e+03,3.891353149414062500e+02,4.069840576171875000e+03,1.503571777343750000e+03,2.021344482421875000e+03,4.367593750000000000e+03,3.521538696289062500e+02,3.169526855468750000e+03,7.370377197265625000e+02,3.329410156250000000e+03,9.966327148437500000e+03,3.676369140625000000e+03,1.612844238281250000e+02,2.806798095703125000e+03,2.742429931640625000e+03,7.589237670898437500e+02,2.974960205078125000e+03,5.506902465820312500e+02
1.408913696289062500e+03,6.354336914062500000e+03,1.078543701171875000e+03,2.080237890625000000e+04,4.596760742187500000e+03,1.135823730468750000e+03,4.928686828613281250e+02,2.223429107666015625e+02,1.224144042968750000e+04,3.647039550781250000e+03,8.919499511718750000e+02,4.389422363281250000e+03,1.769734497070312500e+03,1.465035400390625000e+03,1.345332763671875000e+03,1.953687744140625000e+03,1.280702758789062500e+03,3.375826721191406250e+02,1.560982421875000000e+03,3.328631835937500000e+03,4.159875000000000000e+03,2.739314697265625000e+03,9.745569458007812500e+02,2.331560058593750000e+03,8.625549926757812500e+02,1.816073608398437500e+03,1.204993652343750000e+03,2.152581787109375000e+02,7.637560546875000000e+03,1.251951904296875000e+03,1.226125878906250000e+04,4.539872558593750000e+03,4.565166015625000000e+02,4.441073730468750000e+03,1.526353027343750000e+03,1.040865478515625000e+03,5.003431152343750000e+03,3.665470581054687500e+02,4.841486816406250000e+03,2.957051391601562500e+02,2.958952636718750000e+03,9.267917968750000000e+03,3.590166992187500000e+03,1.387135314941406250e+02,2.636957031250000000e+03,2.841935302734375000e+03,8.220539550781250000e+02,3.291791992187500000e+02,4.224854736328125000e+02
1.844289916992187500e+03,3.379174072265625000e+03,1.055593750000000000e+03,1.897351367187500000e+04,3.827944580078125000e+03,1.099707397460937500e+03,7.161034545898437500e+02,1.824779968261718750e+02,1.208225292968750000e+04,3.692974121093750000e+03,8.867381591796875000e+02,5.330636718750000000e+03,1.972915283203125000e+03,1.996829833984375000e+03,3.532436035156250000e+03,2.006726074218750000e+03,1.401041137695312500e+03,4.028303527832031250e+02,1.514651000976562500e+03,3.345451904296875000e+03,3.978250000000000000e+03,2.507314697265625000e+03,9.695682983398437500e+02,5.064068359375000000e+03,9.079593505859375000e+02,1.779518676757812500e+03,1.353436645507812500e+03,3.055841674804687500e+02,7.822737792968750000e+03,1.051571411132812500e+03,1.015438476562500000e+04,4.364255371093750000e+03,4.251405029296875000e+02,4.026793212890625000e+03,1.835431396484375000e+03,1.831916503906250000e+03,4.817926757812500000e+03,3.605903320312500000e+02,2.976789550781250000e+03,6.947429199218750000e+02,3.617869873046875000e+03,1.246347851562500000e+04,1.819767578125000000e+03,1.519753417968750000e+02,6.318558593750000000e+03,2.792762207031250000e+03,1.275389404296875000e+03,3.039834960937500000e+03,5.491098632812500000e+02
1.210331054687500000e+03,6.595799804687500000e+03,8.005113525390625000e+02,2.409782226562500000e+04,4.460107910156250000e+03,1.175564331054687500e+03,4.690124816894531250e+02,2.873110351562500000e+02,1.664525000000000000e+04,3.801368408203125000e+03,1.110453735351562500e+03,5.106622558593750000e+03,1.946662841796875000e+03,1.348903076171875000e+03,1.459223022460937500e+03,2.176623046875000000e+03,1.132630493164062500e+03,4.033249206542968750e+02,1.516582031250000000e+03,3.289467285156250000e+03,4.050552978515625000e+03,2.043443847656250000e+03,9.842930908203125000e+02,3.459643798828125000e+03,9.008041992187500000e+02,1.473595825195312500e+03,1.886487792968750000e+03,3.364296569824218750e+02,5.730945312500000000e+03,1.898848876953125000e+03,1.012264257812500000e+04,4.588850097656250000e+03,3.880197143554687500e+02,4.063460205078125000e+03,1.637729614257812500e+03,2.172565673828125000e+03,4.777912597656250000e+03,3.620520324707031250e+02,4.232829589843750000e+03,3.960348205566406250e+02,3.307941894531250000e+03,1.129407812500000000e+04,2.746907226562500000e+03,1.535414123535156250e+02,3.091612060546875000e+03,2.923583007812500000e+03,8.295151977539062500e+02,1.433863037109375000e+03,5.390198974609375000e+02
1.157762695312500000e+03,6.353546386718750000e+03,9.705344238281250000e+02,1.500283300781250000e+04,3.108114990234375000e+03,1.071352783203125000e+03,4.200075988769531250e+02,2.698118286132812500e+02,1.224282519531250000e+04,7.752656250000000000e+03,1.173524658203125000e+03,4.205169433593750000e+03,2.625125000000000000e+03,2.050560791015625000e+03,3.184423339843750000e+03,2.333337646484375000e+03,1.444323852539062500e+03,2.703748779296875000e+02,1.506406860351562500e+03,3.278527343750000000e+03,4.331228515625000000e+03,4.172992187500000000e+03,9.747950439453125000e+02,3.272416503906250000e+03,9.099718017578125000e+02,1.849374755859375000e+03,1.401155029296875000e+03,2.033466491699218750e+02,4.662539550781250000e+03,1.480557617187500000e+03,1.018976757812500000e+04,1.020571093750000000e+04,5.532951660156250000e+02,6.363272460937500000e+03,1.598105957031250000e+03,1.536876220703125000e+03,6.396741210937500000e+03,3.556160278320312500e+02,3.208555664062500000e+03,6.892813720703125000e+02,3.426827880859375000e+03,1.518097460937500000e+04,3.762072509765625000e+03,1.203362197875976562e+02,3.406848388671875000e+03,2.811766113281250000e+03,1.416490722656250000e+03,4.029334716796875000e+02,5.153038940429687500e+02
1.642944335937500000e+03,6.534533203125000000e+03,1.311580688476562500e+03,1.517003417968750000e+04,4.674306640625000000e+03,9.566549072265625000e+02,4.571911010742187500e+02,3.136179199218750000e+02,1.804626562500000000e+04,3.797601318359375000e+03,1.166094238281250000e+03,4.066433349609375000e+03,2.066812011718750000e+03,1.510698730468750000e+03,2.850472900390625000e+03,2.100403564453125000e+03,1.516711425781250000e+03,3.198852539062500000e+02,1.376554687500000000e+03,3.284476806640625000e+03,4.361901367187500000e+03,4.522971679687500000e+03,1.099443359375000000e+03,4.903928710937500000e+03,9.122197265625000000e+02,1.781485229492187500e+03,2.331459960937500000e+03,2.532809448242187500e+02,5.041811523437500000e+03,1.046127685546875000e+03,9.462735351562500000e+03,4.785461914062500000e+03,4.919467468261718750e+02,8.391822265625000000e+03,1.537995483398437500e+03,1.382246337890625000e+03,5.420096191406250000e+03,3.708880004882812500e+02,4.217061523437500000e+03,7.379349365234375000e+02,3.203318847656250000e+03,1.116349023437500000e+04,3.626701904296875000e+03,1.262199172973632812e+02,2.492796630859375000e+03,2.406455566406250000e+03,7.282089843750000000e+02,1.710429077148437500e+03,4.056531982421875000e+02
1.413455078125000000e+03,6.442750976562500000e+03,6.920479736328125000e+02,1.576279882812500000e+04,2.827003906250000000e+03,1.037716918945312500e+03,4.742446289062500000e+02,1.616581420898437500e+02,1.123655468750000000e+04,3.621493652343750000e+03,9.157593383789062500e+02,4.130779296875000000e+03,3.113292724609375000e+03,1.345027587890625000e+03,1.463559692382812500e+03,2.074513427734375000e+03,1.059174804687500000e+03,3.889384765625000000e+02,1.368046142578125000e+03,3.310475341796875000e+03,4.266245605468750000e+03,1.967838745117187500e+03,8.936279296875000000e+02,4.003540527343750000e+03,8.982814941406250000e+02,9.728833007812500000e+02,1.678101562500000000e+03,2.505132751464843750e+02,3.970032226562500000e+03,8.658079833984375000e+02,8.186509765625000000e+03,4.269087402343750000e+03,4.935198059082031250e+02,4.091699951171875000e+03,2.013217041015625000e+03,1.096740966796875000e+03,4.355874023437500000e+03,3.825488281250000000e+02,5.970111328125000000e+03,6.007772216796875000e+02,3.664120117187500000e+03,9.515953125000000000e+03,1.858502929687500000e+03,1.248772125244140625e+02,2.699109619140625000e+03,2.217243652343750000e+03,7.303343505859375000e+02,5.756228027343750000e+02,5.560850830078125000e+02
2.915299560546875000e+03,6.600076171875000000e+03,1.135720092773437500e+03,1.672428125000000000e+04,4.789265625000000000e+03,1.013889343261718750e+03,4.182839355468750000e+02,1.739173431396484375e+02,1.447548925781250000e+04,5.030739746093750000e+03,1.260061157226562500e+03,4.029593994140625000e+03,2.060160888671875000e+03,1.805414794921875000e+03,3.555712402343750000e+03,2.156363037109375000e+03,1.707236328125000000e+03,4.334238586425781250e+02,1.526274902343750000e+03,3.428648681640625000e+03,4.497542968750000000e+03,1.985974731445312500e+03,1.004116699218750000e+03,3.902449951171875000e+03,8.982915039062500000e+02,1.785016601562500000e+03,1.203190673828125000e+03,2.606325988769531250e+02,4.407784179687500000e+03,9.603892822265625000e+02,8.746411132812500000e+03,5.146690429687500000e+03,4.709929504394531250e+02,4.121073242187500000e+03,1.738369384765625000e+03,1.737312866210937500e+03,4.692714843750000000e+03,4.029795532226562500e+02,3.505532226562500000e+03,7.471104736328125000e+02,4.260372070312500000e+03,1.126972070312500000e+04,3.647834472656250000e+03,1.731066131591796875e+02,3.058963378906250000e+03,3.070695800781250000e+03,7.340095214843750000e+02,1.012767578125000000e+03,5.505380249023437500e+02
1.633975952148437500e+03,4.420747070312500000e+03,1.010662963867187500e+03,1.605051757812500000e+04,3.243875976562500000e+03,1.172691894531250000e+03,4.475343933105468750e+02,1.980184936523437500e+02,1.295376855468750000e+04,3.807781250000000000e+03,1.100407348632812500e+03,4.768599609375000000e+03,2.198880859375000000e+03,1.959187744140625000e+03,1.491872070312500000e+03,2.145939208984375000e+03,1.671328613281250000e+03,3.775914916992187500e+02,1.610572265625000000e+03,3.614820800781250000e+03,4.481526855468750000e+03,2.302335937500000000e+03,9.747752075195312500e+02,2.667707519531250000e+03,9.031877441406250000e+02,1.587144531250000000e+03,1.604257690429687500e+03,3.018688964843750000e+02,4.440877929687500000e+03,1.322174560546875000e+03,1.073632812500000000e+04,4.470662109375000000e+03,4.937020568847656250e+02,4.930704101562500000e+03,2.213574218750000000e+03,1.687657714843750000e+03,4.968064941406250000e+03,4.415676574707031250e+02,5.207716796875000000e+03,6.114287719726562500e+02,3.973171875000000000e+03,1.723634765625000000e+04,3.259182861328125000e+03,1.715484924316406250e+02,2.800082031250000000e+03,3.132956542968750000e+03,8.816441040039062500e+02,8.640773925781250000e+02,4.259030456542968750e+02
1.086128417968750000e+03,5.654904296875000000e+03,1.393914672851562500e+03,3.344837109375000000e+04,4.611311523437500000e+03,1.073034057617187500e+03,7.460946044921875000e+02,2.215123291015625000e+02,1.163310546875000000e+04,3.631594238281250000e+03,1.172798828125000000e+03,4.826162597656250000e+03,2.396992187500000000e+03,1.245883178710937500e+03,1.594871704101562500e+03,4.322034179687500000e+03,1.426684204101562500e+03,3.510259704589843750e+02,1.385913818359375000e+03,3.380013916015625000e+03,4.445292968750000000e+03,2.143404052734375000e+03,9.527061767578125000e+02,4.976643554687500000e+03,9.084672851562500000e+02,1.700828247070312500e+03,1.142107543945312500e+03,2.543062133789062500e+02,4.597913574218750000e+03,1.009030517578125000e+03,9.408517578125000000e+03,4.311174316406250000e+03,5.452045898437500000e+02,3.998564208984375000e+03,1.834255126953125000e+03,1.124175292968750000e+03,4.362426269531250000e+03,4.071365356445312500e+02,5.115734375000000000e+03,5.025753784179687500e+02,3.142494628906250000e+03,1.203147851562500000e+04,3.394016845703125000e+03,1.195522079467773438e+02,2.367796630859375000e+03,2.290655517578125000e+03,6.231075439453125000e+02,4.806108398437500000e+02,5.495654296875000000e+02
1.872943115234375000e+03,4.974595214843750000e+03,1.141274414062500000e+03,3.496572656250000000e+04,2.838719238281250000e+03,7.396687011718750000e+02,4.632618713378906250e+02,2.518972473144531250e+02,1.438347070312500000e+04,3.791652099609375000e+03,1.113449707031250000e+03,4.705073242187500000e+03,2.154425537109375000e+03,1.295894042968750000e+03,3.617838378906250000e+03,2.139189453125000000e+03,1.517301269531250000e+03,3.251066284179687500e+02,1.443126220703125000e+03,3.369784912109375000e+03,4.356388183593750000e+03,1.876597167968750000e+03,9.059862670898437500e+02,2.545663085937500000e+03,9.054260253906250000e+02,1.658549438476562500e+03,1.166887084960937500e+03,2.907759399414062500e+02,4.237841308593750000e+03,1.387642333984375000e+03,8.267346679687500000e+03,4.463535644531250000e+03,5.904416503906250000e+02,3.981115966796875000e+03,3.923921142578125000e+03,9.915595703125000000e+02,4.234170410156250000e+03,3.312145996093750000e+02,3.536928222656250000e+03,7.449030761718750000e+02,3.602659179687500000e+03,1.230850683593750000e+04,2.150873046875000000e+03,2.233144989013671875e+02,2.647862792968750000e+03,2.209612792968750000e+03,6.766415405273437500e+02,7.218758544921875000e+02,5.400014648437500000e+02
8.046140136718750000e+02,5.826446777343750000e+03,9.545645751953125000e+02,1.431398144531250000e+04,2.587304199218750000e+03,7.745611572265625000e+02,3.909227905273437500e+02,1.520043487548828125e+02,1.115215917968750000e+04,8.236376953125000000e+03,1.225496093750000000e+03,3.418836181640625000e+03,2.126010986328125000e+03,1.617976562500000000e+03,3.265750000000000000e+03,2.129352294921875000e+03,1.382967041015625000e+03,3.061517944335937500e+02,1.128170898437500000e+03,3.464833007812500000e+03,4.307945312500000000e+03,2.122709228515625000e+03,9.954594726562500000e+02,2.591914062500000000e+03,9.108164062500000000e+02,1.592626953125000000e+03,1.518958862304687500e+03,3.597329101562500000e+02,3.902005859375000000e+03,8.972087402343750000e+02,8.425401367187500000e+03,9.227830078125000000e+03,5.657141723632812500e+02,4.203157226562500000e+03,1.658285522460937500e+03,1.021695678710937500e+03,4.802389648437500000e+03,3.492537231445312500e+02,6.444549804687500000e+03,7.055559692382812500e+02,2.442051757812500000e+03,1.198934472656250000e+04,3.640147216796875000e+03,8.803996276855468750e+01,1.925559692382812500e+03,1.393846923828125000e+03,8.267193603515625000e+02,8.712717285156250000e+02,5.444124755859375000e+02
1.489229736328125000e+03,5.655120117187500000e+03,1.412408935546875000e+03,1.582691992187500000e+04,3.353220703125000000e+03,1.014930786132812500e+03,4.609463195800781250e+02,3.097791748046875000e+02,1.317238281250000000e+04,3.899217529296875000e+03,8.521934204101562500e+02,5.272535644531250000e+03,2.146725585937500000e+03,1.383091308593750000e+03,1.729417480468750000e+03,2.164493164062500000e+03,1.762058105468750000e+03,3.166334228515625000e+02,1.401608520507812500e+03,3.463055175781250000e+03,4.469395019531250000e+03,4.707875976562500000e+03,1.037973022460937500e+03,3.690602050781250000e+03,9.080856933593750000e+02,1.606232421875000000e+03,1.857750122070312500e+03,3.905936279296875000e+02,4.488114746093750000e+03,1.159901489257812500e+03,9.624833984375000000e+03,4.447611816406250000e+03,5.591488037109375000e+02,8.504278320312500000e+03,2.649449462890625000e+03,1.118562744140625000e+03,4.577415039062500000e+03,3.721120910644531250e+02,5.466947265625000000e+03,7.367659912109375000e+02,3.405147460937500000e+03,1.026311718750000000e+04,3.633063720703125000e+03,1.996178283691406250e+02,2.897360351562500000e+03,2.206208496093750000e+03,7.041404418945312500e+02,1.564943725585937500e+03,3.496855468750000000e+02
1.799444091796875000e+03,3.314988037109375000e+03,7.834855957031250000e+02,2.932605273437500000e+04,2.679345214843750000e+03,9.488135986328125000e+02,4.311150207519531250e+02,3.229717102050781250e+02,1.259342089843750000e+04,3.890335937500000000e+03,1.243571777343750000e+03,4.905835449218750000e+03,2.512779296875000000e+03,1.311746704101562500e+03,1.559506347656250000e+03,2.200569580078125000e+03,1.811542358398437500e+03,3.969707641601562500e+02,1.476174560546875000e+03,3.524012939453125000e+03,4.401482421875000000e+03,1.956373535156250000e+03,8.963250122070312500e+02,4.356405273437500000e+03,8.963504638671875000e+02,1.615512329101562500e+03,1.611077636718750000e+03,3.752503967285156250e+02,4.692560546875000000e+03,1.367505126953125000e+03,1.010809570312500000e+04,4.475054199218750000e+03,5.201260986328125000e+02,4.091107910156250000e+03,4.179224609375000000e+03,1.079062255859375000e+03,4.635844726562500000e+03,3.629114990234375000e+02,7.065597656250000000e+03,7.109974365234375000e+02,3.658025146484375000e+03,2.218048242187500000e+04,3.159867187500000000e+03,1.938930511474609375e+02,2.675679443359375000e+03,2.386558593750000000e+03,6.640051269531250000e+02,6.557480468750000000e+02,5.558156738281250000e+02
1.546806884765625000e+03,6.598583007812500000e+03,1.061690673828125000e+03,1.696124414062500000e+04,4.579582031250000000e+03,9.541267089843750000e+02,5.055508117675781250e+02,3.476314392089843750e+02,1.249435156250000000e+04,6.321781250000000000e+03,1.262726562500000000e+03,4.901039062500000000e+03,2.578661621093750000e+03,1.749466064453125000e+03,3.245031250000000000e+03,2.123818359375000000e+03,1.937380615234375000e+03,4.051936645507812500e+02,1.582110961914062500e+03,3.812681884765625000e+03,4.557560546875000000e+03,2.059072265625000000e+03,1.064141479492187500e+03,4.622724609375000000e+03,9.005214843750000000e+02,1.730951904296875000e+03,1.710679565429687500e+03,4.190700073242187500e+02,4.426242187500000000e+03,1.152696044921875000e+03,1.029278613281250000e+04,5.406005859375000000e+03,5.231467895507812500e+02,4.209410156250000000e+03,2.935957031250000000e+03,1.519807250976562500e+03,4.369612792968750000e+03,3.860650939941406250e+02,6.251305664062500000e+03,7.289256591796875000e+02,3.664467285156250000e+03,2.148900781250000000e+04,3.714359375000000000e+03,1.705595092773437500e+02,3.417534179687500000e+03,2.739931152343750000e+03,6.785048828125000000e+02,8.436212158203125000e+02,5.505388183593750000e+02
1.460976074218750000e+03,5.445056640625000000e+03,1.438311401367187500e+03,3.388042968750000000e+04,3.781416259765625000e+03,8.805982055664062500e+02,5.276168212890625000e+02,2.266279602050781250e+02,1.126820703125000000e+04,4.137045410156250000e+03,8.112064208984375000e+02,4.204663574218750000e+03,2.037904296875000000e+03,1.408913818359375000e+03,1.449213256835937500e+03,2.082710937500000000e+03,1.741752197265625000e+03,3.752571105957031250e+02,1.569927978515625000e+03,4.270931640625000000e+03,4.466053710937500000e+03,2.115572265625000000e+03,1.169959350585937500e+03,2.448716552734375000e+03,9.009226074218750000e+02,1.518065185546875000e+03,1.755951904296875000e+03,4.407984924316406250e+02,4.525008300781250000e+03,1.216200073242187500e+03,1.042610742187500000e+04,4.595645507812500000e+03,4.357145996093750000e+02,4.531390625000000000e+03,3.863781005859375000e+03,1.062364501953125000e+03,4.637835937500000000e+03,5.274088745117187500e+02,4.505533203125000000e+03,4.557383422851562500e+02,3.403665527343750000e+03,1.980843750000000000e+04,1.979294677734375000e+03,1.827473144531250000e+02,2.202266845703125000e+03,2.181341796875000000e+03,6.582924804687500000e+02,7.473922119140625000e+02,5.004362792968750000e+02
1.904409423828125000e+03,3.866937011718750000e+03,9.439633789062500000e+02,1.903415234375000000e+04,2.787977539062500000e+03,7.526838378906250000e+02,5.881001586914062500e+02,3.250874633789062500e+02,1.143254589843750000e+04,3.624533203125000000e+03,1.205962890625000000e+03,5.504764160156250000e+03,2.363836425781250000e+03,1.264301269531250000e+03,1.192303222656250000e+03,4.284751953125000000e+03,1.591794921875000000e+03,3.462717590332031250e+02,1.301155761718750000e+03,3.646148681640625000e+03,4.425123046875000000e+03,2.034181396484375000e+03,9.281657714843750000e+02,4.946602539062500000e+03,9.090950927734375000e+02,1.665938476562500000e+03,1.575977294921875000e+03,2.969963989257812500e+02,4.031401123046875000e+03,9.903790283203125000e+02,8.948261718750000000e+03,4.294708496093750000e+03,5.102225341796875000e+02,4.108205566406250000e+03,3.379468750000000000e+03,1.107348876953125000e+03,4.189850585937500000e+03,3.059408874511718750e+02,4.592655273437500000e+03,3.615409240722656250e+02,3.076831787109375000e+03,2.045250390625000000e+04,1.844361083984375000e+03,1.609148254394531250e+02,2.191646240234375000e+03,2.161426269531250000e+03,6.474246826171875000e+02,4.764614257812500000e+02,5.496022338867187500e+02
1.630968627929687500e+03,5.964161132812500000e+03,1.707957763671875000e+03,1.528684375000000000e+04,3.679040771484375000e+03,7.777628784179687500e+02,5.095311584472656250e+02,5.657172241210937500e+02,1.153345996093750000e+04,4.102647949218750000e+03,1.175545898437500000e+03,4.046533447265625000e+03,2.152131835937500000e+03,1.387247192382812500e+03,3.717985839843750000e+03,2.141170898437500000e+03,1.488185302734375000e+03,3.691506347656250000e+02,1.645779052734375000e+03,3.532418701171875000e+03,4.332754882812500000e+03,1.819107543945312500e+03,1.145399047851562500e+03,2.407759765625000000e+03,9.050260009765625000e+02,1.660930786132812500e+03,1.206369140625000000e+03,3.379795837402343750e+02,4.025723876953125000e+03,1.015794677734375000e+03,8.292442382812500000e+03,5.043652343750000000e+03,5.196536865234375000e+02,4.055812988281250000e+03,3.752760742187500000e+03,1.054398437500000000e+03,4.358307617187500000e+03,3.864085693359375000e+02,4.172538574218750000e+03,7.430738525390625000e+02,3.595959472656250000e+03,1.285454003906250000e+04,1.822739624023437500e+03,2.029517211914062500e+02,2.619161865234375000e+03,2.203650390625000000e+03,6.649030761718750000e+02,7.459418945312500000e+02,5.383944091796875000e+02
7.049709472656250000e+02,6.227201660156250000e+03,7.744782714843750000e+02,1.423896972656250000e+04,3.095439697265625000e+03,7.474514160156250000e+02,4.213067016601562500e+02,1.643634796142578125e+02,1.089425683593750000e+04,8.327006835937500000e+03,1.233145263671875000e+03,3.690810791015625000e+03,2.524499023437500000e+03,1.773451416015625000e+03,3.225802246093750000e+03,2.201478515625000000e+03,1.348204101562500000e+03,3.776714477539062500e+02,1.412508544921875000e+03,3.824419433593750000e+03,4.297012695312500000e+03,1.948714477539062500e+03,9.567675170898437500e+02,3.142964843750000000e+03,9.095192871093750000e+02,1.381815185546875000e+03,1.452054321289062500e+03,3.812380371093750000e+02,4.086127441406250000e+03,1.150949951171875000e+03,9.188518554687500000e+03,1.107148632812500000e+04,4.826422119140625000e+02,4.516006835937500000e+03,3.789856933593750000e+03,1.090794799804687500e+03,4.491950195312500000e+03,3.586004638671875000e+02,5.842428710937500000e+03,6.777521972656250000e+02,2.766372802734375000e+03,1.218541796875000000e+04,3.274480224609375000e+03,9.322326660156250000e+01,1.862655761718750000e+03,2.154741699218750000e+03,8.181370239257812500e+02,8.469982910156250000e+02,5.307012939453125000e+02
1.370000976562500000e+03,6.516880371093750000e+03,1.353307861328125000e+03,1.878713476562500000e+04,3.765674072265625000e+03,1.134561035156250000e+03,4.574398803710937500e+02,2.225002288818359375e+02,1.155528417968750000e+04,6.844944824218750000e+03,1.135322998046875000e+03,4.005570800781250000e+03,2.366890869140625000e+03,1.428844482421875000e+03,3.216125000000000000e+03,3.037023925781250000e+03,1.513130981445312500e+03,3.357221679687500000e+02,1.831439453125000000e+03,4.302982910156250000e+03,4.374480468750000000e+03,4.911194335937500000e+03,1.059793579101562500e+03,3.428986816406250000e+03,9.058620605468750000e+02,1.605640258789062500e+03,1.391466308593750000e+03,3.606964111328125000e+02,4.006052978515625000e+03,1.151695678710937500e+03,9.380600585937500000e+03,5.591125976562500000e+03,5.207777099609375000e+02,8.548388671875000000e+03,2.216451171875000000e+03,1.259913452148437500e+03,4.540123046875000000e+03,3.997444763183593750e+02,5.645625000000000000e+03,7.275812988281250000e+02,3.577642578125000000e+03,1.662014453125000000e+04,3.599394042968750000e+03,2.008130798339843750e+02,2.837489501953125000e+03,2.379439208984375000e+03,8.573546142578125000e+02,1.475894775390625000e+03,3.595674743652343750e+02
1.491222534179687500e+03,6.468304687500000000e+03,9.404919433593750000e+02,1.799452148437500000e+04,3.979001464843750000e+03,1.152198852539062500e+03,5.959570922851562500e+02,2.765950927734375000e+02,1.136374121093750000e+04,4.811479492187500000e+03,1.203480468750000000e+03,4.985687011718750000e+03,4.029474121093750000e+03,1.285929321289062500e+03,1.204735351562500000e+03,3.397462402343750000e+03,1.875353637695312500e+03,3.990770568847656250e+02,1.911573242187500000e+03,3.924950683593750000e+03,4.411801757812500000e+03,2.092494384765625000e+03,1.004915832519531250e+03,4.651570312500000000e+03,8.957387695312500000e+02,1.573158691406250000e+03,2.531622314453125000e+03,2.866157836914062500e+02,4.436622558593750000e+03,1.434963867187500000e+03,1.224458789062500000e+04,4.836580078125000000e+03,5.667370605468750000e+02,4.611570312500000000e+03,3.205514648437500000e+03,1.542794555664062500e+03,4.571611816406250000e+03,4.357758789062500000e+02,7.238099609375000000e+03,7.280227050781250000e+02,4.026401855468750000e+03,1.091060058593750000e+04,1.887502197265625000e+03,1.534507141113281250e+02,3.526368408203125000e+03,3.022689453125000000e+03,7.334639892578125000e+02,5.672110595703125000e+02,5.553839111328125000e+02
1.668177490234375000e+03,6.636011718750000000e+03,9.194041748046875000e+02,1.595557519531250000e+04,3.771369140625000000e+03,1.310401245117187500e+03,5.842038574218750000e+02,2.594880981445312500e+02,1.183059863281250000e+04,8.029175781250000000e+03,1.247113525390625000e+03,4.604132324218750000e+03,3.178960449218750000e+03,1.728747802734375000e+03,2.477459960937500000e+03,2.258250488281250000e+03,1.962247680664062500e+03,4.165177307128906250e+02,2.069077148437500000e+03,4.453593750000000000e+03,4.572364746093750000e+03,2.061153076171875000e+03,1.089554687500000000e+03,5.035129882812500000e+03,9.004772949218750000e+02,1.721804931640625000e+03,2.839995605468750000e+03,2.701868591308593750e+02,4.377426269531250000e+03,1.241101074218750000e+03,1.335566015625000000e+04,7.315911621093750000e+03,5.281105957031250000e+02,4.898659179687500000e+03,3.393516601562500000e+03,2.023102539062500000e+03,5.010573730468750000e+03,4.364632873535156250e+02,6.424472656250000000e+03,7.167447509765625000e+02,4.069278564453125000e+03,1.106764648437500000e+04,3.698570800781250000e+03,1.257461929321289062e+02,4.138395996093750000e+03,4.081416503906250000e+03,7.670776977539062500e+02,7.891590576171875000e+02,5.497486572265625000e+02
1.251436767578125000e+03,6.039628906250000000e+03,1.047413085937500000e+03,3.639815625000000000e+04,3.515335937500000000e+03,1.448061889648437500e+03,5.409779052734375000e+02,3.481040954589843750e+02,1.130577246093750000e+04,4.119481933593750000e+03,1.211126953125000000e+03,4.073353027343750000e+03,3.067721191406250000e+03,1.481082275390625000e+03,1.313088134765625000e+03,2.194209472656250000e+03,1.809156494140625000e+03,4.173993530273437500e+02,2.538457031250000000e+03,5.268310546875000000e+03,4.512624023437500000e+03,2.309058349609375000e+03,1.093768798828125000e+03,2.762068603515625000e+03,9.042734375000000000e+02,1.510748535156250000e+03,2.108626953125000000e+03,2.693599243164062500e+02,4.975284667968750000e+03,8.825212402343750000e+02,1.239196679687500000e+04,5.059842285156250000e+03,5.028568115234375000e+02,6.006208984375000000e+03,3.952965332031250000e+03,1.648133911132812500e+03,4.638564453125000000e+03,6.028031616210937500e+02,5.736022460937500000e+03,6.603432617187500000e+02,3.799712890625000000e+03,1.597046875000000000e+04,3.450864746093750000e+03,1.398301391601562500e+02,2.485445556640625000e+03,2.821542480468750000e+03,7.181771240234375000e+02,9.466917724609375000e+02,3.954732055664062500e+02
1.100066040039062500e+03,5.042784179687500000e+03,7.861892700195312500e+02,1.571048535156250000e+04,3.151845214843750000e+03,1.062641601562500000e+03,6.684277954101562500e+02,1.793227539062500000e+02,1.083582812500000000e+04,3.611549072265625000e+03,1.213918701171875000e+03,4.846873046875000000e+03,3.399258300781250000e+03,1.207936889648437500e+03,1.130455688476562500e+03,4.914749023437500000e+03,1.634999511718750000e+03,3.666690063476562500e+02,1.765236450195312500e+03,4.397068359375000000e+03,4.455405761718750000e+03,2.066666503906250000e+03,1.019130676269531250e+03,5.052283691406250000e+03,9.086226806640625000e+02,1.680640258789062500e+03,2.769488525390625000e+03,2.445209655761718750e+02,4.240636230468750000e+03,9.264443359375000000e+02,1.175722070312500000e+04,4.386342773437500000e+03,5.860758056640625000e+02,4.334820312500000000e+03,1.167569824218750000e+03,1.531030517578125000e+03,4.419231445312500000e+03,4.222443237304687500e+02,5.018933105468750000e+03,4.713292236328125000e+02,3.444757812500000000e+03,1.106136914062500000e+04,1.735308593750000000e+03,1.315352020263671875e+02,2.568721679687500000e+03,2.452648925781250000e+03,6.678958740234375000e+02,4.745325927734375000e+02,5.493544921875000000e+02
1.496017944335937500e+03,5.731298828125000000e+03,1.020414916992187500e+03,2.037703710937500000e+04,3.146086425781250000e+03,8.814795532226562500e+02,4.676539916992187500e+02,1.798627929687500000e+02,1.162060351562500000e+04,4.080970947265625000e+03,1.051244140625000000e+03,4.341201171875000000e+03,2.937881591796875000e+03,1.349373657226562500e+03,3.515196777343750000e+03,2.600643554687500000e+03,1.755588012695312500e+03,4.045733642578125000e+02,2.631009277343750000e+03,3.746784179687500000e+03,4.489464355468750000e+03,1.981415405273437500e+03,1.079376098632812500e+03,2.613943847656250000e+03,9.042271728515625000e+02,1.682616943359375000e+03,2.847243652343750000e+03,2.872857971191406250e+02,4.333542968750000000e+03,7.898231811523437500e+02,1.133992187500000000e+04,5.771297851562500000e+03,6.279403076171875000e+02,4.138948730468750000e+03,1.765873413085937500e+03,2.056193603515625000e+03,4.955276367187500000e+03,4.597003173828125000e+02,6.180916992187500000e+03,7.451229248046875000e+02,3.731293457031250000e+03,1.113911132812500000e+04,1.596952880859375000e+03,1.322531738281250000e+02,2.582083984375000000e+03,2.266916259765625000e+03,7.714456176757812500e+02,7.624840087890625000e+02,5.326728515625000000e+02
6.435019531250000000e+02,6.065334960937500000e+03,7.042152709960937500e+02,1.387951074218750000e+04,2.562463134765625000e+03,8.428796386718750000e+02,4.066868286132812500e+02,1.592828979492187500e+02,1.091886328125000000e+04,8.173848632812500000e+03,1.179973510742187500e+03,3.356463378906250000e+03,3.437437988281250000e+03,1.343119384765625000e+03,3.200459960937500000e+03,2.953571777343750000e+03,1.550037719726562500e+03,3.447637329101562500e+02,1.489835205078125000e+03,4.676129882812500000e+03,4.237937988281250000e+03,2.044696899414062500e+03,9.679704589843750000e+02,3.163410644531250000e+03,9.085007324218750000e+02,1.491139892578125000e+03,2.717306640625000000e+03,2.266299743652343750e+02,4.377139160156250000e+03,5.408635253906250000e+02,1.027109960937500000e+04,1.107550292968750000e+04,5.782223510742187500e+02,6.101500488281250000e+03,9.910437011718750000e+02,1.636443115234375000e+03,5.180241210937500000e+03,3.817042846679687500e+02,6.924192382812500000e+03,6.887432250976562500e+02,2.982947753906250000e+03,1.085357128906250000e+04,3.345996826171875000e+03,1.142573089599609375e+02,1.730955444335937500e+03,1.702156982421875000e+03,9.733496093750000000e+02,8.191036376953125000e+02,5.073627624511718750e+02
1.271380737304687500e+03,5.835380859375000000e+03,9.114165039062500000e+02,1.524748242187500000e+04,3.251166015625000000e+03,1.030711303710937500e+03,5.689744873046875000e+02,2.095620727539062500e+02,1.150291601562500000e+04,4.117555664062500000e+03,1.184470458984375000e+03,3.839406250000000000e+03,3.137420898437500000e+03,1.252850585937500000e+03,1.701940063476562500e+03,3.935905761718750000e+03,1.797834594726562500e+03,3.471634521484375000e+02,1.637999755859375000e+03,4.491363769531250000e+03,4.406525878906250000e+03,4.744442382812500000e+03,1.077927734375000000e+03,4.949869140625000000e+03,9.078421630859375000e+02,1.425202392578125000e+03,2.789883300781250000e+03,2.726052856445312500e+02,4.503574218750000000e+03,6.794244995117187500e+02,9.574602539062500000e+03,4.700891601562500000e+03,5.999317016601562500e+02,8.593554687500000000e+03,1.633297363281250000e+03,1.432476318359375000e+03,4.940761718750000000e+03,4.640105590820312500e+02,4.692424316406250000e+03,7.218569335937500000e+02,3.410936523437500000e+03,1.104803906250000000e+04,2.479930419921875000e+03,1.318939208984375000e+02,2.605770019531250000e+03,2.136361572265625000e+03,8.752513427734375000e+02,1.342744873046875000e+03,3.636777343750000000e+02
1.049653686523437500e+03,4.789755371093750000e+03,6.740692138671875000e+02,1.577494921875000000e+04,3.025934570312500000e+03,1.018596191406250000e+03,4.855645446777343750e+02,2.096291656494140625e+02,1.113923437500000000e+04,3.671973388671875000e+03,1.172669189453125000e+03,3.921705566406250000e+03,4.136606933593750000e+03,1.089895263671875000e+03,1.053235839843750000e+03,3.924467285156250000e+03,1.628820312500000000e+03,4.086947631835937500e+02,1.647684814453125000e+03,3.938543945312500000e+03,4.360072265625000000e+03,1.904030273437500000e+03,9.961132812500000000e+02,4.769070800781250000e+03,8.954680175781250000e+02,1.164448852539062500e+03,1.092602905273437500e+03,3.032969970703125000e+02,4.309491699218750000e+03,7.181829223632812500e+02,1.260861523437500000e+04,4.328237792968750000e+03,4.526726684570312500e+02,4.712840332031250000e+03,1.665449218750000000e+03,1.179928466796875000e+03,4.764489746093750000e+03,4.195722656250000000e+02,5.836365722656250000e+03,2.816220703125000000e+02,3.387934814453125000e+03,1.112124804687500000e+04,1.645118774414062500e+03,1.560058441162109375e+02,2.514271240234375000e+03,2.330937500000000000e+03,8.427796020507812500e+02,6.282938232421875000e+02,5.555588378906250000e+02
1.888591796875000000e+03,6.624830078125000000e+03,5.842870483398437500e+02,1.470517871093750000e+04,3.060740234375000000e+03,9.777584228515625000e+02,4.894076232910156250e+02,2.600225524902343750e+02,1.126715527343750000e+04,6.706558593750000000e+03,1.232481689453125000e+03,4.177277832031250000e+03,3.195926025390625000e+03,1.267907226562500000e+03,1.511090576171875000e+03,2.994480468750000000e+03,1.950147338867187500e+03,4.244347229003906250e+02,1.788372558593750000e+03,4.388257324218750000e+03,4.544760742187500000e+03,2.068489501953125000e+03,1.176142211914062500e+03,5.046952636718750000e+03,9.005013427734375000e+02,1.502349609375000000e+03,2.816502929687500000e+03,2.940013427734375000e+02,4.259309570312500000e+03,7.515202026367187500e+02,1.079474023437500000e+04,5.366667968750000000e+03,5.349286499023437500e+02,4.680972656250000000e+03,1.241557250976562500e+03,1.830790771484375000e+03,4.457137207031250000e+03,4.726354370117187500e+02,5.004668945312500000e+03,7.350697631835937500e+02,3.651555175781250000e+03,1.103247949218750000e+04,3.620174316406250000e+03,1.611200561523437500e+02,3.257012451171875000e+03,2.534441162109375000e+03,8.206454467773437500e+02,7.730239257812500000e+02,5.505684204101562500e+02
1.829620483398437500e+03,5.374472656250000000e+03,8.754118652343750000e+02,3.597159375000000000e+04,3.309191894531250000e+03,1.168672729492187500e+03,4.736537780761718750e+02,3.030334167480468750e+02,1.112565136718750000e+04,3.840314453125000000e+03,1.204011474609375000e+03,3.675258789062500000e+03,3.054641113281250000e+03,1.286625122070312500e+03,1.125869262695312500e+03,2.168575683593750000e+03,1.895892822265625000e+03,4.264242553710937500e+02,2.129677246093750000e+03,5.170030273437500000e+03,4.504367187500000000e+03,2.115855712890625000e+03,1.268027832031250000e+03,2.552852539062500000e+03,8.972064208984375000e+02,1.561294799804687500e+03,1.146249389648437500e+03,3.843803100585937500e+02,4.660835449218750000e+03,7.163772583007812500e+02,1.233593945312500000e+04,4.483166015625000000e+03,4.458579711914062500e+02,5.073406738281250000e+03,2.454748535156250000e+03,1.346414062500000000e+03,4.861873046875000000e+03,5.621129150390625000e+02,4.633905273437500000e+03,2.787149658203125000e+02,3.631342285156250000e+03,1.115503222656250000e+04,1.886709716796875000e+03,1.844348297119140625e+02,2.403269287109375000e+03,2.191913085937500000e+03,7.277839355468750000e+02,1.116429687500000000e+03,4.057128906250000000e+02
1.506416992187500000e+03,4.397353515625000000e+03,8.809173583984375000e+02,1.549923437500000000e+04,3.155702880859375000e+03,9.500876464843750000e+02,4.461922607421875000e+02,1.975728454589843750e+02,1.075574804687500000e+04,3.658064941406250000e+03,1.201954711914062500e+03,3.457075927734375000e+03,3.768986816406250000e+03,1.133479248046875000e+03,1.134028198242187500e+03,4.919874023437500000e+03,1.475332519531250000e+03,4.008519592285156250e+02,1.572817626953125000e+03,3.986077148437500000e+03,4.341764648437500000e+03,2.022948974609375000e+03,1.065710083007812500e+03,5.086941894531250000e+03,9.089084472656250000e+02,1.450210815429687500e+03,2.255550781250000000e+03,3.189845581054687500e+02,3.979687011718750000e+03,6.631323852539062500e+02,9.944708984375000000e+03,4.259022949218750000e+03,4.860530395507812500e+02,4.561386718750000000e+03,1.564462402343750000e+03,1.164086914062500000e+03,4.693671875000000000e+03,3.561271667480468750e+02,4.454349121093750000e+03,3.562428588867187500e+02,3.163575439453125000e+03,1.093156250000000000e+04,1.815124511718750000e+03,1.323385925292968750e+02,2.275985351562500000e+03,2.232959716796875000e+03,6.833311767578125000e+02,4.819814453125000000e+02,5.497338867187500000e+02
1.631585571289062500e+03,4.978386718750000000e+03,6.856692504882812500e+02,2.668908593750000000e+04,2.819285156250000000e+03,6.166268310546875000e+02,4.817178039550781250e+02,2.382090148925781250e+02,1.032395019531250000e+04,3.749243896484375000e+03,1.094845825195312500e+03,3.378021728515625000e+03,2.518206298828125000e+03,9.710621948242187500e+02,1.108833374023437500e+03,2.309628173828125000e+03,1.554339843750000000e+03,3.722352294921875000e+02,3.152300781250000000e+03,3.562958496093750000e+03,4.389323730468750000e+03,1.787886962890625000e+03,1.117893920898437500e+03,2.374611572265625000e+03,9.029749755859375000e+02,8.446159667968750000e+02,1.131759643554687500e+03,3.459227905273437500e+02,4.020758300781250000e+03,7.658610839843750000e+02,1.071384082031250000e+04,4.396702636718750000e+03,3.492033081054687500e+02,4.100946777343750000e+03,1.239915527343750000e+03,9.436970214843750000e+02,4.269491210937500000e+03,4.017995910644531250e+02,4.057317871093750000e+03,3.307764587402343750e+02,3.100684326171875000e+03,1.076988671875000000e+04,2.227507812500000000e+03,2.412167053222656250e+02,2.014032104492187500e+03,2.214973144531250000e+03,7.239948730468750000e+02,7.306633300781250000e+02,5.328491210937500000e+02
1.843387084960937500e+03,6.063772949218750000e+03,5.487742919921875000e+02,1.379834570312500000e+04,2.216050537109375000e+03,5.960437622070312500e+02,4.004567565917968750e+02,1.728807373046875000e+02,1.044060351562500000e+04,8.373507812500000000e+03,1.190588378906250000e+03,2.652437744140625000e+03,2.709243896484375000e+03,1.215759155273437500e+03,1.759854492187500000e+03,2.407682617187500000e+03,1.345172119140625000e+03,3.149611206054687500e+02,1.492731689453125000e+03,3.718093994140625000e+03,4.087871093750000000e+03,2.010221679687500000e+03,1.245573120117187500e+03,3.129857910156250000e+03,9.085466308593750000e+02,1.352107421875000000e+03,1.416705688476562500e+03,4.675275268554687500e+02,4.074963867187500000e+03,5.236925048828125000e+02,1.277682812500000000e+04,8.450881835937500000e+03,4.728280639648437500e+02,4.934385742187500000e+03,1.497427368164062500e+03,9.287283935546875000e+02,8.243839843750000000e+03,3.621474609375000000e+02,6.882171875000000000e+03,5.690236206054687500e+02,3.159260009765625000e+03,1.041713378906250000e+04,2.460311523437500000e+03,1.067136688232421875e+02,1.612973632812500000e+03,1.265111450195312500e+03,8.607349853515625000e+02,9.441162109375000000e+02,5.285141601562500000e+02
2.648195556640625000e+03,6.254134765625000000e+03,8.971389160156250000e+02,1.364881347656250000e+04,2.486268554687500000e+03,7.371262207031250000e+02,6.455904541015625000e+02,1.483147125244140625e+02,1.063619042968750000e+04,4.229540527343750000e+03,1.183520507812500000e+03,2.874825683593750000e+03,2.900717773437500000e+03,1.228480346679687500e+03,1.046953979492187500e+03,4.783534667968750000e+03,1.635367431640625000e+03,3.357929077148437500e+02,1.732794555664062500e+03,4.181009765625000000e+03,4.244462402343750000e+03,5.146693359375000000e+03,1.301420043945312500e+03,4.346459472656250000e+03,9.118520507812500000e+02,8.723461303710937500e+02,1.394280273437500000e+03,4.589798583984375000e+02,3.800608154296875000e+03,6.452031250000000000e+02,8.958425781250000000e+03,4.642300292968750000e+03,5.041173095703125000e+02,8.563791015625000000e+03,7.640244140625000000e+02,9.895252685546875000e+02,4.547222167968750000e+03,3.751521301269531250e+02,5.630935058593750000e+03,3.510784912109375000e+02,3.418590332031250000e+03,1.021152734375000000e+04,1.737202880859375000e+03,2.522487335205078125e+02,2.226845947265625000e+03,2.052092773437500000e+03,9.054400634765625000e+02,1.817373168945312500e+03,3.168738403320312500e+02
1.810224731445312500e+03,4.298999023437500000e+03,9.573012695312500000e+02,1.354862695312500000e+04,2.753166259765625000e+03,7.903992919921875000e+02,4.863799133300781250e+02,2.060697631835937500e+02,1.062997070312500000e+04,3.603389892578125000e+03,1.170072021484375000e+03,3.005349121093750000e+03,3.617198242187500000e+03,1.059348754882812500e+03,1.030628540039062500e+03,2.720855468750000000e+03,1.468547729492187500e+03,3.852425537109375000e+02,1.600243041992187500e+03,3.671607666015625000e+03,4.078312988281250000e+03,2.013179077148437500e+03,1.260782470703125000e+03,4.123079101562500000e+03,8.955610351562500000e+02,1.021349731445312500e+03,1.337368041992187500e+03,2.974326782226562500e+02,3.836956298828125000e+03,6.938709716796875000e+02,1.199755664062500000e+04,4.307056640625000000e+03,5.814157714843750000e+02,4.375328125000000000e+03,9.555899047851562500e+02,9.214735107421875000e+02,4.269638183593750000e+03,3.685948181152343750e+02,6.128392578125000000e+03,3.394910278320312500e+02,3.371569824218750000e+03,1.085787207031250000e+04,2.067404296875000000e+03,1.584138488769531250e+02,2.226090087890625000e+03,1.669429077148437500e+03,7.852645874023437500e+02,5.918759765625000000e+02,5.548064575195312500e+02
1.808076049804687500e+03,6.581767578125000000e+03,7.575314331054687500e+02,1.445568164062500000e+04,3.068268554687500000e+03,6.232848510742187500e+02,4.220526428222656250e+02,1.977433013916015625e+02,1.075011914062500000e+04,3.933440185546875000e+03,1.228704833984375000e+03,3.066145507812500000e+03,2.937716308593750000e+03,9.371026611328125000e+02,1.069896240234375000e+03,2.577922363281250000e+03,1.768961669921875000e+03,3.929089355468750000e+02,1.529544555664062500e+03,3.986316650390625000e+03,4.455019531250000000e+03,1.992186889648437500e+03,1.274184448242187500e+03,3.027095703125000000e+03,9.000645751953125000e+02,1.025457275390625000e+03,1.392972290039062500e+03,2.498703002929687500e+02,3.862948730468750000e+03,7.280076904296875000e+02,1.036102929687500000e+04,4.541966308593750000e+03,3.962480163574218750e+02,4.304057128906250000e+03,9.485371093750000000e+02,1.115041015625000000e+03,4.387062500000000000e+03,4.331080932617187500e+02,5.619058593750000000e+03,3.557810668945312500e+02,3.435860351562500000e+03,1.025195507812500000e+04,3.111043212890625000e+03,1.261427917480468750e+02,2.454871582031250000e+03,1.677170654296875000e+03,7.500437622070312500e+02,7.661345214843750000e+02,5.495380859375000000e+02
1.856316040039062500e+03,4.556218750000000000e+03,9.515570068359375000e+02,2.597040429687500000e+04,2.993734619140625000e+03,6.640405883789062500e+02,4.619184265136718750e+02,1.848065795898437500e+02,1.073120605468750000e+04,3.662807373046875000e+03,1.180148559570312500e+03,3.193703125000000000e+03,3.016988037109375000e+03,1.006396179199218750e+03,1.060407958984375000e+03,2.154822021484375000e+03,1.760493408203125000e+03,3.953932189941406250e+02,2.053104492187500000e+03,4.408677734375000000e+03,4.331591308593750000e+03,2.208266357421875000e+03,1.327568237304687500e+03,2.581222167968750000e+03,9.031407470703125000e+02,1.015039428710937500e+03,1.468209228515625000e+03,2.864726867675781250e+02,4.200951660156250000e+03,7.032987670898437500e+02,1.050559863281250000e+04,4.357662109375000000e+03,5.726656494140625000e+02,4.698643554687500000e+03,1.027296142578125000e+03,9.389072265625000000e+02,4.409352539062500000e+03,5.368116455078125000e+02,5.642614257812500000e+03,3.861948852539062500e+02,3.485884277343750000e+03,1.085670507812500000e+04,1.957942749023437500e+03,1.402078399658203125e+02,2.002846435546875000e+03,1.612039916992187500e+03,7.082626953125000000e+02,1.074645874023437500e+03,3.506042480468750000e+02
1.804579711914062500e+03,3.991984375000000000e+03,1.060148071289062500e+03,1.410035058593750000e+04,2.906915283203125000e+03,6.847006835937500000e+02,4.668149108886718750e+02,2.147259368896484375e+02,1.073833593750000000e+04,3.683371337890625000e+03,1.168227416992187500e+03,3.278137207031250000e+03,3.506175048828125000e+03,1.644904052734375000e+03,1.013183837890625000e+03,4.875161132812500000e+03,1.396436767578125000e+03,3.501767578125000000e+02,1.443459960937500000e+03,3.510593505859375000e+03,4.354355957031250000e+03,2.024097656250000000e+03,1.255903076171875000e+03,5.025923828125000000e+03,9.084746093750000000e+02,8.254585571289062500e+02,1.699557373046875000e+03,2.329863586425781250e+02,3.532890380859375000e+03,7.239921875000000000e+02,9.133222656250000000e+03,4.282919921875000000e+03,4.400324096679687500e+02,4.181203613281250000e+03,9.548678588867187500e+02,1.038955444335937500e+03,4.439397460937500000e+03,3.983909606933593750e+02,6.093305664062500000e+03,3.250754394531250000e+02,3.431374023437500000e+03,1.072354394531250000e+04,1.899932128906250000e+03,1.362941741943359375e+02,1.768453857421875000e+03,1.612766967773437500e+03,6.448350830078125000e+02,5.607562255859375000e+02,5.466196289062500000e+02
1.794619384765625000e+03,4.810069335937500000e+03,1.013712463378906250e+03,1.523037890625000000e+04,2.612025878906250000e+03,5.588381347656250000e+02,4.277661437988281250e+02,1.624503326416015625e+02,1.018677343750000000e+04,3.856453613281250000e+03,1.097726562500000000e+03,2.680483154296875000e+03,2.527693359375000000e+03,9.154556274414062500e+02,1.170465332031250000e+03,2.332609375000000000e+03,1.404021240234375000e+03,3.017312011718750000e+02,1.546927124023437500e+03,3.444626464843750000e+03,4.193443847656250000e+03,1.942648193359375000e+03,1.258084106445312500e+03,2.538322998046875000e+03,9.040871582031250000e+02,1.164239257812500000e+03,1.125772827148437500e+03,2.059023742675781250e+02,3.689239013671875000e+03,7.683888549804687500e+02,7.839163085937500000e+03,4.730868652343750000e+03,5.844837646484375000e+02,4.093282226562500000e+03,1.819529785156250000e+03,8.171186523437500000e+02,4.205257324218750000e+03,3.325774230957031250e+02,5.783456054687500000e+03,6.577928466796875000e+02,3.300583007812500000e+03,1.059716406250000000e+04,1.922729614257812500e+03,1.179155426025390625e+02,1.940488769531250000e+03,1.139249877929687500e+03,6.652454833984375000e+02,6.246361083984375000e+02,5.280842285156250000e+02
1.857845458984375000e+03,6.046343261718750000e+03,6.575439453125000000e+02,1.291103027343750000e+04,2.073093017578125000e+03,5.289722290039062500e+02,3.995117797851562500e+02,1.442267150878906250e+02,1.012544921875000000e+04,8.125580078125000000e+03,1.178622070312500000e+03,2.452454345703125000e+03,3.786112792968750000e+03,1.444137695312500000e+03,2.792440429687500000e+03,2.454884277343750000e+03,1.373765136718750000e+03,3.041801757812500000e+02,1.349351440429687500e+03,3.674408203125000000e+03,4.095658691406250000e+03,2.021828857421875000e+03,1.318047851562500000e+03,3.739163574218750000e+03,9.036164550781250000e+02,9.304302978515625000e+02,9.893656005859375000e+02,2.317850646972656250e+02,3.731970703125000000e+03,4.816955261230468750e+02,8.167826171875000000e+03,1.099088574218750000e+04,3.777359008789062500e+02,4.460956542968750000e+03,1.110941894531250000e+03,9.525517578125000000e+02,4.348415527343750000e+03,3.891081542968750000e+02,6.577992187500000000e+03,4.530534973144531250e+02,2.812157470703125000e+03,1.030510351562500000e+04,1.852013183593750000e+03,1.100038757324218750e+02,1.369096069335937500e+03,1.075587768554687500e+03,8.906835937500000000e+02,9.135209960937500000e+02,4.979884643554687500e+02
3.528154296875000000e+03,5.666203125000000000e+03,1.137302978515625000e+03,1.262441015625000000e+04,2.493831298828125000e+03,6.150175781250000000e+02,5.757604980468750000e+02,1.747595520019531250e+02,1.072417187500000000e+04,3.727009277343750000e+03,1.169051025390625000e+03,3.570460937500000000e+03,3.392983642578125000e+03,1.227374511718750000e+03,1.082231933593750000e+03,3.970517333984375000e+03,1.475402954101562500e+03,2.975543823242187500e+02,1.448075073242187500e+03,3.756723876953125000e+03,4.106285644531250000e+03,4.817240234375000000e+03,1.319188232421875000e+03,2.773574218750000000e+03,9.072893066406250000e+02,1.052534057617187500e+03,1.204678100585937500e+03,2.046602478027343750e+02,3.414091064453125000e+03,5.974780273437500000e+02,8.199250976562500000e+03,4.613047363281250000e+03,4.907673339843750000e+02,8.553507812500000000e+03,1.079750732421875000e+03,8.767189941406250000e+02,3.830767578125000000e+03,4.355148620605468750e+02,5.148869140625000000e+03,6.706856689453125000e+02,3.328328613281250000e+03,1.030061816406250000e+04,2.996619628906250000e+03,1.232276077270507812e+02,2.052749023437500000e+03,1.230246704101562500e+03,7.949506225585937500e+02,1.873244384765625000e+03,3.348528137207031250e+02
1.824364257812500000e+03,3.805645507812500000e+03,8.509721679687500000e+02,1.310215625000000000e+04,2.712401367187500000e+03,7.146840820312500000e+02,5.451683959960937500e+02,1.580968780517578125e+02,1.054351464843750000e+04,3.641476562500000000e+03,1.110886230468750000e+03,2.671083007812500000e+03,4.193200683593750000e+03,1.091069458007812500e+03,1.025848266601562500e+03,3.224425781250000000e+03,1.343528320312500000e+03,3.570063781738281250e+02,1.573247802734375000e+03,3.572193847656250000e+03,4.132298828125000000e+03,1.933938476562500000e+03,1.295315063476562500e+03,3.850871826171875000e+03,8.901138916015625000e+02,6.679016113281250000e+02,1.112165039062500000e+03,2.102397460937500000e+02,3.462298583984375000e+03,6.757545166015625000e+02,9.161760742187500000e+03,4.347056152343750000e+03,5.633485717773437500e+02,4.387715332031250000e+03,1.036322265625000000e+03,8.323129882812500000e+02,4.166006347656250000e+03,4.846665649414062500e+02,7.193444335937500000e+03,2.905068969726562500e+02,3.613226562500000000e+03,1.075162988281250000e+04,1.837299072265625000e+03,1.273248443603515625e+02,1.976953125000000000e+03,1.512196533203125000e+03,7.471865844726562500e+02,7.695905761718750000e+02,5.536911010742187500e+02
1.821838500976562500e+03,6.513980468750000000e+03,8.607874145507812500e+02,1.463907714843750000e+04,2.762660400390625000e+03,6.884328002929687500e+02,4.369444274902343750e+02,1.788265380859375000e+02,1.103610351562500000e+04,4.024670410156250000e+03,1.202989013671875000e+03,3.257092773437500000e+03,2.682437255859375000e+03,1.720579711914062500e+03,1.133269287109375000e+03,2.360139160156250000e+03,1.773425903320312500e+03,3.701711730957031250e+02,1.673485107421875000e+03,3.843313476562500000e+03,4.503885742187500000e+03,2.029521850585937500e+03,1.302248291015625000e+03,3.982244140625000000e+03,8.998395996093750000e+02,1.141348144531250000e+03,1.279812866210937500e+03,1.996378479003906250e+02,3.782452148437500000e+03,7.348839721679687500e+02,1.131991894531250000e+04,4.875228027343750000e+03,5.130251464843750000e+02,4.190078125000000000e+03,1.660472167968750000e+03,1.130305419921875000e+03,4.253023437500000000e+03,5.851094970703125000e+02,5.391755371093750000e+03,7.227866210937500000e+02,3.824430664062500000e+03,1.074876757812500000e+04,3.166336669921875000e+03,1.333587341308593750e+02,2.519604736328125000e+03,1.372640136718750000e+03,7.059550781250000000e+02,6.823356933593750000e+02,5.474607543945312500e+02
1.872911865234375000e+03,3.986582031250000000e+03,9.360003662109375000e+02,1.780272265625000000e+04,2.597960937500000000e+03,6.136547851562500000e+02,4.478996582031250000e+02,2.755290527343750000e+02,1.089652246093750000e+04,3.682395996093750000e+03,1.172639892578125000e+03,1.858885253906250000e+03,2.850666259765625000e+03,1.290085571289062500e+03,1.083102539062500000e+03,2.161933349609375000e+03,1.624894653320312500e+03,3.551772460937500000e+02,1.753089355468750000e+03,4.074750976562500000e+03,4.090505859375000000e+03,2.059595458984375000e+03,1.332544433593750000e+03,2.846110107421875000e+03,8.646634521484375000e+02,1.185859008789062500e+03,1.275689453125000000e+03,2.195994567871093750e+02,4.235815429687500000e+03,6.722230224609375000e+02,8.206960937500000000e+03,4.398199218750000000e+03,3.829117126464843750e+02,4.454099609375000000e+03,2.888462402343750000e+03,8.505592041015625000e+02,4.311174804687500000e+03,5.780830078125000000e+02,3.686690429687500000e+03,2.990485839843750000e+02,3.650644042968750000e+03,1.095124902343750000e+04,1.863903564453125000e+03,1.374676208496093750e+02,1.703604003906250000e+03,1.147110961914062500e+03,6.895487060546875000e+02,8.712464599609375000e+02,3.551264648437500000e+02
1.803561767578125000e+03,3.458747558593750000e+03,1.015683959960937500e+03,1.375065332031250000e+04,2.590042480468750000e+03,5.780845336914062500e+02,5.065845947265625000e+02,1.454846343994140625e+02,1.054461621093750000e+04,3.562940917968750000e+03,1.165297607421875000e+03,2.049768066406250000e+03,3.329695068359375000e+03,1.077407226562500000e+03,1.037288940429687500e+03,4.822995117187500000e+03,1.309124267578125000e+03,3.034863891601562500e+02,1.266787841796875000e+03,3.463287597656250000e+03,3.935336425781250000e+03,1.964735717773437500e+03,1.260080566406250000e+03,4.977644531250000000e+03,9.081671142578125000e+02,1.139478271484375000e+03,1.207622314453125000e+03,2.050752868652343750e+02,3.189955078125000000e+03,6.574509277343750000e+02,7.476533691406250000e+03,4.274958496093750000e+03,3.992136230468750000e+02,4.059396240234375000e+03,1.272488769531250000e+03,8.996964721679687500e+02,4.165641113281250000e+03,4.917083435058593750e+02,4.774318847656250000e+03,2.737688293457031250e+02,3.301977050781250000e+03,1.075851757812500000e+04,1.637912353515625000e+03,1.212561645507812500e+02,1.684544799804687500e+03,1.426630737304687500e+03,5.860161132812500000e+02,5.154431152343750000e+02,5.463952636718750000e+02
1.806742309570312500e+03,3.582441894531250000e+03,1.151147094726562500e+03,1.218908398437500000e+04,2.589396728515625000e+03,5.655250244140625000e+02,4.679792480468750000e+02,2.417553253173828125e+02,9.984644531250000000e+03,3.735035400390625000e+03,1.016817443847656250e+03,5.137567871093750000e+03,2.641086425781250000e+03,1.136604370117187500e+03,1.083274902343750000e+03,2.370442626953125000e+03,1.351135253906250000e+03,2.841088867187500000e+02,1.213706054687500000e+03,3.388441406250000000e+03,4.325455078125000000e+03,1.873495727539062500e+03,1.290818359375000000e+03,3.158789550781250000e+03,9.013734130859375000e+02,8.481671142578125000e+02,9.767271118164062500e+02,1.830307617187500000e+02,3.537427978515625000e+03,7.612907714843750000e+02,7.007142578125000000e+03,4.529808593750000000e+03,4.692854003906250000e+02,4.046550292968750000e+03,1.577187866210937500e+03,8.410222167968750000e+02,4.260924804687500000e+03,3.332743835449218750e+02,4.589078125000000000e+03,3.376363525390625000e+02,3.534702148437500000e+03,1.062127734375000000e+04,1.803645874023437500e+03,1.120305633544921875e+02,1.785677734375000000e+03,1.678890380859375000e+03,6.583338623046875000e+02,8.304028320312500000e+02,5.236118164062500000e+02
1.839004028320312500e+03,5.924069335937500000e+03,8.979799194335937500e+02,1.138644726562500000e+04,2.006325683593750000e+03,5.246925659179687500e+02,3.744047851562500000e+02,1.187594070434570312e+02,1.044787207031250000e+04,8.157049804687500000e+03,1.140965332031250000e+03,7.749843261718750000e+03,2.462500488281250000e+03,1.789435791015625000e+03,3.111795654296875000e+03,2.259639892578125000e+03,1.235212402343750000e+03,3.176932373046875000e+02,1.017819824218750000e+03,3.556280029296875000e+03,3.790524414062500000e+03,2.016856323242187500e+03,1.313279785156250000e+03,3.620722900390625000e+03,7.889886474609375000e+02,9.936220703125000000e+02,8.369357910156250000e+02,2.206568298339843750e+02,3.667356201171875000e+03,4.537546691894531250e+02,7.937397460937500000e+03,1.052673730468750000e+04,3.464054870605468750e+02,4.170756835937500000e+03,3.033082031250000000e+03,7.793199462890625000e+02,4.498415527343750000e+03,5.253906860351562500e+02,6.458689453125000000e+03,4.820594482421875000e+02,2.960952392578125000e+03,1.048974804687500000e+04,1.510820678710937500e+03,1.076409606933593750e+02,1.348858398437500000e+03,1.026551757812500000e+03,8.501194458007812500e+02,6.999299316406250000e+02,5.128011474609375000e+02
3.925871093750000000e+03,3.798195800781250000e+03,9.879368286132812500e+02,1.135538281250000000e+04,2.118275390625000000e+03,5.687640380859375000e+02,5.892084960937500000e+02,1.353886413574218750e+02,1.066333496093750000e+04,3.602794921875000000e+03,1.116355712890625000e+03,6.278359375000000000e+03,2.911729980468750000e+03,1.362916992187500000e+03,1.058807006835937500e+03,2.615758056640625000e+03,1.301648315429687500e+03,2.896835937500000000e+02,1.117781738281250000e+03,3.468662597656250000e+03,3.976136474609375000e+03,4.869061523437500000e+03,1.312560791015625000e+03,3.625827148437500000e+03,8.149086914062500000e+02,8.203090820312500000e+02,9.370137329101562500e+02,2.057692260742187500e+02,3.192084228515625000e+03,5.655209350585937500e+02,7.785098632812500000e+03,4.323223632812500000e+03,4.083268432617187500e+02,8.497712890625000000e+03,1.075044311523437500e+03,8.147726440429687500e+02,3.353744384765625000e+03,5.297419433593750000e+02,4.656152832031250000e+03,5.009262084960937500e+02,2.997657226562500000e+03,9.974027343750000000e+03,1.486655517578125000e+03,1.153996582031250000e+02,1.537736328125000000e+03,1.312095092773437500e+03,7.166971435546875000e+02,2.145632324218750000e+03,3.921843872070312500e+02
1.944892944335937500e+03,3.181447998046875000e+03,1.027364868164062500e+03,1.116668750000000000e+04,2.331303955078125000e+03,6.247947387695312500e+02,5.087968750000000000e+02,1.930607910156250000e+02,1.025749609375000000e+04,3.605681640625000000e+03,1.050004028320312500e+03,3.804515869140625000e+03,3.160859619140625000e+03,1.016216186523437500e+03,1.052701049804687500e+03,3.620406738281250000e+03,1.175596191406250000e+03,3.574512939453125000e+02,1.391432250976562500e+03,3.470127929687500000e+03,3.993562011718750000e+03,1.953358276367187500e+03,1.333532470703125000e+03,3.785697265625000000e+03,8.762051391601562500e+02,9.613381958007812500e+02,1.009524780273437500e+03,2.198479003906250000e+02,3.321308593750000000e+03,6.251829833984375000e+02,8.502828125000000000e+03,4.315739746093750000e+03,4.374389038085937500e+02,4.162275390625000000e+03,2.387565673828125000e+03,8.620770263671875000e+02,4.330982421875000000e+03,5.927844848632812500e+02,6.787452148437500000e+03,3.221094970703125000e+02,4.149800781250000000e+03,1.079073144531250000e+04,1.700284423828125000e+03,1.401853485107421875e+02,2.044009399414062500e+03,1.852486083984375000e+03,7.568748779296875000e+02,7.509704589843750000e+02,5.460758666992187500e+02
1.749071777343750000e+03,4.876256835937500000e+03,8.440898437500000000e+02,1.510978222656250000e+04,2.317247314453125000e+03,6.196260986328125000e+02,4.246573181152343750e+02,1.782155761718750000e+02,9.325657226562500000e+03,4.090723388671875000e+03,1.160858398437500000e+03,3.753941406250000000e+03,2.559566162109375000e+03,1.930815185546875000e+03,1.098313476562500000e+03,2.757760742187500000e+03,1.702876464843750000e+03,3.608650512695312500e+02,1.591906982421875000e+03,3.717678466796875000e+03,4.395151855468750000e+03,2.022148559570312500e+03,1.097338256835937500e+03,3.630172119140625000e+03,8.976640625000000000e+02,1.464466674804687500e+03,1.107486328125000000e+03,2.028568420410156250e+02,3.817565917968750000e+03,6.845002441406250000e+02,1.084813867187500000e+04,4.822525390625000000e+03,4.944588623046875000e+02,4.106125488281250000e+03,9.586588745117187500e+02,9.696573486328125000e+02,4.265624023437500000e+03,5.770186767578125000e+02,5.115790039062500000e+03,7.271232910156250000e+02,4.469264648437500000e+03,1.032447363281250000e+04,2.653026855468750000e+03,1.240913162231445312e+02,2.240966308593750000e+03,1.504025268554687500e+03,6.889683837890625000e+02,8.532313232421875000e+02,5.426636962890625000e+02
1.934378173828125000e+03,3.305023437500000000e+03,9.489595947265625000e+02,1.129774707031250000e+04,2.690317138671875000e+03,6.458218383789062500e+02,4.248867492675781250e+02,2.118202209472656250e+02,1.039562207031250000e+04,3.632642822265625000e+03,1.130497802734375000e+03,3.016313964843750000e+03,2.381959960937500000e+03,1.471836059570312500e+03,1.114857666015625000e+03,2.153973632812500000e+03,1.343821655273437500e+03,3.423600463867187500e+02,1.646523315429687500e+03,3.858407226562500000e+03,3.982169921875000000e+03,2.122887939453125000e+03,1.310772949218750000e+03,2.841217529296875000e+03,8.786455078125000000e+02,1.395750000000000000e+03,1.057133911132812500e+03,2.145853881835937500e+02,3.680358154296875000e+03,6.748678588867187500e+02,8.446350585937500000e+03,4.445262207031250000e+03,4.559572753906250000e+02,4.361637695312500000e+03,2.324299072265625000e+03,8.349485473632812500e+02,4.469809570312500000e+03,5.690569458007812500e+02,4.323070800781250000e+03,5.352264404296875000e+02,5.945987792968750000e+03,1.076497558593750000e+04,1.783187866210937500e+03,1.336605682373046875e+02,1.632101806640625000e+03,1.311504272460937500e+03,7.370301513671875000e+02,9.450784912109375000e+02,3.622667236328125000e+02
1.817844482421875000e+03,3.034014404296875000e+03,1.196928344726562500e+03,1.246128515625000000e+04,2.070639648437500000e+03,5.674284667968750000e+02,4.066697387695312500e+02,9.119122314453125000e+01,9.691766601562500000e+03,3.526743652343750000e+03,1.112819091796875000e+03,2.815404296875000000e+03,2.811229736328125000e+03,1.060133911132812500e+03,1.039570678710937500e+03,4.844734375000000000e+03,1.223235107421875000e+03,3.350227966308593750e+02,1.165284423828125000e+03,3.350780761718750000e+03,4.104399902343750000e+03,1.953987182617187500e+03,1.279277709960937500e+03,4.775436523437500000e+03,8.972789306640625000e+02,1.093822509765625000e+03,9.754981079101562500e+02,2.286402587890625000e+02,3.100225097656250000e+03,6.759072875976562500e+02,7.179822265625000000e+03,4.215148925781250000e+03,3.711433105468750000e+02,4.007646484375000000e+03,1.462599365234375000e+03,8.592217407226562500e+02,4.236893554687500000e+03,5.154174804687500000e+02,3.181533447265625000e+03,2.706332092285156250e+02,5.980584960937500000e+03,1.062596093750000000e+04,1.527279052734375000e+03,1.184446334838867188e+02,1.653338745117187500e+03,1.463728271484375000e+03,5.838409423828125000e+02,4.460468750000000000e+02,5.013948059082031250e+02
1.999379150390625000e+03,2.987495361328125000e+03,1.092729736328125000e+03,1.007405078125000000e+04,2.318165283203125000e+03,5.231891479492187500e+02,4.017556762695312500e+02,1.891298980712890625e+02,9.405074218750000000e+03,3.657053710937500000e+03,9.754194335937500000e+02,2.755390136718750000e+03,1.871719238281250000e+03,1.174590820312500000e+03,1.414615234375000000e+03,2.242290283203125000e+03,1.091137695312500000e+03,2.871452636718750000e+02,1.971599731445312500e+03,3.338291015625000000e+03,4.226092773437500000e+03,1.917545898437500000e+03,1.301250610351562500e+03,2.438975341796875000e+03,8.425103149414062500e+02,1.579650146484375000e+03,9.267316894531250000e+02,1.799235839843750000e+02,3.514917968750000000e+03,6.052828369140625000e+02,6.892974121093750000e+03,4.235423828125000000e+03,4.205584106445312500e+02,3.985828613281250000e+03,1.337045898437500000e+03,7.517687377929687500e+02,4.404967773437500000e+03,3.751763305664062500e+02,3.730520507812500000e+03,7.334219970703125000e+02,7.352323242187500000e+03,1.026611718750000000e+04,1.355863891601562500e+03,1.161872329711914062e+02,2.017270263671875000e+03,1.199598266601562500e+03,6.913874511718750000e+02,7.787324218750000000e+02,4.909623107910156250e+02
1.206743530273437500e+03,3.792164062500000000e+03,8.571152343750000000e+02,1.124720703125000000e+04,1.786818359375000000e+03,5.746589355468750000e+02,3.553984375000000000e+02,1.923074798583984375e+02,9.065809570312500000e+03,7.871163085937500000e+03,1.127549316406250000e+03,2.378294189453125000e+03,2.321671386718750000e+03,1.719217041015625000e+03,2.321085449218750000e+03,2.598715576171875000e+03,1.328006103515625000e+03,3.673424682617187500e+02,1.239277465820312500e+03,3.519052246093750000e+03,3.892744873046875000e+03,2.015587158203125000e+03,1.020584289550781250e+03,2.770059326171875000e+03,6.648795776367187500e+02,1.157855224609375000e+03,7.787850952148437500e+02,2.286669311523437500e+02,3.732618896484375000e+03,7.075928955078125000e+02,1.041672167968750000e+04,4.248417968750000000e+03,3.909327392578125000e+02,4.316175292968750000e+03,5.726320190429687500e+02,7.570656738281250000e+02,8.233137695312500000e+03,5.034302062988281250e+02,4.974738281250000000e+03,5.571593017578125000e+02,7.101493164062500000e+03,9.768689453125000000e+03,1.580558105468750000e+03,1.101081848144531250e+02,1.450387695312500000e+03,9.890235595703125000e+02,8.714567871093750000e+02,9.558323974609375000e+02,4.693981323242187500e+02
1.413708251953125000e+03,3.043549316406250000e+03,9.088421630859375000e+02,9.400278320312500000e+03,2.311688232421875000e+03,8.536412963867187500e+02,4.788228149414062500e+02,1.167861480712890625e+02,9.394194335937500000e+03,3.552502197265625000e+03,1.076485839843750000e+03,2.842623046875000000e+03,2.063948974609375000e+03,1.259880981445312500e+03,1.072921386718750000e+03,4.135543457031250000e+03,1.318641235351562500e+03,3.248906860351562500e+02,1.181974121093750000e+03,3.461677001953125000e+03,4.008479736328125000e+03,4.263224609375000000e+03,1.259223754882812500e+03,3.290144042968750000e+03,7.077645263671875000e+02,1.087678222656250000e+03,8.395544433593750000e+02,2.256511535644531250e+02,3.241958251953125000e+03,5.631475830078125000e+02,7.631030273437500000e+03,4.295604980468750000e+03,4.155624389648437500e+02,8.470587890625000000e+03,9.133496704101562500e+02,7.653340454101562500e+02,4.435193359375000000e+03,4.686413269042968750e+02,4.244688476562500000e+03,5.914234619140625000e+02,7.477764648437500000e+03,9.976613281250000000e+03,1.441423583984375000e+03,1.197182464599609375e+02,1.698374145507812500e+03,1.209301879882812500e+03,7.455213623046875000e+02,1.447240966796875000e+03,4.681451416015625000e+02
1.783398193359375000e+03,2.958950683593750000e+03,9.851347045898437500e+02,9.625903320312500000e+03,2.576408691406250000e+03,7.247940673828125000e+02,4.304709167480468750e+02,2.196342773437500000e+02,8.793226562500000000e+03,3.539353271484375000e+03,1.059544677734375000e+03,2.030283691406250000e+03,2.780505615234375000e+03,9.079948730468750000e+02,9.134403076171875000e+02,2.441516601562500000e+03,1.499976440429687500e+03,3.612969360351562500e+02,1.363775756835937500e+03,3.433527832031250000e+03,3.823952636718750000e+03,1.862211669921875000e+03,2.030946533203125000e+03,3.378981933593750000e+03,8.633558349609375000e+02,7.555656738281250000e+02,8.672753906250000000e+02,3.561194458007812500e+02,3.129315673828125000e+03,6.794541015625000000e+02,9.573480468750000000e+03,3.348815185546875000e+03,3.605415954589843750e+02,4.074013183593750000e+03,7.860209960937500000e+02,8.197781982421875000e+02,4.395703125000000000e+03,5.072270202636718750e+02,6.502612304687500000e+03,2.682362976074218750e+02,4.447840820312500000e+03,1.019950585937500000e+04,1.375568359375000000e+03,1.646001281738281250e+02,1.528587646484375000e+03,1.601885009765625000e+03,7.537916870117187500e+02,6.212896728515625000e+02,5.092739257812500000e+02
1.836901733398437500e+03,3.257123046875000000e+03,1.072732666015625000e+03,1.364599121093750000e+04,2.617208251953125000e+03,7.424666748046875000e+02,4.253420104980468750e+02,1.762833099365234375e+02,9.122640625000000000e+03,3.728673339843750000e+03,1.135744873046875000e+03,3.062731445312500000e+03,2.027709472656250000e+03,1.538223632812500000e+03,1.090840454101562500e+03,2.296699462890625000e+03,1.838887573242187500e+03,3.827976379394531250e+02,1.510848999023437500e+03,3.617188720703125000e+03,4.367364257812500000e+03,1.955943359375000000e+03,1.862409179687500000e+03,3.757334960937500000e+03,8.944104003906250000e+02,1.467515869140625000e+03,9.912380371093750000e+02,2.996941528320312500e+02,3.783747802734375000e+03,7.399005126953125000e+02,1.132569042968750000e+04,3.269742431640625000e+03,3.611900634765625000e+02,4.093506103515625000e+03,9.686275634765625000e+02,9.667623901367187500e+02,4.564074707031250000e+03,5.650464477539062500e+02,5.053269531250000000e+03,6.916890869140625000e+02,5.404835937500000000e+03,1.023687109375000000e+04,1.833160400390625000e+03,1.270074462890625000e+02,1.574317871093750000e+03,1.291432983398437500e+03,7.566188354492187500e+02,7.584090576171875000e+02,5.212420654296875000e+02
1.795212402343750000e+03,3.086581298828125000e+03,1.135549682617187500e+03,8.279917968750000000e+03,2.395909423828125000e+03,8.600644531250000000e+02,4.322370300292968750e+02,1.492230529785156250e+02,8.638332031250000000e+03,3.547109863281250000e+03,1.093354614257812500e+03,2.511479980468750000e+03,1.861050292968750000e+03,1.151127197265625000e+03,1.072450683593750000e+03,2.142550048828125000e+03,1.489832641601562500e+03,3.443807983398437500e+02,1.840326293945312500e+03,3.735164306640625000e+03,3.826079833984375000e+03,2.025793701171875000e+03,1.490167846679687500e+03,2.535642333984375000e+03,5.520620727539062500e+02,1.103893798828125000e+03,1.009499267578125000e+03,3.050698852539062500e+02,3.653218017578125000e+03,6.937497558593750000e+02,8.777146484375000000e+03,2.916977294921875000e+03,3.838262939453125000e+02,4.358119140625000000e+03,2.504969482421875000e+03,8.148730468750000000e+02,4.390222656250000000e+03,6.299641113281250000e+02,3.894924316406250000e+03,3.231129760742187500e+02,3.625399169921875000e+03,1.054889453125000000e+04,1.473544433593750000e+03,1.725291137695312500e+02,1.420212768554687500e+03,1.226611328125000000e+03,6.544019775390625000e+02,9.575263671875000000e+02,3.776479797363281250e+02
1.796767578125000000e+03,2.978338134765625000e+03,1.173329589843750000e+03,1.174614746093750000e+04,1.816784667968750000e+03,9.863030395507812500e+02,5.662783203125000000e+02,1.534679870605468750e+02,9.104201171875000000e+03,3.488051757812500000e+03,1.076779663085937500e+03,2.593927734375000000e+03,2.278027099609375000e+03,9.403116455078125000e+02,9.710248413085937500e+02,4.837929687500000000e+03,1.441750488281250000e+03,3.263865966796875000e+02,1.281601806640625000e+03,3.339506347656250000e+03,4.079296875000000000e+03,1.796837036132812500e+03,1.687959472656250000e+03,4.513682617187500000e+03,8.534721679687500000e+02,1.155973632812500000e+03,9.125151367187500000e+02,3.143998107910156250e+02,3.142151855468750000e+03,7.253627319335937500e+02,7.991764648437500000e+03,3.216414794921875000e+03,3.363784179687500000e+02,4.019809570312500000e+03,5.709790649414062500e+02,8.670479736328125000e+02,4.382986328125000000e+03,6.007616577148437500e+02,4.236143554687500000e+03,2.752481384277343750e+02,3.480428710937500000e+03,1.037555566406250000e+04,1.278667114257812500e+03,1.209745330810546875e+02,1.392073120117187500e+03,1.280872924804687500e+03,6.473647460937500000e+02,5.628764648437500000e+02,4.529291992187500000e+02
1.857037597656250000e+03,2.983417968750000000e+03,1.260614501953125000e+03,8.889251953125000000e+03,2.330791015625000000e+03,5.066090087890625000e+02,4.232810668945312500e+02,1.121988983154296875e+02,8.801051757812500000e+03,3.471871337890625000e+03,9.856737670898437500e+02,1.953940917968750000e+03,1.645157470703125000e+03,8.902188110351562500e+02,1.135278686523437500e+03,2.121073974609375000e+03,7.884741210937500000e+02,2.801023864746093750e+02,1.419311157226562500e+03,3.182153564453125000e+03,3.957106689453125000e+03,1.591834960937500000e+03,1.417754394531250000e+03,2.387114501953125000e+03,4.827910461425781250e+02,1.322071777343750000e+03,8.524313964843750000e+02,3.492465515136718750e+02,3.082125488281250000e+03,6.725733032226562500e+02,6.739535156250000000e+03,2.274059326171875000e+03,3.310901489257812500e+02,4.001117431640625000e+03,1.320629394531250000e+03,7.414036865234375000e+02,4.449709472656250000e+03,4.401161804199218750e+02,3.880163818359375000e+03,5.799670410156250000e+02,3.015836669921875000e+03,9.814328125000000000e+03,1.217634521484375000e+03,2.204395141601562500e+02,1.266404663085937500e+03,1.265991699218750000e+03,7.233215332031250000e+02,5.854000244140625000e+02,4.744132690429687500e+02
2.183820312500000000e+03,4.224489257812500000e+03,9.138840942382812500e+02,1.038579003906250000e+04,1.689937622070312500e+03,6.648928222656250000e+02,3.977011718750000000e+02,1.300465240478515625e+02,9.389713867187500000e+03,6.267254882812500000e+03,1.097557373046875000e+03,1.459402343750000000e+03,1.590710693359375000e+03,9.083834228515625000e+02,9.345294189453125000e+02,2.013214965820312500e+03,1.478739257812500000e+03,3.132998046875000000e+02,8.291961669921875000e+02,3.167536132812500000e+03,3.748511718750000000e+03,1.569901611328125000e+03,2.312111816406250000e+03,2.727104736328125000e+03,4.563567199707031250e+02,7.645144653320312500e+02,6.569334716796875000e+02,4.263725585937500000e+02,3.377061767578125000e+03,4.892304687500000000e+02,9.654666015625000000e+03,1.768289062500000000e+03,2.256285400390625000e+02,4.150979492187500000e+03,6.208750000000000000e+02,8.193185424804687500e+02,8.294050781250000000e+03,5.888309936523437500e+02,5.180206054687500000e+03,3.094776306152343750e+02,1.887603515625000000e+03,9.243420898437500000e+03,1.335622802734375000e+03,9.201274108886718750e+01,1.491741821289062500e+03,1.000421264648437500e+03,7.050718383789062500e+02,5.637957763671875000e+02,4.396923828125000000e+02
1.803803833007812500e+03,3.068246337890625000e+03,7.304869384765625000e+02,7.134227539062500000e+03,1.843857055664062500e+03,7.952829589843750000e+02,4.132830810546875000e+02,1.242472991943359375e+02,8.996795898437500000e+03,3.425062500000000000e+03,1.054719726562500000e+03,1.995528564453125000e+03,1.650082763671875000e+03,8.362767944335937500e+02,1.012904479980468750e+03,2.085581542968750000e+03,1.080415039062500000e+03,3.012302246093750000e+02,1.107927124023437500e+03,3.175628417968750000e+03,3.767443115234375000e+03,1.454259521484375000e+03,1.524223266601562500e+03,3.072317138671875000e+03,4.444305419921875000e+02,9.111802978515625000e+02,7.845400390625000000e+02,3.941010742187500000e+02,2.798386230468750000e+03,5.350198974609375000e+02,6.961142578125000000e+03,2.769953857421875000e+03,3.353234558105468750e+02,8.467975585937500000e+03,9.195972900390625000e+02,7.361248168945312500e+02,4.391235839843750000e+03,7.222717895507812500e+02,2.561872558593750000e+03,6.157561035156250000e+02,2.390801513671875000e+03,9.754198242187500000e+03,1.088971435546875000e+03,1.865449981689453125e+02,1.928391723632812500e+03,1.017127319335937500e+03,8.299004516601562500e+02,9.750797119140625000e+02,4.105563354492187500e+02
1.568699707031250000e+03,2.646408691406250000e+03,5.620034790039062500e+02,5.685530273437500000e+03,2.011523681640625000e+03,9.664768066406250000e+02,3.245757751464843750e+02,1.241184310913085938e+02,7.205326171875000000e+03,2.911006103515625000e+03,1.072102905273437500e+03,1.546093261718750000e+03,1.637294677734375000e+03,7.837506713867187500e+02,8.047453613281250000e+02,1.858221801757812500e+03,8.459371337890625000e+02,2.764776611328125000e+02,1.103164306640625000e+03,3.086817626953125000e+03,3.509496826171875000e+03,1.404742065429687500e+03,1.593451171875000000e+03,3.512429687500000000e+03,8.558188476562500000e+02,5.228946533203125000e+02,6.219306640625000000e+02,2.461604919433593750e+02,2.745418945312500000e+03,5.870169677734375000e+02,8.535803710937500000e+03,2.198146484375000000e+03,3.203932800292968750e+02,4.183455566406250000e+03,8.516159057617187500e+02,7.042584838867187500e+02,4.355418457031250000e+03,5.222059936523437500e+02,2.779995117187500000e+03,2.240129699707031250e+02,1.932587768554687500e+03,9.971426757812500000e+03,1.185574340820312500e+03,1.147385864257812500e+02,2.341862792968750000e+03,1.293030273437500000e+03,8.437803955078125000e+02,4.744082031250000000e+02,4.487806396484375000e+02
1.766892822265625000e+03,2.993094970703125000e+03,7.829898681640625000e+02,5.794312500000000000e+03,1.955887207031250000e+03,6.588072509765625000e+02,3.944112243652343750e+02,1.225299606323242188e+02,7.469968750000000000e+03,3.458037353515625000e+03,1.167968750000000000e+03,1.821273681640625000e+03,1.826669311523437500e+03,1.327423461914062500e+03,1.039795776367187500e+03,2.137826416015625000e+03,1.687667724609375000e+03,2.796797485351562500e+02,1.357252197265625000e+03,3.371188476562500000e+03,4.131094726562500000e+03,1.442669921875000000e+03,1.896882568359375000e+03,3.274485839843750000e+03,8.853404541015625000e+02,1.010463989257812500e+03,8.412786865234375000e+02,2.090524291992187500e+02,3.305906250000000000e+03,5.311665649414062500e+02,7.007160156250000000e+03,3.214984130859375000e+03,2.939031677246093750e+02,4.058561035156250000e+03,1.269686035156250000e+03,9.085004882812500000e+02,4.441675781250000000e+03,5.007401428222656250e+02,2.026362060546875000e+03,5.585929565429687500e+02,2.482398681640625000e+03,9.971893554687500000e+03,1.338448974609375000e+03,1.203104248046875000e+02,2.042692138671875000e+03,1.185579345703125000e+03,8.447145996093750000e+02,7.181931152343750000e+02,4.809086914062500000e+02
1.448302734375000000e+03,2.730416992187500000e+03,9.575194702148437500e+02,5.580150390625000000e+03,2.041782348632812500e+03,7.899367065429687500e+02,4.063589477539062500e+02,1.311318511962890625e+02,7.958925292968750000e+03,3.296769531250000000e+03,7.976486816406250000e+02,1.813126220703125000e+03,1.680583984375000000e+03,9.217164306640625000e+02,9.770552368164062500e+02,1.962204223632812500e+03,1.517029785156250000e+03,2.744195861816406250e+02,1.414615722656250000e+03,3.379041259765625000e+03,3.606223632812500000e+03,1.887202514648437500e+03,1.705992919921875000e+03,2.468822021484375000e+03,4.634125061035156250e+02,7.855328369140625000e+02,7.710565185546875000e+02,1.917975463867187500e+02,3.237796875000000000e+03,4.873018188476562500e+02,8.625584960937500000e+03,3.009770263671875000e+03,4.077760314941406250e+02,4.388935546875000000e+03,1.172224975585937500e+03,7.528134765625000000e+02,4.378591308593750000e+03,6.178524780273437500e+02,3.504135742187500000e+03,3.520753479003906250e+02,2.320468750000000000e+03,1.007480273437500000e+04,1.211567504882812500e+03,1.180038986206054688e+02,2.027114501953125000e+03,1.068768066406250000e+03,7.706055908203125000e+02,5.575272216796875000e+02,3.556786804199218750e+02
1.551285522460937500e+03,2.675755126953125000e+03,6.391558837890625000e+02,6.172505859375000000e+03,1.521709594726562500e+03,5.270970458984375000e+02,3.715803833007812500e+02,1.195114746093750000e+02,7.542600585937500000e+03,3.140533935546875000e+03,7.024361572265625000e+02,1.412617187500000000e+03,1.605719482421875000e+03,7.567416992187500000e+02,9.199956054687500000e+02,2.095606445312500000e+03,1.225281127929687500e+03,2.751752624511718750e+02,1.185630371093750000e+03,3.133775634765625000e+03,4.073627685546875000e+03,2.013276367187500000e+03,1.076357666015625000e+03,4.067007324218750000e+03,4.725864868164062500e+02,7.062922363281250000e+02,8.464827880859375000e+02,1.977464904785156250e+02,3.008842773437500000e+03,5.547749023437500000e+02,7.956522949218750000e+03,2.503690429687500000e+03,3.862759399414062500e+02,3.972076904296875000e+03,1.347251098632812500e+03,7.663540039062500000e+02,4.370613769531250000e+03,4.619494018554687500e+02,2.070259033203125000e+03,2.839709167480468750e+02,2.182548583984375000e+03,9.196245117187500000e+03,9.728760375976562500e+02,1.272362518310546875e+02,2.796046630859375000e+03,1.139541381835937500e+03,1.317902709960937500e+03,4.341435546875000000e+02,2.588433532714843750e+02
5.747403564453125000e+02,2.005260986328125000e+03,5.131029663085937500e+02,4.632685546875000000e+03,1.728942993164062500e+03,6.684084472656250000e+02,4.018414001464843750e+02,1.106172180175781250e+02,6.965072753906250000e+03,2.279688476562500000e+03,6.650283813476562500e+02,1.804044677734375000e+03,1.844059448242187500e+03,8.578627319335937500e+02,8.506767578125000000e+02,3.470166015625000000e+03,6.203623046875000000e+02,2.571144714355468750e+02,1.032207275390625000e+03,3.000336425781250000e+03,3.768601562500000000e+03,1.485222900390625000e+03,1.174695922851562500e+03,2.830871582031250000e+03,4.241477050781250000e+02,4.840183105468750000e+02,5.919528808593750000e+02,2.716488342285156250e+02,2.785644531250000000e+03,3.253301086425781250e+02,6.461422363281250000e+03,4.101942382812500000e+03,3.025292053222656250e+02,4.040236083984375000e+03,1.033405639648437500e+03,7.137218017578125000e+02,4.354787597656250000e+03,3.750846862792968750e+02,2.083681396484375000e+03,3.259896850585937500e+02,2.173381591796875000e+03,9.120275390625000000e+03,9.303055419921875000e+02,1.431835479736328125e+02,2.530494873046875000e+03,1.068083984375000000e+03,9.516675415039062500e+02,4.562741699218750000e+02,3.161301269531250000e+02
5.848129882812500000e+02,1.920039428710937500e+03,6.511192016601562500e+02,4.686939453125000000e+03,1.520342041015625000e+03,5.488723754882812500e+02,3.883122253417968750e+02,1.032512359619140625e+02,6.414688476562500000e+03,2.187280029296875000e+03,1.049999145507812500e+03,1.219183593750000000e+03,2.314452636718750000e+03,1.064416748046875000e+03,8.659065551757812500e+02,2.156532470703125000e+03,1.176301879882812500e+03,2.558193817138671875e+02,1.206491699218750000e+03,2.951742431640625000e+03,3.839631347656250000e+03,1.684717895507812500e+03,8.507410888671875000e+02,2.750822753906250000e+03,4.056281738281250000e+02,4.435838623046875000e+02,6.021938476562500000e+02,1.721474304199218750e+02,3.135259277343750000e+03,4.694161682128906250e+02,8.549562500000000000e+03,4.626316894531250000e+03,2.873786315917968750e+02,5.260781738281250000e+03,9.809230957031250000e+02,7.552116088867187500e+02,8.121230468750000000e+03,5.225910644531250000e+02,2.696653320312500000e+03,2.261666870117187500e+02,1.976130737304687500e+03,8.711544921875000000e+03,7.318640747070312500e+02,1.001087493896484375e+02,1.982891967773437500e+03,9.479016113281250000e+02,1.581516357421875000e+03,4.710417480468750000e+02,2.437095336914062500e+02
5.756063232421875000e+02,2.154719238281250000e+03,6.138648071289062500e+02,5.147262695312500000e+03,1.681627929687500000e+03,5.306728515625000000e+02,3.094300842285156250e+02,1.165911026000976562e+02,6.958601074218750000e+03,2.930150390625000000e+03,7.084628906250000000e+02,1.502010986328125000e+03,1.285004272460937500e+03,7.911994628906250000e+02,9.511129760742187500e+02,2.096360839843750000e+03,9.309222412109375000e+02,2.617756958007812500e+02,9.881742553710937500e+02,3.110762451171875000e+03,3.522142089843750000e+03,2.290640136718750000e+03,9.318452148437500000e+02,3.199552734375000000e+03,3.873924560546875000e+02,6.263463134765625000e+02,5.901630249023437500e+02,1.912717590332031250e+02,2.604596191406250000e+03,2.873686218261718750e+02,6.253250976562500000e+03,4.148427734375000000e+03,5.727150878906250000e+02,8.350823242187500000e+03,7.305656738281250000e+02,6.842987060546875000e+02,4.369476074218750000e+03,2.826766052246093750e+02,3.324923828125000000e+03,4.567112426757812500e+02,2.104272216796875000e+03,8.918432617187500000e+03,7.517581176757812500e+02,1.240824203491210938e+02,1.883743408203125000e+03,1.075280029296875000e+03,7.425912475585937500e+02,9.383549804687500000e+02,2.416865692138671875e+02
5.768150634765625000e+02,2.122769042968750000e+03,4.720782470703125000e+02,5.026165039062500000e+03,1.617343017578125000e+03,5.296918945312500000e+02,3.025310058593750000e+02,9.658184814453125000e+01,5.981161621093750000e+03,1.782185058593750000e+03,6.189953002929687500e+02,1.130279052734375000e+03,1.587744628906250000e+03,5.836113281250000000e+02,6.599886474609375000e+02,1.437787109375000000e+03,4.806628417968750000e+02,2.517989196777343750e+02,8.277887573242187500e+02,2.870831054687500000e+03,3.267614013671875000e+03,2.336011718750000000e+03,9.846353149414062500e+02,2.813304931640625000e+03,5.304843750000000000e+02,3.765347595214843750e+02,5.303339233398437500e+02,1.980196228027343750e+02,2.420479980468750000e+03,3.472496337890625000e+02,7.243732421875000000e+03,4.063321289062500000e+03,6.023068847656250000e+02,3.983401123046875000e+03,6.988975219726562500e+02,6.277830810546875000e+02,4.332708496093750000e+03,2.517689819335937500e+02,2.618018310546875000e+03,3.514172973632812500e+02,1.614489501953125000e+03,9.467834960937500000e+03,7.954530029296875000e+02,1.049633178710937500e+02,2.466643554687500000e+03,1.074037353515625000e+03,7.263815917968750000e+02,4.544241943359375000e+02,3.452792968750000000e+02
5.567325439453125000e+02,2.532473632812500000e+03,6.009871215820312500e+02,4.820068359375000000e+03,1.851598632812500000e+03,7.009776611328125000e+02,3.344985351562500000e+02,1.140166244506835938e+02,6.664061035156250000e+03,2.462790039062500000e+03,7.870457153320312500e+02,1.265309570312500000e+03,1.347541625976562500e+03,1.011313659667968750e+03,1.039027343750000000e+03,2.098333496093750000e+03,1.249862548828125000e+03,2.577824707031250000e+02,1.271126586914062500e+03,3.250675292968750000e+03,4.003034912109375000e+03,1.723420410156250000e+03,8.420185546875000000e+02,3.161731445312500000e+03,7.448585205078125000e+02,7.511881713867187500e+02,6.210014648437500000e+02,1.776427612304687500e+02,2.770343994140625000e+03,3.587934570312500000e+02,6.644426269531250000e+03,4.300272460937500000e+03,3.175433044433593750e+02,3.995359130859375000e+03,1.244170410156250000e+03,6.897669677734375000e+02,4.446191894531250000e+03,3.886093750000000000e+02,2.383077148437500000e+03,5.322994995117187500e+02,2.288407714843750000e+03,9.770922851562500000e+03,9.849830322265625000e+02,1.210575942993164062e+02,2.292791259765625000e+03,1.012481933593750000e+03,7.886115722656250000e+02,4.338867187500000000e+02,3.458025817871093750e+02
6.351540527343750000e+02,2.584056640625000000e+03,4.827584838867187500e+02,5.161075195312500000e+03,1.828763183593750000e+03,5.650988159179687500e+02,3.603422241210937500e+02,1.410712890625000000e+02,7.190066406250000000e+03,2.483658691406250000e+03,7.494647216796875000e+02,1.427626953125000000e+03,1.416539550781250000e+03,7.989680786132812500e+02,9.595793457031250000e+02,2.074605468750000000e+03,1.110213134765625000e+03,2.640643310546875000e+02,1.261754760742187500e+03,3.056844482421875000e+03,3.475509277343750000e+03,1.843395385742187500e+03,8.903256835937500000e+02,2.459769531250000000e+03,4.288307800292968750e+02,6.738541870117187500e+02,7.443187866210937500e+02,2.127721862792968750e+02,3.441654785156250000e+03,4.349493713378906250e+02,8.512997070312500000e+03,4.160986328125000000e+03,3.036568908691406250e+02,4.357660156250000000e+03,2.171139648437500000e+03,6.866057128906250000e+02,4.374869140625000000e+03,5.041418457031250000e+02,2.228509033203125000e+03,4.123994140625000000e+02,2.210127197265625000e+03,9.986707031250000000e+03,9.938723144531250000e+02,1.192798995971679688e+02,1.949979248046875000e+03,1.101234741210937500e+03,9.488191528320312500e+02,4.808767089843750000e+02,3.056230773925781250e+02
5.284874267578125000e+02,2.262792968750000000e+03,6.657272338867187500e+02,4.326283203125000000e+03,1.468341796875000000e+03,5.503795776367187500e+02,3.309926757812500000e+02,9.705790710449218750e+01,6.485664550781250000e+03,1.964913818359375000e+03,9.172727050781250000e+02,9.873481445312500000e+02,1.202807250976562500e+03,5.811214599609375000e+02,6.964627685546875000e+02,1.790041137695312500e+03,6.484287109375000000e+02,2.531804809570312500e+02,8.798834838867187500e+02,2.781165283203125000e+03,3.623380371093750000e+03,1.844428466796875000e+03,8.722719116210937500e+02,3.308251464843750000e+03,3.879722900390625000e+02,5.501371459960937500e+02,4.918963012695312500e+02,2.329538574218750000e+02,2.623095947265625000e+03,3.315993347167968750e+02,7.844463867187500000e+03,4.141101074218750000e+03,4.132029418945312500e+02,3.945947265625000000e+03,3.459846191406250000e+02,6.505336914062500000e+02,4.343043457031250000e+03,3.444821166992187500e+02,2.703430175781250000e+03,2.801544189453125000e+02,1.670369506835937500e+03,9.425969726562500000e+03,6.970723266601562500e+02,7.549594116210937500e+01,1.531181884765625000e+03,1.068905273437500000e+03,6.822211914062500000e+02,3.693038330078125000e+02,2.162631530761718750e+02
6.185163574218750000e+02,2.517770507812500000e+03,8.345191650390625000e+02,4.564583984375000000e+03,1.654809570312500000e+03,5.769547119140625000e+02,3.595537109375000000e+02,2.952343750000000000e+01,6.451697753906250000e+03,1.675372680664062500e+03,7.052235107421875000e+02,1.511968505859375000e+03,1.197553955078125000e+03,6.313222656250000000e+02,9.612789916992187500e+02,2.036845947265625000e+03,7.159356689453125000e+02,2.753557739257812500e+02,9.573626098632812500e+02,2.932246582031250000e+03,3.613481933593750000e+03,1.460752929687500000e+03,1.019259216308593750e+03,2.740897949218750000e+03,3.990179748535156250e+02,9.573034057617187500e+02,6.676421508789062500e+02,3.569192504882812500e+02,3.049115234375000000e+03,5.196893310546875000e+02,6.593541015625000000e+03,4.191453125000000000e+03,2.948977966308593750e+02,3.952728027343750000e+03,5.551702880859375000e+02,6.415620727539062500e+02,4.389938964843750000e+03,2.310906066894531250e+02,2.517545166015625000e+03,4.946899414062500000e+02,2.366770019531250000e+03,8.900593750000000000e+03,8.124429931640625000e+02,1.853840026855468750e+02,1.412155639648437500e+03,9.537197265625000000e+02,6.670192871093750000e+02,4.306810302734375000e+02,2.595412292480468750e+02
5.691209716796875000e+02,2.113408447265625000e+03,8.255028076171875000e+02,7.516787109375000000e+03,1.445450195312500000e+03,8.156568603515625000e+02,3.088616333007812500e+02,2.441796875000000000e+01,5.860228515625000000e+03,1.552598876953125000e+03,7.498635253906250000e+02,9.841398925781250000e+02,1.052006469726562500e+03,7.460762939453125000e+02,5.598081665039062500e+02,2.022024780273437500e+03,5.972373046875000000e+02,2.812810058593750000e+02,7.179622192382812500e+02,2.729200683593750000e+03,3.685233642578125000e+03,8.774807128906250000e+02,8.013824462890625000e+02,1.845248779296875000e+03,3.563965148925781250e+02,4.966643676757812500e+02,4.300703125000000000e+02,4.863684082031250000e+02,2.946703369140625000e+03,3.013713684082031250e+02,9.094481445312500000e+03,4.612985839843750000e+03,3.674398498535156250e+02,4.025681152343750000e+03,4.890589599609375000e+02,6.182233886718750000e+02,8.161992187500000000e+03,3.782631835937500000e+02,2.856936523437500000e+03,1.768489074707031250e+02,1.542658203125000000e+03,8.830846679687500000e+03,5.339244995117187500e+02,7.525677490234375000e+01,1.222303833007812500e+03,9.702517089843750000e+02,6.362287597656250000e+02,4.316143798828125000e+02,1.973580627441406250e+02
5.755590820312500000e+02,2.582234375000000000e+03,6.953084106445312500e+02,5.121089843750000000e+03,1.571305419921875000e+03,5.475261840820312500e+02,3.885697021484375000e+02,3.390708923339843750e+01,6.279785644531250000e+03,1.758946899414062500e+03,8.960039672851562500e+02,1.092804687500000000e+03,1.039009643554687500e+03,5.835462646484375000e+02,9.513544311523437500e+02,1.989518920898437500e+03,5.074189453125000000e+02,2.713034667968750000e+02,7.571440429687500000e+02,2.910614257812500000e+03,3.307606201171875000e+03,1.109828002929687500e+03,9.061426391601562500e+02,3.005563964843750000e+03,4.223576965332031250e+02,5.453645629882812500e+02,5.332069702148437500e+02,3.645872497558593750e+02,2.522215820312500000e+03,3.838838806152343750e+02,7.528724609375000000e+03,4.130617187500000000e+03,3.487219543457031250e+02,8.171331542968750000e+03,4.113901367187500000e+02,6.591347656250000000e+02,4.361008789062500000e+03,2.460079956054687500e+02,1.662488281250000000e+03,4.400733642578125000e+02,1.904559570312500000e+03,7.967166015625000000e+03,8.065552368164062500e+02,1.612674865722656250e+02,1.427190673828125000e+03,1.047591064453125000e+03,6.554497680664062500e+02,5.954945068359375000e+02,3.215149536132812500e+02
6.455717773437500000e+02,2.289900390625000000e+03,5.142026977539062500e+02,5.118070312500000000e+03,1.753033447265625000e+03,5.748308105468750000e+02,3.556506042480468750e+02,1.190700759887695312e+02,6.489089843750000000e+03,1.576366210937500000e+03,9.754785766601562500e+02,1.042032226562500000e+03,1.386207519531250000e+03,5.814871826171875000e+02,5.764091796875000000e+02,2.071834228515625000e+03,5.993999023437500000e+02,2.863438110351562500e+02,8.386361694335937500e+02,2.803004882812500000e+03,3.245678710937500000e+03,1.224160522460937500e+03,9.446906127929687500e+02,2.507673339843750000e+03,8.114097900390625000e+02,5.582209472656250000e+02,5.578645019531250000e+02,2.882200622558593750e+02,2.951923339843750000e+03,3.532686462402343750e+02,8.029627441406250000e+03,4.094025634765625000e+03,3.230484924316406250e+02,3.950487060546875000e+03,4.029608154296875000e+02,7.749664306640625000e+02,4.355741210937500000e+03,2.927554931640625000e+02,3.001607666015625000e+03,2.581101074218750000e+02,1.874683837890625000e+03,9.322491210937500000e+03,9.311761474609375000e+02,1.273243942260742188e+02,1.464228759765625000e+03,1.149739135742187500e+03,6.833777465820312500e+02,3.807846679687500000e+02,4.373345031738281250e+02
6.310148925781250000e+02,2.413530761718750000e+03,5.186878051757812500e+02,6.042139160156250000e+03,1.695149780273437500e+03,5.514171752929687500e+02,3.704617614746093750e+02,5.587777709960937500e+01,6.308101562500000000e+03,1.600494262695312500e+03,1.043102294921875000e+03,1.237352539062500000e+03,1.420227294921875000e+03,1.082674926757812500e+03,8.795469360351562500e+02,2.087465576171875000e+03,1.045004638671875000e+03,2.923256835937500000e+02,1.075769287109375000e+03,2.884790039062500000e+03,3.860246826171875000e+03,1.307118652343750000e+03,8.635289306640625000e+02,2.191376464843750000e+03,7.281873779296875000e+02,8.724831542968750000e+02,7.248247070312500000e+02,2.840511474609375000e+02,3.072900390625000000e+03,3.964685974121093750e+02,8.150121093750000000e+03,4.276573730468750000e+03,2.674440002441406250e+02,3.940194335937500000e+03,4.292996826171875000e+02,8.234045410156250000e+02,4.422565917968750000e+03,3.966727905273437500e+02,2.587122558593750000e+03,3.734859619140625000e+02,2.224023193359375000e+03,8.695776367187500000e+03,9.841367187500000000e+02,1.154598541259765625e+02,1.475396972656250000e+03,1.118349365234375000e+03,6.378835449218750000e+02,4.227760009765625000e+02,4.240387573242187500e+02
5.706359863281250000e+02,2.415995605468750000e+03,6.033059692382812500e+02,1.041834375000000000e+04,1.748032348632812500e+03,5.325794677734375000e+02,3.553739013671875000e+02,7.290289306640625000e+01,7.370521972656250000e+03,1.983957031250000000e+03,8.639786376953125000e+02,1.213723388671875000e+03,1.298308715820312500e+03,5.853579101562500000e+02,9.582449951171875000e+02,1.993857910156250000e+03,8.721148681640625000e+02,2.662250976562500000e+02,1.067034423828125000e+03,2.719135009765625000e+03,3.270561035156250000e+03,1.515170166015625000e+03,8.926607666015625000e+02,1.966335937500000000e+03,4.101184387207031250e+02,7.218863525390625000e+02,7.982655029296875000e+02,2.520015869140625000e+02,3.204885986328125000e+03,3.216741333007812500e+02,7.527390625000000000e+03,4.176048828125000000e+03,3.650465698242187500e+02,4.053618896484375000e+03,8.793939208984375000e+02,8.601657714843750000e+02,4.372853515625000000e+03,4.288724975585937500e+02,2.883733886718750000e+03,3.511662597656250000e+02,1.982716308593750000e+03,9.823190429687500000e+03,9.573336181640625000e+02,1.289971008300781250e+02,1.431975219726562500e+03,1.093959106445312500e+03,6.556066894531250000e+02,4.344139404296875000e+02,3.405885009765625000e+02
5.999039306640625000e+02,2.236752929687500000e+03,6.766416015625000000e+02,5.585398437500000000e+03,1.502887207031250000e+03,5.574168090820312500e+02,3.630967407226562500e+02,2.034275360107421875e+02,6.904070800781250000e+03,2.026388549804687500e+03,9.586444702148437500e+02,1.791285156250000000e+03,1.160555908203125000e+03,5.809617309570312500e+02,6.804488525390625000e+02,2.109155273437500000e+03,7.202014160156250000e+02,2.646379394531250000e+02,7.940902709960937500e+02,2.125416015625000000e+03,3.658763916015625000e+03,1.675152709960937500e+03,9.175577392578125000e+02,1.919360473632812500e+03,4.783513793945312500e+02,5.822573242187500000e+02,7.136304931640625000e+02,2.001198120117187500e+02,2.992895751953125000e+03,4.373526916503906250e+02,6.938257812500000000e+03,4.129704101562500000e+03,3.764564819335937500e+02,3.935505371093750000e+03,4.364427490234375000e+02,7.325723266601562500e+02,4.356959472656250000e+03,4.092083740234375000e+02,1.295331787109375000e+03,2.848260192871093750e+02,1.867508789062500000e+03,9.396210937500000000e+03,8.688773803710937500e+02,1.225333480834960938e+02,1.453588378906250000e+03,1.121380981445312500e+03,5.674011230468750000e+02,3.839166259765625000e+02,2.767108459472656250e+02
6.045998535156250000e+02,2.001160400390625000e+03,5.852980346679687500e+02,5.573301757812500000e+03,1.586076049804687500e+03,5.267528686523437500e+02,3.600108947753906250e+02,1.579783325195312500e+02,6.694504394531250000e+03,1.740606567382812500e+03,8.371754760742187500e+02,1.646326416015625000e+03,1.224158447265625000e+03,6.942082519531250000e+02,7.741652832031250000e+02,2.052876220703125000e+03,8.176469726562500000e+02,2.774515991210937500e+02,9.350816040039062500e+02,2.684697265625000000e+03,3.672628662109375000e+03,1.474271240234375000e+03,1.028396606445312500e+03,2.115506835937500000e+03,4.625516662597656250e+02,7.341967163085937500e+02,6.991821899414062500e+02,2.272917175292968750e+02,2.829535644531250000e+03,4.433026123046875000e+02,6.129198242187500000e+03,4.169309570312500000e+03,3.515258789062500000e+02,3.941218750000000000e+03,4.266506347656250000e+02,1.493866577148437500e+03,4.367878906250000000e+03,2.464994812011718750e+02,2.592410644531250000e+03,4.034800109863281250e+02,2.303674316406250000e+03,9.105084960937500000e+03,8.684246826171875000e+02,1.118557891845703125e+02,1.397254882812500000e+03,1.187527221679687500e+03,6.020917968750000000e+02,4.014735107421875000e+02,3.497313537597656250e+02
6.219814453125000000e+02,1.905842163085937500e+03,5.947303466796875000e+02,6.178358886718750000e+03,1.429514160156250000e+03,5.369083862304687500e+02,3.644953308105468750e+02,4.286314392089843750e+01,5.537808593750000000e+03,1.531903564453125000e+03,7.496152343750000000e+02,1.237024414062500000e+03,1.206819213867187500e+03,5.536047363281250000e+02,4.931431274414062500e+02,2.094293457031250000e+03,9.606201782226562500e+02,2.915473632812500000e+02,7.211141357421875000e+02,2.597983154296875000e+03,3.687790527343750000e+03,1.390370361328125000e+03,8.374281005859375000e+02,2.042669799804687500e+03,3.849371643066406250e+02,5.149974365234375000e+02,6.141741943359375000e+02,1.803379821777343750e+02,2.812039550781250000e+03,3.451712036132812500e+02,7.986748535156250000e+03,4.715724121093750000e+03,2.915260314941406250e+02,3.973274414062500000e+03,4.173029785156250000e+02,9.539075927734375000e+02,8.145346191406250000e+03,4.589782409667968750e+02,1.393279907226562500e+03,2.868103027343750000e+02,1.767569824218750000e+03,8.757541015625000000e+03,6.224909057617187500e+02,9.580885314941406250e+01,1.310667724609375000e+03,9.762409667968750000e+02,5.822210083007812500e+02,4.094191894531250000e+02,2.926141662597656250e+02
6.038602294921875000e+02,2.032083984375000000e+03,5.093616333007812500e+02,5.246971679687500000e+03,1.605814697265625000e+03,5.317938842773437500e+02,4.754029541015625000e+02,1.644268798828125000e+01,5.494311523437500000e+03,1.601286987304687500e+03,8.061425781250000000e+02,1.278806884765625000e+03,9.887239990234375000e+02,5.514854736328125000e+02,6.726002197265625000e+02,2.085506835937500000e+03,7.135093994140625000e+02,2.729755859375000000e+02,7.391124877929687500e+02,3.145102783203125000e+03,3.230185546875000000e+03,2.135179443359375000e+03,8.676296386718750000e+02,1.978501220703125000e+03,3.969610290527343750e+02,7.051049194335937500e+02,6.953829345703125000e+02,1.962359008789062500e+02,2.404565429687500000e+03,3.220352172851562500e+02,6.282018554687500000e+03,4.111723144531250000e+03,5.203952026367187500e+02,5.995073242187500000e+03,3.220776367187500000e+02,1.456657592773437500e+03,4.359312011718750000e+03,3.553311157226562500e+02,1.619917968750000000e+03,5.374869384765625000e+02,2.085357421875000000e+03,8.059326171875000000e+03,6.794328613281250000e+02,1.045607147216796875e+02,1.352756347656250000e+03,1.100089355468750000e+03,4.943598327636718750e+02,4.938710937500000000e+02,2.972992248535156250e+02
6.524898681640625000e+02,1.985093994140625000e+03,5.659444580078125000e+02,5.724244140625000000e+03,1.650413818359375000e+03,5.110933227539062500e+02,3.743078308105468750e+02,1.160777282714843750e+01,5.823047851562500000e+03,1.664502563476562500e+03,9.011319580078125000e+02,1.341636718750000000e+03,1.215309570312500000e+03,5.105476379394531250e+02,1.043640747070312500e+03,2.086864501953125000e+03,8.292591552734375000e+02,3.124215087890625000e+02,7.536428222656250000e+02,2.819261718750000000e+03,3.300240722656250000e+03,2.291929199218750000e+03,9.162774047851562500e+02,4.275541015625000000e+03,7.917090454101562500e+02,5.379888916015625000e+02,5.728127441406250000e+02,2.269453125000000000e+02,2.843184570312500000e+03,4.410083007812500000e+02,6.699455078125000000e+03,3.975912353515625000e+03,5.838790893554687500e+02,3.882768310546875000e+03,4.516370849609375000e+02,9.794411621093750000e+02,4.336572753906250000e+03,3.139705505371093750e+02,1.386739990234375000e+03,4.150881958007812500e+02,1.846639648437500000e+03,9.038431640625000000e+03,8.468270263671875000e+02,1.234769058227539062e+02,1.393581542968750000e+03,1.237369995117187500e+03,5.879482421875000000e+02,3.920185546875000000e+02,4.483992309570312500e+02
6.339597167968750000e+02,2.095566894531250000e+03,7.163789062500000000e+02,6.276976074218750000e+03,1.689448974609375000e+03,5.209558715820312500e+02,3.765291442871093750e+02,1.766072387695312500e+02,6.160832031250000000e+03,1.478567382812500000e+03,1.080381591796875000e+03,1.348219726562500000e+03,1.463210937500000000e+03,7.598425903320312500e+02,1.019590454101562500e+03,2.102775390625000000e+03,1.245321411132812500e+03,2.801697387695312500e+02,9.631959228515625000e+02,2.835039550781250000e+03,3.731557128906250000e+03,1.615902343750000000e+03,1.032323486328125000e+03,2.150257080078125000e+03,8.906302490234375000e+02,6.833214721679687500e+02,7.509850463867187500e+02,3.430955810546875000e+02,3.042227783203125000e+03,3.583004455566406250e+02,8.145414550781250000e+03,4.170517089843750000e+03,3.501640014648437500e+02,3.915507324218750000e+03,6.309808959960937500e+02,1.192347900390625000e+03,4.414310546875000000e+03,4.742322998046875000e+02,1.159867309570312500e+03,5.139173583984375000e+02,2.409220947265625000e+03,8.472291992187500000e+03,1.056146484375000000e+03,1.053266143798828125e+02,1.416188110351562500e+03,1.246050659179687500e+03,6.248640136718750000e+02,4.016599121093750000e+02,4.725454711914062500e+02
6.311788330078125000e+02,2.169191650390625000e+03,6.784290161132812500e+02,1.036298242187500000e+04,1.681645996093750000e+03,5.251160278320312500e+02,3.621682434082031250e+02,1.904248046875000000e+02,6.793049804687500000e+03,1.709228881835937500e+03,1.109333496093750000e+03,1.301072265625000000e+03,1.410474609375000000e+03,5.582563476562500000e+02,9.445651855468750000e+02,2.077058593750000000e+03,1.030839111328125000e+03,2.807825622558593750e+02,9.758243408203125000e+02,2.511781250000000000e+03,3.258113769531250000e+03,1.642491699218750000e+03,9.315229492187500000e+02,2.129631835937500000e+03,8.960981445312500000e+02,6.430950927734375000e+02,8.616135864257812500e+02,4.144129028320312500e+02,3.122625488281250000e+03,4.306279602050781250e+02,8.006874023437500000e+03,4.101884765625000000e+03,3.461061401367187500e+02,3.978908447265625000e+03,6.382493286132812500e+02,1.418109619140625000e+03,4.368315917968750000e+03,4.999371337890625000e+02,1.871215820312500000e+03,4.308920898437500000e+02,2.111920898437500000e+03,9.261979492187500000e+03,1.041911376953125000e+03,1.756061096191406250e+02,1.377009643554687500e+03,1.180296020507812500e+03,6.566845703125000000e+02,4.387657470703125000e+02,3.717037353515625000e+02
6.293201904296875000e+02,2.015995971679687500e+03,6.086633911132812500e+02,5.282957031250000000e+03,1.623411132812500000e+03,5.271268310546875000e+02,3.460967712402343750e+02,1.822184906005859375e+02,6.064023437500000000e+03,1.619423339843750000e+03,9.761031494140625000e+02,1.219533203125000000e+03,1.119624511718750000e+03,5.259890136718750000e+02,1.045725830078125000e+03,3.145194091796875000e+03,8.795373535156250000e+02,2.765969848632812500e+02,7.422579956054687500e+02,2.414770751953125000e+03,3.512313476562500000e+03,2.224733886718750000e+03,9.576495361328125000e+02,2.176392089843750000e+03,5.821869506835937500e+02,6.935312500000000000e+02,7.389502563476562500e+02,3.523904418945312500e+02,2.774354492187500000e+03,3.760725708007812500e+02,6.943384277343750000e+03,4.044470947265625000e+03,4.660223693847656250e+02,3.902349121093750000e+03,3.960288085937500000e+02,1.014366577148437500e+03,4.349779296875000000e+03,4.807944946289062500e+02,1.434929931640625000e+03,2.927076416015625000e+02,2.020308837890625000e+03,8.912177734375000000e+03,9.670552978515625000e+02,8.950698852539062500e+01,1.339001098632812500e+03,1.119660888671875000e+03,5.341973876953125000e+02,4.006280517578125000e+02,3.288387145996093750e+02
6.841750488281250000e+02,2.011586914062500000e+03,6.751712036132812500e+02,5.678671875000000000e+03,1.702205322265625000e+03,5.047260131835937500e+02,3.533098144531250000e+02,1.603152770996093750e+02,6.214283203125000000e+03,1.525700439453125000e+03,9.785161132812500000e+02,1.244667968750000000e+03,1.253094238281250000e+03,5.387153930664062500e+02,1.057984252929687500e+03,2.065789306640625000e+03,1.028738281250000000e+03,3.088462524414062500e+02,8.600623168945312500e+02,2.553297851562500000e+03,3.435416259765625000e+03,1.435096923828125000e+03,9.919801025390625000e+02,2.069698730468750000e+03,8.339294433593750000e+02,7.045977783203125000e+02,6.071593627929687500e+02,4.548817443847656250e+02,2.955426757812500000e+03,3.889394531250000000e+02,6.325534179687500000e+03,3.826049804687500000e+03,3.141606445312500000e+02,3.912335937500000000e+03,7.705018920898437500e+02,1.070352905273437500e+03,4.346197265625000000e+03,3.937323608398437500e+02,1.826709716796875000e+03,2.984266357421875000e+02,2.156748046875000000e+03,8.973803710937500000e+03,9.545493164062500000e+02,1.838233337402343750e+02,1.330628906250000000e+03,1.077549926757812500e+03,6.039216308593750000e+02,4.337991943359375000e+02,4.307140502929687500e+02
6.282243652343750000e+02,1.922618530273437500e+03,8.036451416015625000e+02,5.257521484375000000e+03,1.523902099609375000e+03,5.679808959960937500e+02,3.522091674804687500e+02,2.160895843505859375e+02,5.203166503906250000e+03,1.273833740234375000e+03,1.010484375000000000e+03,1.252649902343750000e+03,1.190089721679687500e+03,5.122326660156250000e+02,3.379398193359375000e+02,2.097585937500000000e+03,9.723424072265625000e+02,3.117835083007812500e+02,6.964078369140625000e+02,2.317751953125000000e+03,3.841862060546875000e+03,1.463570800781250000e+03,9.599346923828125000e+02,2.036570190429687500e+03,4.960945434570312500e+02,4.505643310546875000e+02,5.599501342773437500e+02,6.449862060546875000e+02,2.657652587890625000e+03,4.450375061035156250e+02,9.105062500000000000e+03,2.950511718750000000e+03,3.183135681152343750e+02,3.895789794921875000e+03,2.845894775390625000e+02,7.289605102539062500e+02,7.945978515625000000e+03,4.745580139160156250e+02,1.120404174804687500e+03,2.666945800781250000e+02,1.800054687500000000e+03,8.630383789062500000e+03,8.055428466796875000e+02,1.183682708740234375e+02,1.308378784179687500e+03,9.753533935546875000e+02,5.403038330078125000e+02,4.320021972656250000e+02,4.222188720703125000e+02
6.468824462890625000e+02,2.141131347656250000e+03,5.689871215820312500e+02,4.695102539062500000e+03,1.810084350585937500e+03,5.533541870117187500e+02,4.619714965820312500e+02,4.157295227050781250e+01,5.076293457031250000e+03,1.236787353515625000e+03,9.709353027343750000e+02,1.249296875000000000e+03,1.022665649414062500e+03,4.735856933593750000e+02,1.110167114257812500e+03,2.137470214843750000e+03,6.886884765625000000e+02,2.858233642578125000e+02,7.165606079101562500e+02,3.222276855468750000e+03,3.084108398437500000e+03,1.466329711914062500e+03,8.677139892578125000e+02,3.418890869140625000e+03,8.884750366210937500e+02,8.692940673828125000e+02,5.710046997070312500e+02,6.048312988281250000e+02,2.483515136718750000e+03,3.008050842285156250e+02,7.003296875000000000e+03,3.838690917968750000e+03,2.870658874511718750e+02,4.623813964843750000e+03,1.310589355468750000e+03,7.219655761718750000e+02,4.319325195312500000e+03,7.216972656250000000e+02,1.252640136718750000e+03,5.457615966796875000e+02,3.261861572265625000e+03,7.485021484375000000e+03,7.775938720703125000e+02,2.174903869628906250e+02,1.330846069335937500e+03,1.046802612304687500e+03,4.942505798339843750e+02,5.436918945312500000e+02,3.926242675781250000e+02
6.790749511718750000e+02,2.074327880859375000e+03,5.685474853515625000e+02,5.011898437500000000e+03,1.757979980468750000e+03,5.120156860351562500e+02,3.411889038085937500e+02,2.155941925048828125e+02,5.268086914062500000e+03,1.148768310546875000e+03,8.720770263671875000e+02,1.176332275390625000e+03,1.169919921875000000e+03,4.175445556640625000e+02,1.067246704101562500e+03,2.094676025390625000e+03,7.673459472656250000e+02,3.722231750488281250e+02,7.186127929687500000e+02,2.678487304687500000e+03,3.350093750000000000e+03,1.735575927734375000e+03,9.625660400390625000e+02,3.304697753906250000e+03,8.362531738281250000e+02,8.006140136718750000e+02,4.730112304687500000e+02,3.774559631347656250e+02,2.703130615234375000e+03,3.055278930664062500e+02,6.614800781250000000e+03,2.183854736328125000e+03,3.270886840820312500e+02,3.800690185546875000e+03,6.715766601562500000e+02,6.802814331054687500e+02,4.271034179687500000e+03,4.267142944335937500e+02,7.979832763671875000e+02,3.244531250000000000e+02,3.210181396484375000e+03,8.760356445312500000e+03,9.205648193359375000e+02,1.134468460083007812e+02,1.320952392578125000e+03,1.178431152343750000e+03,5.478670654296875000e+02,3.808409423828125000e+02,4.710827026367187500e+02
7.000000000000000000e+02,2.186255615234375000e+03,5.575327758789062500e+02,4.978206054687500000e+03,1.699609985351562500e+03,5.255436401367187500e+02,3.296951293945312500e+02,1.808612060546875000e+02,4.974687011718750000e+03,1.133761962890625000e+03,9.038238525390625000e+02,1.168334228515625000e+03,1.209524536132812500e+03,4.657634277343750000e+02,1.036992065429687500e+03,2.104670654296875000e+03,9.052008666992187500e+02,2.709572143554687500e+02,7.684708862304687500e+02,2.380326660156250000e+03,3.297401611328125000e+03,9.778922119140625000e+02,9.015968627929687500e+02,2.122503906250000000e+03,8.755371704101562500e+02,5.859455566406250000e+02,5.476403808593750000e+02,2.640355224609375000e+02,2.682263671875000000e+03,2.666310119628906250e+02,6.401998046875000000e+03,1.853642089843750000e+03,3.925769348144531250e+02,3.851091308593750000e+03,5.842991943359375000e+02,8.776429443359375000e+02,4.349832519531250000e+03,4.525273437500000000e+02,6.866733398437500000e+02,3.184110717773437500e+02,2.553864257812500000e+03,7.861268554687500000e+03,8.970817871093750000e+02,9.167041015625000000e+01,1.314143066406250000e+03,1.188227050781250000e+03,5.715098876953125000e+02,4.345736083984375000e+02,4.786738281250000000e+02
6.882341308593750000e+02,2.310036132812500000e+03,5.308865356445312500e+02,7.307418457031250000e+03,1.761961547851562500e+03,5.020089721679687500e+02,3.279888916015625000e+02,1.792383575439453125e+02,5.502444335937500000e+03,1.232495117187500000e+03,8.168264770507812500e+02,1.189586425781250000e+03,1.078588745117187500e+03,4.500239868164062500e+02,1.056287597656250000e+03,2.065294921875000000e+03,9.192427368164062500e+02,3.146398315429687500e+02,7.461049194335937500e+02,2.280335693359375000e+03,3.256627441406250000e+03,1.530264282226562500e+03,8.855577392578125000e+02,1.984188720703125000e+03,5.617711791992187500e+02,7.197743530273437500e+02,5.402611083984375000e+02,3.137848815917968750e+02,2.850546875000000000e+03,3.563840942382812500e+02,6.446490234375000000e+03,1.819026123046875000e+03,3.046047363281250000e+02,3.917032714843750000e+03,5.882679443359375000e+02,9.450806274414062500e+02,4.325999023437500000e+03,4.381791992187500000e+02,1.091499145507812500e+03,3.745639648437500000e+02,2.355922607421875000e+03,8.397207031250000000e+03,9.407755737304687500e+02,1.540918273925781250e+02,1.313587158203125000e+03,1.123430297851562500e+03,6.002747802734375000e+02,4.259499511718750000e+02,2.568499145507812500e+02
6.736411132812500000e+02,2.079616943359375000e+03,5.728463134765625000e+02,4.403386718750000000e+03,1.633632080078125000e+03,5.310979003906250000e+02,3.150221252441406250e+02,1.847535705566406250e+02,5.092835937500000000e+03,1.189824707031250000e+03,6.321973876953125000e+02,1.123486572265625000e+03,9.994755859375000000e+02,4.519155883789062500e+02,1.037650024414062500e+03,2.595166992187500000e+03,7.512069091796875000e+02,2.851654663085937500e+02,7.025550537109375000e+02,1.934858154296875000e+03,3.327014404296875000e+03,2.149117431640625000e+03,9.088245849609375000e+02,1.932238159179687500e+03,5.221699829101562500e+02,5.813276367187500000e+02,4.756400756835937500e+02,3.198717041015625000e+02,2.425020019531250000e+03,3.433765869140625000e+02,6.024543945312500000e+03,2.067031738281250000e+03,3.731804809570312500e+02,3.802628662109375000e+03,5.856495971679687500e+02,8.083658447265625000e+02,4.290474609375000000e+03,3.818574523925781250e+02,8.009896240234375000e+02,4.007615356445312500e+02,2.230046875000000000e+03,7.958174804687500000e+03,8.001026611328125000e+02,1.327086791992187500e+02,1.293647460937500000e+03,1.050793090820312500e+03,4.988176879882812500e+02,3.820233154296875000e+02,2.828971557617187500e+02
7.451408691406250000e+02,2.091807128906250000e+03,5.175816040039062500e+02,4.434428710937500000e+03,1.479573730468750000e+03,4.723540649414062500e+02,3.232921752929687500e+02,1.107470474243164062e+02,4.546494628906250000e+03,1.125815673828125000e+03,4.590562133789062500e+02,1.043417968750000000e+03,1.048390625000000000e+03,4.020230712890625000e+02,2.886175537109375000e+02,2.070332275390625000e+03,6.045521240234375000e+02,2.857446289062500000e+02,7.040853881835937500e+02,1.842561279296875000e+03,3.118791503906250000e+03,1.521195800781250000e+03,8.903770751953125000e+02,1.657673217773437500e+03,2.781158752441406250e+02,3.313441772460937500e+02,4.043933715820312500e+02,2.260979614257812500e+02,2.436176269531250000e+03,3.284374389648437500e+02,5.342255859375000000e+03,2.229325195312500000e+03,2.761198730468750000e+02,3.826153076171875000e+03,2.811389160156250000e+02,6.913383178710937500e+02,4.237431152343750000e+03,3.330151672363281250e+02,1.138479614257812500e+03,2.229015960693359375e+02,2.400388427734375000e+03,8.248488281250000000e+03,5.702258300781250000e+02,1.084121551513671875e+02,1.279122558593750000e+03,1.271538452148437500e+03,5.316658935546875000e+02,3.972672119140625000e+02,1.830035095214843750e+02
7.075736083984375000e+02,1.937862182617187500e+03,5.530211181640625000e+02,5.041108398437500000e+03,1.435682373046875000e+03,4.723591308593750000e+02,3.301158447265625000e+02,2.401788330078125000e+01,3.949334960937500000e+03,1.125694580078125000e+03,3.944106445312500000e+02,1.157942138671875000e+03,1.102977294921875000e+03,3.878231201171875000e+02,2.162868041992187500e+02,2.061943603515625000e+03,6.276188964843750000e+02,3.182269287109375000e+02,6.818237304687500000e+02,1.959632812500000000e+03,3.678445556640625000e+03,1.033375976562500000e+03,8.378402099609375000e+02,1.783884765625000000e+03,3.201623840332031250e+02,3.072933349609375000e+02,3.997380371093750000e+02,2.222249450683593750e+02,2.199609863281250000e+03,2.643565673828125000e+02,6.371777832031250000e+03,1.676503173828125000e+03,3.738113098144531250e+02,3.745561523437500000e+03,2.526289062500000000e+02,6.490824584960937500e+02,6.981157714843750000e+03,3.428071594238281250e+02,3.964693603515625000e+02,2.027448425292968750e+02,2.163371826171875000e+03,7.935698730468750000e+03,5.640229492187500000e+02,1.010083312988281250e+02,1.303323242187500000e+03,9.727839355468750000e+02,4.843251953125000000e+02,4.229582519531250000e+02,1.429475708007812500e+02
7.215405273437500000e+02,2.058307128906250000e+03,4.813217773437500000e+02,4.096848632812500000e+03,1.597926513671875000e+03,4.709356689453125000e+02,4.106421203613281250e+02,-2.262878417968750000e-01,3.769741210937500000e+03,1.125899414062500000e+03,3.732780761718750000e+02,1.016608154296875000e+03,8.626204833984375000e+02,3.530770263671875000e+02,2.678145141601562500e+02,2.050582031250000000e+03,4.086226806640625000e+02,2.644828491210937500e+02,6.791998901367187500e+02,2.452633544921875000e+03,2.800889160156250000e+03,2.072164550781250000e+03,7.938681640625000000e+02,1.517470703125000000e+03,2.942645874023437500e+02,3.349974060058593750e+02,3.851411132812500000e+02,1.627910461425781250e+02,1.827112304687500000e+03,2.991911315917968750e+02,4.993430664062500000e+03,1.978621582031250000e+03,2.850776672363281250e+02,3.431047851562500000e+03,2.666842041015625000e+02,5.806848754882812500e+02,4.175046386718750000e+03,2.409429016113281250e+02,4.763942871093750000e+02,2.769664916992187500e+02,2.483195312500000000e+03,7.544243164062500000e+03,5.991722412109375000e+02,9.082455444335937500e+01,1.322639526367187500e+03,1.177659790039062500e+03,4.615779113769531250e+02,5.106927490234375000e+02,1.062767944335937500e+02
7.312047119140625000e+02,1.966302001953125000e+03,5.183970336914062500e+02,4.149542968750000000e+03,1.484131225585937500e+03,4.877080078125000000e+02,4.612991333007812500e+02,1.083496093750000000e+00,4.002418945312500000e+03,1.091470458984375000e+03,4.167342834472656250e+02,9.857963867187500000e+02,9.405358886718750000e+02,3.388449707031250000e+02,2.612473754882812500e+02,2.065617919921875000e+03,4.979128417968750000e+02,2.837687988281250000e+02,6.821070556640625000e+02,2.017068847656250000e+03,2.977751464843750000e+03,2.523726562500000000e+03,8.494625244140625000e+02,1.933687622070312500e+03,3.147060546875000000e+02,3.449024047851562500e+02,3.795366210937500000e+02,2.226609191894531250e+02,1.894254028320312500e+03,2.225258789062500000e+02,5.052818359375000000e+03,1.794862304687500000e+03,5.149140014648437500e+02,3.629560546875000000e+03,2.636920166015625000e+02,4.431989746093750000e+02,4.202365234375000000e+03,2.311498718261718750e+02,4.574544677734375000e+02,3.246991577148437500e+02,1.648556518554687500e+03,7.802914550781250000e+03,5.916491088867187500e+02,1.139136428833007812e+02,1.344835815429687500e+03,1.352390258789062500e+03,4.984556579589843750e+02,3.806816406250000000e+02,1.117075576782226562e+02
7.569707031250000000e+02,1.963603393554687500e+03,5.029683227539062500e+02,4.169136718750000000e+03,1.493081787109375000e+03,4.830098876953125000e+02,3.109588623046875000e+02,4.652404785156250000e-01,3.987178222656250000e+03,1.082554931640625000e+03,4.012173461914062500e+02,9.808847656250000000e+02,9.217735595703125000e+02,3.751662597656250000e+02,4.492882690429687500e+02,2.086298583984375000e+03,7.676712646484375000e+02,2.629995117187500000e+02,7.003008422851562500e+02,2.089854003906250000e+03,2.843019287109375000e+03,1.350659179687500000e+03,8.552301635742187500e+02,1.699122802734375000e+03,3.241539001464843750e+02,3.871549072265625000e+02,3.862606811523437500e+02,1.696538696289062500e+02,1.923780639648437500e+03,2.756416320800781250e+02,5.339537109375000000e+03,1.916762207031250000e+03,2.744010925292968750e+02,3.664906982421875000e+03,2.711088867187500000e+02,4.753430786132812500e+02,4.301741699218750000e+03,3.130771789550781250e+02,6.212880859375000000e+02,1.851493835449218750e+02,1.850678344726562500e+03,8.292361328125000000e+03,5.897895507812500000e+02,9.067617797851562500e+01,1.317108886718750000e+03,1.347903564453125000e+03,5.237077636718750000e+02,3.795766601562500000e+02,1.191636886596679688e+02
7.336964111328125000e+02,2.019088012695312500e+03,5.098669433593750000e+02,4.853052734375000000e+03,1.620993164062500000e+03,4.794349975585937500e+02,4.483019409179687500e+02,9.971313476562500000e+00,4.344190429687500000e+03,1.117311523437500000e+03,3.871682128906250000e+02,1.014035400390625000e+03,1.036979614257812500e+03,3.557165527343750000e+02,5.738035278320312500e+02,1.938936035156250000e+03,5.957166748046875000e+02,2.641888427734375000e+02,7.094779052734375000e+02,1.949442871093750000e+03,2.784074951171875000e+03,9.228990478515625000e+02,8.137523193359375000e+02,1.603250000000000000e+03,3.098372192382812500e+02,3.730600585937500000e+02,3.963851928710937500e+02,1.792493591308593750e+02,2.697303710937500000e+03,2.340081787109375000e+02,5.820586914062500000e+03,1.918574462890625000e+03,3.230830383300781250e+02,3.826871093750000000e+03,2.847708740234375000e+02,4.955926513671875000e+02,4.303490722656250000e+03,3.097832946777343750e+02,7.021907958984375000e+02,1.701468353271484375e+02,1.724579467773437500e+03,7.933540039062500000e+03,6.987351684570312500e+02,1.044751281738281250e+02,1.328132202148437500e+03,1.175295288085937500e+03,5.136525878906250000e+02,4.205344238281250000e+02,1.376388244628906250e+02
7.320605468750000000e+02,1.952383544921875000e+03,4.641535644531250000e+02,3.895825195312500000e+03,1.453037475585937500e+03,4.677523193359375000e+02,3.248864440917968750e+02,3.367599487304687500e+00,3.994223632812500000e+03,1.125267578125000000e+03,3.737065734863281250e+02,9.727954101562500000e+02,8.587917480468750000e+02,3.477684326171875000e+02,3.875313720703125000e+02,1.656929321289062500e+03,4.639493408203125000e+02,2.649325561523437500e+02,6.727373657226562500e+02,1.572418212890625000e+03,2.933961914062500000e+03,1.977405029296875000e+03,8.598875122070312500e+02,1.696191772460937500e+03,2.864563293457031250e+02,3.393859863281250000e+02,3.782514038085937500e+02,1.765886535644531250e+02,1.869251464843750000e+03,2.429805908203125000e+02,6.346305664062500000e+03,1.771702148437500000e+03,2.824726257324218750e+02,3.613406982421875000e+03,2.838321533203125000e+02,4.552283325195312500e+02,4.243636230468750000e+03,3.071780700683593750e+02,4.446821289062500000e+02,2.480119171142578125e+02,1.106951660156250000e+03,8.168854980468750000e+03,5.031345825195312500e+02,9.532853698730468750e+01,1.323291259765625000e+03,1.158451538085937500e+03,4.721843872070312500e+02,3.669968261718750000e+02,9.297418212890625000e+01
