5.705874023437500000e+02,4.757646972656250000e+03,8.045197753906250000e+02,1.161939941406250000e+04,1.847865356445312500e+03,5.640701293945312500e+02,3.820602722167968750e+02,1.810146331787109375e+02,8.985140625000000000e+03,3.230180419921875000e+03,9.326330566406250000e+02,3.366924316406250000e+03,2.032143432617187500e+03,1.066732543945312500e+03,8.954342041015625000e+02,1.795098754882812500e+03,8.021420898437500000e+02,2.398307952880859375e+02,3.221364746093750000e+03,2.732211425781250000e+03,7.345285644531250000e+03,1.221319824218750000e+03,6.492504272460937500e+02,2.749155517578125000e+03,2.961320800781250000e+02,5.391697387695312500e+02,1.035425415039062500e+03,3.710264892578125000e+02,4.417078125000000000e+03,5.290597534179687500e+02,8.732664062500000000e+03,9.297820312500000000e+03,1.677548828125000000e+02,4.999895507812500000e+03,7.794384155273437500e+02,1.484471313476562500e+03,4.264526855468750000e+03,3.125277099609375000e+02,2.348260742187500000e+03,9.290153503417968750e+01,2.571355224609375000e+03,5.681518554687500000e+03,2.443552734375000000e+03,1.251514587402343750e+02,2.799865234375000000e+03,2.345981201171875000e+03,1.092138671875000000e+03,2.128318847656250000e+03,2.200618286132812500e+02
6.132020263671875000e+02,3.928340332031250000e+03,8.691250610351562500e+02,1.179476660156250000e+04,1.951964599609375000e+03,7.507635498046875000e+02,4.034419860839843750e+02,1.459428405761718750e+02,9.186557617187500000e+03,3.102169677734375000e+03,7.878096923828125000e+02,3.393335449218750000e+03,1.988739257812500000e+03,8.789281616210937500e+02,7.937226562500000000e+02,1.488286499023437500e+03,8.890922851562500000e+02,3.023982849121093750e+02,1.354264038085937500e+03,2.830861572265625000e+03,3.772329833984375000e+03,1.705721923828125000e+03,6.957415161132812500e+02,3.253338867187500000e+03,3.257894287109375000e+02,7.021970214843750000e+02,1.901975830078125000e+03,3.893737182617187500e+02,3.701967773437500000e+03,5.086216125488281250e+02,9.122562500000000000e+03,3.808309570312500000e+03,2.492430725097656250e+02,7.349197265625000000e+03,8.102879028320312500e+02,1.352321899414062500e+03,4.296221679687500000e+03,3.524989929199218750e+02,2.732767333984375000e+03,2.089004364013671875e+02,2.475527587890625000e+03,6.268889648437500000e+03,3.034780029296875000e+03,2.186566925048828125e+02,2.436906738281250000e+03,1.839054077148437500e+03,1.081044067382812500e+03,3.064989257812500000e+03,3.126449890136718750e+02
8.017139892578125000e+02,2.876327392578125000e+03,8.290941162109375000e+02,1.189483398437500000e+04,2.404892578125000000e+03,6.625194091796875000e+02,4.002679748535156250e+02,2.339901275634765625e+02,8.844879882812500000e+03,3.046311035156250000e+03,8.375510864257812500e+02,3.053551757812500000e+03,2.061660400390625000e+03,1.470112915039062500e+03,7.249206542968750000e+02,1.703144287109375000e+03,8.157128906250000000e+02,2.466999511718750000e+02,1.295608886718750000e+03,2.810628906250000000e+03,3.384831542968750000e+03,1.704874755859375000e+03,7.306767578125000000e+02,2.322282226562500000e+03,4.282325134277343750e+02,8.708550415039062500e+02,9.956589355468750000e+02,2.793913879394531250e+02,3.668712890625000000e+03,3.923636169433593750e+02,8.510638671875000000e+03,3.169379882812500000e+03,3.146452941894531250e+02,3.763219726562500000e+03,6.987920532226562500e+02,9.107834472656250000e+02,4.634573730468750000e+03,3.140048522949218750e+02,2.156820312500000000e+03,2.381613616943359375e+02,2.284685791015625000e+03,5.581838867187500000e+03,1.260878540039062500e+03,1.139264068603515625e+02,2.471669433593750000e+03,2.049962890625000000e+03,8.961987304687500000e+02,2.423941650390625000e+03,4.567507934570312500e+02
8.376351928710937500e+02,5.487821777343750000e+03,8.454691162109375000e+02,1.405312500000000000e+04,1.929134277343750000e+03,6.356912841796875000e+02,3.926182861328125000e+02,1.484567260742187500e+02,9.483485351562500000e+03,3.233620605468750000e+03,1.016321533203125000e+03,3.225395019531250000e+03,2.140938232421875000e+03,1.083263671875000000e+03,9.612813720703125000e+02,1.842710937500000000e+03,1.038080810546875000e+03,2.754234008789062500e+02,1.306798339843750000e+03,3.047028808593750000e+03,3.912535156250000000e+03,1.986723144531250000e+03,7.759907226562500000e+02,2.755587890625000000e+03,6.802515258789062500e+02,1.131998046875000000e+03,9.133915405273437500e+02,4.103841552734375000e+02,6.172951171875000000e+03,7.118202514648437500e+02,9.111721679687500000e+03,3.476819335937500000e+03,2.440771179199218750e+02,3.769439941406250000e+03,1.139003295898437500e+03,1.029934082031250000e+03,6.412350097656250000e+03,3.045068664550781250e+02,2.207245605468750000e+03,2.430643005371093750e+02,2.452513671875000000e+03,5.902432617187500000e+03,3.008379394531250000e+03,1.975335235595703125e+02,2.803516357421875000e+03,1.951354492187500000e+03,9.958291015625000000e+02,2.552873779296875000e+03,4.570792236328125000e+02
1.006217956542968750e+03,3.430358398437500000e+03,8.661176147460937500e+02,1.266196777343750000e+04,1.976051025390625000e+03,8.484450683593750000e+02,3.812198791503906250e+02,2.207257232666015625e+02,9.268278320312500000e+03,3.151423828125000000e+03,9.919415893554687500e+02,3.739973144531250000e+03,2.203267822265625000e+03,1.270341552734375000e+03,9.241734619140625000e+02,1.850539062500000000e+03,1.060013183593750000e+03,3.042716979980468750e+02,1.315114135742187500e+03,2.901764892578125000e+03,3.412677734375000000e+03,1.849305419921875000e+03,8.085786132812500000e+02,2.770887695312500000e+03,3.815554199218750000e+02,9.944510498046875000e+02,1.498101318359375000e+03,4.877225036621093750e+02,4.403868164062500000e+03,5.729678955078125000e+02,9.586425781250000000e+03,3.360088134765625000e+03,3.067546386718750000e+02,4.496710449218750000e+03,1.067592041015625000e+03,2.143372314453125000e+03,4.235979003906250000e+03,3.372406921386718750e+02,2.214613281250000000e+03,2.263290405273437500e+02,2.626193359375000000e+03,7.416630859375000000e+03,1.555541015625000000e+03,1.970089721679687500e+02,2.732005859375000000e+03,2.523358642578125000e+03,1.296031250000000000e+03,2.041609375000000000e+03,3.132236022949218750e+02
1.104878417968750000e+03,2.805576904296875000e+03,8.555618896484375000e+02,2.331024609375000000e+04,2.792705566406250000e+03,7.677312011718750000e+02,4.089637145996093750e+02,1.614678955078125000e+02,8.834713867187500000e+03,3.109663085937500000e+03,8.430891113281250000e+02,4.024057617187500000e+03,1.972770141601562500e+03,8.332436523437500000e+02,8.370665283203125000e+02,2.402391113281250000e+03,9.162492065429687500e+02,2.560839843750000000e+02,1.326115234375000000e+03,2.791722900390625000e+03,3.266465576171875000e+03,1.565032470703125000e+03,7.604132080078125000e+02,3.807556640625000000e+03,4.395664062500000000e+02,9.823797607421875000e+02,8.992003173828125000e+02,3.367318725585937500e+02,3.744352783203125000e+03,4.706623535156250000e+02,8.729724609375000000e+03,3.253145019531250000e+03,2.548458557128906250e+02,3.626861328125000000e+03,8.978643188476562500e+02,1.084056884765625000e+03,4.059352783203125000e+03,2.551475830078125000e+02,3.172276123046875000e+03,2.309407653808593750e+02,2.688942382812500000e+03,5.026700683593750000e+03,1.356587158203125000e+03,1.268696441650390625e+02,2.521382324218750000e+03,1.807917480468750000e+03,6.623958740234375000e+02,1.793005859375000000e+03,4.630026245117187500e+02
1.190095214843750000e+03,3.202812500000000000e+03,8.471643066406250000e+02,2.699695507812500000e+04,2.106483886718750000e+03,5.849471435546875000e+02,4.091438293457031250e+02,1.929815063476562500e+02,8.831876953125000000e+03,3.106917236328125000e+03,7.860233764648437500e+02,3.569489013671875000e+03,2.000301147460937500e+03,1.270562255859375000e+03,9.873472290039062500e+02,1.861804321289062500e+03,1.043242919921875000e+03,2.815263671875000000e+02,1.470185058593750000e+03,2.867693115234375000e+03,3.056990234375000000e+03,1.627869140625000000e+03,7.922294311523437500e+02,2.726120605468750000e+03,6.798103027343750000e+02,1.264453002929687500e+03,1.562693847656250000e+03,4.287801818847656250e+02,3.250692138671875000e+03,6.791767578125000000e+02,8.348481445312500000e+03,2.078650634765625000e+03,3.103025817871093750e+02,3.631363769531250000e+03,9.910758056640625000e+02,1.472159912109375000e+03,3.968129882812500000e+03,2.929947814941406250e+02,2.177907226562500000e+03,2.688454895019531250e+02,2.504079101562500000e+03,5.321676269531250000e+03,1.374370361328125000e+03,1.972748718261718750e+02,2.287979003906250000e+03,1.971079345703125000e+03,7.556468505859375000e+02,2.353400146484375000e+03,4.495733642578125000e+02
6.912291259765625000e+02,5.214921875000000000e+03,7.663179931640625000e+02,1.273696875000000000e+04,1.950582885742187500e+03,5.197106933593750000e+02,3.189895019531250000e+02,1.716855773925781250e+02,8.643361328125000000e+03,6.780724609375000000e+03,8.630399169921875000e+02,2.707572265625000000e+03,1.976362060546875000e+03,1.174047851562500000e+03,2.512928955078125000e+03,1.870602905273437500e+03,8.846110229492187500e+02,2.487973175048828125e+02,1.182878173828125000e+03,2.734221679687500000e+03,3.188960449218750000e+03,1.014794067382812500e+03,7.426244506835937500e+02,2.573581054687500000e+03,3.782072143554687500e+02,1.101389038085937500e+03,8.954296875000000000e+02,5.769388427734375000e+02,3.056906250000000000e+03,7.893485717773437500e+02,8.632394531250000000e+03,1.851252685546875000e+03,2.818309326171875000e+02,3.748682128906250000e+03,7.426720581054687500e+02,1.777589111328125000e+03,4.091586425781250000e+03,2.345838317871093750e+02,2.134785644531250000e+03,5.748425292968750000e+02,2.064622802734375000e+03,5.272327148437500000e+03,2.840530761718750000e+03,1.712446594238281250e+02,2.072106933593750000e+03,1.564440673828125000e+03,1.029251342773437500e+03,1.689797363281250000e+03,4.272620849609375000e+02
7.383751220703125000e+02,4.724699218750000000e+03,8.059487304687500000e+02,1.292741113281250000e+04,3.982208007812500000e+03,5.960167846679687500e+02,4.049276123046875000e+02,1.694765167236328125e+02,8.878835937500000000e+03,3.186518066406250000e+03,9.740480957031250000e+02,2.874500000000000000e+03,1.986399291992187500e+03,1.066042968750000000e+03,9.142333984375000000e+02,1.835650756835937500e+03,1.098125732421875000e+03,2.773240966796875000e+02,1.260672241210937500e+03,2.791461181640625000e+03,3.481897705078125000e+03,1.317439941406250000e+03,7.799247436523437500e+02,3.264424316406250000e+03,4.826156921386718750e+02,1.166508056640625000e+03,9.327651367187500000e+02,4.356312561035156250e+02,3.789419189453125000e+03,1.027441162109375000e+03,8.787887695312500000e+03,3.173163085937500000e+03,2.841911010742187500e+02,7.354160156250000000e+03,9.117697143554687500e+02,1.297135375976562500e+03,4.126225585937500000e+03,3.426284179687500000e+02,2.637176757812500000e+03,2.449743041992187500e+02,3.368826660156250000e+03,5.906136230468750000e+03,3.084240966796875000e+03,1.789632415771484375e+02,2.403623291015625000e+03,1.774051147460937500e+03,1.167053344726562500e+03,2.108774414062500000e+03,4.552089843750000000e+02
9.536057739257812500e+02,3.099256835937500000e+03,8.031881713867187500e+02,1.275142285156250000e+04,2.360372070312500000e+03,7.914477539062500000e+02,5.094505615234375000e+02,2.013345336914062500e+02,8.843449218750000000e+03,3.132629394531250000e+03,9.368895263671875000e+02,3.042609863281250000e+03,2.113951660156250000e+03,1.199812377929687500e+03,7.898057250976562500e+02,1.906063476562500000e+03,1.016381347656250000e+03,2.989953002929687500e+02,1.320036621093750000e+03,2.824878662109375000e+03,3.080637695312500000e+03,1.491525756835937500e+03,7.890732421875000000e+02,2.725061767578125000e+03,7.604982299804687500e+02,9.360761718750000000e+02,1.027360229492187500e+03,4.335977172851562500e+02,3.562586181640625000e+03,1.191219848632812500e+03,9.033627929687500000e+03,3.386036865234375000e+03,3.205408325195312500e+02,3.802125488281250000e+03,8.046875000000000000e+02,1.426390747070312500e+03,3.986180175781250000e+03,3.058762817382812500e+02,4.699896484375000000e+03,2.699773864746093750e+02,3.911961914062500000e+03,6.440467773437500000e+03,1.739817749023437500e+03,1.556484680175781250e+02,2.429760498046875000e+03,1.810390869140625000e+03,8.502928466796875000e+02,1.722718261718750000e+03,4.616573181152343750e+02
1.042479980468750000e+03,5.594495605468750000e+03,7.933830566406250000e+02,1.385322363281250000e+04,3.909493652343750000e+03,7.028848266601562500e+02,3.929387512207031250e+02,1.923218383789062500e+02,8.998191406250000000e+03,3.317613769531250000e+03,1.019044067382812500e+03,3.517968505859375000e+03,2.184825683593750000e+03,9.735956420898437500e+02,1.012201477050781250e+03,1.883846679687500000e+03,1.190542480468750000e+03,3.358213500976562500e+02,1.173717529296875000e+03,2.899774169921875000e+03,3.528064208984375000e+03,1.781647338867187500e+03,8.181210327148437500e+02,2.811987792968750000e+03,7.593413085937500000e+02,1.230935302734375000e+03,1.172118164062500000e+03,3.093630371093750000e+02,3.556075927734375000e+03,9.646594238281250000e+02,8.668967773437500000e+03,3.504127685546875000e+03,3.068761596679687500e+02,3.651680908203125000e+03,1.000187011718750000e+03,1.246057006835937500e+03,6.002672363281250000e+03,2.772963562011718750e+02,3.796754882812500000e+03,5.102192382812500000e+02,3.046590576171875000e+03,7.206982421875000000e+03,3.049653808593750000e+03,1.550239562988281250e+02,2.692004638671875000e+03,1.703807739257812500e+03,7.574456787109375000e+02,1.742675537109375000e+03,4.617409973144531250e+02
7.825695800781250000e+02,3.549776367187500000e+03,8.111419677734375000e+02,2.632902148437500000e+04,3.261854003906250000e+03,5.978500976562500000e+02,3.785202331542968750e+02,1.513693084716796875e+02,8.707934570312500000e+03,3.176017333984375000e+03,9.822112426757812500e+02,2.934653808593750000e+03,2.073969970703125000e+03,9.487663574218750000e+02,9.082521972656250000e+02,1.867924194335937500e+03,1.182654174804687500e+03,2.921840820312500000e+02,1.182935546875000000e+03,2.813212646484375000e+03,3.316662841796875000e+03,2.127727294921875000e+03,8.099553222656250000e+02,2.384961181640625000e+03,6.920817260742187500e+02,1.049386474609375000e+03,9.660722656250000000e+02,2.877546997070312500e+02,3.774196044921875000e+03,1.003037170410156250e+03,8.593030273437500000e+03,3.550999511718750000e+03,2.947020263671875000e+02,3.685896484375000000e+03,1.038787597656250000e+03,1.148777709960937500e+03,4.059589355468750000e+03,2.731823425292968750e+02,3.419194335937500000e+03,2.410942993164062500e+02,2.883741455078125000e+03,6.603980468750000000e+03,1.912369628906250000e+03,1.388980255126953125e+02,1.969895507812500000e+03,1.455019775390625000e+03,6.892559814453125000e+02,1.820597656250000000e+03,4.501189270019531250e+02
7.149914550781250000e+02,3.289010009765625000e+03,8.549609375000000000e+02,1.286825781250000000e+04,3.034128417968750000e+03,6.080368041992187500e+02,3.392860107421875000e+02,1.155790863037109375e+02,8.680953125000000000e+03,3.132294921875000000e+03,9.993477783203125000e+02,3.290465820312500000e+03,1.930070068359375000e+03,7.319400634765625000e+02,9.302244873046875000e+02,3.599394042968750000e+03,8.558020629882812500e+02,2.664466552734375000e+02,8.946343994140625000e+02,2.764638427734375000e+03,3.056086914062500000e+03,2.179610595703125000e+03,7.381062622070312500e+02,3.706980712890625000e+03,7.604166259765625000e+02,1.156385742187500000e+03,1.033552490234375000e+03,2.522696533203125000e+02,3.202100585937500000e+03,1.502133178710937500e+03,8.161482910156250000e+03,3.252132812500000000e+03,3.155487365722656250e+02,3.617370117187500000e+03,8.269907836914062500e+02,8.081679687500000000e+02,3.591715087890625000e+03,2.401698913574218750e+02,2.473775390625000000e+03,2.380687561035156250e+02,2.938859619140625000e+03,5.413331054687500000e+03,1.252364379882812500e+03,1.670297088623046875e+02,2.414423828125000000e+03,1.593865234375000000e+03,7.136762695312500000e+02,1.087386474609375000e+03,4.627976684570312500e+02
8.663223876953125000e+02,4.566791015625000000e+03,8.663824462890625000e+02,1.544867968750000000e+04,2.415322998046875000e+03,5.644710693359375000e+02,3.808257446289062500e+02,1.524340667724609375e+02,8.645534179687500000e+03,3.127260498046875000e+03,8.370996704101562500e+02,3.092110839843750000e+03,1.977865966796875000e+03,7.840471191406250000e+02,8.360615234375000000e+02,1.894640747070312500e+03,1.212492431640625000e+03,2.897250976562500000e+02,1.466364013671875000e+03,2.821621582031250000e+03,2.747501953125000000e+03,2.313108886718750000e+03,7.604003295898437500e+02,2.348523437500000000e+03,7.532434692382812500e+02,9.143472900390625000e+02,9.263265991210937500e+02,2.274541931152343750e+02,3.242478515625000000e+03,1.205404785156250000e+03,7.498849121093750000e+03,3.675222656250000000e+03,3.508281250000000000e+02,3.617055664062500000e+03,8.350106811523437500e+02,1.326404907226562500e+03,3.668568847656250000e+03,3.467371826171875000e+02,3.170286132812500000e+03,2.362675781250000000e+02,3.193842285156250000e+03,5.291372070312500000e+03,1.373060913085937500e+03,1.273216705322265625e+02,2.546690429687500000e+03,1.678229858398437500e+03,7.439578857421875000e+02,1.544639160156250000e+03,4.623817138671875000e+02
6.259909667968750000e+02,5.282793457031250000e+03,7.823763427734375000e+02,1.203329785156250000e+04,2.469643066406250000e+03,4.618065185546875000e+02,4.841183166503906250e+02,1.057740020751953125e+02,8.433120117187500000e+03,6.774382812500000000e+03,9.600964355468750000e+02,2.297255126953125000e+03,1.842256103515625000e+03,8.278891601562500000e+02,2.089253906250000000e+03,1.865827880859375000e+03,8.862093505859375000e+02,3.058359375000000000e+02,9.026174926757812500e+02,2.709169189453125000e+03,2.488900878906250000e+03,1.738220214843750000e+03,7.422031250000000000e+02,2.301822509765625000e+03,7.602133789062500000e+02,9.955765991210937500e+02,9.741039428710937500e+02,2.113129882812500000e+02,3.057115966796875000e+03,8.749553222656250000e+02,7.494726562500000000e+03,8.590921875000000000e+03,3.660069580078125000e+02,3.592240966796875000e+03,5.283189086914062500e+02,8.053737182617187500e+02,3.514619628906250000e+03,2.590912475585937500e+02,4.113084960937500000e+03,5.264772949218750000e+02,2.422707519531250000e+03,4.822410644531250000e+03,3.088210449218750000e+03,1.082924346923828125e+02,1.693491088867187500e+03,1.040511474609375000e+03,6.794866943359375000e+02,1.045454101562500000e+03,4.619218750000000000e+02
8.831077880859375000e+02,4.513383789062500000e+03,8.952913208007812500e+02,1.199086816406250000e+04,2.296258789062500000e+03,6.127832641601562500e+02,3.858465881347656250e+02,1.401570281982421875e+02,9.036956054687500000e+03,3.170432373046875000e+03,9.156025390625000000e+02,3.294305664062500000e+03,1.879789794921875000e+03,9.763524169921875000e+02,8.632786254882812500e+02,1.851064941406250000e+03,1.073957763671875000e+03,2.818525390625000000e+02,1.173865722656250000e+03,2.753013916015625000e+03,3.267714599609375000e+03,1.825008056640625000e+03,7.752192382812500000e+02,3.376206298828125000e+03,7.465021362304687500e+02,8.944155273437500000e+02,1.002928466796875000e+03,2.655578613281250000e+02,3.485906738281250000e+03,8.628630981445312500e+02,7.964817871093750000e+03,3.743687011718750000e+03,5.470275268554687500e+02,7.336490234375000000e+03,8.914362182617187500e+02,1.048734741210937500e+03,3.734145019531250000e+03,2.431553039550781250e+02,3.062903564453125000e+03,5.632740478515625000e+02,3.224987304687500000e+03,5.418128906250000000e+03,3.096786132812500000e+03,1.289758300781250000e+02,2.410079833984375000e+03,1.348039916992187500e+03,1.000768859863281250e+03,1.257321289062500000e+03,2.634808044433593750e+02
1.083792480468750000e+03,3.102001953125000000e+03,8.031290283203125000e+02,1.199772265625000000e+04,3.179376220703125000e+03,8.360017089843750000e+02,3.563739929199218750e+02,1.287062683105468750e+02,8.984797851562500000e+03,3.128660156250000000e+03,1.005280944824218750e+03,2.624810791015625000e+03,1.984828491210937500e+03,1.296445556640625000e+03,7.684184570312500000e+02,1.894919433593750000e+03,9.705725097656250000e+02,2.760094604492187500e+02,1.150159912109375000e+03,2.775515869140625000e+03,3.264736816406250000e+03,1.841729492187500000e+03,8.230999755859375000e+02,2.881327148437500000e+03,7.637471923828125000e+02,8.585163574218750000e+02,9.425257568359375000e+02,2.362129211425781250e+02,3.403601074218750000e+03,8.365060424804687500e+02,8.377210937500000000e+03,3.758845703125000000e+03,4.902650756835937500e+02,3.757027587890625000e+03,7.874956054687500000e+02,8.830371093750000000e+02,3.655200195312500000e+03,2.332324218750000000e+02,5.105545898437500000e+03,2.848102722167968750e+02,3.773630371093750000e+03,5.401232421875000000e+03,1.488639892578125000e+03,1.227211303710937500e+02,2.617702636718750000e+03,1.643239868164062500e+03,9.132770996093750000e+02,1.441049072265625000e+03,4.617480468750000000e+02
1.164461914062500000e+03,5.580910644531250000e+03,8.456654052734375000e+02,1.271471777343750000e+04,3.783551757812500000e+03,6.982860107421875000e+02,3.318212585449218750e+02,1.546130371093750000e+02,9.130527343750000000e+03,3.278298095703125000e+03,1.070175048828125000e+03,3.696971923828125000e+03,2.126351318359375000e+03,9.845913085937500000e+02,9.523398437500000000e+02,1.883665283203125000e+03,1.113420410156250000e+03,3.139540405273437500e+02,1.082729492187500000e+03,2.849909912109375000e+03,3.397303955078125000e+03,1.805681762695312500e+03,7.984921875000000000e+02,2.709442138671875000e+03,7.623406372070312500e+02,9.829169921875000000e+02,1.258285400390625000e+03,2.244758300781250000e+02,4.585975585937500000e+03,1.295334594726562500e+03,8.366347656250000000e+03,3.835881103515625000e+03,3.937060852050781250e+02,3.658465087890625000e+03,1.023630187988281250e+03,1.276969482421875000e+03,3.429743164062500000e+03,2.471191406250000000e+02,4.322232421875000000e+03,5.161754150390625000e+02,3.353050048828125000e+03,7.147437500000000000e+03,3.094822753906250000e+03,1.220587387084960938e+02,3.618959472656250000e+03,1.843176391601562500e+03,9.959566650390625000e+02,1.189456909179687500e+03,4.617353515625000000e+02
1.133422973632812500e+03,5.194974609375000000e+03,8.632762451171875000e+02,2.700621093750000000e+04,3.649256835937500000e+03,6.943071899414062500e+02,3.373932495117187500e+02,1.643834228515625000e+02,8.930494140625000000e+03,3.193675292968750000e+03,1.040797119140625000e+03,3.104551269531250000e+03,1.989607788085937500e+03,9.095346679687500000e+02,9.390632324218750000e+02,1.811302978515625000e+03,8.888615722656250000e+02,3.204752197265625000e+02,1.312485717773437500e+03,2.794333984375000000e+03,3.545779052734375000e+03,1.845763916015625000e+03,8.679132690429687500e+02,2.362895996093750000e+03,7.604843750000000000e+02,1.018849975585937500e+03,1.106866821289062500e+03,2.263470153808593750e+02,4.093767089843750000e+03,1.113084472656250000e+03,8.520188476562500000e+03,3.681013671875000000e+03,3.862717285156250000e+02,3.771205810546875000e+03,1.177290283203125000e+03,9.874570312500000000e+02,4.142800292968750000e+03,2.651683959960937500e+02,3.684167480468750000e+03,2.378484649658203125e+02,3.048991943359375000e+03,7.082036132812500000e+03,2.550331054687500000e+03,1.276274261474609375e+02,2.471247070312500000e+03,1.683994628906250000e+03,1.133934082031250000e+03,9.776671142578125000e+02,4.602662963867187500e+02
1.330950927734375000e+03,2.892060791015625000e+03,9.673148803710937500e+02,1.322149511718750000e+04,3.019955078125000000e+03,7.846702880859375000e+02,4.285759582519531250e+02,1.588132171630859375e+02,8.879695312500000000e+03,3.134511962890625000e+03,9.868990478515625000e+02,3.118467285156250000e+03,1.947465576171875000e+03,1.243593750000000000e+03,9.386718750000000000e+02,2.727175292968750000e+03,1.073259033203125000e+03,2.739023437500000000e+02,1.133196533203125000e+03,2.764747314453125000e+03,3.333093750000000000e+03,1.916469116210937500e+03,8.588894042968750000e+02,4.048201171875000000e+03,7.609437255859375000e+02,8.967751464843750000e+02,1.075853759765625000e+03,2.157002258300781250e+02,4.045781738281250000e+03,1.027293701171875000e+03,8.027617675781250000e+03,3.606682128906250000e+03,3.557096862792968750e+02,3.618902832031250000e+03,1.016919860839843750e+03,1.378561889648437500e+03,3.812620849609375000e+03,2.472584228515625000e+02,2.436424072265625000e+03,2.443260803222656250e+02,2.747550048828125000e+03,5.969375000000000000e+03,1.291879638671875000e+03,1.157420501708984375e+02,5.347190429687500000e+03,1.711640258789062500e+03,1.126254882812500000e+03,1.121373046875000000e+03,4.625547485351562500e+02
1.266624511718750000e+03,5.470117187500000000e+03,8.749223022460937500e+02,1.260468066406250000e+04,3.534981933593750000e+03,6.250687866210937500e+02,3.832557067871093750e+02,2.454504394531250000e+02,9.079482421875000000e+03,3.148098876953125000e+03,8.876056518554687500e+02,6.117812500000000000e+03,1.803863281250000000e+03,1.237433227539062500e+03,8.484003906250000000e+02,1.876500488281250000e+03,9.546545410156250000e+02,2.555254516601562500e+02,1.153325683593750000e+03,2.753625732421875000e+03,3.255532470703125000e+03,1.580656982421875000e+03,8.255802001953125000e+02,2.544289794921875000e+03,7.510194702148437500e+02,8.971458740234375000e+02,9.323612670898437500e+02,2.189891052246093750e+02,3.128270507812500000e+03,1.604411010742187500e+03,7.990432128906250000e+03,3.499743408203125000e+03,2.434104309082031250e+02,3.623145996093750000e+03,1.002507934570312500e+03,1.766440429687500000e+03,3.819532958984375000e+03,2.557023925781250000e+02,3.354899902343750000e+03,2.185573272705078125e+02,2.843096923828125000e+03,6.770312500000000000e+03,1.376569824218750000e+03,1.439219360351562500e+02,2.891302001953125000e+03,1.969925781250000000e+03,1.213879638671875000e+03,1.182835815429687500e+03,4.583721313476562500e+02
7.239719238281250000e+02,5.228754882812500000e+03,8.744490356445312500e+02,1.239647753906250000e+04,2.018193847656250000e+03,5.983468017578125000e+02,3.422871398925781250e+02,2.347993621826171875e+02,8.951766601562500000e+03,6.834662109375000000e+03,1.020583496093750000e+03,3.188587402343750000e+03,1.959043090820312500e+03,1.307983886718750000e+03,2.438966308593750000e+03,1.837699829101562500e+03,8.961278686523437500e+02,3.132116088867187500e+02,1.097796630859375000e+03,2.731599365234375000e+03,2.804893554687500000e+03,1.739572387695312500e+03,7.237006835937500000e+02,2.438149414062500000e+03,7.594479370117187500e+02,8.840485839843750000e+02,9.918119506835937500e+02,2.481346130371093750e+02,3.321705566406250000e+03,1.130239990234375000e+03,8.040588378906250000e+03,8.663359375000000000e+03,3.250692443847656250e+02,3.807321533203125000e+03,9.493330078125000000e+02,1.357583374023437500e+03,5.363349609375000000e+03,2.203407897949218750e+02,4.051013183593750000e+03,5.184495849609375000e+02,2.577622070312500000e+03,6.148021972656250000e+03,2.955473388671875000e+03,1.267258377075195312e+02,2.407595703125000000e+03,2.118027343750000000e+03,1.338019531250000000e+03,1.006739501953125000e+03,4.282854309082031250e+02
8.982716674804687500e+02,5.314714355468750000e+03,9.091083984375000000e+02,1.283887402343750000e+04,3.866862792968750000e+03,5.645119018554687500e+02,3.588047180175781250e+02,2.296283569335937500e+02,8.974457031250000000e+03,3.185026611328125000e+03,1.007997985839843750e+03,2.976984619140625000e+03,1.872565673828125000e+03,8.809793090820312500e+02,8.941204223632812500e+02,1.810842163085937500e+03,1.003880920410156250e+03,3.006434326171875000e+02,1.186027099609375000e+03,2.750599853515625000e+03,3.179493896484375000e+03,1.577101562500000000e+03,8.165075683593750000e+02,3.191916015625000000e+03,7.204903564453125000e+02,8.586973266601562500e+02,1.017307617187500000e+03,3.126181030273437500e+02,3.639053955078125000e+03,8.843487548828125000e+02,8.384731445312500000e+03,3.680644042968750000e+03,2.768703308105468750e+02,7.302194335937500000e+03,1.664753906250000000e+03,1.336746948242187500e+03,3.993177490234375000e+03,2.403121032714843750e+02,3.159130371093750000e+03,2.303745269775390625e+02,2.597272949218750000e+03,7.946186523437500000e+03,3.034809082031250000e+03,1.654035644531250000e+02,2.513808593750000000e+03,1.693727294921875000e+03,1.074146484375000000e+03,1.031353637695312500e+03,3.411095275878906250e+02
1.134645996093750000e+03,3.009827392578125000e+03,8.538173828125000000e+02,1.564212304687500000e+04,3.953748535156250000e+03,8.180026855468750000e+02,3.792437744140625000e+02,1.628518066406250000e+02,8.798368164062500000e+03,3.095022216796875000e+03,1.005965454101562500e+03,2.921922119140625000e+03,2.014090332031250000e+03,9.890153808593750000e+02,7.585887451171875000e+02,1.888348999023437500e+03,9.167435913085937500e+02,2.847048950195312500e+02,1.233742919921875000e+03,2.778107421875000000e+03,3.228431640625000000e+03,1.650187377929687500e+03,7.653244628906250000e+02,2.855830810546875000e+03,7.625491943359375000e+02,9.358745117187500000e+02,9.487969970703125000e+02,3.456857299804687500e+02,3.594457519531250000e+03,8.942351074218750000e+02,8.704847656250000000e+03,3.596425537109375000e+03,2.935401000976562500e+02,3.691455078125000000e+03,8.648532104492187500e+02,9.461398315429687500e+02,4.143774902343750000e+03,2.592658386230468750e+02,5.376190429687500000e+03,2.259057159423828125e+02,2.816204833984375000e+03,7.576993164062500000e+03,1.402124023437500000e+03,1.690845642089843750e+02,2.648080566406250000e+03,1.902283447265625000e+03,9.651871337890625000e+02,1.357977172851562500e+03,4.608546752929687500e+02
1.248614379882812500e+03,5.600457031250000000e+03,8.435297851562500000e+02,1.546364257812500000e+04,3.775621826171875000e+03,7.961934814453125000e+02,3.513632202148437500e+02,2.179608154296875000e+02,9.137001953125000000e+03,3.484440429687500000e+03,1.071486816406250000e+03,3.314889404296875000e+03,2.160518554687500000e+03,1.185419555664062500e+03,2.210468750000000000e+03,1.885722290039062500e+03,1.216374389648437500e+03,3.457130126953125000e+02,1.309684814453125000e+03,2.900341796875000000e+03,3.526226562500000000e+03,1.883035766601562500e+03,8.072210083007812500e+02,2.977872558593750000e+03,7.614394531250000000e+02,1.374947998046875000e+03,1.200317871093750000e+03,3.498893127441406250e+02,4.148496093750000000e+03,8.851442260742187500e+02,8.793065429687500000e+03,3.881564453125000000e+03,2.828619384765625000e+02,3.683769531250000000e+03,1.225469970703125000e+03,1.369720214843750000e+03,4.110891113281250000e+03,2.413466186523437500e+02,4.559055664062500000e+03,4.826177978515625000e+02,3.186664306640625000e+03,8.491506835937500000e+03,3.035815429687500000e+03,1.776092529296875000e+02,4.179083984375000000e+03,2.210010742187500000e+03,1.264538696289062500e+03,1.140928955078125000e+03,4.620078735351562500e+02
1.003849182128906250e+03,4.781773437500000000e+03,1.130343505859375000e+03,2.887973632812500000e+04,3.599760253906250000e+03,8.182935791015625000e+02,3.702820129394531250e+02,2.871713256835937500e+02,1.002351269531250000e+04,3.229561279296875000e+03,1.036189941406250000e+03,4.211864746093750000e+03,2.241468750000000000e+03,1.722406494140625000e+03,1.076068359375000000e+03,1.842573974609375000e+03,1.202145141601562500e+03,3.370805664062500000e+02,1.354604492187500000e+03,2.826748535156250000e+03,3.472048095703125000e+03,2.190143066406250000e+03,8.576042480468750000e+02,2.213582031250000000e+03,7.345258789062500000e+02,1.221059326171875000e+03,1.263986206054687500e+03,4.084588928222656250e+02,4.500492675781250000e+03,1.033049560546875000e+03,9.668914062500000000e+03,3.727132324218750000e+03,3.143091125488281250e+02,4.405565429687500000e+03,1.592969970703125000e+03,1.838685913085937500e+03,4.298316406250000000e+03,2.942415771484375000e+02,4.212683593750000000e+03,2.492473297119140625e+02,3.116625488281250000e+03,1.045733789062500000e+04,1.989366210937500000e+03,1.993502044677734375e+02,3.452597900390625000e+03,3.590893798828125000e+03,1.260980957031250000e+03,2.556035888671875000e+03,3.764186096191406250e+02
8.658526000976562500e+02,3.430338867187500000e+03,9.585386352539062500e+02,2.739931250000000000e+04,2.685597900390625000e+03,7.227380981445312500e+02,4.128217163085937500e+02,2.407225952148437500e+02,9.767304687500000000e+03,3.112302734375000000e+03,8.755427856445312500e+02,4.162751953125000000e+03,2.152495361328125000e+03,8.749023437500000000e+02,1.721981079101562500e+03,2.583369873046875000e+03,9.132264404296875000e+02,2.775164184570312500e+02,1.037885253906250000e+03,2.828372314453125000e+03,8.597296875000000000e+03,1.980678344726562500e+03,7.712374267578125000e+02,4.027808593750000000e+03,7.611015625000000000e+02,1.333169189453125000e+03,1.341137817382812500e+03,3.185765380859375000e+02,3.507210693359375000e+03,1.285064941406250000e+03,8.634655273437500000e+03,3.570809814453125000e+03,2.959707946777343750e+02,3.605682128906250000e+03,1.216808593750000000e+03,9.227025146484375000e+02,3.950680175781250000e+03,2.359754028320312500e+02,3.081686523437500000e+03,2.534092254638671875e+02,2.709140380859375000e+03,6.995313476562500000e+03,1.914556884765625000e+03,1.739453125000000000e+02,2.725976806640625000e+03,1.961893554687500000e+03,5.953493652343750000e+02,2.108509521484375000e+03,4.633314514160156250e+02
1.277651855468750000e+03,4.743696777343750000e+03,9.959180297851562500e+02,1.457674511718750000e+04,2.724219482421875000e+03,7.626369628906250000e+02,3.536679077148437500e+02,2.572408752441406250e+02,9.080932617187500000e+03,3.167077148437500000e+03,8.813512573242187500e+02,3.783819580078125000e+03,2.063160644531250000e+03,1.136386718750000000e+03,1.134283691406250000e+03,1.882119506835937500e+03,1.268984130859375000e+03,3.138928833007812500e+02,1.309017944335937500e+03,2.866533935546875000e+03,8.802210937500000000e+03,2.446329101562500000e+03,8.197065429687500000e+02,2.520638916015625000e+03,7.553642578125000000e+02,8.420706787109375000e+02,1.045908569335937500e+03,4.032492065429687500e+02,3.947562744140625000e+03,1.102159912109375000e+03,8.578121093750000000e+03,3.601208740234375000e+03,2.845163269042968750e+02,3.592775878906250000e+03,1.161539550781250000e+03,1.066186279296875000e+03,3.878116699218750000e+03,2.510916442871093750e+02,3.477958984375000000e+03,2.947146606445312500e+02,2.820215576171875000e+03,7.681480468750000000e+03,1.418200561523437500e+03,2.238081359863281250e+02,2.548529541015625000e+03,2.190866943359375000e+03,6.252011108398437500e+02,3.420395507812500000e+03,4.587854003906250000e+02
9.061978759765625000e+02,5.164333496093750000e+03,9.138780517578125000e+02,1.283655761718750000e+04,2.393150390625000000e+03,4.617637329101562500e+02,3.191352539062500000e+02,2.406817016601562500e+02,8.699857421875000000e+03,5.329367187500000000e+03,1.035938720703125000e+03,2.707231201171875000e+03,1.894280395507812500e+03,9.743243408203125000e+02,2.856523925781250000e+03,1.715272216796875000e+03,8.286286010742187500e+02,2.853201599121093750e+02,9.506895141601562500e+02,2.732592041015625000e+03,8.310333984375000000e+03,2.091992919921875000e+03,7.675051879882812500e+02,2.139212890625000000e+03,7.581787109375000000e+02,1.498224853515625000e+03,1.721228759765625000e+03,4.203307800292968750e+02,3.217437255859375000e+03,7.061654052734375000e+02,8.253044921875000000e+03,7.993478027343750000e+03,3.966543579101562500e+02,3.637167480468750000e+03,1.232934204101562500e+03,1.134785278320312500e+03,4.050503173828125000e+03,2.446475524902343750e+02,4.904818359375000000e+03,5.834652099609375000e+02,2.650169921875000000e+03,6.239141601562500000e+03,2.699068359375000000e+03,1.158480911254882812e+02,1.900010986328125000e+03,1.449272338867187500e+03,6.201167602539062500e+02,2.672330810546875000e+03,4.384481811523437500e+02
1.216017822265625000e+03,4.486327148437500000e+03,8.650731201171875000e+02,2.692790429687500000e+04,4.027704589843750000e+03,9.312100830078125000e+02,3.608140869140625000e+02,3.372053527832031250e+02,1.318377246093750000e+04,3.205124023437500000e+03,1.024971313476562500e+03,3.644080322265625000e+03,1.848237670898437500e+03,1.402624511718750000e+03,2.391021972656250000e+03,1.586708007812500000e+03,1.082937500000000000e+03,2.743004760742187500e+02,1.144250610351562500e+03,2.770130615234375000e+03,6.979751953125000000e+03,2.102762207031250000e+03,8.118214111328125000e+02,4.108708496093750000e+03,7.517917480468750000e+02,1.507220214843750000e+03,1.000470336914062500e+03,4.080890197753906250e+02,4.518961425781250000e+03,5.384978027343750000e+02,8.618603515625000000e+03,3.889593017578125000e+03,3.433980102539062500e+02,7.327914062500000000e+03,2.935762451171875000e+03,1.275909057617187500e+03,4.169838867187500000e+03,2.552674255371093750e+02,2.621778320312500000e+03,6.040982666015625000e+02,4.665292968750000000e+03,8.853995117187500000e+03,3.084706787109375000e+03,2.054262695312500000e+02,2.272802246093750000e+03,1.988910888671875000e+03,6.674785156250000000e+02,3.136017578125000000e+03,3.496719055175781250e+02
1.099032958984375000e+03,3.601248779296875000e+03,9.074685668945312500e+02,2.751358203125000000e+04,2.981851562500000000e+03,9.569235839843750000e+02,3.838471069335937500e+02,1.882886047363281250e+02,9.491191406250000000e+03,3.096732421875000000e+03,9.472602539062500000e+02,3.052716308593750000e+03,1.782367431640625000e+03,1.127578491210937500e+03,1.014487548828125000e+03,1.678481811523437500e+03,8.721126098632812500e+02,2.745637817382812500e+02,1.088799560546875000e+03,2.824454101562500000e+03,4.549878906250000000e+03,1.808950073242187500e+03,7.545050659179687500e+02,3.572975097656250000e+03,7.632540283203125000e+02,7.741218261718750000e+02,9.772338867187500000e+02,3.273971557617187500e+02,5.736312500000000000e+03,9.082898559570312500e+02,9.436374023437500000e+03,3.572569335937500000e+03,3.494484558105468750e+02,3.727844726562500000e+03,1.339719848632812500e+03,1.083541748046875000e+03,3.931078613281250000e+03,2.621872863769531250e+02,2.557578613281250000e+03,2.692835388183593750e+02,2.813466552734375000e+03,1.435462304687500000e+04,1.540700805664062500e+03,1.619018554687500000e+02,2.505574707031250000e+03,1.995733642578125000e+03,6.874277343750000000e+02,6.552209472656250000e+02,4.611569824218750000e+02
1.017053161621093750e+03,5.603743164062500000e+03,7.736260986328125000e+02,1.319139062500000000e+04,3.164571044921875000e+03,9.417857666015625000e+02,4.050232849121093750e+02,1.083975601196289062e+02,9.481751953125000000e+03,3.208781494140625000e+03,1.074817382812500000e+03,4.040687011718750000e+03,2.104001220703125000e+03,1.078479125976562500e+03,1.932696289062500000e+03,1.890338500976562500e+03,1.262001464843750000e+03,3.036434631347656250e+02,1.144528686523437500e+03,2.961810546875000000e+03,4.941968261718750000e+03,2.103741455078125000e+03,7.514783325195312500e+02,2.751658203125000000e+03,7.626596679687500000e+02,1.505338867187500000e+03,1.211198852539062500e+03,3.074559936523437500e+02,6.083506835937500000e+03,1.331892333984375000e+03,8.999433593750000000e+03,3.869854980468750000e+03,3.566606445312500000e+02,3.685009765625000000e+03,1.214508056640625000e+03,1.794232177734375000e+03,4.040350341796875000e+03,2.725374755859375000e+02,2.494684082031250000e+03,6.080589599609375000e+02,2.800674072265625000e+03,9.368715820312500000e+03,3.077442382812500000e+03,1.573970642089843750e+02,2.531286132812500000e+03,2.235201416015625000e+03,7.188489990234375000e+02,2.797658691406250000e+03,4.620876464843750000e+02
1.144282958984375000e+03,5.475911132812500000e+03,1.004317687988281250e+03,1.760695117187500000e+04,3.904988769531250000e+03,9.236807861328125000e+02,4.325737609863281250e+02,1.896452636718750000e+02,1.035370214843750000e+04,3.203819580078125000e+03,7.870822753906250000e+02,3.595173828125000000e+03,1.769136718750000000e+03,1.285063720703125000e+03,1.049478637695312500e+03,1.776987182617187500e+03,1.119307617187500000e+03,3.058507690429687500e+02,1.252661254882812500e+03,2.822631835937500000e+03,3.808868408203125000e+03,2.478552246093750000e+03,8.505579833984375000e+02,2.028705688476562500e+03,7.317870483398437500e+02,1.485546386718750000e+03,1.004389892578125000e+03,2.139585571289062500e+02,6.674541015625000000e+03,1.161198242187500000e+03,1.111951855468750000e+04,3.792115478515625000e+03,4.063989562988281250e+02,3.856132080078125000e+03,1.224788085937500000e+03,9.262995605468750000e+02,4.686773925781250000e+03,2.857716674804687500e+02,4.221126953125000000e+03,2.497985687255859375e+02,2.516868896484375000e+03,8.407079101562500000e+03,2.971413574218750000e+03,1.361794281005859375e+02,2.328407714843750000e+03,2.345377929687500000e+03,7.622041625976562500e+02,4.770679931640625000e+02,3.630483093261718750e+02
1.604853393554687500e+03,2.984162841796875000e+03,1.011695861816406250e+03,1.543261621093750000e+04,3.378344726562500000e+03,9.009036254882812500e+02,6.344637451171875000e+02,1.602778625488281250e+02,1.066233496093750000e+04,3.249671386718750000e+03,7.831588745117187500e+02,4.392250488281250000e+03,1.940472412109375000e+03,1.715921875000000000e+03,2.891658691406250000e+03,1.832678710937500000e+03,1.233102661132812500e+03,3.610266723632812500e+02,1.189649536132812500e+03,2.899247802734375000e+03,4.099357910156250000e+03,2.344817382812500000e+03,8.470722045898437500e+02,4.243933593750000000e+03,7.616212158203125000e+02,1.477082031250000000e+03,1.109812255859375000e+03,2.762694702148437500e+02,6.779483398437500000e+03,9.635605468750000000e+02,9.427291992187500000e+03,3.694994384765625000e+03,3.728294677734375000e+02,3.646632324218750000e+03,1.489835205078125000e+03,1.605612060546875000e+03,4.547426269531250000e+03,2.757795410156250000e+02,2.439476074218750000e+03,5.890916748046875000e+02,3.162200927734375000e+03,1.127101953125000000e+04,1.513969848632812500e+03,1.479749145507812500e+02,5.486661132812500000e+03,2.280963867187500000e+03,1.137405761718750000e+03,2.708268798828125000e+03,4.638207702636718750e+02
9.851649780273437500e+02,5.625452148437500000e+03,7.678016357421875000e+02,2.031947460937500000e+04,3.773539550781250000e+03,9.463218994140625000e+02,4.207726135253906250e+02,2.562823791503906250e+02,1.466940039062500000e+04,3.232344970703125000e+03,9.641097412109375000e+02,4.304077148437500000e+03,1.871337402343750000e+03,1.137919067382812500e+03,1.106343994140625000e+03,1.986672607421875000e+03,1.013876281738281250e+03,3.503425292968750000e+02,1.189551879882812500e+03,2.828532714843750000e+03,4.167879882812500000e+03,1.936768310546875000e+03,8.552438964843750000e+02,3.032865722656250000e+03,7.580947265625000000e+02,1.249578613281250000e+03,1.633554565429687500e+03,2.948149719238281250e+02,5.120423828125000000e+03,1.664884277343750000e+03,9.581337890625000000e+03,3.689358398437500000e+03,3.589806518554687500e+02,3.647661376953125000e+03,1.330520385742187500e+03,1.874749267578125000e+03,4.397049804687500000e+03,2.800473632812500000e+02,3.619008300781250000e+03,3.262330017089843750e+02,2.803610107421875000e+03,1.032063671875000000e+04,2.366362792968750000e+03,1.435605773925781250e+02,2.681094726562500000e+03,2.348081542968750000e+03,7.616783447265625000e+02,1.317173828125000000e+03,4.620487976074218750e+02
1.022889892578125000e+03,5.597196289062500000e+03,9.740814819335937500e+02,1.262718359375000000e+04,2.733411621093750000e+03,8.360728759765625000e+02,3.782172546386718750e+02,2.249975891113281250e+02,1.099081835937500000e+04,6.806998046875000000e+03,1.034397216796875000e+03,3.477929687500000000e+03,2.559013916015625000e+03,1.779597167968750000e+03,2.676553955078125000e+03,2.012766723632812500e+03,1.259830566406250000e+03,2.469087066650390625e+02,1.224592895507812500e+03,2.757688964843750000e+03,3.769807617187500000e+03,3.655805175781250000e+03,8.644373779296875000e+02,2.846572753906250000e+03,7.597070312500000000e+02,1.498921997070312500e+03,1.171539306640625000e+03,2.046925659179687500e+02,3.976227050781250000e+03,1.316250488281250000e+03,9.423271484375000000e+03,8.815982421875000000e+03,4.890499877929687500e+02,5.328539550781250000e+03,1.265809082031250000e+03,1.383447998046875000e+03,6.023019042968750000e+03,2.712393493652343750e+02,2.556865234375000000e+03,5.941579589843750000e+02,3.028652099609375000e+03,1.385311718750000000e+04,3.059044433593750000e+03,1.220373840332031250e+02,2.955325683593750000e+03,2.268471679687500000e+03,1.279397094726562500e+03,4.966016845703125000e+02,4.400756835937500000e+02
1.367706420898437500e+03,5.613640625000000000e+03,1.207845092773437500e+03,1.251383593750000000e+04,3.982714843750000000e+03,7.466356811523437500e+02,4.012745361328125000e+02,2.791345825195312500e+02,1.545078320312500000e+04,3.303843017578125000e+03,1.008418945312500000e+03,3.358729980468750000e+03,1.950166870117187500e+03,1.277914916992187500e+03,2.360921875000000000e+03,1.841764160156250000e+03,1.314047607421875000e+03,2.916786499023437500e+02,1.104965209960937500e+03,2.795050048828125000e+03,3.622385498046875000e+03,4.056287597656250000e+03,9.711040649414062500e+02,4.139476562500000000e+03,7.578531494140625000e+02,1.493810546875000000e+03,1.999942504882812500e+03,2.394292602539062500e+02,4.550643554687500000e+03,9.037957763671875000e+02,8.818445312500000000e+03,3.969185058593750000e+03,4.361439514160156250e+02,7.352763183593750000e+03,1.264600463867187500e+03,1.228764404296875000e+03,4.996811035156250000e+03,2.917813415527343750e+02,3.631797851562500000e+03,6.124306030273437500e+02,2.806896728515625000e+03,9.852594726562500000e+03,3.063010986328125000e+03,1.277464523315429688e+02,2.198043945312500000e+03,1.886395385742187500e+03,6.911966552734375000e+02,1.449383789062500000e+03,3.493143615722656250e+02
1.156812500000000000e+03,5.592916992187500000e+03,7.432192382812500000e+02,1.355172265625000000e+04,2.421353027343750000e+03,8.646523437500000000e+02,4.196809387207031250e+02,1.422608642578125000e+02,9.693659179687500000e+03,3.205360839843750000e+03,8.097135620117187500e+02,3.324899414062500000e+03,2.932453613281250000e+03,1.095896972656250000e+03,1.149677978515625000e+03,1.826149169921875000e+03,9.760865478515625000e+02,3.467133178710937500e+02,1.078529541015625000e+03,2.866352539062500000e+03,3.569133056640625000e+03,1.840277343750000000e+03,7.706982421875000000e+02,3.628916015625000000e+03,7.627745971679687500e+02,8.176615600585937500e+02,1.405635009765625000e+03,2.350177001953125000e+02,3.605476074218750000e+03,8.349766235351562500e+02,7.820511718750000000e+03,3.606778564453125000e+03,4.511478881835937500e+02,3.734789306640625000e+03,1.617439575195312500e+03,9.489387817382812500e+02,4.089666748046875000e+03,3.006217346191406250e+02,4.970125976562500000e+03,5.167352294921875000e+02,3.157354248046875000e+03,8.654386718750000000e+03,1.554699096679687500e+03,1.252724227905273438e+02,2.402636962890625000e+03,1.809679077148437500e+03,6.790280151367187500e+02,5.955180664062500000e+02,4.614118652343750000e+02
2.461252929687500000e+03,5.605970703125000000e+03,1.054187744140625000e+03,1.391482617187500000e+04,4.096197753906250000e+03,8.264139404296875000e+02,3.774401550292968750e+02,1.527994537353515625e+02,1.285284277343750000e+04,4.110205078125000000e+03,1.071014526367187500e+03,3.324385742187500000e+03,2.019410156250000000e+03,1.589013671875000000e+03,2.858207031250000000e+03,1.905256713867187500e+03,1.441214355468750000e+03,3.862954406738281250e+02,1.215050903320312500e+03,2.934363525390625000e+03,3.696502685546875000e+03,1.870379150390625000e+03,8.998294677734375000e+02,3.444929199218750000e+03,7.612537841796875000e+02,1.483697753906250000e+03,9.777375488281250000e+02,2.554833984375000000e+02,3.807560791015625000e+03,8.376192626953125000e+02,8.415505859375000000e+03,4.101201660156250000e+03,4.182601013183593750e+02,3.705833740234375000e+03,1.401959350585937500e+03,1.554788208007812500e+03,4.416280273437500000e+03,3.192945556640625000e+02,2.773597167968750000e+03,6.129252929687500000e+02,3.778736328125000000e+03,1.030965625000000000e+04,3.045605468750000000e+03,1.663349304199218750e+02,2.713371093750000000e+03,2.555578369140625000e+03,6.977043457031250000e+02,9.488367919921875000e+02,4.619662475585937500e+02
1.292619628906250000e+03,3.900744140625000000e+03,9.715628051757812500e+02,1.342330078125000000e+04,2.770950927734375000e+03,9.723458862304687500e+02,4.013488464355468750e+02,1.791098480224609375e+02,1.128324609375000000e+04,3.315210693359375000e+03,9.619622192382812500e+02,3.896083740234375000e+03,2.135255859375000000e+03,1.708467041015625000e+03,1.168556152343750000e+03,1.907283447265625000e+03,1.430656005859375000e+03,3.381455078125000000e+02,1.293692016601562500e+03,3.190137695312500000e+03,3.861826904296875000e+03,2.031688964843750000e+03,8.791878662109375000e+02,2.283436279296875000e+03,7.594785156250000000e+02,1.334041992187500000e+03,1.340656372070312500e+03,2.777383422851562500e+02,3.970451660156250000e+03,1.176391601562500000e+03,9.919907226562500000e+03,3.751512939453125000e+03,4.258003540039062500e+02,4.187065917968750000e+03,1.782510986328125000e+03,1.503924072265625000e+03,4.563502929687500000e+03,3.578163452148437500e+02,4.552681640625000000e+03,5.258909912109375000e+02,3.436562500000000000e+03,1.524121093750000000e+04,2.728552734375000000e+03,1.691063842773437500e+02,2.434658691406250000e+03,2.598492675781250000e+03,8.357857055664062500e+02,8.219444580078125000e+02,3.647600708007812500e+02
9.172862548828125000e+02,5.004515625000000000e+03,1.248860351562500000e+03,2.778118945312500000e+04,4.063118164062500000e+03,8.741226196289062500e+02,6.653531494140625000e+02,1.877803955078125000e+02,9.927595703125000000e+03,3.190170166015625000e+03,1.023156250000000000e+03,4.115213867187500000e+03,2.259453857421875000e+03,1.030304077148437500e+03,1.261586059570312500e+03,3.814248046875000000e+03,1.251118896484375000e+03,3.141315307617187500e+02,1.094925170898437500e+03,2.946030273437500000e+03,3.639735595703125000e+03,1.974258300781250000e+03,8.165631103515625000e+02,4.189614746093750000e+03,7.617617187500000000e+02,1.410928955078125000e+03,9.329683837890625000e+02,2.384250793457031250e+02,4.055342285156250000e+03,9.560593261718750000e+02,8.889334960937500000e+03,3.650626464843750000e+03,4.749333496093750000e+02,3.626364257812500000e+03,1.453256103515625000e+03,9.611934814453125000e+02,4.079943603515625000e+03,3.124332275390625000e+02,4.383151855468750000e+03,4.315265502929687500e+02,2.632196044921875000e+03,1.118546289062500000e+04,2.861879882812500000e+03,1.221777877807617188e+02,2.252270019531250000e+03,1.881784423828125000e+03,5.880909423828125000e+02,5.406550292968750000e+02,4.637897338867187500e+02
1.591750854492187500e+03,4.176629394531250000e+03,1.047179565429687500e+03,2.973899804687500000e+04,2.438795898437500000e+03,5.881490478515625000e+02,4.176815185546875000e+02,2.183704681396484375e+02,1.262288867187500000e+04,3.225278808593750000e+03,9.562080078125000000e+02,4.009129150390625000e+03,2.012921264648437500e+03,1.127285644531250000e+03,2.889850341796875000e+03,1.906986328125000000e+03,1.327811523437500000e+03,2.987293090820312500e+02,1.189500732421875000e+03,2.839812255859375000e+03,3.719166503906250000e+03,1.769289672851562500e+03,8.015589599609375000e+02,2.188452636718750000e+03,7.592557983398437500e+02,1.401175048828125000e+03,9.450703735351562500e+02,2.770393371582031250e+02,3.683489501953125000e+03,1.259785888671875000e+03,7.787235839843750000e+03,3.605514648437500000e+03,5.212182617187500000e+02,3.600763916015625000e+03,3.322425292968750000e+03,8.684103393554687500e+02,4.050767089843750000e+03,2.600080261230468750e+02,2.898296386718750000e+03,6.127557983398437500e+02,2.978204589843750000e+03,1.054439941406250000e+04,1.819103271484375000e+03,2.072853393554687500e+02,2.354846435546875000e+03,1.800547363281250000e+03,6.376072998046875000e+02,7.278142089843750000e+02,4.633207092285156250e+02
7.475252685546875000e+02,5.188270996093750000e+03,9.179235839843750000e+02,1.237563671875000000e+04,2.240866455078125000e+03,6.224512939453125000e+02,3.553186950683593750e+02,1.256874923706054688e+02,9.605611328125000000e+03,7.220843750000000000e+03,1.061356567382812500e+03,2.784341796875000000e+03,1.973380859375000000e+03,1.399821655273437500e+03,2.765934570312500000e+03,1.882387939453125000e+03,1.218198364257812500e+03,2.802038269042968750e+02,8.957797851562500000e+02,3.035142822265625000e+03,3.621092285156250000e+03,1.861823242187500000e+03,8.532595214843750000e+02,2.211437011718750000e+03,7.610733642578125000e+02,1.317354980468750000e+03,1.305239746093750000e+03,3.172322998046875000e+02,3.424393798828125000e+03,8.273725585937500000e+02,7.654832519531250000e+03,8.150964843750000000e+03,5.023834838867187500e+02,3.666499267578125000e+03,1.370148437500000000e+03,8.684552001953125000e+02,4.540833496093750000e+03,2.755305480957031250e+02,5.434164062500000000e+03,6.042009277343750000e+02,2.122401611328125000e+03,1.041760937500000000e+04,2.985622070312500000e+03,1.100823669433593750e+02,1.721331176757812500e+03,1.110119628906250000e+03,7.672340087890625000e+02,8.149656982421875000e+02,4.598440551757812500e+02
1.186901367187500000e+03,4.917913085937500000e+03,1.322767333984375000e+03,1.296229199218750000e+04,2.900469238281250000e+03,8.144909667968750000e+02,4.028433837890625000e+02,2.717105712890625000e+02,1.110029882812500000e+04,3.398678710937500000e+03,7.473154907226562500e+02,4.419895996093750000e+03,1.947084594726562500e+03,1.165416748046875000e+03,1.358931518554687500e+03,1.881965087890625000e+03,1.542574462890625000e+03,2.874926147460937500e+02,1.123068969726562500e+03,3.027663818359375000e+03,3.742368652343750000e+03,4.174010253906250000e+03,8.899985351562500000e+02,3.152389160156250000e+03,7.558098754882812500e+02,1.353882568359375000e+03,1.551358398437500000e+03,3.354996337890625000e+02,4.073107421875000000e+03,1.044737060546875000e+03,8.748530273437500000e+03,3.751198242187500000e+03,4.858112792968750000e+02,7.427108398437500000e+03,2.163858398437500000e+03,9.525817260742187500e+02,4.273039550781250000e+03,2.900646972656250000e+02,4.671164062500000000e+03,6.135505371093750000e+02,2.922060791015625000e+03,9.147817382812500000e+03,3.063217285156250000e+03,1.942743988037109375e+02,2.548125976562500000e+03,1.721838378906250000e+03,6.700397338867187500e+02,1.338714233398437500e+03,2.991954650878906250e+02
1.488014160156250000e+03,2.897202880859375000e+03,7.673278808593750000e+02,2.547514257812500000e+04,2.305624511718750000e+03,7.424263305664062500e+02,3.872351379394531250e+02,2.620737609863281250e+02,1.038119628906250000e+04,3.349034667968750000e+03,1.063026245117187500e+03,4.036906738281250000e+03,2.272284179687500000e+03,1.057817260742187500e+03,1.229807128906250000e+03,1.934620361328125000e+03,1.528172973632812500e+03,3.447345275878906250e+02,1.165894775390625000e+03,3.090130615234375000e+03,3.786117431640625000e+03,1.837850219726562500e+03,7.764914550781250000e+02,3.937850341796875000e+03,7.644926757812500000e+02,1.367281494140625000e+03,1.341303466796875000e+03,3.465119628906250000e+02,4.073693847656250000e+03,1.243092895507812500e+03,9.221139648437500000e+03,3.738807861328125000e+03,4.616773071289062500e+02,3.738158935546875000e+03,3.413588378906250000e+03,9.159654541015625000e+02,4.294632812500000000e+03,2.815208740234375000e+02,5.787092773437500000e+03,5.991313476562500000e+02,3.153043457031250000e+03,1.905396093750000000e+04,2.705612304687500000e+03,1.888578338623046875e+02,2.366109375000000000e+03,1.951235107421875000e+03,6.267083740234375000e+02,6.779503173828125000e+02,4.614516296386718750e+02
1.284419921875000000e+03,5.558717773437500000e+03,1.005013671875000000e+03,1.412828906250000000e+04,3.906437744140625000e+03,7.330706176757812500e+02,4.612652893066406250e+02,3.043439636230468750e+02,1.049854296875000000e+04,5.217985351562500000e+03,1.073271972656250000e+03,4.176278808593750000e+03,2.379029296875000000e+03,1.526196411132812500e+03,2.617988525390625000e+03,1.894557373046875000e+03,1.603167358398437500e+03,3.551082458496093750e+02,1.271797119140625000e+03,3.368305419921875000e+03,3.705916503906250000e+03,1.887259155273437500e+03,9.078640747070312500e+02,3.994672119140625000e+03,7.633331298828125000e+02,1.437173583984375000e+03,1.413167602539062500e+03,3.768796386718750000e+02,3.818810546875000000e+03,1.068232666015625000e+03,9.142013671875000000e+03,4.278368164062500000e+03,4.568358764648437500e+02,3.752519287109375000e+03,2.457058349609375000e+03,1.293303710937500000e+03,4.090610839843750000e+03,2.970902404785156250e+02,5.298677734375000000e+03,5.970703125000000000e+02,3.149253906250000000e+03,1.886989062500000000e+04,3.086733886718750000e+03,1.704074249267578125e+02,2.998044677734375000e+03,2.268839355468750000e+03,6.536977539062500000e+02,8.264652099609375000e+02,4.615502319335937500e+02
1.205770996093750000e+03,4.746043457031250000e+03,1.352892089843750000e+03,2.879054687500000000e+04,3.141723876953125000e+03,6.952335815429687500e+02,4.667672119140625000e+02,1.956062622070312500e+02,9.298903320312500000e+03,3.533132324218750000e+03,7.066426391601562500e+02,3.476011718750000000e+03,1.981164550781250000e+03,1.229316406250000000e+03,1.132390014648437500e+03,1.865443847656250000e+03,1.486589599609375000e+03,3.266843261718750000e+02,1.266614746093750000e+03,3.876475341796875000e+03,3.915084472656250000e+03,1.907744750976562500e+03,9.710144042968750000e+02,2.096007568359375000e+03,7.565036621093750000e+02,1.297622070312500000e+03,1.461360839843750000e+03,3.817698059082031250e+02,3.965328857421875000e+03,1.052282958984375000e+03,9.236107421875000000e+03,3.838757080078125000e+03,3.746488037109375000e+02,3.907227050781250000e+03,3.192713378906250000e+03,9.172967529296875000e+02,4.263789062500000000e+03,4.272942504882812500e+02,3.865560546875000000e+03,3.861280212402343750e+02,2.863470214843750000e+03,1.788044335937500000e+04,1.599184814453125000e+03,1.830710296630859375e+02,1.898302734375000000e+03,1.755202880859375000e+03,6.309625244140625000e+02,7.357536621093750000e+02,4.290636596679687500e+02
1.615782836914062500e+03,3.306163085937500000e+03,8.751114501953125000e+02,1.543802050781250000e+04,2.422764648437500000e+03,5.853300170898437500e+02,5.292125854492187500e+02,2.674270629882812500e+02,9.544150390625000000e+03,3.193274169921875000e+03,1.049325073242187500e+03,4.739052734375000000e+03,2.235244628906250000e+03,1.047784301757812500e+03,9.507696533203125000e+02,3.784206054687500000e+03,1.396374755859375000e+03,3.013515319824218750e+02,1.016676818847656250e+03,3.324053466796875000e+03,3.647213867187500000e+03,1.879010620117187500e+03,7.996944580078125000e+02,4.169212890625000000e+03,7.614859619140625000e+02,1.384265502929687500e+03,1.302867553710937500e+03,2.830164184570312500e+02,3.501048583984375000e+03,8.815599975585937500e+02,8.204649414062500000e+03,3.625785400390625000e+03,4.421521606445312500e+02,3.691205322265625000e+03,2.804236816406250000e+03,9.475508422851562500e+02,3.959193359375000000e+03,2.388791503906250000e+02,3.998128906250000000e+03,3.028166198730468750e+02,2.606904296875000000e+03,1.834781250000000000e+04,1.531391235351562500e+03,1.575744476318359375e+02,1.960009155273437500e+03,1.723172851562500000e+03,6.132380371093750000e+02,5.352302246093750000e+02,4.636573486328125000e+02
1.372717895507812500e+03,5.076324218750000000e+03,1.535423461914062500e+03,1.307562597656250000e+04,3.117916015625000000e+03,6.149478149414062500e+02,4.559866333007812500e+02,5.045563354492187500e+02,9.607253906250000000e+03,3.432446289062500000e+03,1.013156188964843750e+03,3.283082031250000000e+03,2.030386352539062500e+03,1.197931396484375000e+03,2.951867675781250000e+03,1.904279907226562500e+03,1.297357177734375000e+03,3.229647827148437500e+02,1.381598999023437500e+03,3.106816162109375000e+03,3.736003173828125000e+03,1.719115600585937500e+03,9.573837890625000000e+02,2.076816406250000000e+03,7.598125000000000000e+02,1.415016967773437500e+03,9.480662841796875000e+02,3.098088073730468750e+02,3.540300781250000000e+03,9.123932495117187500e+02,7.541316894531250000e+03,4.003813964843750000e+03,4.592183227539062500e+02,3.648919677734375000e+03,3.246267822265625000e+03,9.043270263671875000e+02,4.157950683593750000e+03,3.000396423339843750e+02,3.487826416015625000e+03,6.120529785156250000e+02,2.938992919921875000e+03,1.053947851562500000e+04,1.531262329101562500e+03,1.899806823730468750e+02,2.312542724609375000e+03,1.717129150390625000e+03,6.377783203125000000e+02,7.377232666015625000e+02,4.617573852539062500e+02
6.275002441406250000e+02,5.492612304687500000e+03,7.768977050781250000e+02,1.213774121093750000e+04,2.705946533203125000e+03,5.952011718750000000e+02,3.855244750976562500e+02,1.307518005371093750e+02,9.346720703125000000e+03,7.309823242187500000e+03,1.069336059570312500e+03,2.947719482421875000e+03,2.437742919921875000e+03,1.525674560546875000e+03,2.736320312500000000e+03,1.926350341796875000e+03,1.188806152343750000e+03,3.363941955566406250e+02,1.145000122070312500e+03,3.409920654296875000e+03,3.662905273437500000e+03,1.743071533203125000e+03,8.277196044921875000e+02,2.682412597656250000e+03,7.612434082031250000e+02,1.140082153320312500e+03,1.248382568359375000e+03,3.277512817382812500e+02,3.563234375000000000e+03,9.584579467773437500e+02,8.241129882812500000e+03,9.512826171875000000e+03,4.272864379882812500e+02,3.850376220703125000e+03,3.274845458984375000e+03,9.357269897460937500e+02,4.212227050781250000e+03,2.732825317382812500e+02,4.972181640625000000e+03,5.903818969726562500e+02,2.394895507812500000e+03,1.058415136718750000e+04,2.700889648437500000e+03,1.143111343383789062e+02,1.641335937500000000e+03,1.642213134765625000e+03,7.665675048828125000e+02,8.006013183593750000e+02,4.501680297851562500e+02
1.102022094726562500e+03,5.576208984375000000e+03,1.268315673828125000e+03,1.501818066406250000e+04,3.248703125000000000e+03,9.080277099609375000e+02,4.064375915527343750e+02,1.805617065429687500e+02,9.946972656250000000e+03,5.963453125000000000e+03,9.890229492187500000e+02,3.170099609375000000e+03,2.167112548828125000e+03,1.198508666992187500e+03,2.654889404296875000e+03,2.527434814453125000e+03,1.333358764648437500e+03,2.983540344238281250e+02,1.526444580078125000e+03,3.982604492187500000e+03,3.721066406250000000e+03,4.309193359375000000e+03,9.117138061523437500e+02,2.929591796875000000e+03,7.524661865234375000e+02,1.349230468750000000e+03,1.144817871093750000e+03,3.133267822265625000e+02,3.697753417968750000e+03,1.009666992187500000e+03,8.679269531250000000e+03,4.570208496093750000e+03,4.548143310546875000e+02,7.450129394531250000e+03,1.869506591796875000e+03,1.066762329101562500e+03,4.189151367187500000e+03,3.080707397460937500e+02,4.823662109375000000e+03,6.080302734375000000e+02,3.030938964843750000e+03,1.509891894531250000e+04,3.039533203125000000e+03,1.943877105712890625e+02,2.471856445312500000e+03,1.827154541015625000e+03,8.009503784179687500e+02,1.264844360351562500e+03,3.085620117187500000e+02
1.219979248046875000e+03,5.508613281250000000e+03,8.837692871093750000e+02,1.526897167968750000e+04,3.396216308593750000e+03,9.316137695312500000e+02,5.318101806640625000e+02,2.345442962646484375e+02,9.305126953125000000e+03,4.076854248046875000e+03,1.032912597656250000e+03,4.075382324218750000e+03,3.654838134765625000e+03,1.038170898437500000e+03,9.474631347656250000e+02,2.865903808593750000e+03,1.567600341796875000e+03,3.460050659179687500e+02,1.540623291015625000e+03,3.495732421875000000e+03,3.860709228515625000e+03,1.931199951171875000e+03,8.594708251953125000e+02,4.104262695312500000e+03,7.619936523437500000e+02,1.336493896484375000e+03,2.141185791015625000e+03,2.648562316894531250e+02,3.874551025390625000e+03,1.270303100585937500e+03,1.123307226562500000e+04,3.980732177734375000e+03,5.027562866210937500e+02,4.105006347656250000e+03,2.712363769531250000e+03,1.328223144531250000e+03,4.189140625000000000e+03,3.416334533691406250e+02,5.900085937500000000e+03,6.094471435546875000e+02,3.444527099609375000e+03,9.630200195312500000e+03,1.561119018554687500e+03,1.484721984863281250e+02,3.087690185546875000e+03,2.508651367187500000e+03,6.903314208984375000e+02,6.240393066406250000e+02,4.611458740234375000e+02
1.411973144531250000e+03,5.605062500000000000e+03,8.764343261718750000e+02,1.352923144531250000e+04,3.190924316406250000e+03,1.086006225585937500e+03,5.238311157226562500e+02,2.215427093505859375e+02,1.021557910156250000e+04,6.775276367187500000e+03,1.062795410156250000e+03,3.786347167968750000e+03,2.962516601562500000e+03,1.521054809570312500e+03,1.927428833007812500e+03,1.975689208984375000e+03,1.614168945312500000e+03,3.630879821777343750e+02,1.708467285156250000e+03,3.957840332031250000e+03,3.750699218750000000e+03,1.883494506835937500e+03,9.396918334960937500e+02,4.269566406250000000e+03,7.622500000000000000e+02,1.431370483398437500e+03,2.328791992187500000e+03,2.555646972656250000e+02,3.811881103515625000e+03,1.089204345703125000e+03,1.183990234375000000e+04,5.827097656250000000e+03,4.640910644531250000e+02,4.228297363281250000e+03,2.930887207031250000e+03,1.782769775390625000e+03,4.617000000000000000e+03,3.463754272460937500e+02,5.422276367187500000e+03,5.883750000000000000e+02,3.499616210937500000e+03,1.009759179687500000e+04,3.091185546875000000e+03,1.261616592407226562e+02,3.596776367187500000e+03,3.420033935546875000e+03,7.430356445312500000e+02,7.867177734375000000e+02,4.613388671875000000e+02
1.014209411621093750e+03,5.236326171875000000e+03,1.007682617187500000e+03,3.070649804687500000e+04,2.951789794921875000e+03,1.218696411132812500e+03,4.770881652832031250e+02,2.990387573242187500e+02,9.759764648437500000e+03,3.535465576171875000e+03,1.034666381835937500e+03,3.281404296875000000e+03,2.919009277343750000e+03,1.302946166992187500e+03,1.028683349609375000e+03,1.935522827148437500e+03,1.512801879882812500e+03,3.598021850585937500e+02,2.122950195312500000e+03,4.841116210937500000e+03,3.981885009765625000e+03,2.029546020507812500e+03,9.423518066406250000e+02,2.365280761718750000e+03,7.593172607421875000e+02,1.292474609375000000e+03,1.796124389648437500e+03,2.474362182617187500e+02,4.357256835937500000e+03,7.546823120117187500e+02,1.106717675781250000e+04,4.156119140625000000e+03,4.367997436523437500e+02,5.050223144531250000e+03,3.305401855468750000e+03,1.457752197265625000e+03,4.251075683593750000e+03,4.847828063964843750e+02,4.928902343750000000e+03,5.632719116210937500e+02,3.181605224609375000e+03,1.505598339843750000e+04,2.875234619140625000e+03,1.344428710937500000e+02,2.125359130859375000e+03,2.263774902343750000e+03,6.859988403320312500e+02,8.825847167968750000e+02,3.390957946777343750e+02
9.243834228515625000e+02,4.352687988281250000e+03,7.514454345703125000e+02,1.309809375000000000e+04,2.619314453125000000e+03,8.527706298828125000e+02,5.949420776367187500e+02,1.483266906738281250e+02,9.059357421875000000e+03,3.211677246093750000e+03,1.050810913085937500e+03,4.084530761718750000e+03,3.167319335937500000e+03,9.967216186523437500e+02,9.145011596679687500e+02,4.219225585937500000e+03,1.390965454101562500e+03,3.175777587890625000e+02,1.421595581054687500e+03,4.087398681640625000e+03,3.701316894531250000e+03,1.888546875000000000e+03,8.662561035156250000e+02,4.235398925781250000e+03,7.610993652343750000e+02,1.389675781250000000e+03,2.287695800781250000e+03,2.297073669433593750e+02,3.837621093750000000e+03,8.265488891601562500e+02,1.087440234375000000e+04,3.701082275390625000e+03,5.095181274414062500e+02,3.827674072265625000e+03,1.079408081054687500e+03,1.344875732421875000e+03,4.095902832031250000e+03,3.321830444335937500e+02,4.298066894531250000e+03,4.013142089843750000e+02,2.863795654296875000e+03,9.850296875000000000e+03,1.439752563476562500e+03,1.293612365722656250e+02,2.308251464843750000e+03,1.941583984375000000e+03,6.370626220703125000e+02,5.451464843750000000e+02,4.636666259765625000e+02
1.250360351562500000e+03,4.878249511718750000e+03,9.351613769531250000e+02,1.757691015625000000e+04,2.631474365234375000e+03,6.884341430664062500e+02,4.219061584472656250e+02,1.370323944091796875e+02,1.041714648437500000e+04,3.412818847656250000e+03,8.997062988281250000e+02,3.641619140625000000e+03,2.760830810546875000e+03,1.163130249023437500e+03,2.808410400390625000e+03,2.220882812500000000e+03,1.483635742187500000e+03,3.505596923828125000e+02,2.263302978515625000e+03,3.333458984375000000e+03,3.821700439453125000e+03,1.830706176757812500e+03,9.411821899414062500e+02,2.238031494140625000e+03,7.580828857421875000e+02,1.433415039062500000e+03,2.331223632812500000e+03,2.593529052734375000e+02,3.717565917968750000e+03,6.745549926757812500e+02,1.046778515625000000e+04,4.481460449218750000e+03,5.512750854492187500e+02,3.699328369140625000e+03,1.578513793945312500e+03,1.838947998046875000e+03,4.684231445312500000e+03,3.631967773437500000e+02,5.355231445312500000e+03,6.103305053710937500e+02,3.021843750000000000e+03,9.634875000000000000e+03,1.328208374023437500e+03,1.289128112792968750e+02,2.235457031250000000e+03,1.751669921875000000e+03,7.174539794921875000e+02,7.671370849609375000e+02,4.597717895507812500e+02
5.430217285156250000e+02,5.353281250000000000e+03,7.245640869140625000e+02,1.222099023437500000e+04,2.185520019531250000e+03,6.611085205078125000e+02,3.725762634277343750e+02,1.304331665039062500e+02,9.362334960937500000e+03,7.240379394531250000e+03,1.023013732910156250e+03,2.708731933593750000e+03,3.278092773437500000e+03,1.174654907226562500e+03,2.703294921875000000e+03,2.464867431640625000e+03,1.325571899414062500e+03,3.072513427734375000e+02,1.184120849609375000e+03,4.196584960937500000e+03,3.713792724609375000e+03,1.796505371093750000e+03,8.561840209960937500e+02,2.685591552734375000e+03,7.593559570312500000e+02,1.242727539062500000e+03,2.341718017578125000e+03,2.277369079589843750e+02,3.814033935546875000e+03,4.676073303222656250e+02,9.327876953125000000e+03,9.516371093750000000e+03,5.107941284179687500e+02,5.061417968750000000e+03,9.568504638671875000e+02,1.389938598632812500e+03,4.759254394531250000e+03,2.910365905761718750e+02,5.761379394531250000e+03,5.923800659179687500e+02,2.558321777343750000e+03,9.510839843750000000e+03,2.765020996093750000e+03,1.158317489624023438e+02,1.520713256835937500e+03,1.268007934570312500e+03,8.974661254882812500e+02,7.766623535156250000e+02,4.348854064941406250e+02
1.040759643554687500e+03,5.107437500000000000e+03,8.811745605468750000e+02,1.269436914062500000e+04,2.729850830078125000e+03,8.281245117187500000e+02,5.050611877441406250e+02,1.670170898437500000e+02,9.855132812500000000e+03,3.584475830078125000e+03,1.014695922851562500e+03,3.058013671875000000e+03,2.794559326171875000e+03,1.030616088867187500e+03,1.328459106445312500e+03,3.317748535156250000e+03,1.512718139648437500e+03,3.082626342773437500e+02,1.328513671875000000e+03,4.114491210937500000e+03,3.753648193359375000e+03,4.184593261718750000e+03,9.359544067382812500e+02,4.159344726562500000e+03,7.552333984375000000e+02,1.230233154296875000e+03,2.326272949218750000e+03,2.530931396484375000e+02,4.194419433593750000e+03,5.879205932617187500e+02,8.960896484375000000e+03,3.930182128906250000e+03,5.220361328125000000e+02,7.473366210937500000e+03,1.477840209960937500e+03,1.229766845703125000e+03,4.521232910156250000e+03,3.661415405273437500e+02,3.859479492187500000e+03,6.046237792968750000e+02,2.819725341796875000e+03,9.658531250000000000e+03,2.110056640625000000e+03,1.317637023925781250e+02,2.210745605468750000e+03,1.604687622070312500e+03,8.222006225585937500e+02,1.163282348632812500e+03,3.123458862304687500e+02
8.984519042968750000e+02,4.138117187500000000e+03,6.956293334960937500e+02,1.377882910156250000e+04,2.537001708984375000e+03,8.392524414062500000e+02,4.403748168945312500e+02,1.665649719238281250e+02,9.874002929687500000e+03,3.257039062500000000e+03,1.005365844726562500e+03,3.229254882812500000e+03,3.739966308593750000e+03,9.047586669921875000e+02,8.423784179687500000e+02,3.337666992187500000e+03,1.393607788085937500e+03,3.600894165039062500e+02,1.342438476562500000e+03,3.532640136718750000e+03,3.874552490234375000e+03,1.784962646484375000e+03,8.732390136718750000e+02,4.169678710937500000e+03,7.629702148437500000e+02,1.001019348144531250e+03,9.119292602539062500e+02,2.705687561035156250e+02,3.885143310546875000e+03,6.236947021484375000e+02,1.137305664062500000e+04,3.636909423828125000e+03,4.065912780761718750e+02,4.178589843750000000e+03,1.534918823242187500e+03,1.040924804687500000e+03,4.334434570312500000e+03,3.293178405761718750e+02,4.848719238281250000e+03,2.419520568847656250e+02,2.851306152343750000e+03,9.900187500000000000e+03,1.365228149414062500e+03,1.479523620605468750e+02,2.201625976562500000e+03,1.887717285156250000e+03,7.698781127929687500e+02,6.974328613281250000e+02,4.612769470214843750e+02
1.605073120117187500e+03,5.594442871093750000e+03,6.346085815429687500e+02,1.277284472656250000e+04,2.585445800781250000e+03,7.726602172851562500e+02,4.480102233886718750e+02,2.183225097656250000e+02,9.567420898437500000e+03,5.604062011718750000e+03,1.051675292968750000e+03,3.495326416015625000e+03,2.972877197265625000e+03,1.083423706054687500e+03,1.145249145507812500e+03,2.509382812500000000e+03,1.612306640625000000e+03,3.767237243652343750e+02,1.468477416992187500e+03,3.905349609375000000e+03,3.850914306640625000e+03,1.888354858398437500e+03,1.047576904296875000e+03,4.276625976562500000e+03,7.628830566406250000e+02,1.269837402343750000e+03,2.302961425781250000e+03,2.769094238281250000e+02,3.661560546875000000e+03,6.538947753906250000e+02,1.015886230468750000e+04,4.269587402343750000e+03,4.655037841796875000e+02,4.072145263671875000e+03,1.094475097656250000e+03,1.582680664062500000e+03,4.067962890625000000e+03,3.804406433105468750e+02,4.311272460937500000e+03,6.068572998046875000e+02,2.947320800781250000e+03,9.999549804687500000e+03,3.052118896484375000e+03,1.544899902343750000e+02,2.865284179687500000e+03,2.058110107421875000e+03,7.885737304687500000e+02,7.810666503906250000e+02,4.619370727539062500e+02
1.522978881835937500e+03,4.703533203125000000e+03,8.449392089843750000e+02,3.051312304687500000e+04,2.767398437500000000e+03,9.984998779296875000e+02,4.246542053222656250e+02,2.614527282714843750e+02,9.511541992187500000e+03,3.337114013671875000e+03,1.028109375000000000e+03,2.955411376953125000e+03,2.903144042968750000e+03,1.121482177734375000e+03,9.033309936523437500e+02,1.912680175781250000e+03,1.582237304687500000e+03,3.750719604492187500e+02,1.778300415039062500e+03,4.736650390625000000e+03,4.052548828125000000e+03,1.881291381835937500e+03,1.053237670898437500e+03,2.189259521484375000e+03,7.533945312500000000e+02,1.313504028320312500e+03,9.566276855468750000e+02,3.389434204101562500e+02,4.175170410156250000e+03,6.176390380859375000e+02,1.130932812500000000e+04,3.763391601562500000e+03,3.865516967773437500e+02,4.279516113281250000e+03,2.176183105468750000e+03,1.168339233398437500e+03,4.378446777343750000e+03,4.516266174316406250e+02,3.874520996093750000e+03,2.395630035400390625e+02,2.961333984375000000e+03,9.854712890625000000e+03,1.534217163085937500e+03,1.817655029296875000e+02,2.078176025390625000e+03,1.767935546875000000e+03,6.975683593750000000e+02,1.010987548828125000e+03,3.475650024414062500e+02
1.253040161132812500e+03,3.786617675781250000e+03,8.148381347656250000e+02,1.299366406250000000e+04,2.647698486328125000e+03,7.707879028320312500e+02,4.015491638183593750e+02,1.658495330810546875e+02,9.107511718750000000e+03,3.251785400390625000e+03,1.041016113281250000e+03,2.794124511718750000e+03,3.482187011718750000e+03,9.546804199218750000e+02,9.113579101562500000e+02,4.223628906250000000e+03,1.272775146484375000e+03,3.497359924316406250e+02,1.261348632812500000e+03,3.785767578125000000e+03,3.714109863281250000e+03,1.854748046875000000e+03,9.052158813476562500e+02,4.257318359375000000e+03,7.613214721679687500e+02,1.248154663085937500e+03,1.929069824218750000e+03,2.861642456054687500e+02,3.617489990234375000e+03,5.868937377929687500e+02,9.343301757812500000e+03,3.613872558593750000e+03,4.248665466308593750e+02,3.974765136718750000e+03,1.445042846679687500e+03,1.013148010253906250e+03,4.351761718750000000e+03,2.746752624511718750e+02,3.734459960937500000e+03,3.005939941406250000e+02,2.608102050781250000e+03,9.780541992187500000e+03,1.504762939453125000e+03,1.309330139160156250e+02,2.020666748046875000e+03,1.811853759765625000e+03,6.535217895507812500e+02,5.461888427734375000e+02,4.638009338378906250e+02
1.405428466796875000e+03,4.212712890625000000e+03,7.017050781250000000e+02,2.403105078125000000e+04,2.413030273437500000e+03,5.181513671875000000e+02,4.408193054199218750e+02,1.968520812988281250e+02,8.784637695312500000e+03,3.215282470703125000e+03,9.496762695312500000e+02,2.751072753906250000e+03,2.408801025390625000e+03,8.371145629882812500e+02,8.513155517578125000e+02,2.020682006835937500e+03,1.328389648437500000e+03,3.322234497070312500e+02,2.663758789062500000e+03,3.153791259765625000e+03,3.774191406250000000e+03,1.713894042968750000e+03,9.531546020507812500e+02,2.057385498046875000e+03,7.588732910156250000e+02,7.279141235351562500e+02,8.438970947265625000e+02,3.243502197265625000e+02,3.521783935546875000e+03,6.571622924804687500e+02,9.966946289062500000e+03,3.564597656250000000e+03,3.154381713867187500e+02,3.676745117187500000e+03,1.183380981445312500e+03,8.098107910156250000e+02,3.948027832031250000e+03,3.180524597167968750e+02,3.352027343750000000e+03,2.794536132812500000e+02,2.665010009765625000e+03,9.935705078125000000e+03,1.909524658203125000e+03,2.239415588378906250e+02,1.773914062500000000e+03,1.788425537109375000e+03,6.897972412109375000e+02,7.282193603515625000e+02,4.602081298828125000e+02
1.531250488281250000e+03,5.359129882812500000e+03,5.848377075195312500e+02,1.226710351562500000e+04,1.894588500976562500e+03,4.993187866210937500e+02,3.676812744140625000e+02,1.561635131835937500e+02,9.008057617187500000e+03,7.328265625000000000e+03,1.035690917968750000e+03,2.123101318359375000e+03,2.626197021484375000e+03,1.065636108398437500e+03,1.534985839843750000e+03,2.062627197265625000e+03,1.167029541015625000e+03,2.824374694824218750e+02,1.234620849609375000e+03,3.364581298828125000e+03,3.697186767578125000e+03,1.773999023437500000e+03,1.066191284179687500e+03,2.685814453125000000e+03,7.602502441406250000e+02,1.136221557617187500e+03,1.211033691406250000e+03,3.979061279296875000e+02,3.594864746093750000e+03,4.309940185546875000e+02,1.122582617187500000e+04,7.519873535156250000e+03,4.309790039062500000e+02,4.130488769531250000e+03,1.328807983398437500e+03,7.960207519531250000e+02,7.408674316406250000e+03,2.765505676269531250e+02,5.665546875000000000e+03,5.038748779296875000e+02,2.636799804687500000e+03,9.396580078125000000e+03,2.058123535156250000e+03,1.314610290527343750e+02,1.434841796875000000e+03,9.605351562500000000e+02,8.174946289062500000e+02,8.706689453125000000e+02,4.493859863281250000e+02
2.386387939453125000e+03,5.398063476562500000e+03,8.672644042968750000e+02,1.190754101562500000e+04,2.135119873046875000e+03,6.055982055664062500e+02,5.678298339843750000e+02,1.163411407470703125e+02,9.021912109375000000e+03,3.628627441406250000e+03,1.018224609375000000e+03,2.286004882812500000e+03,2.619470458984375000e+03,1.091878906250000000e+03,8.483844604492187500e+02,4.032090332031250000e+03,1.393085327148437500e+03,3.037965698242187500e+02,1.428678955078125000e+03,3.886716064453125000e+03,3.609747558593750000e+03,4.457192382812500000e+03,1.088662719726562500e+03,3.751880371093750000e+03,7.579342041015625000e+02,7.445148315429687500e+02,1.163309448242187500e+03,3.999115600585937500e+02,3.555957763671875000e+03,5.537611083984375000e+02,8.318013671875000000e+03,3.856297607421875000e+03,4.598107299804687500e+02,7.456330566406250000e+03,7.379641113281250000e+02,8.478417968750000000e+02,4.144665039062500000e+03,2.873031921386718750e+02,4.933357910156250000e+03,3.080295410156250000e+02,2.906750000000000000e+03,9.505299804687500000e+03,1.521834594726562500e+03,2.433852996826171875e+02,1.877613281250000000e+03,1.589348388671875000e+03,8.464069824218750000e+02,1.540066162109375000e+03,2.707960815429687500e+02
1.564854492187500000e+03,3.683622558593750000e+03,8.855327148437500000e+02,1.237280175781250000e+04,2.401723876953125000e+03,6.518796386718750000e+02,4.430662536621093750e+02,1.658977508544921875e+02,9.060796875000000000e+03,3.187113281250000000e+03,1.005988891601562500e+03,2.480295166015625000e+03,3.324347900390625000e+03,8.835200195312500000e+02,8.311041259765625000e+02,2.291773681640625000e+03,1.268134277343750000e+03,3.388223876953125000e+02,1.289702148437500000e+03,3.303927246093750000e+03,3.640298583984375000e+03,1.852381347656250000e+03,1.042495361328125000e+03,3.730349853515625000e+03,7.629559326171875000e+02,8.980844116210937500e+02,1.104608886718750000e+03,2.822767333984375000e+02,3.496622070312500000e+03,6.059755859375000000e+02,1.097828906250000000e+04,3.626959716796875000e+03,5.118478393554687500e+02,3.927335449218750000e+03,8.922048950195312500e+02,7.958743896484375000e+02,3.950955810546875000e+03,2.821175231933593750e+02,5.230979492187500000e+03,2.958981628417968750e+02,2.855515380859375000e+03,9.659658203125000000e+03,1.818535156250000000e+03,1.558856048583984375e+02,1.925893798828125000e+03,1.341647216796875000e+03,7.257840576171875000e+02,6.649222412109375000e+02,4.609190368652343750e+02
1.553853515625000000e+03,5.569216796875000000e+03,7.337700195312500000e+02,1.271211328125000000e+04,2.646213378906250000e+03,5.265238647460937500e+02,3.872490844726562500e+02,1.665034942626953125e+02,9.224349609375000000e+03,3.337278808593750000e+03,1.051149169921875000e+03,2.583171386718750000e+03,2.788459716796875000e+03,8.298167114257812500e+02,8.468298950195312500e+02,2.184622558593750000e+03,1.488765625000000000e+03,3.534253845214843750e+02,1.258205932617187500e+03,3.585098144531250000e+03,3.709755859375000000e+03,1.838406005859375000e+03,1.110086059570312500e+03,2.666343994140625000e+03,7.628288574218750000e+02,8.595631103515625000e+02,1.140240356445312500e+03,2.457231140136718750e+02,3.399231445312500000e+03,6.419954833984375000e+02,9.721702148437500000e+03,3.721829101562500000e+03,3.541211242675781250e+02,3.811077148437500000e+03,8.349487915039062500e+02,9.540338745117187500e+02,4.029226318359375000e+03,3.457585144042968750e+02,4.782861328125000000e+03,2.989434509277343750e+02,2.774482910156250000e+03,9.509998046875000000e+03,2.653130371093750000e+03,1.284714050292968750e+02,2.134793945312500000e+03,1.347087402343750000e+03,7.271253051757812500e+02,7.842403564453125000e+02,4.611699218750000000e+02
1.551134399414062500e+03,3.944308105468750000e+03,8.957397460937500000e+02,2.353105859375000000e+04,2.571719482421875000e+03,5.540443725585937500e+02,4.121107482910156250e+02,1.613865356445312500e+02,8.937723632812500000e+03,3.227678710937500000e+03,1.015357299804687500e+03,2.640719726562500000e+03,2.866574951171875000e+03,9.046757812500000000e+02,8.641276245117187500e+02,1.898484741210937500e+03,1.481884765625000000e+03,3.484153137207031250e+02,1.731362304687500000e+03,4.091618164062500000e+03,3.876423828125000000e+03,1.931988891601562500e+03,1.095258056640625000e+03,2.223476318359375000e+03,7.588836669921875000e+02,8.760715332031250000e+02,1.213762695312500000e+03,2.634192810058593750e+02,3.751736572265625000e+03,6.071370239257812500e+02,9.661941406250000000e+03,3.692285156250000000e+03,5.079167175292968750e+02,4.013118164062500000e+03,9.125916137695312500e+02,8.031573486328125000e+02,4.062263671875000000e+03,4.349308166503906250e+02,4.804961914062500000e+03,3.423300476074218750e+02,2.854850830078125000e+03,9.696673828125000000e+03,1.641957519531250000e+03,1.402673950195312500e+02,1.754311523437500000e+03,1.276565307617187500e+03,6.774609375000000000e+02,9.776242675781250000e+02,2.980780334472656250e+02
1.540935913085937500e+03,3.424086914062500000e+03,9.762178955078125000e+02,1.212719335937500000e+04,2.502885009765625000e+03,5.799384765625000000e+02,4.204275207519531250e+02,1.836253967285156250e+02,8.956946289062500000e+03,3.255290771484375000e+03,1.019272949218750000e+03,2.683983398437500000e+03,3.258257324218750000e+03,1.408352661132812500e+03,8.356535644531250000e+02,4.200644042968750000e+03,1.211306884765625000e+03,3.101596069335937500e+02,1.140977050781250000e+03,3.345716064453125000e+03,3.610550781250000000e+03,1.835564819335937500e+03,1.051839111328125000e+03,4.224047363281250000e+03,7.614013671875000000e+02,7.002560424804687500e+02,1.402938232421875000e+03,2.236221618652343750e+02,3.191818359375000000e+03,6.474196166992187500e+02,8.625334960937500000e+03,3.635645996093750000e+03,4.010147399902343750e+02,3.729235351562500000e+03,9.028051757812500000e+02,8.933123779296875000e+02,4.059554443359375000e+03,3.085389709472656250e+02,5.114573242187500000e+03,2.932969970703125000e+02,2.920439453125000000e+03,9.527119140625000000e+03,1.661964111328125000e+03,1.328999786376953125e+02,1.621705078125000000e+03,1.265113525390625000e+03,6.175614013671875000e+02,6.000948486328125000e+02,4.617345275878906250e+02
1.528785644531250000e+03,4.066287597656250000e+03,9.346672363281250000e+02,1.436583496093750000e+04,2.220602783203125000e+03,4.702015380859375000e+02,3.917778015136718750e+02,1.458772888183593750e+02,8.866800781250000000e+03,3.258145019531250000e+03,9.549083251953125000e+02,2.207036132812500000e+03,2.405086914062500000e+03,8.284830322265625000e+02,8.899880981445312500e+02,2.034270263671875000e+03,1.217043701171875000e+03,2.750526733398437500e+02,1.297704101562500000e+03,3.042495361328125000e+03,3.628222900390625000e+03,1.791505981445312500e+03,1.036280883789062500e+03,2.210943603515625000e+03,7.587878417968750000e+02,1.025451171875000000e+03,8.986133422851562500e+02,2.026602783203125000e+02,3.282438476562500000e+03,6.609047241210937500e+02,7.218766113281250000e+03,3.800248535156250000e+03,5.212189941406250000e+02,3.669258056640625000e+03,1.727373291015625000e+03,7.162451782226562500e+02,3.964562255859375000e+03,2.542899780273437500e+02,5.067704101562500000e+03,5.559008178710937500e+02,2.694562011718750000e+03,9.523907226562500000e+03,1.662518066406250000e+03,1.193871459960937500e+02,1.703101562500000000e+03,8.342800292968750000e+02,6.405180664062500000e+02,6.601853027343750000e+02,4.564154663085937500e+02
1.531756103515625000e+03,5.342684570312500000e+03,6.624516601562500000e+02,1.175278613281250000e+04,1.781968505859375000e+03,4.241072387695312500e+02,3.679990234375000000e+02,1.138054199218750000e+02,8.737465820312500000e+03,7.159119140625000000e+03,1.031125976562500000e+03,1.915970703125000000e+03,3.599364013671875000e+03,1.286504028320312500e+03,2.414642089843750000e+03,2.090042968750000000e+03,1.187610229492187500e+03,2.745732421875000000e+02,1.085847900390625000e+03,3.320822753906250000e+03,3.523257080078125000e+03,1.780720092773437500e+03,1.080485595703125000e+03,3.277948242187500000e+03,7.556304931640625000e+02,8.037064819335937500e+02,7.788752441406250000e+02,2.219790649414062500e+02,3.285445556640625000e+03,4.039192810058593750e+02,7.472812500000000000e+03,9.476517578125000000e+03,3.549336853027343750e+02,3.809318359375000000e+03,1.015332641601562500e+03,8.068287353515625000e+02,4.063700927734375000e+03,2.990469970703125000e+02,5.551943359375000000e+03,3.925657653808593750e+02,2.463505615234375000e+03,9.152115234375000000e+03,1.532509887695312500e+03,1.121936264038085938e+02,1.237823486328125000e+03,7.724833984375000000e+02,8.095709228515625000e+02,8.539218750000000000e+02,4.286860961914062500e+02
3.219610107421875000e+03,4.959568847656250000e+03,1.069785400390625000e+03,1.118979101562500000e+04,2.147842529296875000e+03,5.131408691406250000e+02,5.119969177246093750e+02,1.524159240722656250e+02,9.019078125000000000e+03,3.286621337890625000e+03,1.009646850585937500e+03,2.964462646484375000e+03,3.007701904296875000e+03,1.062081787109375000e+03,8.817556152343750000e+02,3.350507812500000000e+03,1.273183593750000000e+03,2.691861572265625000e+02,1.170206054687500000e+03,3.444674316406250000e+03,3.578706787109375000e+03,4.245862304687500000e+03,1.090312133789062500e+03,2.413432128906250000e+03,7.540122680664062500e+02,9.197304077148437500e+02,9.831513061523437500e+02,2.009826965332031250e+02,3.191935791015625000e+03,5.123963623046875000e+02,7.721087890625000000e+03,3.880815429687500000e+03,4.428032531738281250e+02,7.447626464843750000e+03,9.721172485351562500e+02,7.504985351562500000e+02,3.575939453125000000e+03,3.578570251464843750e+02,4.514428710937500000e+03,5.726062011718750000e+02,2.821760986328125000e+03,9.342124023437500000e+03,2.620415039062500000e+03,1.228767242431640625e+02,1.755677612304687500e+03,9.221586914062500000e+02,7.491856079101562500e+02,1.602117431640625000e+03,2.877613525390625000e+02
1.584418579101562500e+03,3.269989257812500000e+03,7.929306640625000000e+02,1.230954980468750000e+04,2.361189697265625000e+03,6.066412353515625000e+02,4.929845581054687500e+02,1.213237457275390625e+02,9.093623046875000000e+03,3.219576660156250000e+03,9.553315429687500000e+02,2.143897949218750000e+03,3.859809570312500000e+03,9.036163330078125000e+02,8.388352050781250000e+02,2.710870117187500000e+03,1.175156982421875000e+03,3.162891845703125000e+02,1.277140747070312500e+03,3.202676757812500000e+03,3.722965820312500000e+03,1.824396240234375000e+03,1.058724853515625000e+03,3.417156494140625000e+03,7.605251464843750000e+02,6.072606811523437500e+02,8.891797485351562500e+02,2.118915405273437500e+02,3.184946777343750000e+03,5.945539550781250000e+02,8.569485351562500000e+03,3.680073242187500000e+03,5.036203613281250000e+02,3.939006591796875000e+03,9.566662597656250000e+02,7.225128784179687500e+02,3.904133789062500000e+03,3.946260986328125000e+02,5.878000976562500000e+03,2.593486328125000000e+02,3.076445068359375000e+03,9.643315429687500000e+03,1.592922851562500000e+03,1.247671661376953125e+02,1.736976928710937500e+03,1.171586425781250000e+03,6.948417358398437500e+02,8.397347412109375000e+02,4.602335510253906250e+02
1.565769775390625000e+03,5.523705566406250000e+03,8.059086303710937500e+02,1.295953125000000000e+04,2.384108886718750000e+03,5.833566284179687500e+02,3.997626342773437500e+02,1.505403137207031250e+02,9.788797851562500000e+03,3.392612548828125000e+03,1.032372314453125000e+03,2.642915527343750000e+03,2.565666992187500000e+03,1.537809570312500000e+03,8.877995605468750000e+02,2.035844116210937500e+03,1.494156250000000000e+03,3.261849060058593750e+02,1.368282958984375000e+03,3.416895263671875000e+03,3.807974853515625000e+03,1.853773681640625000e+03,1.123025878906250000e+03,3.543583496093750000e+03,7.625911254882812500e+02,9.686397705078125000e+02,1.044778930664062500e+03,2.016667785644531250e+02,3.339753906250000000e+03,6.487613525390625000e+02,1.028520312500000000e+04,3.926174804687500000e+03,4.624246215820312500e+02,3.739260498046875000e+03,1.535391845703125000e+03,9.668673706054687500e+02,3.956517822265625000e+03,4.947061767578125000e+02,4.601674804687500000e+03,6.018499755859375000e+02,3.221858398437500000e+03,9.674558593750000000e+03,2.700376464843750000e+03,1.290253295898437500e+02,2.189765869140625000e+03,1.087056152343750000e+03,6.873753662109375000e+02,7.341247558593750000e+02,4.602502441406250000e+02
1.566273803710937500e+03,3.445592529296875000e+03,8.793962402343750000e+02,1.667375000000000000e+04,2.239645263671875000e+03,5.211727905273437500e+02,4.007390747070312500e+02,2.400331726074218750e+02,9.065513671875000000e+03,3.241989746093750000e+03,1.008512878417968750e+03,1.494035156250000000e+03,2.718629638671875000e+03,1.153112304687500000e+03,8.799411010742187500e+02,1.901832397460937500e+03,1.386408691406250000e+03,3.117497253417968750e+02,1.441155029296875000e+03,3.762976806640625000e+03,3.801378662109375000e+03,1.850745117187500000e+03,1.097147460937500000e+03,2.499590576171875000e+03,7.318099365234375000e+02,1.038878906250000000e+03,1.047085937500000000e+03,2.135130920410156250e+02,3.649851562500000000e+03,5.916428222656250000e+02,7.619260742187500000e+03,3.724854492187500000e+03,3.307684936523437500e+02,3.860348876953125000e+03,2.547600585937500000e+03,7.333799438476562500e+02,4.025323730468750000e+03,4.803840942382812500e+02,3.064808349609375000e+03,2.596589050292968750e+02,2.996331298828125000e+03,9.659687500000000000e+03,1.565004882812500000e+03,1.336506652832031250e+02,1.542198242187500000e+03,8.945632324218750000e+02,6.559539794921875000e+02,8.740877685546875000e+02,3.034771728515625000e+02
1.548249023437500000e+03,3.003652587890625000e+03,9.387622070312500000e+02,1.202567675781250000e+04,2.224966064453125000e+03,5.098065185546875000e+02,4.566880798339843750e+02,1.236268997192382812e+02,9.063544921875000000e+03,3.176144775390625000e+03,1.015497680664062500e+03,1.766690185546875000e+03,3.121961914062500000e+03,9.113613281250000000e+02,8.541381225585937500e+02,4.181894531250000000e+03,1.146296630859375000e+03,2.645528564453125000e+02,9.866956787109375000e+02,3.203046386718750000e+03,3.534148193359375000e+03,1.815696533203125000e+03,1.074211669921875000e+03,4.195325683593750000e+03,7.606250610351562500e+02,1.019390502929687500e+03,9.799844360351562500e+02,2.040228271484375000e+02,2.984307861328125000e+03,5.857031860351562500e+02,7.051381835937500000e+03,3.639725097656250000e+03,3.606173706054687500e+02,3.658532470703125000e+03,1.180721679687500000e+03,7.708743896484375000e+02,3.913989257812500000e+03,3.985867004394531250e+02,4.174434082031250000e+03,2.436383056640625000e+02,2.791388183593750000e+03,9.471991210937500000e+03,1.426166381835937500e+03,1.197248687744140625e+02,1.557062255859375000e+03,1.134690795898437500e+03,5.748281860351562500e+02,6.103452148437500000e+02,4.619995117187500000e+02
1.542589355468750000e+03,3.028392089843750000e+03,1.047504150390625000e+03,1.176412792968750000e+04,2.197932128906250000e+03,4.635162963867187500e+02,4.272716979980468750e+02,2.044878692626953125e+02,8.823129882812500000e+03,3.198067138671875000e+03,8.914621582031250000e+02,4.736010742187500000e+03,2.509354980468750000e+03,1.014378356933593750e+03,8.455380859375000000e+02,2.065756103515625000e+03,1.180432617187500000e+03,2.583100585937500000e+02,9.653777465820312500e+02,2.980041503906250000e+03,3.712125488281250000e+03,1.756824707031250000e+03,1.069558349609375000e+03,2.828557128906250000e+03,7.574737548828125000e+02,7.431052246093750000e+02,7.734278564453125000e+02,1.878952331542968750e+02,3.163462402343750000e+03,6.621811523437500000e+02,6.434663085937500000e+03,3.658320312500000000e+03,4.205738525390625000e+02,3.640415771484375000e+03,1.475619140625000000e+03,7.178359375000000000e+02,4.089761474609375000e+03,2.650358276367187500e+02,3.968426269531250000e+03,2.861267395019531250e+02,2.860398925781250000e+03,9.508709960937500000e+03,1.549681152343750000e+03,1.149362716674804688e+02,1.591755493164062500e+03,1.353463500976562500e+03,6.348831176757812500e+02,7.780594482421875000e+02,4.541152343750000000e+02
1.530953979492187500e+03,5.237522949218750000e+03,8.314957885742187500e+02,1.059481738281250000e+04,1.721564208984375000e+03,4.124959716796875000e+02,3.431740112304687500e+02,9.752003479003906250e+01,8.834075195312500000e+03,7.192475097656250000e+03,9.950750732421875000e+02,7.043702148437500000e+03,2.432907226562500000e+03,1.547625732421875000e+03,2.646333007812500000e+03,1.963135498046875000e+03,1.086355957031250000e+03,2.859288940429687500e+02,8.103781127929687500e+02,3.190421630859375000e+03,3.536595214843750000e+03,1.782385498046875000e+03,1.082016357421875000e+03,3.199207275390625000e+03,6.661303710937500000e+02,8.286817626953125000e+02,6.489649658203125000e+02,2.142655944824218750e+02,3.222773681640625000e+03,3.854436340332031250e+02,7.224488769531250000e+03,9.126055664062500000e+03,3.257095336914062500e+02,3.637192871093750000e+03,2.572230712890625000e+03,6.723170166015625000e+02,4.189114746093750000e+03,4.237298583984375000e+02,5.460648437500000000e+03,4.277655029296875000e+02,2.653646972656250000e+03,9.284712890625000000e+03,1.260331665039062500e+03,1.118819122314453125e+02,1.202209350585937500e+03,6.843839111328125000e+02,7.719396972656250000e+02,7.253063964843750000e+02,4.387517700195312500e+02
3.562805908203125000e+03,3.300617187500000000e+03,9.265277099609375000e+02,1.023172460937500000e+04,1.819729980468750000e+03,4.619185180664062500e+02,5.213159179687500000e+02,1.064244308471679688e+02,8.982346679687500000e+03,3.216643554687500000e+03,9.707791748046875000e+02,5.762472656250000000e+03,2.652278808593750000e+03,1.162582885742187500e+03,8.675701904296875000e+02,2.191494628906250000e+03,1.132324707031250000e+03,2.583186645507812500e+02,8.978639526367187500e+02,3.104766357421875000e+03,3.505031250000000000e+03,4.296273925781250000e+03,1.081170898437500000e+03,3.201741210937500000e+03,6.838686523437500000e+02,7.260052490234375000e+02,7.492766113281250000e+02,2.038985290527343750e+02,2.984438476562500000e+03,4.870100708007812500e+02,7.249927246093750000e+03,3.684100830078125000e+03,3.681241760253906250e+02,7.418950195312500000e+03,9.873530273437500000e+02,7.006078491210937500e+02,3.244567871093750000e+03,4.582779235839843750e+02,3.988394531250000000e+03,4.428444824218750000e+02,2.518885009765625000e+03,9.074533203125000000e+03,1.341497802734375000e+03,1.175619277954101562e+02,1.411018310546875000e+03,9.874583740234375000e+02,6.788670654296875000e+02,1.802844848632812500e+03,3.456947021484375000e+02
1.660132812500000000e+03,2.793348876953125000e+03,9.353717651367187500e+02,1.089200390625000000e+04,2.027970703125000000e+03,5.531523437500000000e+02,4.616334533691406250e+02,1.513624420166015625e+02,8.947291015625000000e+03,3.193720458984375000e+03,9.028906250000000000e+02,3.342892333984375000e+03,2.940354492187500000e+03,8.546401977539062500e+02,8.424545898437500000e+02,3.060528320312500000e+03,1.037879638671875000e+03,3.164210205078125000e+02,1.109720825195312500e+03,3.112180175781250000e+03,3.630285644531250000e+03,1.830877075195312500e+03,1.119676879882812500e+03,3.353937744140625000e+03,7.524012451171875000e+02,8.816057739257812500e+02,8.031992797851562500e+02,2.269434814453125000e+02,3.082004882812500000e+03,5.519406127929687500e+02,7.973588378906250000e+03,3.617571533203125000e+03,4.070751953125000000e+02,3.783416992187500000e+03,2.189752441406250000e+03,7.411206054687500000e+02,3.976389160156250000e+03,5.046695251464843750e+02,5.597845214843750000e+03,2.784846191406250000e+02,3.573168457031250000e+03,9.630889648437500000e+03,1.498158935546875000e+03,1.349868927001953125e+02,1.801609863281250000e+03,1.523468261718750000e+03,6.954804077148437500e+02,8.449796142578125000e+02,4.551728210449218750e+02
1.495880737304687500e+03,4.192798828125000000e+03,7.945269775390625000e+02,1.356093554687500000e+04,2.009204956054687500e+03,5.317288818359375000e+02,3.864531860351562500e+02,1.529607238769531250e+02,8.487771484375000000e+03,3.429428710937500000e+03,1.002567871093750000e+03,3.383905273437500000e+03,2.465568359375000000e+03,1.701711547851562500e+03,8.605906982421875000e+02,2.309464599609375000e+03,1.437875244140625000e+03,3.215161132812500000e+02,1.293397949218750000e+03,3.298649658203125000e+03,3.750595458984375000e+03,1.847870361328125000e+03,9.941590576171875000e+02,3.254489990234375000e+03,7.611730957031250000e+02,1.260718505859375000e+03,8.940031738281250000e+02,2.039694824218750000e+02,3.334420898437500000e+03,6.111302490234375000e+02,9.796212890625000000e+03,3.873760498046875000e+03,4.453733825683593750e+02,3.690772705078125000e+03,9.001350097656250000e+02,8.294959716796875000e+02,3.946435058593750000e+03,4.861390991210937500e+02,4.463563964843750000e+03,6.009244384765625000e+02,3.844290039062500000e+03,9.378506835937500000e+03,2.262937011718750000e+03,1.224751663208007812e+02,1.958852539062500000e+03,1.257988403320312500e+03,6.668497314453125000e+02,8.619447021484375000e+02,4.573316345214843750e+02
1.575154663085937500e+03,2.897610351562500000e+03,8.661958007812500000e+02,1.097048828125000000e+04,2.358968505859375000e+03,5.695280151367187500e+02,3.795707092285156250e+02,1.852904357910156250e+02,8.774761718750000000e+03,3.210993164062500000e+03,9.745955810546875000e+02,2.630939208984375000e+03,2.303298339843750000e+03,1.304312500000000000e+03,8.988969726562500000e+02,1.894796630859375000e+03,1.172050537109375000e+03,3.045735473632812500e+02,1.362645629882812500e+03,3.559875488281250000e+03,3.709003662109375000e+03,1.889139160156250000e+03,1.110190551757812500e+03,2.523840087890625000e+03,7.417823486328125000e+02,1.218193359375000000e+03,8.540789794921875000e+02,2.101098327636718750e+02,3.297889160156250000e+03,5.950675659179687500e+02,7.783077636718750000e+03,3.728330566406250000e+03,4.029418029785156250e+02,3.798022949218750000e+03,2.041178955078125000e+03,7.143129272460937500e+02,4.110192382812500000e+03,4.654255676269531250e+02,3.744429199218750000e+03,4.638724975585937500e+02,5.176943359375000000e+03,9.520493164062500000e+03,1.555433715820312500e+03,1.314219970703125000e+02,1.508494140625000000e+03,1.069271850585937500e+03,6.866924438476562500e+02,9.268227539062500000e+02,3.114636230468750000e+02
1.598753662109375000e+03,2.705813476562500000e+03,1.082890625000000000e+03,1.114379785156250000e+04,1.795619873046875000e+03,4.818245239257812500e+02,3.704853515625000000e+02,7.910401916503906250e+01,8.404878906250000000e+03,3.150583251953125000e+03,9.780104980468750000e+02,2.452578857421875000e+03,2.657118896484375000e+03,8.976801757812500000e+02,8.600025024414062500e+02,4.172868164062500000e+03,1.075483032226562500e+03,2.932191162109375000e+02,9.428455810546875000e+02,3.105627197265625000e+03,3.525308105468750000e+03,1.805296630859375000e+03,1.114254272460937500e+03,4.061776855468750000e+03,7.533109130859375000e+02,9.750424804687500000e+02,7.822805175781250000e+02,2.229119873046875000e+02,2.839348144531250000e+03,5.901646728515625000e+02,6.757598144531250000e+03,3.576998535156250000e+03,3.356553344726562500e+02,3.626486816406250000e+03,1.330605712890625000e+03,7.358414916992187500e+02,4.019495361328125000e+03,4.271333007812500000e+02,2.817559570312500000e+03,2.403911743164062500e+02,5.150041015625000000e+03,9.383795898437500000e+03,1.339492187500000000e+03,1.182953872680664062e+02,1.573685180664062500e+03,1.185675659179687500e+03,5.704167480468750000e+02,5.256860351562500000e+02,4.292939758300781250e+02
1.694923583984375000e+03,2.612833984375000000e+03,9.923883056640625000e+02,1.011184863281250000e+04,1.989650268554687500e+03,4.132029418945312500e+02,3.656997680664062500e+02,1.666767883300781250e+02,8.257076171875000000e+03,3.138919189453125000e+03,8.631661376953125000e+02,2.423289550781250000e+03,1.842219360351562500e+03,1.030631347656250000e+03,1.048648071289062500e+03,1.972981567382812500e+03,9.696123046875000000e+02,2.629381713867187500e+02,1.679078491210937500e+03,2.950520263671875000e+03,3.629811523437500000e+03,1.787162597656250000e+03,1.070827392578125000e+03,2.151332763671875000e+03,7.203437500000000000e+02,1.369271728515625000e+03,7.390042114257812500e+02,1.848071899414062500e+02,3.125288085937500000e+03,5.280569458007812500e+02,6.539691406250000000e+03,3.425609375000000000e+03,3.737848205566406250e+02,3.606607421875000000e+03,1.280246093750000000e+03,6.576975708007812500e+02,4.026220703125000000e+03,3.100153198242187500e+02,3.061748779296875000e+03,6.100126953125000000e+02,6.105722656250000000e+03,9.289250976562500000e+03,1.153920898437500000e+03,1.172904510498046875e+02,1.794377685546875000e+03,9.070024414062500000e+02,6.573800048828125000e+02,8.016873779296875000e+02,4.276600646972656250e+02
1.011088317871093750e+03,3.512437011718750000e+03,7.961566162109375000e+02,1.042150585937500000e+04,1.548958129882812500e+03,4.714331665039062500e+02,3.248800659179687500e+02,1.652368011474609375e+02,7.811849121093750000e+03,6.970355468750000000e+03,9.855704345703125000e+02,2.126703857421875000e+03,2.293480468750000000e+03,1.492257324218750000e+03,2.038971801757812500e+03,2.189960205078125000e+03,1.171238769531250000e+03,3.306772766113281250e+02,1.011200378417968750e+03,3.157626708984375000e+03,3.459705078125000000e+03,1.782069580078125000e+03,9.707238769531250000e+02,2.418619384765625000e+03,5.542411499023437500e+02,9.623701171875000000e+02,5.952445068359375000e+02,2.283653259277343750e+02,3.264243896484375000e+03,5.826495361328125000e+02,9.193621093750000000e+03,3.844967529296875000e+03,3.588616943359375000e+02,3.728429687500000000e+03,5.873277587890625000e+02,6.583953247070312500e+02,7.438166503906250000e+03,4.003539733886718750e+02,4.272981933593750000e+03,5.046629028320312500e+02,6.142473632812500000e+03,8.801494140625000000e+03,1.317862548828125000e+03,1.141054458618164062e+02,1.322815673828125000e+03,6.263552246093750000e+02,7.964052734375000000e+02,8.779475097656250000e+02,4.083635864257812500e+02
1.192312255859375000e+03,2.710307128906250000e+03,8.587539062500000000e+02,8.842970703125000000e+03,2.009556762695312500e+03,7.492296142578125000e+02,4.251114196777343750e+02,8.769134521484375000e+01,8.086769531250000000e+03,3.182459472656250000e+03,9.341223144531250000e+02,2.453618896484375000e+03,1.923764282226562500e+03,1.085880615234375000e+03,8.669241943359375000e+02,3.498900634765625000e+03,1.176978637695312500e+03,2.932103881835937500e+02,9.401897583007812500e+02,3.102242187500000000e+03,3.474884765625000000e+03,3.871307128906250000e+03,1.158625732421875000e+03,2.907023925781250000e+03,5.924805297851562500e+02,9.726364746093750000e+02,6.614841308593750000e+02,2.214558715820312500e+02,3.004438964843750000e+03,4.941376953125000000e+02,7.184826660156250000e+03,3.610791503906250000e+03,3.709465026855468750e+02,7.405321289062500000e+03,8.485632324218750000e+02,6.650175170898437500e+02,4.091812011718750000e+03,4.002084960937500000e+02,3.715536132812500000e+03,5.167556152343750000e+02,6.281434570312500000e+03,9.026759765625000000e+03,1.261102050781250000e+03,1.203792724609375000e+02,1.542993408203125000e+03,8.718104248046875000e+02,7.087431030273437500e+02,1.235740966796875000e+03,4.035667724609375000e+02
1.523947753906250000e+03,2.636610839843750000e+03,9.112908935546875000e+02,9.560810546875000000e+03,2.304531005859375000e+03,6.648986206054687500e+02,3.897543945312500000e+02,1.791863403320312500e+02,7.715883789062500000e+03,3.163741699218750000e+03,9.120684814453125000e+02,1.891309082031250000e+03,2.644049804687500000e+03,7.548991699218750000e+02,7.446427001953125000e+02,2.091663085937500000e+03,1.346506103515625000e+03,3.230043334960937500e+02,1.103768798828125000e+03,3.084642822265625000e+03,3.441913085937500000e+03,1.785757324218750000e+03,1.783871826171875000e+03,2.969124755859375000e+03,7.448480224609375000e+02,6.996373901367187500e+02,6.811320800781250000e+02,3.289882202148437500e+02,2.874299560546875000e+03,5.929854736328125000e+02,8.954920898437500000e+03,2.642885742187500000e+03,3.229024353027343750e+02,3.722736816406250000e+03,7.460387573242187500e+02,7.054259643554687500e+02,4.048135009765625000e+03,4.301310119628906250e+02,5.408469726562500000e+03,2.443208312988281250e+02,3.859537597656250000e+03,9.192486328125000000e+03,1.172334228515625000e+03,1.563360900878906250e+02,1.426239135742187500e+03,1.310515014648437500e+03,6.982773437500000000e+02,6.854661865234375000e+02,4.276921997070312500e+02
1.522070678710937500e+03,2.820950927734375000e+03,9.860578002929687500e+02,1.245426464843750000e+04,2.349948730468750000e+03,6.677478027343750000e+02,3.870576782226562500e+02,1.507344665527343750e+02,8.114714843750000000e+03,3.194944824218750000e+03,9.837883300781250000e+02,2.652375976562500000e+03,1.990095947265625000e+03,1.371607910156250000e+03,8.494507446289062500e+02,1.999490478515625000e+03,1.575477416992187500e+03,3.395051879882812500e+02,1.247207519531250000e+03,3.202796386718750000e+03,3.616748535156250000e+03,1.820152221679687500e+03,1.755999023437500000e+03,3.357630859375000000e+03,7.597043457031250000e+02,1.268501953125000000e+03,7.929277954101562500e+02,2.764025268554687500e+02,3.309812988281250000e+03,6.688366699218750000e+02,1.032355273437500000e+04,2.575654296875000000e+03,3.377229309082031250e+02,3.683579101562500000e+03,9.317622680664062500e+02,8.288681640625000000e+02,4.113911621093750000e+03,4.745072937011718750e+02,4.450728515625000000e+03,5.808838500976562500e+02,4.733527343750000000e+03,9.207041015625000000e+03,1.572820556640625000e+03,1.289062500000000000e+02,1.460959472656250000e+03,1.052236694335937500e+03,7.277954711914062500e+02,7.613017578125000000e+02,4.431001892089843750e+02
1.457044433593750000e+03,2.740539550781250000e+03,1.044751953125000000e+03,8.332775390625000000e+03,2.091763427734375000e+03,7.504470214843750000e+02,3.822565002441406250e+02,1.307876129150390625e+02,7.566948242187500000e+03,3.152367919921875000e+03,9.509953613281250000e+02,2.228092041015625000e+03,1.838786865234375000e+03,1.023539794921875000e+03,8.672672729492187500e+02,1.889834594726562500e+03,1.309042480468750000e+03,3.083291931152343750e+02,1.544032714843750000e+03,3.433259765625000000e+03,3.539512207031250000e+03,1.848399902343750000e+03,1.401920288085937500e+03,2.213227050781250000e+03,4.632708129882812500e+02,9.865955200195312500e+02,8.137156982421875000e+02,2.778071594238281250e+02,3.261300781250000000e+03,6.257414550781250000e+02,8.168535644531250000e+03,2.379639404296875000e+03,3.398580322265625000e+02,3.794819335937500000e+03,2.195053955078125000e+03,7.017779541015625000e+02,4.061474853515625000e+03,5.134999389648437500e+02,3.458944335937500000e+03,2.782760009765625000e+02,3.219992431640625000e+03,9.349270507812500000e+03,1.267956420898437500e+03,1.712378234863281250e+02,1.313916137695312500e+03,9.641492919921875000e+02,6.303822021484375000e+02,8.800422363281250000e+02,3.307309570312500000e+02
1.529491333007812500e+03,2.661405517578125000e+03,1.085437622070312500e+03,1.045463574218750000e+04,1.586033447265625000e+03,8.539595947265625000e+02,5.144399414062500000e+02,1.234581832885742188e+02,7.910404296875000000e+03,3.131766845703125000e+03,9.547210693359375000e+02,2.284234130859375000e+03,2.185846923828125000e+03,8.025657348632812500e+02,7.991350097656250000e+02,4.173316406250000000e+03,1.275748535156250000e+03,2.840372924804687500e+02,1.011251831054687500e+03,3.057878906250000000e+03,3.496033691406250000e+03,1.722951293945312500e+03,1.546105468750000000e+03,3.880335449218750000e+03,7.240649414062500000e+02,1.013277465820312500e+03,7.206516113281250000e+02,2.834039611816406250e+02,2.928150634765625000e+03,6.367902832031250000e+02,7.550861328125000000e+03,2.535589843750000000e+03,3.001748352050781250e+02,3.635892333984375000e+03,5.911574707031250000e+02,7.435816040039062500e+02,4.060706054687500000e+03,5.019846801757812500e+02,3.713287109375000000e+03,2.455860900878906250e+02,3.006002441406250000e+03,9.201376953125000000e+03,1.077711791992187500e+03,1.247678375244140625e+02,1.336580078125000000e+03,1.040075683593750000e+03,6.181235351562500000e+02,6.034053955078125000e+02,3.910513305664062500e+02
1.547905517578125000e+03,2.622995849609375000e+03,1.131697998046875000e+03,9.275434570312500000e+03,2.015102539062500000e+03,3.897706909179687500e+02,3.904092102050781250e+02,9.745803833007812500e+01,7.745287597656250000e+03,3.016813232421875000e+03,8.705350341796875000e+02,1.843953613281250000e+03,1.607392578125000000e+03,7.905647583007812500e+02,8.572510986328125000e+02,1.899917236328125000e+03,7.476900634765625000e+02,2.503286285400390625e+02,1.164177490234375000e+03,2.818371826171875000e+03,3.444499511718750000e+03,1.562185791015625000e+03,1.214680175781250000e+03,2.106524658203125000e+03,4.129167480468750000e+02,1.175654785156250000e+03,6.702926025390625000e+02,3.275684814453125000e+02,2.784683105468750000e+03,5.981463623046875000e+02,6.362666992187500000e+03,1.750918945312500000e+03,2.974830932617187500e+02,3.614822509765625000e+03,1.279221191406250000e+03,6.531227416992187500e+02,4.023341552734375000e+03,3.648222045898437500e+02,3.269116699218750000e+03,4.997729492187500000e+02,2.589798339843750000e+03,8.888564453125000000e+03,1.014693237304687500e+03,2.054230804443359375e+02,1.167661254882812500e+03,9.777374267578125000e+02,7.038262939453125000e+02,6.155936279296875000e+02,4.124905395507812500e+02
1.970287719726562500e+03,3.891968017578125000e+03,8.569256591796875000e+02,9.710433593750000000e+03,1.498977294921875000e+03,5.787368774414062500e+02,3.586011047363281250e+02,9.956779479980468750e+01,8.051977539062500000e+03,5.759765625000000000e+03,9.671691894531250000e+02,1.474651123046875000e+03,1.608254150390625000e+03,7.925309448242187500e+02,8.294241333007812500e+02,1.797941894531250000e+03,1.301014648437500000e+03,2.824369201660156250e+02,6.736989746093750000e+02,2.853184082031250000e+03,3.347696777343750000e+03,1.484400146484375000e+03,2.088842773437500000e+03,2.418990966796875000e+03,3.846050109863281250e+02,6.697341308593750000e+02,5.103230590820312500e+02,3.657524414062500000e+02,2.988605224609375000e+03,4.144593811035156250e+02,8.588797851562500000e+03,1.215436523437500000e+03,2.132398529052734375e+02,3.634482666015625000e+03,5.842114257812500000e+02,6.967741699218750000e+02,7.463619628906250000e+03,4.811313781738281250e+02,4.577980468750000000e+03,2.720714416503906250e+02,1.680021850585937500e+03,8.417223632812500000e+03,1.084285400390625000e+03,1.146959304809570312e+02,1.361994995117187500e+03,6.384377441406250000e+02,6.573911132812500000e+02,5.897349853515625000e+02,3.866444702148437500e+02
1.566832763671875000e+03,2.728989013671875000e+03,7.694673461914062500e+02,7.301826171875000000e+03,1.594993896484375000e+03,6.981965942382812500e+02,3.724778747558593750e+02,9.077845764160156250e+01,7.786349121093750000e+03,3.079917724609375000e+03,9.271700439453125000e+02,1.869622314453125000e+03,1.571833251953125000e+03,7.382927856445312500e+02,8.213663940429687500e+02,1.825328491210937500e+03,9.756266479492187500e+02,2.690339355468750000e+02,8.748598632812500000e+02,2.819600585937500000e+03,3.281947753906250000e+03,1.583626342773437500e+03,1.351304687500000000e+03,2.713718261718750000e+03,3.717486877441406250e+02,8.178853759765625000e+02,6.102046508789062500e+02,3.432279357910156250e+02,2.600410156250000000e+03,4.602041625976562500e+02,6.468584960937500000e+03,2.311370605468750000e+03,3.075292053222656250e+02,7.407652343750000000e+03,8.711950683593750000e+02,6.444595336914062500e+02,4.063895751953125000e+03,6.405551757812500000e+02,2.170816162109375000e+03,5.357648925781250000e+02,2.094141113281250000e+03,8.835135742187500000e+03,9.520981445312500000e+02,1.825213012695312500e+02,1.769426513671875000e+03,6.585924072265625000e+02,7.966950073242187500e+02,8.749754638671875000e+02,3.573077392578125000e+02
1.360497802734375000e+03,2.350133789062500000e+03,6.273344116210937500e+02,6.187891113281250000e+03,1.783626098632812500e+03,8.628986816406250000e+02,2.869485473632812500e+02,9.197604370117187500e+01,6.439968750000000000e+03,2.688376708984375000e+03,9.306070556640625000e+02,1.530616455078125000e+03,1.668559082031250000e+03,6.516052246093750000e+02,6.609981689453125000e+02,1.666862915039062500e+03,8.221906738281250000e+02,2.452083740234375000e+02,8.751189575195312500e+02,2.828468505859375000e+03,3.128376464843750000e+03,1.415590698242187500e+03,1.403160522460937500e+03,3.137270019531250000e+03,7.394318847656250000e+02,4.910959472656250000e+02,4.905059204101562500e+02,2.381387634277343750e+02,2.572643066406250000e+03,5.147679443359375000e+02,7.955195800781250000e+03,1.762977539062500000e+03,3.007202758789062500e+02,3.792779052734375000e+03,7.826123046875000000e+02,6.261366577148437500e+02,4.027860839843750000e+03,4.496791992187500000e+02,2.474906494140625000e+03,2.079215545654296875e+02,1.696193237304687500e+03,8.936788085937500000e+03,9.994687500000000000e+02,1.242514953613281250e+02,2.122614257812500000e+03,9.984619140625000000e+02,7.895355834960937500e+02,5.324307861328125000e+02,3.772599487304687500e+02
1.478326049804687500e+03,2.601966552734375000e+03,8.026630859375000000e+02,6.211938476562500000e+03,1.714694213867187500e+03,6.139566650390625000e+02,3.536626586914062500e+02,9.058659362792968750e+01,6.750308593750000000e+03,2.999815429687500000e+03,1.011529479980468750e+03,1.770774658203125000e+03,1.795128906250000000e+03,1.185056030273437500e+03,8.115181884765625000e+02,1.890146484375000000e+03,1.472681030273437500e+03,2.557886810302734375e+02,1.084625244140625000e+03,2.981515869140625000e+03,3.456321533203125000e+03,1.476309082031250000e+03,1.796037841796875000e+03,2.964801269531250000e+03,7.543848876953125000e+02,9.102846069335937500e+02,6.689514770507812500e+02,2.136844787597656250e+02,2.960144042968750000e+03,4.770869750976562500e+02,6.698244628906250000e+03,2.666525634765625000e+03,2.716992797851562500e+02,3.669713623046875000e+03,1.189656494140625000e+03,7.841909179687500000e+02,4.042021484375000000e+03,4.220916748046875000e+02,1.657928222656250000e+03,4.849770202636718750e+02,2.224356445312500000e+03,8.987181640625000000e+03,1.140766113281250000e+03,1.227729187011718750e+02,1.909113037109375000e+03,9.015874023437500000e+02,8.035997924804687500e+02,7.080698242187500000e+02,4.134425659179687500e+02
1.253732055664062500e+03,2.444415283203125000e+03,9.124073486328125000e+02,6.017908203125000000e+03,1.764129150390625000e+03,7.038986816406250000e+02,3.650151977539062500e+02,9.849528503417968750e+01,7.059427734375000000e+03,2.970508544921875000e+03,7.175837402343750000e+02,1.751164062500000000e+03,1.678418334960937500e+03,8.296428222656250000e+02,7.982026367187500000e+02,1.767309692382812500e+03,1.315517089843750000e+03,2.454378051757812500e+02,1.141561157226562500e+03,3.098383300781250000e+03,3.324788085937500000e+03,1.756791381835937500e+03,1.631322998046875000e+03,2.173374023437500000e+03,3.932608947753906250e+02,7.165949096679687500e+02,6.081079101562500000e+02,1.917162475585937500e+02,2.922585937500000000e+03,4.452268981933593750e+02,8.008311523437500000e+03,2.539645751953125000e+03,3.773090820312500000e+02,3.805100097656250000e+03,1.077606201171875000e+03,6.588010864257812500e+02,4.045749023437500000e+03,5.036811828613281250e+02,3.228291748046875000e+03,3.150127563476562500e+02,2.015287353515625000e+03,8.992733398437500000e+03,1.001237792968750000e+03,1.179110565185546875e+02,1.890930419921875000e+03,7.577105712890625000e+02,7.344887695312500000e+02,5.904279785156250000e+02,3.170226440429687500e+02
1.349975708007812500e+03,2.387845214843750000e+03,7.075411987304687500e+02,6.640927734375000000e+03,1.360776611328125000e+03,4.572634887695312500e+02,3.428960876464843750e+02,8.835960388183593750e+01,6.692152343750000000e+03,2.905044677734375000e+03,6.345866699218750000e+02,1.467176269531250000e+03,1.621632568359375000e+03,6.611099243164062500e+02,7.653083496093750000e+02,1.860683959960937500e+03,1.077361938476562500e+03,2.428303375244140625e+02,9.229096679687500000e+02,2.875458496093750000e+03,3.456210937500000000e+03,1.892434326171875000e+03,9.915367431640625000e+02,3.545062011718750000e+03,4.016839599609375000e+02,6.232798461914062500e+02,6.757463378906250000e+02,1.958527832031250000e+02,2.744257812500000000e+03,4.828299865722656250e+02,7.393218261718750000e+03,2.159396484375000000e+03,3.476162414550781250e+02,3.610255126953125000e+03,1.191283813476562500e+03,6.668959350585937500e+02,4.063298828125000000e+03,3.823391723632812500e+02,1.762410888671875000e+03,2.569337158203125000e+02,1.875790283203125000e+03,8.464382812500000000e+03,8.012503662109375000e+02,1.290117187500000000e+02,2.566659179687500000e+03,8.279595947265625000e+02,1.192172973632812500e+03,5.039318847656250000e+02,2.317630004882812500e+02
4.367674560546875000e+02,1.751795043945312500e+03,5.460667114257812500e+02,5.064681640625000000e+03,1.516423828125000000e+03,5.850053710937500000e+02,3.753080139160156250e+02,7.850361633300781250e+01,6.239951171875000000e+03,2.108672119140625000e+03,5.931788330078125000e+02,1.739661865234375000e+03,1.771274780273437500e+03,7.519920043945312500e+02,6.513990478515625000e+02,3.161770019531250000e+03,6.172885742187500000e+02,2.247773132324218750e+02,8.108799438476562500e+02,2.681373779296875000e+03,3.264616943359375000e+03,1.421788574218750000e+03,1.002641479492187500e+03,2.515165039062500000e+03,3.682528076171875000e+02,4.486946411132812500e+02,4.780650024414062500e+02,2.489602050781250000e+02,2.578445312500000000e+03,3.218541870117187500e+02,6.165601562500000000e+03,3.379497070312500000e+03,2.875127868652343750e+02,3.645040039062500000e+03,9.812663574218750000e+02,6.301560668945312500e+02,3.964515380859375000e+03,3.161548461914062500e+02,1.806330078125000000e+03,2.875685119628906250e+02,1.887552001953125000e+03,8.362960937500000000e+03,7.388927001953125000e+02,1.474683227539062500e+02,2.246348388671875000e+03,7.369393310546875000e+02,8.975611572265625000e+02,5.124803466796875000e+02,2.806540222167968750e+02
4.466453857421875000e+02,1.753542602539062500e+03,7.051850585937500000e+02,5.428630859375000000e+03,1.325285400390625000e+03,4.229652709960937500e+02,3.518338012695312500e+02,7.511134338378906250e+01,5.708888671875000000e+03,2.171851562500000000e+03,9.349934692382812500e+02,1.335137451171875000e+03,2.283277099609375000e+03,9.615848388671875000e+02,7.497113647460937500e+02,1.910293212890625000e+03,1.033555541992187500e+03,2.204876098632812500e+02,9.366582031250000000e+02,2.694264648437500000e+03,3.300515869140625000e+03,1.519254394531250000e+03,8.368085937500000000e+02,2.440219238281250000e+03,3.519629516601562500e+02,3.921989135742187500e+02,4.705651855468750000e+02,1.833364257812500000e+02,2.797032470703125000e+03,3.946932983398437500e+02,7.703395019531250000e+03,4.254593261718750000e+03,2.696213073730468750e+02,4.378544433593750000e+03,9.417635498046875000e+02,6.560944213867187500e+02,7.341098144531250000e+03,4.194860229492187500e+02,2.178894287109375000e+03,1.983968505859375000e+02,1.715028076171875000e+03,8.108508300781250000e+03,5.977505493164062500e+02,1.062824707031250000e+02,1.734576293945312500e+03,5.804348144531250000e+02,1.406733398437500000e+03,5.224462890625000000e+02,2.218628997802734375e+02
4.267893066406250000e+02,1.941851440429687500e+03,6.555646972656250000e+02,5.436157226562500000e+03,1.445240112304687500e+03,3.952225952148437500e+02,2.899335937500000000e+02,8.409146118164062500e+01,6.213398437500000000e+03,2.669629150390625000e+03,6.421909790039062500e+02,1.522760253906250000e+03,1.323778198242187500e+03,6.992755126953125000e+02,7.782668457031250000e+02,1.836280151367187500e+03,8.457647705078125000e+02,2.279330291748046875e+02,7.898757324218750000e+02,2.715687744140625000e+03,3.095896484375000000e+03,2.237598632812500000e+03,8.589109497070312500e+02,2.856510253906250000e+03,3.311485900878906250e+02,5.514591064453125000e+02,4.798684082031250000e+02,1.962963867187500000e+02,2.431784667968750000e+03,2.764225158691406250e+02,5.963532714843750000e+03,3.539426269531250000e+03,4.997984008789062500e+02,7.337465332031250000e+03,7.191716308593750000e+02,6.091726074218750000e+02,4.048643310546875000e+03,2.365046081542968750e+02,3.020824707031250000e+03,4.085608520507812500e+02,1.837025634765625000e+03,8.273899414062500000e+03,6.570134887695312500e+02,1.272284011840820312e+02,1.725087036132812500e+03,7.290218505859375000e+02,7.199008789062500000e+02,8.628574218750000000e+02,2.193500061035156250e+02
4.301812744140625000e+02,1.903160156250000000e+03,5.384747314453125000e+02,5.660840820312500000e+03,1.430694335937500000e+03,4.016348876953125000e+02,2.745326538085937500e+02,6.942799377441406250e+01,5.458116699218750000e+03,1.649066894531250000e+03,5.640870361328125000e+02,1.217707763671875000e+03,1.600896728515625000e+03,4.914708251953125000e+02,5.615075073242187500e+02,1.319432861328125000e+03,5.357001953125000000e+02,2.223590240478515625e+02,6.811256103515625000e+02,2.621205566406250000e+03,2.917620117187500000e+03,2.143381347656250000e+03,9.112702636718750000e+02,2.484584472656250000e+03,4.798753356933593750e+02,3.498399963378906250e+02,4.328899536132812500e+02,1.962220764160156250e+02,2.311255371093750000e+03,3.249330749511718750e+02,6.887198730468750000e+03,3.462718505859375000e+03,5.442863769531250000e+02,3.663006103515625000e+03,6.493602905273437500e+02,5.681351928710937500e+02,4.006397460937500000e+03,2.259006958007812500e+02,2.284568115234375000e+03,3.113662109375000000e+02,1.437632812500000000e+03,8.571559570312500000e+03,6.694755249023437500e+02,1.113325805664062500e+02,2.241780029296875000e+03,7.412663574218750000e+02,6.917871093750000000e+02,5.093289794921875000e+02,2.963673706054687500e+02
4.004409179687500000e+02,2.236251220703125000e+03,6.522954101562500000e+02,5.360001953125000000e+03,1.653712890625000000e+03,5.979909057617187500e+02,3.058043212890625000e+02,8.308853149414062500e+01,6.008029296875000000e+03,2.263872558593750000e+03,7.057182617187500000e+02,1.398209228515625000e+03,1.412058959960937500e+03,9.114574584960937500e+02,8.145051269531250000e+02,1.869655883789062500e+03,1.100168457031250000e+03,2.246679382324218750e+02,1.011374145507812500e+03,2.907377685546875000e+03,3.366728759765625000e+03,1.639549316406250000e+03,8.236701660156250000e+02,2.896067626953125000e+03,6.490956420898437500e+02,6.858460083007812500e+02,5.015140686035156250e+02,1.865437316894531250e+02,2.541120361328125000e+03,3.413856506347656250e+02,6.413102539062500000e+03,3.562368408203125000e+03,2.923044128417968750e+02,3.632277343750000000e+03,1.168424804687500000e+03,6.203200683593750000e+02,4.045907470703125000e+03,3.261283569335937500e+02,1.922679687500000000e+03,4.608071289062500000e+02,2.036546875000000000e+03,8.848769531250000000e+03,8.174877929687500000e+02,1.236339797973632812e+02,2.092087890625000000e+03,6.902097167968750000e+02,7.478215942382812500e+02,4.976684570312500000e+02,3.053483276367187500e+02
4.813570556640625000e+02,2.286951171875000000e+03,5.423220825195312500e+02,5.636726562500000000e+03,1.571737670898437500e+03,4.729890747070312500e+02,3.312887268066406250e+02,1.134927215576171875e+02,6.407671386718750000e+03,2.305692382812500000e+03,6.767825317382812500e+02,1.608682373046875000e+03,1.458690673828125000e+03,7.117369384765625000e+02,7.869926757812500000e+02,1.854784423828125000e+03,9.840754394531250000e+02,2.348222045898437500e+02,1.000038879394531250e+03,2.873282714843750000e+03,3.217634277343750000e+03,1.749997192382812500e+03,8.637795410156250000e+02,2.227578125000000000e+03,3.710611877441406250e+02,6.022866821289062500e+02,5.946476440429687500e+02,2.089750976562500000e+02,3.076625000000000000e+03,3.885285034179687500e+02,7.970913085937500000e+03,3.546596923828125000e+03,2.801093444824218750e+02,3.795201171875000000e+03,1.946645751953125000e+03,6.140643310546875000e+02,4.045706542968750000e+03,4.120551757812500000e+02,2.060269531250000000e+03,3.694490051269531250e+02,1.928463867187500000e+03,8.987901367187500000e+03,8.099407348632812500e+02,1.259352798461914062e+02,1.771906372070312500e+03,7.836195068359375000e+02,9.022000732421875000e+02,5.416315917968750000e+02,2.792392883300781250e+02
3.855074462890625000e+02,2.039642089843750000e+03,6.592413940429687500e+02,4.915389648437500000e+03,1.297200683593750000e+03,4.290524902343750000e+02,2.982546997070312500e+02,8.446859741210937500e+01,5.817473632812500000e+03,1.874712280273437500e+03,8.293818969726562500e+02,1.204071289062500000e+03,1.280314819335937500e+03,5.046615905761718750e+02,5.905349121093750000e+02,1.679522705078125000e+03,6.476062011718750000e+02,2.159581604003906250e+02,7.212502441406250000e+02,2.613148437500000000e+03,3.162433593750000000e+03,1.738932983398437500e+03,7.716763916015625000e+02,2.826669189453125000e+03,3.388488159179687500e+02,4.883255004882812500e+02,4.079293212890625000e+02,2.273324279785156250e+02,2.426645263671875000e+03,3.253108520507812500e+02,7.482479492187500000e+03,3.523494140625000000e+03,3.745899047851562500e+02,3.586305664062500000e+03,4.051815185546875000e+02,5.864669799804687500e+02,4.032668212890625000e+03,2.815882568359375000e+02,2.354321533203125000e+03,2.577430725097656250e+02,1.460951538085937500e+03,8.597185546875000000e+03,5.868714599609375000e+02,9.234545898437500000e+01,1.475574951171875000e+03,7.264010009765625000e+02,6.408294677734375000e+02,4.646101074218750000e+02,1.950077819824218750e+02
4.588386230468750000e+02,2.232104492187500000e+03,7.686497802734375000e+02,5.195024414062500000e+03,1.431989868164062500e+03,5.015790405273437500e+02,3.288327026367187500e+02,1.240751647949218750e+01,5.791925781250000000e+03,1.449558105468750000e+03,6.399276123046875000e+02,1.519337402343750000e+03,1.223641113281250000e+03,5.608243408203125000e+02,7.520364379882812500e+02,1.829032226562500000e+03,6.938924560546875000e+02,2.412688751220703125e+02,7.936035156250000000e+02,2.663604492187500000e+03,3.177578613281250000e+03,1.395622192382812500e+03,8.747948608398437500e+02,2.480198974609375000e+03,3.485138244628906250e+02,8.518316650390625000e+02,5.332382202148437500e+02,3.324266357421875000e+02,2.744699707031250000e+03,4.495036926269531250e+02,6.303045898437500000e+03,3.456808593750000000e+03,2.842750549316406250e+02,3.582436767578125000e+03,5.989162597656250000e+02,5.844330444335937500e+02,3.993183349609375000e+03,2.041105957031250000e+02,2.037952270507812500e+03,4.245055541992187500e+02,2.026777099609375000e+03,8.195536132812500000e+03,6.561513671875000000e+02,1.738798675537109375e+02,1.308303588867187500e+03,5.958449707031250000e+02,6.405993041992187500e+02,4.937485351562500000e+02,2.309851684570312500e+02
4.151102294921875000e+02,1.992538818359375000e+03,7.673273925781250000e+02,7.129167480468750000e+03,1.282475097656250000e+03,7.084772949218750000e+02,2.892113342285156250e+02,3.265472412109375000e+00,5.325186523437500000e+03,1.377328125000000000e+03,6.836962280273437500e+02,1.078824462890625000e+03,1.127998779296875000e+03,6.602185668945312500e+02,5.212460937500000000e+02,1.801935546875000000e+03,6.026656494140625000e+02,2.518506927490234375e+02,5.543466796875000000e+02,2.532675537109375000e+03,3.209466552734375000e+03,9.255335693359375000e+02,7.504414672851562500e+02,1.707415283203125000e+03,3.191310424804687500e+02,4.465357055664062500e+02,3.496464233398437500e+02,4.111653442382812500e+02,2.650260253906250000e+03,2.905876159667968750e+02,8.167638671875000000e+03,4.289506347656250000e+03,3.490364685058593750e+02,3.561810058593750000e+03,4.830803222656250000e+02,5.624909667968750000e+02,7.369385742187500000e+03,2.927555541992187500e+02,2.568027099609375000e+03,1.568540649414062500e+02,1.370504272460937500e+03,8.106544921875000000e+03,4.500479736328125000e+02,1.014885559082031250e+02,1.025334960937500000e+03,6.010744628906250000e+02,6.106055297851562500e+02,4.866995849609375000e+02,1.808637084960937500e+02
4.097243652343750000e+02,2.309337402343750000e+03,6.942274780273437500e+02,5.798864257812500000e+03,1.369975585937500000e+03,4.125190429687500000e+02,3.485156250000000000e+02,-3.821990966796875000e+00,5.618648437500000000e+03,1.593068969726562500e+03,8.099779052734375000e+02,1.165340087890625000e+03,1.086575927734375000e+03,5.079409790039062500e+02,7.843839111328125000e+02,1.753143432617187500e+03,5.456612548828125000e+02,2.398167114257812500e+02,6.262924194335937500e+02,2.642047607421875000e+03,2.939680664062500000e+03,1.163594360351562500e+03,8.047227783203125000e+02,2.590644775390625000e+03,3.606502075195312500e+02,4.899503173828125000e+02,4.348088378906250000e+02,3.163786926269531250e+02,2.360290527343750000e+03,3.421448059082031250e+02,7.034464843750000000e+03,3.542069335937500000e+03,3.211202697753906250e+02,7.231779296875000000e+03,4.555526123046875000e+02,5.871144409179687500e+02,4.044484130859375000e+03,2.147991638183593750e+02,1.472158203125000000e+03,3.997341308593750000e+02,1.649200439453125000e+03,7.486819335937500000e+03,6.828796386718750000e+02,1.603495025634765625e+02,1.236697875976562500e+03,6.900037841796875000e+02,6.244011840820312500e+02,6.127319335937500000e+02,2.881381835937500000e+02
5.061102294921875000e+02,2.051980224609375000e+03,5.578265991210937500e+02,5.634523437500000000e+03,1.530370361328125000e+03,4.537283935546875000e+02,3.255451354980468750e+02,9.461201477050781250e+01,5.806704101562500000e+03,1.388735839843750000e+03,8.404080810546875000e+02,1.084871337890625000e+03,1.349857421875000000e+03,4.953137207031250000e+02,4.924564819335937500e+02,1.845580810546875000e+03,6.229245605468750000e+02,2.538135528564453125e+02,6.902063598632812500e+02,2.621210449218750000e+03,2.919374023437500000e+03,1.183569213867187500e+03,8.623645019531250000e+02,2.174925537109375000e+03,7.092821044921875000e+02,5.247294311523437500e+02,4.746854248046875000e+02,2.733098144531250000e+02,2.681936523437500000e+03,3.356893920898437500e+02,7.580905761718750000e+03,3.484684326171875000e+03,3.114735412597656250e+02,3.635397460937500000e+03,4.392053222656250000e+02,6.871651611328125000e+02,4.016209716796875000e+03,2.475594482421875000e+02,2.581700927734375000e+03,2.409274902343750000e+02,1.621816650390625000e+03,8.559327148437500000e+03,7.604979858398437500e+02,1.351943511962890625e+02,1.327057983398437500e+03,8.483122558593750000e+02,6.369440917968750000e+02,4.521627197265625000e+02,3.683013916015625000e+02
4.852823486328125000e+02,2.135465576171875000e+03,5.654840087890625000e+02,6.480108886718750000e+03,1.464056396484375000e+03,4.190830688476562500e+02,3.429187011718750000e+02,3.275576782226562500e+01,5.687513183593750000e+03,1.432661132812500000e+03,9.137086791992187500e+02,1.209111816406250000e+03,1.382981689453125000e+03,9.767411499023437500e+02,7.020222778320312500e+02,1.857490722656250000e+03,9.326021118164062500e+02,2.572805175781250000e+02,8.749883422851562500e+02,2.735524902343750000e+03,3.266038574218750000e+03,1.265594726562500000e+03,8.086384277343750000e+02,1.904617797851562500e+03,6.438291015625000000e+02,7.945351562500000000e+02,5.976781005859375000e+02,2.701342773437500000e+02,2.760338378906250000e+03,3.727057189941406250e+02,7.701376953125000000e+03,3.547484619140625000e+03,2.593257141113281250e+02,3.582345947265625000e+03,4.849727783203125000e+02,7.134345092773437500e+02,4.028656982421875000e+03,3.289996032714843750e+02,2.379354980468750000e+03,3.241397399902343750e+02,1.931611694335937500e+03,8.164587402343750000e+03,8.095228271484375000e+02,1.262831726074218750e+02,1.356361816406250000e+03,8.264185791015625000e+02,6.221424560546875000e+02,4.842069091796875000e+02,3.667876586914062500e+02
3.876842041015625000e+02,2.166673339843750000e+03,6.205506591796875000e+02,9.616535156250000000e+03,1.502062988281250000e+03,4.170251464843750000e+02,3.220899963378906250e+02,5.397932434082031250e+01,6.532018066406250000e+03,1.897139160156250000e+03,7.734119873046875000e+02,1.187992431640625000e+03,1.314629882812500000e+03,5.175756835937500000e+02,7.976702880859375000e+02,1.792706665039062500e+03,8.023253173828125000e+02,2.245428771972656250e+02,8.631616210937500000e+02,2.657309814453125000e+03,3.049013671875000000e+03,1.448255737304687500e+03,8.208537597656250000e+02,1.724123046875000000e+03,3.568611450195312500e+02,6.548140869140625000e+02,6.582544555664062500e+02,2.364644470214843750e+02,2.877912597656250000e+03,3.197724914550781250e+02,7.050589355468750000e+03,3.556857421875000000e+03,3.419055175781250000e+02,3.612056396484375000e+03,8.018564453125000000e+02,7.734553222656250000e+02,4.039696777343750000e+03,3.426598510742187500e+02,2.633935791015625000e+03,3.159512939453125000e+02,1.723550781250000000e+03,8.890420898437500000e+03,7.793881225585937500e+02,1.325600891113281250e+02,1.282904174804687500e+03,7.798195800781250000e+02,6.188117675781250000e+02,4.947863769531250000e+02,3.076610717773437500e+02
4.409758300781250000e+02,2.010571166992187500e+03,6.850719604492187500e+02,6.182012207031250000e+03,1.316975830078125000e+03,4.201619262695312500e+02,3.323216552734375000e+02,1.527536010742187500e+02,6.138006835937500000e+03,1.919693115234375000e+03,8.654101562500000000e+02,1.793384033203125000e+03,1.208035888671875000e+03,5.052026977539062500e+02,5.989301757812500000e+02,1.981578979492187500e+03,6.981092529296875000e+02,2.194760742187500000e+02,6.385897827148437500e+02,2.184990234375000000e+03,3.186162597656250000e+03,1.582167724609375000e+03,8.098388061523437500e+02,1.636286010742187500e+03,4.067149658203125000e+02,5.169477539062500000e+02,5.746030883789062500e+02,1.986809387207031250e+02,2.695469726562500000e+03,3.922947998046875000e+02,6.647917968750000000e+03,3.516842529296875000e+03,3.345203247070312500e+02,3.568295898437500000e+03,4.584935302734375000e+02,6.526445312500000000e+02,4.042813964843750000e+03,3.322014160156250000e+02,1.116101440429687500e+03,2.562808532714843750e+02,1.595878662109375000e+03,8.601402343750000000e+03,7.031104736328125000e+02,1.255578002929687500e+02,1.314854614257812500e+03,8.035279541015625000e+02,5.521208496093750000e+02,4.521450195312500000e+02,2.495685272216796875e+02
4.213370361328125000e+02,1.759780761718750000e+03,6.220578002929687500e+02,6.144075683593750000e+03,1.384304931640625000e+03,4.028101806640625000e+02,3.315040283203125000e+02,1.231148071289062500e+02,5.979110351562500000e+03,1.574124633789062500e+03,7.539583129882812500e+02,1.681725585937500000e+03,1.230960693359375000e+03,6.255089111328125000e+02,6.145042114257812500e+02,1.842631469726562500e+03,7.616981201171875000e+02,2.377081756591796875e+02,7.712544555664062500e+02,2.567360595703125000e+03,3.202169189453125000e+03,1.371099853515625000e+03,8.767407226562500000e+02,1.842364990234375000e+03,4.005486755371093750e+02,6.564638061523437500e+02,5.637150878906250000e+02,2.168140869140625000e+02,2.562454101562500000e+03,4.018813781738281250e+02,5.795365234375000000e+03,3.436990234375000000e+03,3.328921813964843750e+02,3.566205810546875000e+03,4.839047851562500000e+02,1.302858886718750000e+03,3.979741943359375000e+03,2.186672973632812500e+02,2.082537353515625000e+03,3.558894653320312500e+02,1.965622802734375000e+03,8.347562500000000000e+03,6.881730957031250000e+02,1.143857116699218750e+02,1.200820922851562500e+03,8.833099365234375000e+02,5.814094238281250000e+02,4.619370117187500000e+02,3.048552246093750000e+02
4.583668212890625000e+02,1.729859741210937500e+03,6.388551025390625000e+02,6.268112304687500000e+03,1.260992431640625000e+03,4.092402954101562500e+02,3.386890869140625000e+02,1.308087158203125000e+01,5.111388671875000000e+03,1.351921875000000000e+03,6.869529418945312500e+02,1.209276855468750000e+03,1.220025146484375000e+03,4.893067932128906250e+02,4.576780395507812500e+02,1.854927734375000000e+03,8.609869995117187500e+02,2.576281738281250000e+02,5.596206665039062500e+02,2.473646728515625000e+03,3.205630859375000000e+03,1.276449707031250000e+03,7.756011962890625000e+02,1.806653564453125000e+03,3.395765686035156250e+02,4.495898132324218750e+02,4.869602966308593750e+02,1.839099121093750000e+02,2.563036132812500000e+03,3.187869262695312500e+02,7.198488769531250000e+03,4.364954589843750000e+03,2.742809143066406250e+02,3.516254882812500000e+03,4.208818359375000000e+02,8.439122314453125000e+02,7.352297851562500000e+03,3.677498779296875000e+02,1.257311035156250000e+03,2.570234375000000000e+02,1.525952392578125000e+03,8.043713867187500000e+03,5.211371459960937500e+02,1.030590362548828125e+02,1.065073974609375000e+03,6.137769775390625000e+02,5.581343383789062500e+02,4.724423828125000000e+02,2.643120727539062500e+02
4.174199218750000000e+02,1.833800537109375000e+03,5.593197021484375000e+02,6.077001953125000000e+03,1.380265014648437500e+03,4.090220336914062500e+02,4.281739501953125000e+02,-3.289077758789062500e+00,5.069973632812500000e+03,1.457373535156250000e+03,7.238539428710937500e+02,1.229128662109375000e+03,1.045414428710937500e+03,4.816795043945312500e+02,5.695626220703125000e+02,1.829972778320312500e+03,6.925960693359375000e+02,2.398804626464843750e+02,5.994082031250000000e+02,2.881113281250000000e+03,2.860623046875000000e+03,1.989380249023437500e+03,7.548541259765625000e+02,1.745839477539062500e+03,3.427660522460937500e+02,6.125233154296875000e+02,5.376849365234375000e+02,1.967256469726562500e+02,2.262972167968750000e+03,3.017654113769531250e+02,5.896781738281250000e+03,3.524870361328125000e+03,4.538509216308593750e+02,5.622182617187500000e+03,3.720927734375000000e+02,1.320784179687500000e+03,4.041125488281250000e+03,3.085410156250000000e+02,1.358308105468750000e+03,4.813845825195312500e+02,1.794827392578125000e+03,7.513521484375000000e+03,5.826920776367187500e+02,1.099357757568359375e+02,1.106652587890625000e+03,7.417279052734375000e+02,4.970066528320312500e+02,5.391392822265625000e+02,2.691370849609375000e+02
4.729362792968750000e+02,1.763829956054687500e+03,6.125195312500000000e+02,6.178758789062500000e+03,1.434991943359375000e+03,4.031637573242187500e+02,3.419667053222656250e+02,-4.701736450195312500e+00,5.317739746093750000e+03,1.598969482421875000e+03,7.821699218750000000e+02,1.293171875000000000e+03,1.218115112304687500e+03,4.510518798828125000e+02,8.390155029296875000e+02,1.856725830078125000e+03,7.658737792968750000e+02,2.792377319335937500e+02,6.056287231445312500e+02,2.697646484375000000e+03,2.930838134765625000e+03,2.035036865234375000e+03,8.073277587890625000e+02,3.722598144531250000e+03,6.936638793945312500e+02,4.700534057617187500e+02,4.696498413085937500e+02,2.247769165039062500e+02,2.582822265625000000e+03,3.848369750976562500e+02,6.391156738281250000e+03,3.377409912109375000e+03,5.330508422851562500e+02,3.580721679687500000e+03,4.782138671875000000e+02,8.815020751953125000e+02,4.002264404296875000e+03,2.762858276367187500e+02,1.187753784179687500e+03,3.668424682617187500e+02,1.599014160156250000e+03,8.278689453125000000e+03,6.940213623046875000e+02,1.275632400512695312e+02,1.170227783203125000e+03,9.340131835937500000e+02,5.600502929687500000e+02,4.586871337890625000e+02,3.790676879882812500e+02
4.680212402343750000e+02,1.866749877929687500e+03,7.328861694335937500e+02,6.650749511718750000e+03,1.457627563476562500e+03,3.974328002929687500e+02,3.465398254394531250e+02,1.374429016113281250e+02,5.555246582031250000e+03,1.458615966796875000e+03,9.468800048828125000e+02,1.290882812500000000e+03,1.392218017578125000e+03,6.875879516601562500e+02,8.610086669921875000e+02,1.863503173828125000e+03,1.093180419921875000e+03,2.424645080566406250e+02,7.874190063476562500e+02,2.718701904296875000e+03,3.194112304687500000e+03,1.516080566406250000e+03,8.918725585937500000e+02,1.876844970703125000e+03,7.577819824218750000e+02,5.819525146484375000e+02,6.026048583984375000e+02,3.065468750000000000e+02,2.741124023437500000e+03,3.325152282714843750e+02,7.602979492187500000e+03,3.462388671875000000e+03,3.171582946777343750e+02,3.556665527343750000e+03,5.868012695312500000e+02,1.042806152343750000e+03,4.023272949218750000e+03,3.965857238769531250e+02,1.066099243164062500e+03,4.488104858398437500e+02,2.063488525390625000e+03,7.911961425781250000e+03,8.632612304687500000e+02,1.193716125488281250e+02,1.213779785156250000e+03,9.710865478515625000e+02,5.939774169921875000e+02,4.729882812500000000e+02,4.057332458496093750e+02
4.427524414062500000e+02,1.955182250976562500e+03,7.385969848632812500e+02,9.575904296875000000e+03,1.440796386718750000e+03,4.255462036132812500e+02,3.291349487304687500e+02,1.556999969482421875e+02,6.063305664062500000e+03,1.685155029296875000e+03,9.736684570312500000e+02,1.243602050781250000e+03,1.364581909179687500e+03,4.952514648437500000e+02,7.890598144531250000e+02,1.840319702148437500e+03,9.200291748046875000e+02,2.424625396728515625e+02,7.941160278320312500e+02,2.539797607421875000e+03,3.021467285156250000e+03,1.570845703125000000e+03,8.176178588867187500e+02,1.839259155273437500e+03,7.524552001953125000e+02,5.566818237304687500e+02,7.090333251953125000e+02,3.668825073242187500e+02,2.824482910156250000e+03,3.783079528808593750e+02,7.386520507812500000e+03,3.492686279296875000e+03,3.125841064453125000e+02,3.565566894531250000e+03,5.864905395507812500e+02,1.272737548828125000e+03,4.036037109375000000e+03,4.032222595214843750e+02,1.632723876953125000e+03,3.864346008300781250e+02,1.823160156250000000e+03,8.452212890625000000e+03,8.461595458984375000e+02,1.777361602783203125e+02,1.154232788085937500e+03,8.818867187500000000e+02,6.110987548828125000e+02,4.949979248046875000e+02,3.279840698242187500e+02
4.862995605468750000e+02,1.808706054687500000e+03,6.585520019531250000e+02,5.936520019531250000e+03,1.400890747070312500e+03,4.083491210937500000e+02,3.155184631347656250e+02,1.434193420410156250e+02,5.465937500000000000e+03,1.601273437500000000e+03,8.944658203125000000e+02,1.169602294921875000e+03,1.146538330078125000e+03,4.609578552246093750e+02,8.400510253906250000e+02,2.915747070312500000e+03,7.977352294921875000e+02,2.322533264160156250e+02,6.052782592773437500e+02,2.446106689453125000e+03,3.086852783203125000e+03,2.082511718750000000e+03,8.225531616210937500e+02,1.833946411132812500e+03,5.042389526367187500e+02,5.926305541992187500e+02,5.848870239257812500e+02,3.140605468750000000e+02,2.513656005859375000e+03,3.422278137207031250e+02,6.566103027343750000e+03,3.444208007812500000e+03,4.032814941406250000e+02,3.543765625000000000e+03,4.301240234375000000e+02,9.144481201171875000e+02,4.033208251953125000e+03,3.942483520507812500e+02,1.174214965820312500e+03,2.611394042968750000e+02,1.715865600585937500e+03,8.203392578125000000e+03,7.710865478515625000e+02,1.110175933837890625e+02,1.138054443359375000e+03,8.425467529296875000e+02,5.216115112304687500e+02,4.607734375000000000e+02,2.958146057128906250e+02
5.258577880859375000e+02,1.778843872070312500e+03,7.118331298828125000e+02,6.215714355468750000e+03,1.467563720703125000e+03,3.720057983398437500e+02,3.233103027343750000e+02,1.234274215698242188e+02,5.580906250000000000e+03,1.520181640625000000e+03,8.785859375000000000e+02,1.217858642578125000e+03,1.238084472656250000e+03,4.738601989746093750e+02,8.764621582031250000e+02,1.856885253906250000e+03,9.137612915039062500e+02,2.769187011718750000e+02,7.175208129882812500e+02,2.498324707031250000e+03,3.044988281250000000e+03,1.369907958984375000e+03,8.497139892578125000e+02,1.785505126953125000e+03,7.156100463867187500e+02,6.094784545898437500e+02,4.863706359863281250e+02,4.179273986816406250e+02,2.664666992187500000e+03,3.452001647949218750e+02,5.955808593750000000e+03,3.149901123046875000e+03,2.931984863281250000e+02,3.543928222656250000e+03,7.195175781250000000e+02,9.397797851562500000e+02,3.963277832031250000e+03,3.348001098632812500e+02,1.489910034179687500e+03,2.678577270507812500e+02,1.843770263671875000e+03,8.213498046875000000e+03,7.522239990234375000e+02,1.733231201171875000e+02,1.111113525390625000e+03,7.566306152343750000e+02,5.720173339843750000e+02,4.988809814453125000e+02,3.779617919921875000e+02
4.504302978515625000e+02,1.761364868164062500e+03,8.070322875976562500e+02,5.587955078125000000e+03,1.339278808593750000e+03,4.457828369140625000e+02,3.253312072753906250e+02,1.711095581054687500e+02,4.876372070312500000e+03,1.265910400390625000e+03,9.075869140625000000e+02,1.193976806640625000e+03,1.196891357421875000e+03,4.544498901367187500e+02,1.521199340820312500e+02,1.860022460937500000e+03,8.685746459960937500e+02,2.878173828125000000e+02,5.424501953125000000e+02,2.244686279296875000e+03,3.270962158203125000e+03,1.351890014648437500e+03,8.299393310546875000e+02,1.806430541992187500e+03,4.201590576171875000e+02,4.134372558593750000e+02,4.447305297851562500e+02,5.302472534179687500e+02,2.437860107421875000e+03,3.792666320800781250e+02,8.144810058593750000e+03,2.716638916015625000e+03,2.875215454101562500e+02,3.472487304687500000e+03,3.380841064453125000e+02,6.477183837890625000e+02,7.214112304687500000e+03,3.809392700195312500e+02,9.513927001953125000e+02,2.365730895996093750e+02,1.547010864257812500e+03,7.947586425781250000e+03,6.431858520507812500e+02,1.471596679687500000e+02,1.062253417968750000e+03,6.160521240234375000e+02,5.260065917968750000e+02,4.889099121093750000e+02,3.707892150878906250e+02
4.593078613281250000e+02,1.932870361328125000e+03,5.875496826171875000e+02,5.506087890625000000e+03,1.573851806640625000e+03,4.400623168945312500e+02,4.143856201171875000e+02,-1.239868164062500000e+00,4.774460937500000000e+03,1.249009033203125000e+03,8.619188842773437500e+02,1.179914062500000000e+03,1.072286621093750000e+03,4.211078491210937500e+02,8.621743164062500000e+02,1.868894897460937500e+03,6.728229980468750000e+02,2.590032958984375000e+02,5.798250122070312500e+02,2.957237792968750000e+03,2.777119140625000000e+03,1.489363525390625000e+03,7.519122314453125000e+02,2.966488281250000000e+03,7.476834106445312500e+02,7.230941772460937500e+02,4.576872558593750000e+02,5.222282714843750000e+02,2.313393554687500000e+03,2.885642395019531250e+02,6.477578613281250000e+03,3.287015136718750000e+03,2.642565307617187500e+02,4.435052246093750000e+03,1.110744140625000000e+03,6.762700195312500000e+02,4.022121826171875000e+03,6.436636962890625000e+02,1.028910034179687500e+03,4.776552124023437500e+02,2.919164306640625000e+03,7.036822265625000000e+03,6.494147949218750000e+02,2.091078491210937500e+02,1.098202880859375000e+03,6.912644042968750000e+02,4.919873046875000000e+02,5.870740966796875000e+02,3.448590087890625000e+02
5.015139160156250000e+02,1.857092773437500000e+03,5.850065917968750000e+02,5.652211914062500000e+03,1.515041259765625000e+03,4.084579467773437500e+02,3.112528076171875000e+02,1.621638031005859375e+02,4.914776367187500000e+03,1.176347900390625000e+03,7.610419921875000000e+02,1.128947509765625000e+03,1.186371215820312500e+03,3.791762695312500000e+02,8.555759887695312500e+02,1.864205322265625000e+03,7.269096679687500000e+02,3.330710449218750000e+02,5.719898071289062500e+02,2.571650634765625000e+03,2.947392089843750000e+03,1.610350341796875000e+03,8.340382080078125000e+02,2.914301757812500000e+03,7.373729248046875000e+02,6.870255737304687500e+02,3.932622070312500000e+02,3.525985107421875000e+02,2.464568359375000000e+03,2.962982482910156250e+02,6.291386230468750000e+03,1.714885009765625000e+03,3.311827087402343750e+02,3.523680175781250000e+03,6.326539306640625000e+02,6.343578491210937500e+02,3.970231933593750000e+03,3.648092346191406250e+02,7.288105468750000000e+02,2.747178649902343750e+02,2.885942626953125000e+03,8.043513671875000000e+03,7.473200073242187500e+02,1.261924438476562500e+02,1.094931762695312500e+03,8.852824707031250000e+02,5.309113769531250000e+02,4.595203857421875000e+02,3.918085937500000000e+02
5.307561035156250000e+02,1.948003540039062500e+03,5.527812500000000000e+02,5.649529296875000000e+03,1.463124511718750000e+03,4.015886840820312500e+02,3.025210571289062500e+02,1.414319000244140625e+02,4.726870605468750000e+03,1.153971435546875000e+03,7.972488403320312500e+02,1.153182128906250000e+03,1.241342163085937500e+03,4.260999145507812500e+02,8.594709472656250000e+02,1.869206420898437500e+03,8.226480712890625000e+02,2.390573730468750000e+02,6.329094848632812500e+02,2.337981445312500000e+03,2.914384277343750000e+03,1.049809692382812500e+03,7.840319824218750000e+02,1.821775146484375000e+03,7.552897338867187500e+02,5.121432495117187500e+02,4.536147460937500000e+02,2.501375427246093750e+02,2.439474853515625000e+03,2.645503845214843750e+02,6.085035156250000000e+03,1.328883544921875000e+03,3.702601318359375000e+02,3.515932373046875000e+03,5.484265747070312500e+02,7.803950195312500000e+02,3.991576660156250000e+03,3.763834228515625000e+02,6.598663330078125000e+02,2.752567749023437500e+02,2.260333984375000000e+03,7.368258300781250000e+03,7.301931762695312500e+02,1.101083068847656250e+02,1.094873413085937500e+03,9.170279541015625000e+02,5.488665161132812500e+02,5.409886474609375000e+02,4.042505187988281250e+02
4.849864501953125000e+02,2.095387451171875000e+03,5.356777954101562500e+02,7.305285644531250000e+03,1.511903076171875000e+03,4.106016845703125000e+02,2.967749938964843750e+02,1.457390441894531250e+02,5.089815429687500000e+03,1.253792236328125000e+03,7.521911621093750000e+02,1.185121337890625000e+03,1.183775634765625000e+03,4.082033691406250000e+02,8.610343627929687500e+02,1.831347656250000000e+03,8.331143798828125000e+02,2.916356201171875000e+02,6.198255615234375000e+02,2.327995605468750000e+03,2.950986328125000000e+03,1.457883056640625000e+03,7.806165771484375000e+02,1.702626953125000000e+03,4.858920898437500000e+02,6.136041870117187500e+02,4.416403808593750000e+02,2.887632141113281250e+02,2.589224609375000000e+03,3.263331298828125000e+02,6.010489257812500000e+03,1.312719970703125000e+03,2.784240722656250000e+02,3.526315429687500000e+03,5.637222900390625000e+02,8.869616699218750000e+02,4.015735839843750000e+03,3.540100097656250000e+02,9.496221923828125000e+02,3.348062133789062500e+02,2.039042724609375000e+03,7.773393554687500000e+03,7.566072387695312500e+02,1.537744445800781250e+02,1.091968627929687500e+03,8.140500488281250000e+02,5.680744628906250000e+02,4.851025390625000000e+02,2.224677124023437500e+02
4.713759765625000000e+02,1.877827270507812500e+03,6.110962524414062500e+02,5.183477539062500000e+03,1.413603027343750000e+03,4.225348510742187500e+02,2.880963134765625000e+02,1.459538574218750000e+02,4.791759277343750000e+03,1.208444091796875000e+03,6.035092773437500000e+02,1.116532714843750000e+03,1.068325927734375000e+03,4.075874023437500000e+02,8.411145019531250000e+02,2.439652832031250000e+03,7.116520996093750000e+02,2.481720733642578125e+02,5.455557861328125000e+02,1.996909912109375000e+03,2.949837402343750000e+03,2.016907226562500000e+03,7.861512451171875000e+02,1.646483398437500000e+03,4.705578308105468750e+02,4.988038940429687500e+02,3.913928222656250000e+02,2.814970092773437500e+02,2.248160156250000000e+03,3.240968933105468750e+02,5.735253906250000000e+03,1.579984863281250000e+03,3.193671569824218750e+02,3.478323730468750000e+03,5.578171997070312500e+02,7.331519165039062500e+02,4.000282470703125000e+03,3.194398803710937500e+02,7.050665283203125000e+02,3.689468688964843750e+02,1.927872070312500000e+03,7.428446289062500000e+03,6.542060546875000000e+02,1.349197387695312500e+02,1.089434814453125000e+03,7.668428955078125000e+02,4.957969055175781250e+02,4.646282958984375000e+02,2.525819702148437500e+02
5.358927001953125000e+02,1.866917114257812500e+03,5.132985839843750000e+02,5.174391601562500000e+03,1.303441162109375000e+03,3.473193969726562500e+02,2.963880004882812500e+02,8.770666503906250000e+01,4.422037597656250000e+03,1.150498291015625000e+03,4.390167846679687500e+02,1.040670410156250000e+03,1.142574829101562500e+03,3.747268676757812500e+02,9.966058349609375000e+01,1.862988037109375000e+03,6.109398193359375000e+02,2.634169311523437500e+02,5.779761962890625000e+02,1.887660766601562500e+03,2.769114746093750000e+03,1.446168823242187500e+03,7.723422241210937500e+02,1.437805786132812500e+03,2.588984680175781250e+02,2.879187011718750000e+02,3.321068725585937500e+02,2.210968017578125000e+02,2.263143554687500000e+03,3.143427124023437500e+02,5.164720703125000000e+03,1.745636718750000000e+03,2.624473571777343750e+02,3.493946777343750000e+03,3.295002441406250000e+02,6.662513427734375000e+02,3.895869628906250000e+03,2.949588623046875000e+02,9.417530517578125000e+02,1.998096618652343750e+02,2.128829833984375000e+03,7.643988281250000000e+03,4.823825073242187500e+02,1.164177703857421875e+02,1.059064575195312500e+03,1.019731567382812500e+03,5.186752929687500000e+02,4.598087158203125000e+02,1.666722259521484375e+02
4.702890625000000000e+02,1.803481201171875000e+03,5.649306030273437500e+02,5.451753906250000000e+03,1.283035766601562500e+03,3.513625488281250000e+02,3.088252563476562500e+02,-1.112217712402343750e+01,3.994734863281250000e+03,1.139781494140625000e+03,3.972388916015625000e+02,1.141680664062500000e+03,1.173804687500000000e+03,3.611818847656250000e+02,7.793444824218750000e+01,1.834447875976562500e+03,6.253695068359375000e+02,2.999046325683593750e+02,5.115382080078125000e+02,1.936411621093750000e+03,3.140768554687500000e+03,1.050603637695312500e+03,7.407883300781250000e+02,1.586364990234375000e+03,2.939599304199218750e+02,2.737663574218750000e+02,3.229230957031250000e+02,2.178926086425781250e+02,2.098540039062500000e+03,2.570034179687500000e+02,5.859604492187500000e+03,1.121088134765625000e+03,3.336942749023437500e+02,3.366281005859375000e+03,3.141201171875000000e+02,6.079006347656250000e+02,6.533874023437500000e+03,2.776968078613281250e+02,4.519699707031250000e+02,1.802949829101562500e+02,1.912401367187500000e+03,7.402649414062500000e+03,4.723826904296875000e+02,1.121942977905273438e+02,1.072175781250000000e+03,6.207596435546875000e+02,4.859085998535156250e+02,5.303771972656250000e+02,1.334750671386718750e+02
4.838293457031250000e+02,1.871789794921875000e+03,5.081867675781250000e+02,4.786266601562500000e+03,1.376046386718750000e+03,3.440806274414062500e+02,3.726034240722656250e+02,-2.823133850097656250e+01,3.843606445312500000e+03,1.138936523437500000e+03,3.779161987304687500e+02,1.044870361328125000e+03,1.019693725585937500e+03,3.415049438476562500e+02,1.307227783203125000e+02,1.805873535156250000e+03,4.742757568359375000e+02,2.351849670410156250e+02,5.161710205078125000e+02,2.320686767578125000e+03,2.534514892578125000e+03,1.939807250976562500e+03,6.924509887695312500e+02,1.352851806640625000e+03,2.657770996093750000e+02,2.913728332519531250e+02,3.080270385742187500e+02,1.739833068847656250e+02,1.859765136718750000e+03,2.874827575683593750e+02,4.869014648437500000e+03,1.491852539062500000e+03,2.596655273437500000e+02,3.413051269531250000e+03,3.165148925781250000e+02,6.071232299804687500e+02,3.931402832031250000e+03,2.273922729492187500e+02,4.683977050781250000e+02,2.474451904296875000e+02,2.212265136718750000e+03,7.096685058593750000e+03,5.262426147460937500e+02,9.941543579101562500e+01,1.101665161132812500e+03,8.500434570312500000e+02,4.716598815917968750e+02,5.608157958984375000e+02,1.072451171875000000e+02
5.033806152343750000e+02,1.744017578125000000e+03,5.259262695312500000e+02,4.812943359375000000e+03,1.304176513671875000e+03,3.831437988281250000e+02,4.221960754394531250e+02,-2.739576721191406250e+01,4.023822753906250000e+03,1.121395263671875000e+03,4.129522094726562500e+02,1.011077636718750000e+03,1.051759277343750000e+03,3.295166625976562500e+02,1.272178955078125000e+02,1.843326904296875000e+03,5.360739746093750000e+02,2.514662017822265625e+02,5.207028808593750000e+02,2.012671875000000000e+03,2.646683105468750000e+03,2.223237060546875000e+03,7.388715209960937500e+02,1.748418457031250000e+03,2.825825805664062500e+02,3.010628662109375000e+02,2.898690795898437500e+02,2.169755554199218750e+02,1.929030639648437500e+03,2.225510864257812500e+02,5.034254394531250000e+03,1.252222900390625000e+03,4.903224487304687500e+02,3.401924316406250000e+03,3.094586181640625000e+02,4.861288452148437500e+02,3.927483886718750000e+03,2.133270874023437500e+02,4.566699218750000000e+02,2.657881469726562500e+02,1.598615478515625000e+03,7.316674804687500000e+03,5.111024169921875000e+02,1.181104660034179688e+02,1.138713989257812500e+03,1.144424560546875000e+03,4.970500488281250000e+02,4.567447509765625000e+02,1.091943588256835938e+02
5.360665283203125000e+02,1.731581420898437500e+03,5.118136596679687500e+02,4.874569335937500000e+03,1.310123535156250000e+03,3.656431274414062500e+02,2.902487182617187500e+02,-2.810450744628906250e+01,4.028146484375000000e+03,1.115159667968750000e+03,4.014553222656250000e+02,1.031597167968750000e+03,1.036524902343750000e+03,3.653540649414062500e+02,3.316588134765625000e+02,1.858315551757812500e+03,7.273245849609375000e+02,2.356504211425781250e+02,5.382744140625000000e+02,2.069934082031250000e+03,2.581888671875000000e+03,1.276100708007812500e+03,7.477058105468750000e+02,1.496249511718750000e+03,2.908391113281250000e+02,3.378565063476562500e+02,3.064658203125000000e+02,1.807117919921875000e+02,1.894966552734375000e+03,2.746413879394531250e+02,5.271738769531250000e+03,1.432946044921875000e+03,2.616813659667968750e+02,3.397762695312500000e+03,3.538415527343750000e+02,5.008377685546875000e+02,3.962897216796875000e+03,2.699508666992187500e+02,5.762796630859375000e+02,1.620430908203125000e+02,1.715204101562500000e+03,7.707543457031250000e+03,5.128778686523437500e+02,1.002101745605468750e+02,1.108068725585937500e+03,1.180702148437500000e+03,5.155562744140625000e+02,4.958959960937500000e+02,1.194503784179687500e+02
5.006904296875000000e+02,1.816093017578125000e+03,5.388557128906250000e+02,5.481857421875000000e+03,1.411191894531250000e+03,3.631311645507812500e+02,4.013742675781250000e+02,-1.481852722167968750e+01,4.276284667968750000e+03,1.147639404296875000e+03,3.896542053222656250e+02,1.042437500000000000e+03,1.097974487304687500e+03,3.454312744140625000e+02,4.871138916015625000e+02,1.735616455078125000e+03,6.058259277343750000e+02,2.311094360351562500e+02,5.628824462890625000e+02,1.975565917968750000e+03,2.556901855468750000e+03,1.006006958007812500e+03,7.127442626953125000e+02,1.419525634765625000e+03,2.786369018554687500e+02,3.220367126464843750e+02,3.233703613281250000e+02,1.842592468261718750e+02,2.444972167968750000e+03,2.349083251953125000e+02,5.567554687500000000e+03,1.466197265625000000e+03,2.989752502441406250e+02,3.471598388671875000e+03,3.334047851562500000e+02,5.387633056640625000e+02,4.002558349609375000e+03,2.595644226074218750e+02,6.371962890625000000e+02,1.534998168945312500e+02,1.530030273437500000e+03,7.421940917968750000e+03,5.850106811523437500e+02,1.131465301513671875e+02,1.116248535156250000e+03,9.357697753906250000e+02,5.127134399414062500e+02,4.856915283203125000e+02,1.364834594726562500e+02
4.944116210937500000e+02,1.732927734375000000e+03,4.719415283203125000e+02,4.582900390625000000e+03,1.281477050781250000e+03,3.753132324218750000e+02,3.063545837402343750e+02,-2.566340637207031250e+01,4.018427734375000000e+03,1.149363525390625000e+03,3.811812133789062500e+02,1.005060058593750000e+03,1.002425659179687500e+03,3.398139038085937500e+02,3.102157592773437500e+02,1.640719726562500000e+03,5.105340576171875000e+02,2.282392578125000000e+02,4.888469238281250000e+02,1.693746459960937500e+03,2.631575439453125000e+03,1.840353515625000000e+03,7.449409790039062500e+02,1.477012451171875000e+03,2.600202026367187500e+02,2.945294799804687500e+02,2.936411743164062500e+02,1.829002990722656250e+02,1.880168212890625000e+03,2.370081787109375000e+02,5.909017578125000000e+03,1.300305175781250000e+03,2.640912780761718750e+02,3.351022460937500000e+03,3.236235351562500000e+02,4.989905395507812500e+02,3.974634277343750000e+03,2.561222839355468750e+02,4.520145263671875000e+02,2.196878967285156250e+02,1.095169189453125000e+03,7.603111816406250000e+03,4.412050781250000000e+02,1.049947052001953125e+02,1.160511718750000000e+03,9.461828613281250000e+02,4.824410095214843750e+02,4.411043701171875000e+02,9.383123779296875000e+01
