6.953450927734375000e+02,4.670264648437500000e+03,7.391685791015625000e+02,1.217189453125000000e+04,2.029693847656250000e+03,5.078084106445312500e+02,4.236406555175781250e+02,1.931354675292968750e+02,7.597257324218750000e+03,3.276501464843750000e+03,9.408789062500000000e+02,3.242591064453125000e+03,1.638470458984375000e+03,1.037417480468750000e+03,8.801853637695312500e+02,1.960737915039062500e+03,4.596400146484375000e+02,2.580311584472656250e+02,3.487381103515625000e+03,2.083578857421875000e+03,8.320894531250000000e+03,1.141271850585937500e+03,4.099735717773437500e+02,3.002046142578125000e+03,2.884077148437500000e+02,4.746987915039062500e+02,1.148742431640625000e+03,3.016032104492187500e+02,4.674523925781250000e+03,4.201834411621093750e+02,8.037579589843750000e+03,1.018713867187500000e+04,1.616107940673828125e+02,5.762540527343750000e+03,6.777085571289062500e+02,1.725868530273437500e+03,4.737864746093750000e+03,2.768340148925781250e+02,1.778134765625000000e+03,1.291565399169921875e+02,2.285776123046875000e+03,5.533041992187500000e+03,2.910301269531250000e+03,1.333290405273437500e+02,3.227760498046875000e+03,2.498571289062500000e+03,1.326157714843750000e+03,2.208965087890625000e+03,2.387386474609375000e+02
6.649891357421875000e+02,4.723374023437500000e+03,8.069876708984375000e+02,1.207965332031250000e+04,2.150205566406250000e+03,6.811678466796875000e+02,4.530214233398437500e+02,1.492236938476562500e+02,7.421069335937500000e+03,3.553640869140625000e+03,8.209168090820312500e+02,3.335760009765625000e+03,1.605613281250000000e+03,7.914839477539062500e+02,9.252643432617187500e+02,1.447338134765625000e+03,4.960965576171875000e+02,2.821324462890625000e+02,1.581747192382812500e+03,2.190991699218750000e+03,4.576948730468750000e+03,1.664098510742187500e+03,4.548442993164062500e+02,3.506146728515625000e+03,3.600791625976562500e+02,6.582501831054687500e+02,2.120696777343750000e+03,3.181566162109375000e+02,4.255486816406250000e+03,4.341003417968750000e+02,8.631252929687500000e+03,4.599965332031250000e+03,2.305179748535156250e+02,8.100616699218750000e+03,6.784420776367187500e+02,1.442786621093750000e+03,4.496353515625000000e+03,3.183698730468750000e+02,2.798655761718750000e+03,2.240191955566406250e+02,2.243491699218750000e+03,5.790273925781250000e+03,3.441764892578125000e+03,2.181125183105468750e+02,2.694270263671875000e+03,1.840363403320312500e+03,1.139719482421875000e+03,3.776265625000000000e+03,3.904953002929687500e+02
7.603471679687500000e+02,3.294595458984375000e+03,7.526290283203125000e+02,1.259511328125000000e+04,2.457129150390625000e+03,5.770806274414062500e+02,4.505801391601562500e+02,2.712631530761718750e+02,7.056027832031250000e+03,3.480207763671875000e+03,9.340100708007812500e+02,2.818061035156250000e+03,1.698983154296875000e+03,1.476443481445312500e+03,7.152836914062500000e+02,1.781682250976562500e+03,4.728388671875000000e+02,2.581880493164062500e+02,1.460213134765625000e+03,2.208518310546875000e+03,3.612403320312500000e+03,1.810647949218750000e+03,4.899285278320312500e+02,2.160641845703125000e+03,5.136790771484375000e+02,9.189880371093750000e+02,1.147788208007812500e+03,2.235695800781250000e+02,4.171384765625000000e+03,3.649648742675781250e+02,7.510612304687500000e+03,3.254963378906250000e+03,2.917204589843750000e+02,4.239930664062500000e+03,6.188145751953125000e+02,8.132675781250000000e+02,5.254652343750000000e+03,2.762378845214843750e+02,1.758146728515625000e+03,2.698063354492187500e+02,2.165869140625000000e+03,5.458838378906250000e+03,1.547978149414062500e+03,1.149014511108398438e+02,2.829629882812500000e+03,2.010102294921875000e+03,8.856445312500000000e+02,2.917310546875000000e+03,5.212802734375000000e+02
7.779879150390625000e+02,6.291969726562500000e+03,7.785034179687500000e+02,1.663240820312500000e+04,2.131021728515625000e+03,5.498641967773437500e+02,4.413576660156250000e+02,1.398471832275390625e+02,7.993370117187500000e+03,3.688883789062500000e+03,1.131125366210937500e+03,3.083200439453125000e+03,1.824308837890625000e+03,1.041501586914062500e+03,1.193416381835937500e+03,2.084488769531250000e+03,6.520959472656250000e+02,2.654467163085937500e+02,1.335087890625000000e+03,2.554270263671875000e+03,4.773101074218750000e+03,2.058518310546875000e+03,5.319876098632812500e+02,3.158078613281250000e+03,7.275706787109375000e+02,1.239132568359375000e+03,1.049467407226562500e+03,3.633626403808593750e+02,6.585491699218750000e+03,7.354724731445312500e+02,8.563611328125000000e+03,3.981506347656250000e+03,2.343700408935546875e+02,4.253179199218750000e+03,1.098683837890625000e+03,1.054862792968750000e+03,7.168179199218750000e+03,2.555258483886718750e+02,1.726642089843750000e+03,2.835538024902343750e+02,2.323591308593750000e+03,5.597123535156250000e+03,3.555260253906250000e+03,2.025776367187500000e+02,3.247265136718750000e+03,2.024255493164062500e+03,1.108159179687500000e+03,3.229351562500000000e+03,5.283183593750000000e+02
8.721776733398437500e+02,4.135489257812500000e+03,8.083054199218750000e+02,1.413381738281250000e+04,2.247844482421875000e+03,7.963280029296875000e+02,4.212369384765625000e+02,2.501938781738281250e+02,7.536217285156250000e+03,3.663756347656250000e+03,1.125822875976562500e+03,4.139383300781250000e+03,1.878047363281250000e+03,1.463202880859375000e+03,1.134369262695312500e+03,2.056768554687500000e+03,6.696148681640625000e+02,2.817231445312500000e+02,1.479492187500000000e+03,2.266721435546875000e+03,3.719594482421875000e+03,1.853303222656250000e+03,5.566809692382812500e+02,3.356781494140625000e+03,4.481797790527343750e+02,1.006565917968750000e+03,1.824757080078125000e+03,4.560027770996093750e+02,5.160404296875000000e+03,5.717037963867187500e+02,8.971138671875000000e+03,3.743195312500000000e+03,2.783724670410156250e+02,5.305715820312500000e+03,1.039021728515625000e+03,2.559888183593750000e+03,4.719900390625000000e+03,3.157442321777343750e+02,1.982522705078125000e+03,2.537430877685546875e+02,2.580156494140625000e+03,7.018852539062500000e+03,2.029334594726562500e+03,2.029697570800781250e+02,3.061982177734375000e+03,2.876754150390625000e+03,1.507318481445312500e+03,2.181467041015625000e+03,3.971360473632812500e+02
9.280191650390625000e+02,3.201291503906250000e+03,7.648707275390625000e+02,2.743010156250000000e+04,3.101134277343750000e+03,6.613529663085937500e+02,4.533481750488281250e+02,1.715754699707031250e+02,6.979609375000000000e+03,3.607273437500000000e+03,9.539141845703125000e+02,4.207333007812500000e+03,1.622386230468750000e+03,8.154699707031250000e+02,9.866616210937500000e+02,2.737157226562500000e+03,5.224775390625000000e+02,2.596051635742187500e+02,1.521719726562500000e+03,2.138002929687500000e+03,3.643794677734375000e+03,1.453881347656250000e+03,5.032850952148437500e+02,4.355522460937500000e+03,5.245601806640625000e+02,9.817607421875000000e+02,1.030701782226562500e+03,2.659884338378906250e+02,4.133829101562500000e+03,4.177410278320312500e+02,7.870881835937500000e+03,3.376830566406250000e+03,2.420935974121093750e+02,4.122586914062500000e+03,7.661235961914062500e+02,1.083581665039062500e+03,4.219359375000000000e+03,2.053365173339843750e+02,3.208245361328125000e+03,2.752015686035156250e+02,2.371225585937500000e+03,5.286875976562500000e+03,1.688117431640625000e+03,1.284579772949218750e+02,2.583555419921875000e+03,1.770913940429687500e+03,6.259262695312500000e+02,1.810197875976562500e+03,5.264577026367187500e+02
1.085456542968750000e+03,3.760121337890625000e+03,7.630520019531250000e+02,3.241580273437500000e+04,2.430576904296875000e+03,5.279687500000000000e+02,4.612868652343750000e+02,2.067153778076171875e+02,6.980723632812500000e+03,3.597284179687500000e+03,8.011172485351562500e+02,3.591938720703125000e+03,1.629743041992187500e+03,1.296630737304687500e+03,1.231700195312500000e+03,2.104654785156250000e+03,6.592130126953125000e+02,2.675502319335937500e+02,1.561944946289062500e+03,2.234558349609375000e+03,3.313575439453125000e+03,1.571206787109375000e+03,5.413099975585937500e+02,3.313308105468750000e+03,7.626817016601562500e+02,1.372999755859375000e+03,1.898906982421875000e+03,3.928957824707031250e+02,3.331476318359375000e+03,6.639934692382812500e+02,7.236252929687500000e+03,1.830342773437500000e+03,2.933992614746093750e+02,4.121009277343750000e+03,8.744262695312500000e+02,1.758776245117187500e+03,4.198018554687500000e+03,2.378171997070312500e+02,1.687451293945312500e+03,3.169094238281250000e+02,2.231282226562500000e+03,5.332109863281250000e+03,1.704371337890625000e+03,2.050807037353515625e+02,2.259183593750000000e+03,1.937677978515625000e+03,7.620315551757812500e+02,2.614146484375000000e+03,4.923409423828125000e+02
7.316997070312500000e+02,5.377011718750000000e+03,6.778760986328125000e+02,1.492423828125000000e+04,2.227316650390625000e+03,4.997062377929687500e+02,2.960175170898437500e+02,1.797233428955078125e+02,6.812529785156250000e+03,7.441448242187500000e+03,8.480344238281250000e+02,2.341994873046875000e+03,1.593133544921875000e+03,1.115461425781250000e+03,2.654984375000000000e+03,2.137320556640625000e+03,4.930830078125000000e+02,2.630709533691406250e+02,1.131938720703125000e+03,2.047478637695312500e+03,3.070384033203125000e+03,9.705991210937500000e+02,4.969893798828125000e+02,3.075331542968750000e+03,4.325734252929687500e+02,1.088423339843750000e+03,1.025136474609375000e+03,4.693658447265625000e+02,3.012930664062500000e+03,7.852910156250000000e+02,7.503812011718750000e+03,1.670630126953125000e+03,2.675806579589843750e+02,4.190179687500000000e+03,6.450446777343750000e+02,1.950258544921875000e+03,4.492930664062500000e+03,1.979745788574218750e+02,1.878715332031250000e+03,6.618717651367187500e+02,1.972401123046875000e+03,5.119928710937500000e+03,3.364661132812500000e+03,1.423271484375000000e+02,1.954248291015625000e+03,1.385719238281250000e+03,1.085734619140625000e+03,1.670001464843750000e+03,5.168713378906250000e+02
7.255158691406250000e+02,5.624603515625000000e+03,7.186811523437500000e+02,1.510723535156250000e+04,4.238948242187500000e+03,5.312075195312500000e+02,4.525469970703125000e+02,1.724765319824218750e+02,6.954820312500000000e+03,3.710459716796875000e+03,1.062272949218750000e+03,2.532243408203125000e+03,1.590719238281250000e+03,1.018013549804687500e+03,1.150959594726562500e+03,2.056415771484375000e+03,6.997828369140625000e+02,2.658015747070312500e+02,1.306659057617187500e+03,2.099827392578125000e+03,3.931507812500000000e+03,1.147044921875000000e+03,5.279396972656250000e+02,3.706573730468750000e+03,5.798599853515625000e+02,1.313722534179687500e+03,1.113755126953125000e+03,3.513982849121093750e+02,4.252089843750000000e+03,1.231353515625000000e+03,7.831330566406250000e+03,3.101106445312500000e+03,2.778767700195312500e+02,8.098131347656250000e+03,7.835277099609375000e+02,1.405093994140625000e+03,4.470759765625000000e+03,3.004354248046875000e+02,2.429969726562500000e+03,2.916357421875000000e+02,3.289129882812500000e+03,5.829886718750000000e+03,3.546176757812500000e+03,1.747471008300781250e+02,2.449621093750000000e+03,1.693146728515625000e+03,1.236801391601562500e+03,2.199374023437500000e+03,5.382026367187500000e+02
8.585342407226562500e+02,3.646052734375000000e+03,7.095722045898437500e+02,1.489629296875000000e+04,2.855162109375000000e+03,7.073557739257812500e+02,6.019383544921875000e+02,2.174243316650390625e+02,6.880105468750000000e+03,3.651365478515625000e+03,9.831382446289062500e+02,2.710666748046875000e+03,1.717144287109375000e+03,1.147807617187500000e+03,8.621140747070312500e+02,2.180396728515625000e+03,6.214412841796875000e+02,2.776978149414062500e+02,1.347689575195312500e+03,2.154451416015625000e+03,3.010691406250000000e+03,1.322660644531250000e+03,5.344321899414062500e+02,2.563333984375000000e+03,8.664648437500000000e+02,9.179520263671875000e+02,1.229544311523437500e+03,4.023621826171875000e+02,3.766981933593750000e+03,1.449960449218750000e+03,8.862160156250000000e+03,3.354286132812500000e+03,2.865968627929687500e+02,4.295844726562500000e+03,6.947708740234375000e+02,1.537050170898437500e+03,4.300969238281250000e+03,2.472226562500000000e+02,5.145578125000000000e+03,3.214714050292968750e+02,4.213541992187500000e+03,6.059145507812500000e+03,2.311376464843750000e+03,1.414564971923828125e+02,2.467318847656250000e+03,1.732536132812500000e+03,8.784003906250000000e+02,1.751133789062500000e+03,5.304287109375000000e+02
9.156836547851562500e+02,6.361733398437500000e+03,7.004105224609375000e+02,1.649376562500000000e+04,4.320268554687500000e+03,5.994428710937500000e+02,4.394638671875000000e+02,2.013459320068359375e+02,7.087936523437500000e+03,3.805044921875000000e+03,1.116218750000000000e+03,3.455905517578125000e+03,1.807526367187500000e+03,8.722766113281250000e+02,1.268958007812500000e+03,2.178626953125000000e+03,7.912172851562500000e+02,3.074379272460937500e+02,1.182432495117187500e+03,2.257904541015625000e+03,3.988362792968750000e+03,1.841872558593750000e+03,5.640793457031250000e+02,3.424734863281250000e+03,8.621151123046875000e+02,1.355998779296875000e+03,1.496539428710937500e+03,2.472443847656250000e+02,3.586985107421875000e+03,1.238897827148437500e+03,7.862922363281250000e+03,4.079895019531250000e+03,3.236391296386718750e+02,4.137833007812500000e+03,9.370326538085937500e+02,1.233488769531250000e+03,6.308974609375000000e+03,2.269977722167968750e+02,4.524330078125000000e+03,6.089931030273437500e+02,3.084493652343750000e+03,6.401712890625000000e+03,3.609832519531250000e+03,1.441858825683593750e+02,2.877815673828125000e+03,1.555584594726562500e+03,7.723976440429687500e+02,1.759668212890625000e+03,5.374185180664062500e+02
7.496539306640625000e+02,4.276718750000000000e+03,7.153655395507812500e+02,3.020324218750000000e+04,3.952107421875000000e+03,5.315128173828125000e+02,4.072708129882812500e+02,1.537654876708984375e+02,6.858161132812500000e+03,3.703372314453125000e+03,1.063798828125000000e+03,2.658924316406250000e+03,1.722805786132812500e+03,9.954899902343750000e+02,1.132071044921875000e+03,2.135268798828125000e+03,7.866235351562500000e+02,2.759200439453125000e+02,1.156851928710937500e+03,2.130318847656250000e+03,3.413345703125000000e+03,2.229321533203125000e+03,5.595543212890625000e+02,2.936038085937500000e+03,8.245652465820312500e+02,1.253210083007812500e+03,1.165514404296875000e+03,2.197016906738281250e+02,3.935981445312500000e+03,1.289904541015625000e+03,7.761156250000000000e+03,3.981735351562500000e+03,3.041344299316406250e+02,4.145063964843750000e+03,1.023399169921875000e+03,1.142559692382812500e+03,4.459528320312500000e+03,2.232936706542968750e+02,3.793216796875000000e+03,2.827234802246093750e+02,2.858194091796875000e+03,5.956455078125000000e+03,2.445595214843750000e+03,1.345576782226562500e+02,1.800510009765625000e+03,1.217791748046875000e+03,6.857139282226562500e+02,1.866397705078125000e+03,5.399642333984375000e+02
7.049289550781250000e+02,3.930598144531250000e+03,7.589699707031250000e+02,1.487831640625000000e+04,3.640536865234375000e+03,5.348448486328125000e+02,3.340512084960937500e+02,1.078171615600585938e+02,6.854248046875000000e+03,3.672852294921875000e+03,1.103288208007812500e+03,3.177705566406250000e+03,1.577614624023437500e+03,6.371108398437500000e+02,1.123114257812500000e+03,4.134919921875000000e+03,4.731556396484375000e+02,2.612323608398437500e+02,7.706092529296875000e+02,2.097663818359375000e+03,3.019425048828125000e+03,2.062554199218750000e+03,4.873110351562500000e+02,4.327185546875000000e+03,8.706582031250000000e+02,1.203413330078125000e+03,1.084402221679687500e+03,2.074833068847656250e+02,3.280100097656250000e+03,1.594316894531250000e+03,7.404821289062500000e+03,3.526543457031250000e+03,2.980646362304687500e+02,4.110301269531250000e+03,7.116708984375000000e+02,7.446974487304687500e+02,3.431195312500000000e+03,2.004427490234375000e+02,2.537444824218750000e+03,2.829270935058593750e+02,2.717812011718750000e+03,5.375996582031250000e+03,1.539761962890625000e+03,1.515498046875000000e+02,2.452625000000000000e+03,1.333258300781250000e+03,7.074489746093750000e+02,9.425220947265625000e+02,5.362759399414062500e+02
7.951977539062500000e+02,5.379395507812500000e+03,7.822387695312500000e+02,1.884233398437500000e+04,2.810897705078125000e+03,5.135168457031250000e+02,4.195713195800781250e+02,1.453384094238281250e+02,6.884142578125000000e+03,3.595277832031250000e+03,8.367971191406250000e+02,2.873429687500000000e+03,1.613301757812500000e+03,7.156977539062500000e+02,9.956472778320312500e+02,2.180238769531250000e+03,8.197760009765625000e+02,2.707518310546875000e+02,1.557146728515625000e+03,2.149524902343750000e+03,2.540961914062500000e+03,2.196126953125000000e+03,5.101829223632812500e+02,2.866530761718750000e+03,8.532827148437500000e+02,9.171826171875000000e+02,1.061539794921875000e+03,2.035310058593750000e+02,3.265153320312500000e+03,1.557102783203125000e+03,7.022812011718750000e+03,4.350985351562500000e+03,4.042815551757812500e+02,4.108465332031250000e+03,7.084579467773437500e+02,1.436461425781250000e+03,3.652060058593750000e+03,3.065310974121093750e+02,2.852441406250000000e+03,2.734400329589843750e+02,2.909201171875000000e+03,5.259831054687500000e+03,1.705153442382812500e+03,1.184982986450195312e+02,2.704046875000000000e+03,1.521323974609375000e+03,7.174409179687500000e+02,1.467322509765625000e+03,5.163662719726562500e+02
7.280838623046875000e+02,5.480705078125000000e+03,6.963617553710937500e+02,1.375817675781250000e+04,2.550860351562500000e+03,4.751127929687500000e+02,5.614577636718750000e+02,9.195048522949218750e+01,6.590020507812500000e+03,7.362686523437500000e+03,9.942686157226562500e+02,2.065691650390625000e+03,1.464954101562500000e+03,7.222744140625000000e+02,2.314059082031250000e+03,2.137194335937500000e+03,5.173924560546875000e+02,2.861080932617187500e+02,7.740333251953125000e+02,2.018437255859375000e+03,2.227988281250000000e+03,1.732238159179687500e+03,4.915371093750000000e+02,2.779253662109375000e+03,8.643997802734375000e+02,9.583823242187500000e+02,1.086709106445312500e+03,1.982456970214843750e+02,2.969708251953125000e+03,8.933371582031250000e+02,6.664481933593750000e+03,9.584631835937500000e+03,4.048438110351562500e+02,4.024704833984375000e+03,5.507202148437500000e+02,6.943492431640625000e+02,3.294716796875000000e+03,2.056941833496093750e+02,4.359603515625000000e+03,5.486191406250000000e+02,2.347747558593750000e+03,4.895621093750000000e+03,3.576564941406250000e+03,1.035032806396484375e+02,1.514387817382812500e+03,9.371785888671875000e+02,6.520360107421875000e+02,9.390020751953125000e+02,5.402175903320312500e+02
8.059228515625000000e+02,5.368588867187500000e+03,8.686846923828125000e+02,1.369717285156250000e+04,2.533039794921875000e+03,5.455110473632812500e+02,4.205465393066406250e+02,1.302487640380859375e+02,7.249830078125000000e+03,3.694357421875000000e+03,9.738691406250000000e+02,3.169901855468750000e+03,1.510098510742187500e+03,8.993002929687500000e+02,1.051705322265625000e+03,2.080515869140625000e+03,6.813676757812500000e+02,2.699721069335937500e+02,1.138970947265625000e+03,2.054628906250000000e+03,3.326096435546875000e+03,1.689930419921875000e+03,5.202037353515625000e+02,3.945936767578125000e+03,8.674584960937500000e+02,8.688125000000000000e+02,1.157424926757812500e+03,2.045899353027343750e+02,3.760277343750000000e+03,1.014348937988281250e+03,6.880275878906250000e+03,4.514254882812500000e+03,6.130513916015625000e+02,8.074240234375000000e+03,7.517634887695312500e+02,1.099152587890625000e+03,3.783955322265625000e+03,2.008268737792968750e+02,3.041981933593750000e+03,6.694523315429687500e+02,3.117039550781250000e+03,5.325233886718750000e+03,3.577476562500000000e+03,1.159901580810546875e+02,2.635535156250000000e+03,1.155979980468750000e+03,1.165438842773437500e+03,1.092809082031250000e+03,3.351480712890625000e+02
9.791810302734375000e+02,3.640498535156250000e+03,7.348754272460937500e+02,1.333816699218750000e+04,3.868398925781250000e+03,8.109389648437500000e+02,3.598526306152343750e+02,1.240819168090820312e+02,7.173716796875000000e+03,3.611751220703125000e+03,1.099965698242187500e+03,2.260137695312500000e+03,1.646331054687500000e+03,1.256023925781250000e+03,7.807100830078125000e+02,2.177713378906250000e+03,5.800222167968750000e+02,2.670714721679687500e+02,1.115900390625000000e+03,2.098435302734375000e+03,3.386916259765625000e+03,1.698055664062500000e+03,5.623780517578125000e+02,2.733112304687500000e+03,8.707233276367187500e+02,8.581298828125000000e+02,1.056679443359375000e+03,2.035008239746093750e+02,3.521963623046875000e+03,8.819874267578125000e+02,8.115609375000000000e+03,4.359929199218750000e+03,5.510615234375000000e+02,4.240897460937500000e+03,6.828774414062500000e+02,8.540871582031250000e+02,3.564649169921875000e+03,1.942106018066406250e+02,5.758506835937500000e+03,3.414389953613281250e+02,3.917859375000000000e+03,5.366223144531250000e+03,1.913817749023437500e+03,1.116743011474609375e+02,2.996134521484375000e+03,1.449294677734375000e+03,9.782695922851562500e+02,1.275563598632812500e+03,5.296776733398437500e+02
1.000337768554687500e+03,6.358301269531250000e+03,8.052996826171875000e+02,1.493814453125000000e+04,4.362865234375000000e+03,5.923184814453125000e+02,3.158541259765625000e+02,1.587768249511718750e+02,7.494492675781250000e+03,3.759793945312500000e+03,1.196390258789062500e+03,3.754830078125000000e+03,1.796487060546875000e+03,1.030057861328125000e+03,1.176852783203125000e+03,2.181946777343750000e+03,7.262962646484375000e+02,2.876514892578125000e+02,1.018130371093750000e+03,2.183646972656250000e+03,3.551070068359375000e+03,1.693949829101562500e+03,5.423883056640625000e+02,3.377097656250000000e+03,8.685687255859375000e+02,9.649613037109375000e+02,1.360517700195312500e+03,2.013761901855468750e+02,4.664364257812500000e+03,1.603256835937500000e+03,7.730380859375000000e+03,4.588404296875000000e+03,4.417294311523437500e+02,4.139618652343750000e+03,1.020193969726562500e+03,1.319606323242187500e+03,3.184766601562500000e+03,2.031030883789062500e+02,5.510576171875000000e+03,6.135614013671875000e+02,3.437168945312500000e+03,6.278297851562500000e+03,3.592512451171875000e+03,1.166178131103515625e+02,4.210369140625000000e+03,1.744629150390625000e+03,1.057713134765625000e+03,1.036353393554687500e+03,5.361265869140625000e+02
1.065165527343750000e+03,6.080655761718750000e+03,7.812591552734375000e+02,3.014528906250000000e+04,4.260060546875000000e+03,5.974220581054687500e+02,3.288277893066406250e+02,1.676891632080078125e+02,7.091472656250000000e+03,3.700564941406250000e+03,1.180264160156250000e+03,2.871445312500000000e+03,1.667864013671875000e+03,9.386437377929687500e+02,1.164040893554687500e+03,2.012910644531250000e+03,5.656070556640625000e+02,2.957854614257812500e+02,1.352358764648437500e+03,2.110130126953125000e+03,3.623765869140625000e+03,1.717081298828125000e+03,6.173621826171875000e+02,2.903563964843750000e+03,8.753570556640625000e+02,1.090143920898437500e+03,1.280749389648437500e+03,1.939295043945312500e+02,4.361533691406250000e+03,1.310986816406250000e+03,7.784321777343750000e+03,4.395871582031250000e+03,4.498971862792968750e+02,4.244703125000000000e+03,1.335713745117187500e+03,9.980450439453125000e+02,4.500076660156250000e+03,2.105360107421875000e+02,4.732249023437500000e+03,2.794394531250000000e+02,3.033068359375000000e+03,6.351977539062500000e+03,3.146969726562500000e+03,1.160784225463867188e+02,2.774758789062500000e+03,1.494551635742187500e+03,1.336793212890625000e+03,8.912032470703125000e+02,5.405257568359375000e+02
1.258649414062500000e+03,3.328634521484375000e+03,9.185689697265625000e+02,1.537234472656250000e+04,3.403600097656250000e+03,6.611223144531250000e+02,4.700933532714843750e+02,1.619167480468750000e+02,7.380992187500000000e+03,3.675932128906250000e+03,1.148622558593750000e+03,2.802107421875000000e+03,1.617502441406250000e+03,1.317979003906250000e+03,1.127227050781250000e+03,3.167273925781250000e+03,7.026796875000000000e+02,2.662369384765625000e+02,1.087173461914062500e+03,2.094320312500000000e+03,3.285561035156250000e+03,1.758833496093750000e+03,5.911456909179687500e+02,4.664182617187500000e+03,8.688770751953125000e+02,8.399357910156250000e+02,1.121647583007812500e+03,1.861571044921875000e+02,4.389323730468750000e+03,1.193782226562500000e+03,7.097220703125000000e+03,4.326637207031250000e+03,3.583500671386718750e+02,4.122760742187500000e+03,9.994948730468750000e+02,1.427674194335937500e+03,3.681373046875000000e+03,1.979077148437500000e+02,2.419274169921875000e+03,2.858762817382812500e+02,2.404878906250000000e+03,5.673810546875000000e+03,1.589040405273437500e+03,1.092899017333984375e+02,5.782331054687500000e+03,1.534121948242187500e+03,1.330950195312500000e+03,9.494610595703125000e+02,5.263029785156250000e+02
1.252462280273437500e+03,6.300003906250000000e+03,8.100080566406250000e+02,1.468233007812500000e+04,3.772269042968750000e+03,5.531655883789062500e+02,4.185960998535156250e+02,3.018519287109375000e+02,7.273415527343750000e+03,3.592673583984375000e+03,1.034635498046875000e+03,6.533161132812500000e+03,1.446332031250000000e+03,1.339756713867187500e+03,1.009034240722656250e+03,2.133849365234375000e+03,5.880384521484375000e+02,2.557530822753906250e+02,1.107964111328125000e+03,2.075676269531250000e+03,3.365506835937500000e+03,1.416956787109375000e+03,5.718100585937500000e+02,3.146281250000000000e+03,8.658166503906250000e+02,9.109566650390625000e+02,1.010413208007812500e+03,2.054901123046875000e+02,3.196665283203125000e+03,1.758755371093750000e+03,7.070626464843750000e+03,4.053561035156250000e+03,2.403198547363281250e+02,4.106746582031250000e+03,9.745037841796875000e+02,1.714007202148437500e+03,3.913504638671875000e+03,2.069259948730468750e+02,3.118033935546875000e+03,2.428450469970703125e+02,2.555791992187500000e+03,6.009986328125000000e+03,1.702210937500000000e+03,1.247441253662109375e+02,3.403410156250000000e+03,1.979992919921875000e+03,1.201648681640625000e+03,1.031783081054687500e+03,5.133374633789062500e+02
7.516115722656250000e+02,5.394233398437500000e+03,8.455880737304687500e+02,1.410831054687500000e+04,2.311210205078125000e+03,5.352195434570312500e+02,3.401675109863281250e+02,2.606876220703125000e+02,7.684520507812500000e+03,7.526064941406250000e+03,1.083128173828125000e+03,3.001905761718750000e+03,1.577588745117187500e+03,1.270450927734375000e+03,2.662954833984375000e+03,2.077601806640625000e+03,5.450742187500000000e+02,2.958753662109375000e+02,1.000671630859375000e+03,2.037396484375000000e+03,2.711600585937500000e+03,1.577809692382812500e+03,4.825197753906250000e+02,3.001626953125000000e+03,8.654986572265625000e+02,8.217534179687500000e+02,1.082573242187500000e+03,2.066394653320312500e+02,3.257198486328125000e+03,1.399418457031250000e+03,7.025058105468750000e+03,9.571933593750000000e+03,3.207365417480468750e+02,4.272429687500000000e+03,8.264447631835937500e+02,1.585620117187500000e+03,5.955279785156250000e+03,1.836599731445312500e+02,4.222398437500000000e+03,5.798469848632812500e+02,2.433275634765625000e+03,5.552947265625000000e+03,3.482290771484375000e+03,1.156864700317382812e+02,2.553774414062500000e+03,2.182904296875000000e+03,1.588077026367187500e+03,9.230120849609375000e+02,5.178334960937500000e+02
8.198082275390625000e+02,6.239554687500000000e+03,8.642771606445312500e+02,1.497039160156250000e+04,4.266670898437500000e+03,5.111437377929687500e+02,3.730120239257812500e+02,2.880498352050781250e+02,7.097507812500000000e+03,3.703826660156250000e+03,1.178577880859375000e+03,2.673679199218750000e+03,1.495423095703125000e+03,8.050988769531250000e+02,1.099184814453125000e+03,2.023739379882812500e+03,6.115987548828125000e+02,2.781524047851562500e+02,1.143966674804687500e+03,2.062767089843750000e+03,3.326250000000000000e+03,1.452694458007812500e+03,5.597041015625000000e+02,3.759937988281250000e+03,8.467129516601562500e+02,8.677057495117187500e+02,1.170893920898437500e+03,2.269410095214843750e+02,3.968621093750000000e+03,1.109990722656250000e+03,7.603499511718750000e+03,4.393301757812500000e+03,2.555592193603515625e+02,8.002174804687500000e+03,1.941692871093750000e+03,1.464012817382812500e+03,4.283495117187500000e+03,1.971921081542968750e+02,3.253144531250000000e+03,2.663130493164062500e+02,2.344713134765625000e+03,7.081025390625000000e+03,3.447045898437500000e+03,1.511987915039062500e+02,2.683755371093750000e+03,1.575722045898437500e+03,1.178499389648437500e+03,9.431069335937500000e+02,4.265738220214843750e+02
1.032737915039062500e+03,3.501634521484375000e+03,7.837850952148437500e+02,1.901887304687500000e+04,4.510842285156250000e+03,7.734447021484375000e+02,4.106877441406250000e+02,1.570002746582031250e+02,6.942503906250000000e+03,3.545778564453125000e+03,1.157262695312500000e+03,2.648241210937500000e+03,1.666674316406250000e+03,9.568473510742187500e+02,7.968284912109375000e+02,2.165487304687500000e+03,5.304787597656250000e+02,2.702492980957031250e+02,1.221317138671875000e+03,2.115297363281250000e+03,3.352061523437500000e+03,1.669854614257812500e+03,5.094549560546875000e+02,2.720601562500000000e+03,8.657973632812500000e+02,1.026740478515625000e+03,1.072969604492187500e+03,2.967843627929687500e+02,3.837393066406250000e+03,9.316560058593750000e+02,8.320882812500000000e+03,4.117961914062500000e+03,2.646798706054687500e+02,4.171061035156250000e+03,7.196440429687500000e+02,8.685756225585937500e+02,4.283653320312500000e+03,2.065606079101562500e+02,6.203276855468750000e+03,2.530865783691406250e+02,2.788872070312500000e+03,6.761246093750000000e+03,1.781551513671875000e+03,1.648959808349609375e+02,3.054947753906250000e+03,1.912352294921875000e+03,1.043548828125000000e+03,1.192648803710937500e+03,5.257243652343750000e+02
1.192977539062500000e+03,6.364969726562500000e+03,7.851244506835937500e+02,1.898390429687500000e+04,3.962875244140625000e+03,7.047211303710937500e+02,3.382203979492187500e+02,2.616758422851562500e+02,7.267798339843750000e+03,4.030541503906250000e+03,1.199233520507812500e+03,3.164828613281250000e+03,1.856431274414062500e+03,1.147730102539062500e+03,2.740724365234375000e+03,2.180039306640625000e+03,8.187531738281250000e+02,3.219895935058593750e+02,1.359269409179687500e+03,2.256787109375000000e+03,3.593373535156250000e+03,1.865897949218750000e+03,5.643057250976562500e+02,3.681204833984375000e+03,8.651737670898437500e+02,1.679239013671875000e+03,1.524327758789062500e+03,2.918401489257812500e+02,4.223687500000000000e+03,1.118421630859375000e+03,8.562153320312500000e+03,4.638912597656250000e+03,2.659558410644531250e+02,4.167195800781250000e+03,1.428452026367187500e+03,1.452888183593750000e+03,4.417920898437500000e+03,1.980037841796875000e+02,5.793064941406250000e+03,5.734914550781250000e+02,3.056275878906250000e+03,7.656420898437500000e+03,3.562032470703125000e+03,1.715823516845703125e+02,4.816851562500000000e+03,2.465464599609375000e+03,1.449625122070312500e+03,9.817363281250000000e+02,5.324862060546875000e+02
8.938787231445312500e+02,5.660059570312500000e+03,1.115329345703125000e+03,3.269465625000000000e+04,4.177867187500000000e+03,7.484891357421875000e+02,3.797644348144531250e+02,3.857299194335937500e+02,8.947471679687500000e+03,3.743591552734375000e+03,1.192610595703125000e+03,4.686921875000000000e+03,1.949706665039062500e+03,1.933648925781250000e+03,1.405323486328125000e+03,2.054566162109375000e+03,8.116192626953125000e+02,3.105654296875000000e+02,1.412653320312500000e+03,2.125455566406250000e+03,4.245124511718750000e+03,2.086440185546875000e+03,6.009668579101562500e+02,2.684573486328125000e+03,8.658076171875000000e+02,1.542119140625000000e+03,1.634529296875000000e+03,3.406845092773437500e+02,5.188608886718750000e+03,1.330664062500000000e+03,9.310290039062500000e+03,4.467254394531250000e+03,2.982982788085937500e+02,5.196381835937500000e+03,1.982380004882812500e+03,2.203400634765625000e+03,4.742331054687500000e+03,2.353888549804687500e+02,5.332763183593750000e+03,2.989808654785156250e+02,3.133019775390625000e+03,9.545615234375000000e+03,2.544675292968750000e+03,1.976571807861328125e+02,3.935340332031250000e+03,4.024133300781250000e+03,1.517103027343750000e+03,3.251127441406250000e+03,4.686474609375000000e+02
7.735272216796875000e+02,4.154291015625000000e+03,8.897116699218750000e+02,3.200147460937500000e+04,2.878089355468750000e+03,6.165112304687500000e+02,4.326377563476562500e+02,2.613920898437500000e+02,8.773592773437500000e+03,3.584329345703125000e+03,1.046022583007812500e+03,4.323986816406250000e+03,1.846539062500000000e+03,7.964808349609375000e+02,2.218170654296875000e+03,2.987094238281250000e+03,5.170554199218750000e+02,2.660227661132812500e+02,9.105257568359375000e+02,2.175995117187500000e+03,1.032316015625000000e+04,1.815680053710937500e+03,5.125090332031250000e+02,4.682279296875000000e+03,8.674752197265625000e+02,1.567106933593750000e+03,1.625048339843750000e+03,2.500549926757812500e+02,3.925496582031250000e+03,1.399412109375000000e+03,8.468158203125000000e+03,4.199705566406250000e+03,2.778292541503906250e+02,4.100078613281250000e+03,1.400695312500000000e+03,8.095278320312500000e+02,3.991650146484375000e+03,1.937637329101562500e+02,3.323272705078125000e+03,2.965605773925781250e+02,2.321121826171875000e+03,6.405546875000000000e+03,2.419624511718750000e+03,1.722067565917968750e+02,2.874350341796875000e+03,2.038848388671875000e+03,5.709182739257812500e+02,2.475793945312500000e+03,5.260201416015625000e+02
1.174304687500000000e+03,5.593505859375000000e+03,1.020651245117187500e+03,1.759208203125000000e+04,3.050907226562500000e+03,6.500719604492187500e+02,3.420744934082031250e+02,3.227502441406250000e+02,7.549548828125000000e+03,3.605729003906250000e+03,9.992513427734375000e+02,3.897740478515625000e+03,1.716538574218750000e+03,1.161717651367187500e+03,1.476930175781250000e+03,2.158817626953125000e+03,8.782303466796875000e+02,2.871037597656250000e+02,1.330125732421875000e+03,2.197584960937500000e+03,9.411857421875000000e+03,2.370997802734375000e+03,5.891107177734375000e+02,3.177424316406250000e+03,8.632243652343750000e+02,1.106456176757812500e+03,1.287648925781250000e+03,3.955140991210937500e+02,4.290134765625000000e+03,1.304884033203125000e+03,8.267184570312500000e+03,4.248461425781250000e+03,2.861885375976562500e+02,4.083908447265625000e+03,1.308476318359375000e+03,1.051162597656250000e+03,4.042462890625000000e+03,2.049289550781250000e+02,3.238383789062500000e+03,3.619828491210937500e+02,2.845654785156250000e+03,6.866457031250000000e+03,1.773663452148437500e+03,2.398314361572265625e+02,2.686754882812500000e+03,2.536400634765625000e+03,5.726329956054687500e+02,3.624877685546875000e+03,5.145823974609375000e+02
8.246765136718750000e+02,5.298178710937500000e+03,8.694403076171875000e+02,1.498151953125000000e+04,2.540128173828125000e+03,4.660359497070312500e+02,2.922707519531250000e+02,2.602439575195312500e+02,7.065896484375000000e+03,5.929128906250000000e+03,1.117856445312500000e+03,2.372355957031250000e+03,1.548925903320312500e+03,8.461104736328125000e+02,3.247006835937500000e+03,1.819449707031250000e+03,4.723582763671875000e+02,2.723454589843750000e+02,8.071832885742187500e+02,2.028166748046875000e+03,8.399055664062500000e+03,2.141363037109375000e+03,5.058120727539062500e+02,2.528645507812500000e+03,8.672337646484375000e+02,1.734949462890625000e+03,1.934845703125000000e+03,3.318094177246093750e+02,3.126209228515625000e+03,6.611723632812500000e+02,7.276821289062500000e+03,8.910328125000000000e+03,3.895785522460937500e+02,4.048257568359375000e+03,1.403314086914062500e+03,9.922559814453125000e+02,3.992796630859375000e+03,1.970995178222656250e+02,5.548289062500000000e+03,6.349964599609375000e+02,2.440787109375000000e+03,5.598469726562500000e+03,3.190005371093750000e+03,1.147302017211914062e+02,1.673740722656250000e+03,1.202778930664062500e+03,5.616867675781250000e+02,2.437661865234375000e+03,5.253056640625000000e+02
1.089994628906250000e+03,5.367149414062500000e+03,8.102375488281250000e+02,3.175676171875000000e+04,4.597041015625000000e+03,1.010505126953125000e+03,3.585105285644531250e+02,4.011301269531250000e+02,1.276030273437500000e+04,3.676857666015625000e+03,1.190098144531250000e+03,3.739930175781250000e+03,1.522302001953125000e+03,1.489048461914062500e+03,2.939080566406250000e+03,1.549905517578125000e+03,7.002473144531250000e+02,2.670390014648437500e+02,1.088422363281250000e+03,2.087849365234375000e+03,6.883181640625000000e+03,2.120384765625000000e+03,5.521740112304687500e+02,4.720338867187500000e+03,8.662018432617187500e+02,1.737291015625000000e+03,1.232792602539062500e+03,3.357047119140625000e+02,5.191888671875000000e+03,5.321888427734375000e+02,7.675507812500000000e+03,4.648866210937500000e+03,3.332190551757812500e+02,8.113457519531250000e+03,3.337126464843750000e+03,1.364095703125000000e+03,4.547678710937500000e+03,2.064370422363281250e+02,2.316812744140625000e+03,7.063609008789062500e+02,4.665790039062500000e+03,8.678681640625000000e+03,3.536170898437500000e+03,2.128345947265625000e+02,2.373212158203125000e+03,2.040671020507812500e+03,6.487569580078125000e+02,2.854635253906250000e+03,4.373626708984375000e+02
9.753282470703125000e+02,4.352804199218750000e+03,8.911611328125000000e+02,3.092589453125000000e+04,3.568693359375000000e+03,1.008356689453125000e+03,4.057870483398437500e+02,1.985835876464843750e+02,8.689150390625000000e+03,3.490816894531250000e+03,1.102199829101562500e+03,2.854426269531250000e+03,1.524341674804687500e+03,1.047813964843750000e+03,1.269880615234375000e+03,1.751740112304687500e+03,4.854167480468750000e+02,2.659906616210937500e+02,1.012524902343750000e+03,2.213583984375000000e+03,3.883824707031250000e+03,1.850496459960937500e+03,5.079106445312500000e+02,3.582305175781250000e+03,8.685672607421875000e+02,1.028989868164062500e+03,1.127623901367187500e+03,2.683248291015625000e+02,6.653434570312500000e+03,1.000436828613281250e+03,9.435837890625000000e+03,4.124243164062500000e+03,3.406405639648437500e+02,4.189372558593750000e+03,1.581761230468750000e+03,1.072081542968750000e+03,3.863328613281250000e+03,2.132956237792968750e+02,2.382106689453125000e+03,3.264577636718750000e+02,2.831036621093750000e+03,1.463107421875000000e+04,2.010002197265625000e+03,1.540439453125000000e+02,2.843682617187500000e+03,2.058593505859375000e+03,6.539656982421875000e+02,7.879310302734375000e+02,5.266943359375000000e+02
8.965434570312500000e+02,6.368154785156250000e+03,7.171986083984375000e+02,1.550349511718750000e+04,3.765881347656250000e+03,9.776942138671875000e+02,4.188013916015625000e+02,9.067924499511718750e+01,8.352291015625000000e+03,3.671538085937500000e+03,1.203062500000000000e+03,4.281220703125000000e+03,1.919410400390625000e+03,9.519141845703125000e+02,2.434409667968750000e+03,2.168475830078125000e+03,8.552703857421875000e+02,2.778247985839843750e+02,1.105552856445312500e+03,2.358053955078125000e+03,4.379599609375000000e+03,2.283114746093750000e+03,5.092386474609375000e+02,3.455864013671875000e+03,8.711533203125000000e+02,1.757708007812500000e+03,1.477826904296875000e+03,2.714201354980468750e+02,6.157311523437500000e+03,1.635152832031250000e+03,9.259205078125000000e+03,4.593192382812500000e+03,3.759767150878906250e+02,4.148294433593750000e+03,1.344386474609375000e+03,1.990479736328125000e+03,4.310149902343750000e+03,2.154801940917968750e+02,2.064513427734375000e+03,7.045794677734375000e+02,2.563710693359375000e+03,1.004610546875000000e+04,3.561136474609375000e+03,1.502041625976562500e+02,2.732747558593750000e+03,2.506656982421875000e+03,6.983312988281250000e+02,3.009982910156250000e+03,5.331729736328125000e+02
9.882213134765625000e+02,6.364017578125000000e+03,9.891259765625000000e+02,2.222369921875000000e+04,4.501072265625000000e+03,9.693294677734375000e+02,4.812539672851562500e+02,1.816670532226562500e+02,9.676434570312500000e+03,3.694036865234375000e+03,9.579768066406250000e+02,3.669330810546875000e+03,1.771169799804687500e+03,1.356674072265625000e+03,1.364252319335937500e+03,1.924222167968750000e+03,7.200452880859375000e+02,2.818143615722656250e+02,1.269267822265625000e+03,2.160060791015625000e+03,3.193268554687500000e+03,3.006899414062500000e+03,5.907327880859375000e+02,2.401791992187500000e+03,8.636115112304687500e+02,1.776457519531250000e+03,1.169134643554687500e+03,1.963251037597656250e+02,7.544674316406250000e+03,1.303023071289062500e+03,1.082053515625000000e+04,4.535714355468750000e+03,4.213141479492187500e+02,4.322859375000000000e+03,1.383097412109375000e+03,9.085114746093750000e+02,5.233932128906250000e+03,2.362906799316406250e+02,4.770240234375000000e+03,3.025016784667968750e+02,2.287348632812500000e+03,7.877940917968750000e+03,3.583589111328125000e+03,1.221444625854492188e+02,2.522077636718750000e+03,2.497588867187500000e+03,7.193013305664062500e+02,7.773902587890625000e+02,4.539248657226562500e+02
1.669459960937500000e+03,3.469063232421875000e+03,1.004600891113281250e+03,1.904135937500000000e+04,3.954057861328125000e+03,8.940841674804687500e+02,6.482839355468750000e+02,1.579789428710937500e+02,1.267997558593750000e+04,3.721694335937500000e+03,9.420707397460937500e+02,4.584440429687500000e+03,1.950740966796875000e+03,1.887941162109375000e+03,3.410040039062500000e+03,1.988849121093750000e+03,8.369395751953125000e+02,3.616687316894531250e+02,1.183401489257812500e+03,2.266477050781250000e+03,4.732349609375000000e+03,2.745362304687500000e+03,5.801847534179687500e+02,4.861805664062500000e+03,8.694870605468750000e+02,1.746621704101562500e+03,1.406889038085937500e+03,2.166879882812500000e+02,7.848157226562500000e+03,1.082126220703125000e+03,9.590831054687500000e+03,4.380155761718750000e+03,3.562990112304687500e+02,4.140597656250000000e+03,1.796541992187500000e+03,1.792346679687500000e+03,4.886980957031250000e+03,2.221594848632812500e+02,2.022072875976562500e+03,6.992739257812500000e+02,3.237805175781250000e+03,1.277335058593750000e+04,1.951386718750000000e+03,1.303503723144531250e+02,6.080671386718750000e+03,2.433364501953125000e+03,1.177199707031250000e+03,3.042529296875000000e+03,5.281506347656250000e+02
8.657969970703125000e+02,6.371563476562500000e+03,7.316156005859375000e+02,2.412842187500000000e+04,4.138078613281250000e+03,9.865638427734375000e+02,4.669348144531250000e+02,2.728026123046875000e+02,1.630891015625000000e+04,3.680857910156250000e+03,1.114143798828125000e+03,4.500203613281250000e+03,1.717148925781250000e+03,1.068306518554687500e+03,1.434693115234375000e+03,2.197814208984375000e+03,6.292187500000000000e+02,3.279591064453125000e+02,1.177337890625000000e+03,2.179207519531250000e+03,4.798111816406250000e+03,2.051550292968750000e+03,6.079529418945312500e+02,3.704923339843750000e+03,8.677052001953125000e+02,1.561477050781250000e+03,1.971355468750000000e+03,2.188934326171875000e+02,5.718332519531250000e+03,1.905820556640625000e+03,9.457028320312500000e+03,4.341708496093750000e+03,4.039964904785156250e+02,4.117134277343750000e+03,1.525567138671875000e+03,1.815961303710937500e+03,4.687888183593750000e+03,2.290631713867187500e+02,3.796114013671875000e+03,4.157171630859375000e+02,2.497255859375000000e+03,9.982522460937500000e+03,2.926218994140625000e+03,1.223201828002929688e+02,3.077682128906250000e+03,2.423954345703125000e+03,7.110322875976562500e+02,1.236049804687500000e+03,5.207918090820312500e+02
8.814939575195312500e+02,6.181466796875000000e+03,9.787322998046875000e+02,1.416181933593750000e+04,3.285297119140625000e+03,7.742307739257812500e+02,4.009904174804687500e+02,2.185627593994140625e+02,1.319218359375000000e+04,7.350347656250000000e+03,1.111267333984375000e+03,3.445093750000000000e+03,2.542847900390625000e+03,2.035430175781250000e+03,2.887503906250000000e+03,2.299103027343750000e+03,8.561289062500000000e+02,2.621333007812500000e+02,1.214833496093750000e+03,2.056048828125000000e+03,2.912692382812500000e+03,4.243211914062500000e+03,6.103639526367187500e+02,3.518600585937500000e+03,8.651445312500000000e+02,1.735059936523437500e+03,1.376961791992187500e+03,1.908653564453125000e+02,3.619466796875000000e+03,1.409761962890625000e+03,9.239697265625000000e+03,9.617705078125000000e+03,5.406493530273437500e+02,6.118058593750000000e+03,1.319878051757812500e+03,1.644740478515625000e+03,6.378801757812500000e+03,2.220444335937500000e+02,2.056207519531250000e+03,6.560501708984375000e+02,3.090654541015625000e+03,1.517552148437500000e+04,3.538685791015625000e+03,1.119612884521484375e+02,3.399904785156250000e+03,2.326606445312500000e+03,1.469186035156250000e+03,5.599459228515625000e+02,5.272041015625000000e+02
1.359659790039062500e+03,6.446505371093750000e+03,1.362072509765625000e+03,1.356429003906250000e+04,4.626860839843750000e+03,6.371126098632812500e+02,4.386674499511718750e+02,2.725088500976562500e+02,1.695796093750000000e+04,3.828729003906250000e+03,1.181848388671875000e+03,3.317645996093750000e+03,1.734426513671875000e+03,1.239208618164062500e+03,2.947130859375000000e+03,2.051215332031250000e+03,9.182220458984375000e+02,2.769099121093750000e+02,1.024356689453125000e+03,2.117550048828125000e+03,2.568172607421875000e+03,4.611542968750000000e+03,6.982647705078125000e+02,4.775969238281250000e+03,8.657603759765625000e+02,1.714379028320312500e+03,2.235440673828125000e+03,1.992225341796875000e+02,4.653601074218750000e+03,1.153080322265625000e+03,8.864166015625000000e+03,4.788688476562500000e+03,4.401656494140625000e+02,8.184217285156250000e+03,1.502393920898437500e+03,1.290029785156250000e+03,5.124844726562500000e+03,2.480052185058593750e+02,4.859607421875000000e+03,7.080960083007812500e+02,2.745093261718750000e+03,9.131720703125000000e+03,3.529850585937500000e+03,1.171691741943359375e+02,2.220840576171875000e+03,1.861896850585937500e+03,6.692028808593750000e+02,9.889624023437500000e+02,4.368626098632812500e+02
1.032044433593750000e+03,6.241308593750000000e+03,7.172391357421875000e+02,1.546810937500000000e+04,2.956862304687500000e+03,8.807028808593750000e+02,4.725685424804687500e+02,1.458909301757812500e+02,9.386800781250000000e+03,3.696453613281250000e+03,9.543583984375000000e+02,3.304488769531250000e+03,2.872430664062500000e+03,9.717750244140625000e+02,1.495161621093750000e+03,1.988668457031250000e+03,5.897337646484375000e+02,3.428235473632812500e+02,9.900201416015625000e+02,2.218391357421875000e+03,2.522260009765625000e+03,1.989202880859375000e+03,5.126489868164062500e+02,3.646824951171875000e+03,8.677918701171875000e+02,1.098813476562500000e+03,1.711705444335937500e+03,1.959077758789062500e+02,3.459629638671875000e+03,8.724755249023437500e+02,7.767705078125000000e+03,4.174861328125000000e+03,4.947203369140625000e+02,4.197336425781250000e+03,2.004525512695312500e+03,8.804536132812500000e+02,4.154677246093750000e+03,2.622586364746093750e+02,5.519586914062500000e+03,6.307146606445312500e+02,3.069668945312500000e+03,8.131183593750000000e+03,2.030675292968750000e+03,1.147598190307617188e+02,2.703702148437500000e+03,1.678180419921875000e+03,6.146925659179687500e+02,5.048610839843750000e+02,5.281765136718750000e+02
2.672724121093750000e+03,6.378811523437500000e+03,1.095546508789062500e+03,1.670509765625000000e+04,4.773202148437500000e+03,7.364482421875000000e+02,4.090981140136718750e+02,1.560278625488281250e+02,1.523854882812500000e+04,4.950363769531250000e+03,1.195416748046875000e+03,3.266047363281250000e+03,2.052737792968750000e+03,1.853593750000000000e+03,3.451354003906250000e+03,2.190190917968750000e+03,1.026247802734375000e+03,3.802339477539062500e+02,1.226455200195312500e+03,2.285218994140625000e+03,2.606639160156250000e+03,2.037440673828125000e+03,6.482399902343750000e+02,4.237976074218750000e+03,8.640837402343750000e+02,1.742361938476562500e+03,1.150641601562500000e+03,2.287579040527343750e+02,3.395805175781250000e+03,1.048440307617187500e+03,8.969176757812500000e+03,4.938494140625000000e+03,4.350668945312500000e+02,4.174692871093750000e+03,1.701847167968750000e+03,1.781350585937500000e+03,4.653346679687500000e+03,2.795103759765625000e+02,2.360413330078125000e+03,7.074847412109375000e+02,4.088714355468750000e+03,1.022100292968750000e+04,3.586087646484375000e+03,1.599298400878906250e+02,3.060659912109375000e+03,2.730604003906250000e+03,6.805687255859375000e+02,6.878814697265625000e+02,5.347316894531250000e+02
1.301558105468750000e+03,4.705027832031250000e+03,9.628318481445312500e+02,1.539015820312500000e+04,3.375841796875000000e+03,9.785772705078125000e+02,4.370930480957031250e+02,1.855685729980468750e+02,1.399109375000000000e+04,3.861818603515625000e+03,1.152455810546875000e+03,4.182578125000000000e+03,2.154181152343750000e+03,2.085153564453125000e+03,1.551727783203125000e+03,2.182854736328125000e+03,1.007510437011718750e+03,3.058316040039062500e+02,1.329322265625000000e+03,2.651513916015625000e+03,2.856712890625000000e+03,2.372712402343750000e+03,6.217743530273437500e+02,2.812154785156250000e+03,8.788387451171875000e+02,1.653078613281250000e+03,1.651822509765625000e+03,2.224448852539062500e+02,3.757722167968750000e+03,1.478029174804687500e+03,9.874917968750000000e+03,4.497651367187500000e+03,4.164867858886718750e+02,4.820129882812500000e+03,2.264426513671875000e+03,1.827944702148437500e+03,5.128023925781250000e+03,3.352568359375000000e+02,5.492136718750000000e+03,6.428483886718750000e+02,3.388831542968750000e+03,1.544690429687500000e+04,3.350321533203125000e+03,1.602508239746093750e+02,2.503638427734375000e+03,2.753846191406250000e+03,8.688408203125000000e+02,6.192114257812500000e+02,4.575155639648437500e+02
8.353009033203125000e+02,5.930140625000000000e+03,1.215960693359375000e+03,3.250487109375000000e+04,4.346073242187500000e+03,8.703464965820312500e+02,6.843350830078125000e+02,1.955481262207031250e+02,9.202960937500000000e+03,3.722681640625000000e+03,1.193362792968750000e+03,4.398620117187500000e+03,2.114772460937500000e+03,9.129470825195312500e+02,1.682176269531250000e+03,4.431456542968750000e+03,8.405412597656250000e+02,2.945468139648437500e+02,1.008618896484375000e+03,2.317309326171875000e+03,2.576863769531250000e+03,2.232568115234375000e+03,5.613038330078125000e+02,4.844781250000000000e+03,8.710358276367187500e+02,1.597339111328125000e+03,1.111732910156250000e+03,1.949859008789062500e+02,3.823118408203125000e+03,1.175575927734375000e+03,8.880014648437500000e+03,4.341334472656250000e+03,5.111641845703125000e+02,4.119546875000000000e+03,1.759875366210937500e+03,8.210630493164062500e+02,4.225139648437500000e+03,2.630439147949218750e+02,5.583606445312500000e+03,5.323664550781250000e+02,2.247688720703125000e+03,1.178006835937500000e+04,3.439474365234375000e+03,1.146626434326171875e+02,2.176865722656250000e+03,1.794452636718750000e+03,5.134608764648437500e+02,4.930495605468750000e+02,5.323171997070312500e+02
1.704927001953125000e+03,4.823108398437500000e+03,1.075779907226562500e+03,3.506011718750000000e+04,2.970867675781250000e+03,5.307255249023437500e+02,4.668975219726562500e+02,2.409898529052734375e+02,1.347650000000000000e+04,3.705308105468750000e+03,1.017677490234375000e+03,4.218979003906250000e+03,1.774980590820312500e+03,1.127939453125000000e+03,3.449135253906250000e+03,2.193859619140625000e+03,9.424651489257812500e+02,2.756408386230468750e+02,1.165033935546875000e+03,2.164665039062500000e+03,2.703249267578125000e+03,1.781502197265625000e+03,5.552139892578125000e+02,2.641692626953125000e+03,8.658242187500000000e+02,1.705939208984375000e+03,1.129220581054687500e+03,2.384831848144531250e+02,3.289656005859375000e+03,1.469754394531250000e+03,7.437722656250000000e+03,4.250290527343750000e+03,5.632803344726562500e+02,4.101871093750000000e+03,3.716458740234375000e+03,7.824385986328125000e+02,4.084576904296875000e+03,2.148694458007812500e+02,2.453949951171875000e+03,7.043068847656250000e+02,2.661028808593750000e+03,9.293501953125000000e+03,2.315202636718750000e+03,2.059945526123046875e+02,2.393655273437500000e+03,1.759045898437500000e+03,5.683902587890625000e+02,5.959696044921875000e+02,5.214763183593750000e+02
7.453985595703125000e+02,5.421370117187500000e+03,8.901756591796875000e+02,1.456749218750000000e+04,2.614153808593750000e+03,5.482399902343750000e+02,3.573813476562500000e+02,1.176096496582031250e+02,8.953458984375000000e+03,7.815577148437500000e+03,1.173471679687500000e+03,2.439641113281250000e+03,1.669595458984375000e+03,1.418217651367187500e+03,3.007057617187500000e+03,2.162310058593750000e+03,8.333086547851562500e+02,2.721993408203125000e+02,7.764777832031250000e+02,2.427505371093750000e+03,2.596520996093750000e+03,2.073391357421875000e+03,5.904475708007812500e+02,2.668762207031250000e+03,8.694710693359375000e+02,1.433947509765625000e+03,1.513879394531250000e+03,2.370086669921875000e+02,3.018063476562500000e+03,8.332411499023437500e+02,6.813920898437500000e+03,9.190688476562500000e+03,5.809631347656250000e+02,4.084082763671875000e+03,1.638188720703125000e+03,7.174945068359375000e+02,4.944313476562500000e+03,2.290563964843750000e+02,6.454943359375000000e+03,6.734903564453125000e+02,1.847522460937500000e+03,9.373265625000000000e+03,3.505868164062500000e+03,1.086104888916015625e+02,1.551783447265625000e+03,9.809072265625000000e+02,7.181012573242187500e+02,5.937656250000000000e+02,5.375480346679687500e+02
1.044988891601562500e+03,5.742007812500000000e+03,1.534425537109375000e+03,1.523501660156250000e+04,3.453626464843750000e+03,7.681367187500000000e+02,4.396566467285156250e+02,2.866437988281250000e+02,1.028549023437500000e+04,3.950906494140625000e+03,9.072369384765625000e+02,4.841189453125000000e+03,1.622824951171875000e+03,1.102787719726562500e+03,1.838375244140625000e+03,2.113296630859375000e+03,1.128427001953125000e+03,2.727703247070312500e+02,1.051466186523437500e+03,2.410866210937500000e+03,2.686192138671875000e+03,4.784991210937500000e+03,6.207324218750000000e+02,3.803287109375000000e+03,8.722005004882812500e+02,1.626703369140625000e+03,1.754950683593750000e+03,2.476960754394531250e+02,3.977570800781250000e+03,1.112708251953125000e+03,8.099262695312500000e+03,4.520154296875000000e+03,5.142543334960937500e+02,8.267998046875000000e+03,2.762812988281250000e+03,8.157233886718750000e+02,4.443628417968750000e+03,2.438227233886718750e+02,5.334263671875000000e+03,7.161645507812500000e+02,2.702562988281250000e+03,1.049809863281250000e+04,3.483556640625000000e+03,1.979683227539062500e+02,2.702442871093750000e+03,1.597694824218750000e+03,6.235511474609375000e+02,8.837927246093750000e+02,3.823069152832031250e+02
1.563388549804687500e+03,3.313073242187500000e+03,7.166018066406250000e+02,3.097237890625000000e+04,2.768173339843750000e+03,6.335517578125000000e+02,4.166683349609375000e+02,3.449661254882812500e+02,9.072314453125000000e+03,3.895882812500000000e+03,1.185917480468750000e+03,4.376750976562500000e+03,1.952456542968750000e+03,9.125316772460937500e+02,1.611984619140625000e+03,2.205857666015625000e+03,1.071960083007812500e+03,3.326341552734375000e+02,1.143384521484375000e+03,2.492569580078125000e+03,2.728983398437500000e+03,1.971742797851562500e+03,5.259028320312500000e+02,4.109133789062500000e+03,8.671113281250000000e+02,1.641255371093750000e+03,1.634290771484375000e+03,3.133596191406250000e+02,3.695474365234375000e+03,1.360186889648437500e+03,8.765842773437500000e+03,4.495466308593750000e+03,4.638048706054687500e+02,4.209020996093750000e+03,3.954670654296875000e+03,7.837362060546875000e+02,4.528565429687500000e+03,2.357339477539062500e+02,6.744405273437500000e+03,7.047724609375000000e+02,3.037757568359375000e+03,2.197912109375000000e+04,3.349412841796875000e+03,1.955968627929687500e+02,2.430707031250000000e+03,1.958463623046875000e+03,5.539152832031250000e+02,5.717758789062500000e+02,5.280322875976562500e+02
1.194897583007812500e+03,6.333919921875000000e+03,9.938330688476562500e+02,1.703308398437500000e+04,4.457233398437500000e+03,6.299012451171875000e+02,5.357476196289062500e+02,4.004544067382812500e+02,9.230484375000000000e+03,6.177302734375000000e+03,1.199217285156250000e+03,4.495213378906250000e+03,2.161139892578125000e+03,1.703203735351562500e+03,3.239976074218750000e+03,2.197244873046875000e+03,1.125095458984375000e+03,3.456983337402343750e+02,1.281865722656250000e+03,2.903344726562500000e+03,2.580524902343750000e+03,2.146695556640625000e+03,6.430603027343750000e+02,4.780870117187500000e+03,8.765609130859375000e+02,1.771650878906250000e+03,1.738093994140625000e+03,3.184042968750000000e+02,3.318024658203125000e+03,1.223852172851562500e+03,8.300751953125000000e+03,5.184655273437500000e+03,4.832998962402343750e+02,4.222788574218750000e+03,3.050209960937500000e+03,1.204501464843750000e+03,4.229597656250000000e+03,2.473911132812500000e+02,6.582121093750000000e+03,7.093801269531250000e+02,3.019682617187500000e+03,2.055260156250000000e+04,3.585945556640625000e+03,1.579078063964843750e+02,3.164098632812500000e+03,2.450808593750000000e+03,6.063554687500000000e+02,6.398323974609375000e+02,5.344313964843750000e+02
1.151589843750000000e+03,5.535814453125000000e+03,1.451194335937500000e+03,3.128513476562500000e+04,3.173310058593750000e+03,5.991513671875000000e+02,5.188052978515625000e+02,2.090576171875000000e+02,7.508309570312500000e+03,4.136611328125000000e+03,8.622574462890625000e+02,3.335500976562500000e+03,1.929760375976562500e+03,1.266096435546875000e+03,1.480926269531250000e+03,2.097426513671875000e+03,1.035204833984375000e+03,2.997501220703125000e+02,1.294790771484375000e+03,3.957118164062500000e+03,2.942876464843750000e+03,2.194041992187500000e+03,6.955998535156250000e+02,2.510955810546875000e+03,8.786173095703125000e+02,1.610447631835937500e+03,1.753611816406250000e+03,2.975334167480468750e+02,3.583190185546875000e+03,1.012271484375000000e+03,8.482866210937500000e+03,4.626552734375000000e+03,3.517698669433593750e+02,4.392554687500000000e+03,3.846712158203125000e+03,8.071179809570312500e+02,4.700074707031250000e+03,4.028511657714843750e+02,5.140094726562500000e+03,4.790957641601562500e+02,2.531587890625000000e+03,1.836149609375000000e+04,2.098136718750000000e+03,1.807079467773437500e+02,1.737746093750000000e+03,1.577015991210937500e+03,5.730722656250000000e+02,5.806052246093750000e+02,5.205381469726562500e+02
1.719710083007812500e+03,3.906689453125000000e+03,8.488751220703125000e+02,1.884134765625000000e+04,2.444374511718750000e+03,5.280792236328125000e+02,5.418842163085937500e+02,3.418354187011718750e+02,7.998658203125000000e+03,3.739020996093750000e+03,1.205350341796875000e+03,5.489102539062500000e+03,2.210449218750000000e+03,9.389497680664062500e+02,1.205070434570312500e+03,4.417823730468750000e+03,9.680598144531250000e+02,2.838069458007812500e+02,8.995593872070312500e+02,2.985458984375000000e+03,2.601045898437500000e+03,2.112669189453125000e+03,5.472003784179687500e+02,4.832035156250000000e+03,8.693596191406250000e+02,1.582335815429687500e+03,1.560722167968750000e+03,2.457750854492187500e+02,3.032894042968750000e+03,8.621588134765625000e+02,7.607295898437500000e+03,4.383974609375000000e+03,4.476293029785156250e+02,4.163585937500000000e+03,2.978756347656250000e+03,8.287176513671875000e+02,4.103320800781250000e+03,1.984965209960937500e+02,4.557074218750000000e+03,3.756931762695312500e+02,2.270475585937500000e+03,1.946061328125000000e+04,1.967494750976562500e+03,1.504443969726562500e+02,1.833850097656250000e+03,1.594145019531250000e+03,5.431951293945312500e+02,4.890692138671875000e+02,5.281365966796875000e+02
1.433329589843750000e+03,5.881411132812500000e+03,1.592085205078125000e+03,1.548258886718750000e+04,3.114737304687500000e+03,5.487699584960937500e+02,5.276175537109375000e+02,6.294524536132812500e+02,8.139456054687500000e+03,3.949817626953125000e+03,1.124748168945312500e+03,3.190882324218750000e+03,1.840826904296875000e+03,1.190447143554687500e+03,3.459391113281250000e+03,2.186160644531250000e+03,9.198735961914062500e+02,2.937854309082031250e+02,1.434143432617187500e+03,2.565729003906250000e+03,2.742470703125000000e+03,1.767247070312500000e+03,6.873056640625000000e+02,2.471395996093750000e+03,8.672446289062500000e+02,1.616095581054687500e+03,1.109688232421875000e+03,2.608690185546875000e+02,3.086525878906250000e+03,9.439944458007812500e+02,6.835130859375000000e+03,4.754424804687500000e+03,4.759101562500000000e+02,4.126334960937500000e+03,3.503699218750000000e+03,7.904344482421875000e+02,4.235969238281250000e+03,2.535291137695312500e+02,3.199539062500000000e+03,7.078781738281250000e+02,2.530228027343750000e+03,9.404052734375000000e+03,1.958369750976562500e+03,1.960445251464843750e+02,2.364407714843750000e+03,1.563372558593750000e+03,5.783167724609375000e+02,5.804031982421875000e+02,5.204111328125000000e+02
7.292968750000000000e+02,5.961922851562500000e+03,7.189814453125000000e+02,1.364963671875000000e+04,3.072297607421875000e+03,5.308661499023437500e+02,4.078688049316406250e+02,1.076051483154296875e+02,7.821203613281250000e+03,7.953733398437500000e+03,1.188403808593750000e+03,2.689979980468750000e+03,2.403748046875000000e+03,1.552375854492187500e+03,2.990458496093750000e+03,2.198994140625000000e+03,8.209435424804687500e+02,3.250433044433593750e+02,1.084557495117187500e+03,3.045878173828125000e+03,2.649441406250000000e+03,1.919547241210937500e+03,5.714560546875000000e+02,3.302119628906250000e+03,8.706618652343750000e+02,1.123995239257812500e+03,1.449577270507812500e+03,2.459954223632812500e+02,3.054977050781250000e+03,8.812379150390625000e+02,7.558729492187500000e+03,1.041978710937500000e+04,4.307250976562500000e+02,4.308524902343750000e+03,3.613854492187500000e+03,8.328677978515625000e+02,4.526601562500000000e+03,2.218447570800781250e+02,5.535832519531250000e+03,6.419176025390625000e+02,2.119373779296875000e+03,9.711063476562500000e+03,3.165966308593750000e+03,1.094136352539062500e+02,1.489227294921875000e+03,1.491199584960937500e+03,7.198649291992187500e+02,5.884127197265625000e+02,5.331505126953125000e+02
9.823255004882812500e+02,6.415636718750000000e+03,1.352240722656250000e+03,1.819446679687500000e+04,3.241524658203125000e+03,9.105568237304687500e+02,4.455646057128906250e+02,2.214534454345703125e+02,8.567569335937500000e+03,7.031458496093750000e+03,1.172287597656250000e+03,2.917431152343750000e+03,1.939269287109375000e+03,1.125202148437500000e+03,3.274962890625000000e+03,2.929282226562500000e+03,9.651467285156250000e+02,2.774826049804687500e+02,1.697208984375000000e+03,3.801411621093750000e+03,2.709646240234375000e+03,4.911160156250000000e+03,6.429504394531250000e+02,3.576084960937500000e+03,8.685656738281250000e+02,1.588787231445312500e+03,1.450210083007812500e+03,2.298775634765625000e+02,3.549654541015625000e+03,1.098776367187500000e+03,8.476750976562500000e+03,5.648485351562500000e+03,4.607646789550781250e+02,8.299447265625000000e+03,2.464401855468750000e+03,9.383072509765625000e+02,4.359603515625000000e+03,2.618904724121093750e+02,5.646142578125000000e+03,7.147607421875000000e+02,2.760978759765625000e+03,1.544263867187500000e+04,3.477092041015625000e+03,1.979054107666015625e+02,2.552791015625000000e+03,1.797636230468750000e+03,7.876409301757812500e+02,8.145257568359375000e+02,3.912142333984375000e+02
1.115311523437500000e+03,6.362269531250000000e+03,8.389619140625000000e+02,1.885809179687500000e+04,3.405019775390625000e+03,9.303172607421875000e+02,6.322908935546875000e+02,2.570329895019531250e+02,7.367739257812500000e+03,4.954036132812500000e+03,1.142588378906250000e+03,4.703386718750000000e+03,3.694438964843750000e+03,8.811274414062500000e+02,1.196059082031250000e+03,3.378540527343750000e+03,1.154740844726562500e+03,3.310366210937500000e+02,1.813383911132812500e+03,3.127148437500000000e+03,2.843888671875000000e+03,2.133712890625000000e+03,5.970574951171875000e+02,4.444935546875000000e+03,8.631920166015625000e+02,1.607386474609375000e+03,2.605847656250000000e+03,2.197312622070312500e+02,3.427569335937500000e+03,1.583669433593750000e+03,1.189875781250000000e+04,4.817998535156250000e+03,5.432727050781250000e+02,4.691802246093750000e+03,3.100780029296875000e+03,1.302386596679687500e+03,4.472895019531250000e+03,3.049172363281250000e+02,6.891572265625000000e+03,7.059748535156250000e+02,3.352216308593750000e+03,1.117188769531250000e+04,2.056144531250000000e+03,1.347275848388671875e+02,3.420500976562500000e+03,2.856732421875000000e+03,6.249086914062500000e+02,5.704263916015625000e+02,5.267125244140625000e+02
1.412872314453125000e+03,6.343309570312500000e+03,8.284805908203125000e+02,1.635436328125000000e+04,3.257318847656250000e+03,1.141375854492187500e+03,5.523832397460937500e+02,2.611804504394531250e+02,8.873470703125000000e+03,8.015675781250000000e+03,1.183894042968750000e+03,4.213408203125000000e+03,3.133822998046875000e+03,1.715564697265625000e+03,2.443747558593750000e+03,2.277609619140625000e+03,1.181499267578125000e+03,3.578999023437500000e+02,2.093221679687500000e+03,3.833680419921875000e+03,2.652276855468750000e+03,2.154256591796875000e+03,6.738168334960937500e+02,4.907524414062500000e+03,8.685736083984375000e+02,1.760707031250000000e+03,2.750832031250000000e+03,2.129019165039062500e+02,3.329920166015625000e+03,1.403960815429687500e+03,1.159606445312500000e+04,7.185038085937500000e+03,5.012524414062500000e+02,4.904580078125000000e+03,3.668054687500000000e+03,1.983450927734375000e+03,5.158550292968750000e+03,3.117277832031250000e+02,6.770845703125000000e+03,7.027258911132812500e+02,3.462415527343750000e+03,1.163201367187500000e+04,3.556899658203125000e+03,1.156146011352539062e+02,4.001710693359375000e+03,4.073124267578125000e+03,7.517192993164062500e+02,6.220826416015625000e+02,5.338197021484375000e+02
9.228004150390625000e+02,6.128938964843750000e+03,1.012806518554687500e+03,3.508701953125000000e+04,2.945137207031250000e+03,1.339164306640625000e+03,5.559202880859375000e+02,3.646219177246093750e+02,8.243456054687500000e+03,4.157700195312500000e+03,1.190041381835937500e+03,3.363852050781250000e+03,3.242779052734375000e+03,1.369073852539062500e+03,1.320720092773437500e+03,2.209570556640625000e+03,1.098773681640625000e+03,3.403972778320312500e+02,2.450816650390625000e+03,5.669307617187500000e+03,3.037007080078125000e+03,2.369571044921875000e+03,6.712939453125000000e+02,2.936230957031250000e+03,8.768416137695312500e+02,1.593104003906250000e+03,2.243255859375000000e+03,1.961883239746093750e+02,4.068116455078125000e+03,9.040136108398437500e+02,1.103307421875000000e+04,5.054382324218750000e+03,4.277731933593750000e+02,5.843880859375000000e+03,3.894188964843750000e+03,1.628640136718750000e+03,4.697215332031250000e+03,4.552740173339843750e+02,6.344153320312500000e+03,6.760905761718750000e+02,2.891099853515625000e+03,1.530903125000000000e+04,3.499059082031250000e+03,1.146381988525390625e+02,2.029351562500000000e+03,2.501044921875000000e+03,6.418634033203125000e+02,6.437717285156250000e+02,4.259307556152343750e+02
8.440554199218750000e+02,5.176860839843750000e+03,7.097430419921875000e+02,1.548241601562500000e+04,2.457518310546875000e+03,8.350731201171875000e+02,6.047444458007812500e+02,1.425470123291015625e+02,7.195061035156250000e+03,3.765575927734375000e+03,1.171928955078125000e+03,4.366137695312500000e+03,3.484981933593750000e+03,8.634188842773437500e+02,1.163376220703125000e+03,4.749985839843750000e+03,9.700195312500000000e+02,2.951068725585937500e+02,1.562047851562500000e+03,4.259369140625000000e+03,2.657876708984375000e+03,2.136982177734375000e+03,6.104415893554687500e+02,4.887861328125000000e+03,8.680819091796875000e+02,1.576304931640625000e+03,2.758348388671875000e+03,1.932892456054687500e+02,3.583910644531250000e+03,1.006935058593750000e+03,1.134705468750000000e+04,4.508346679687500000e+03,5.710728759765625000e+02,4.328830078125000000e+03,1.047459106445312500e+03,1.345427368164062500e+03,4.359790039062500000e+03,3.000184631347656250e+02,5.493688476562500000e+03,5.012406616210937500e+02,2.450058105468750000e+03,8.024503906250000000e+03,1.837711425781250000e+03,1.145590820312500000e+02,2.266960937500000000e+03,2.071856689453125000e+03,5.727387695312500000e+02,5.033426513671875000e+02,5.281296386718750000e+02
1.166904296875000000e+03,5.696949218750000000e+03,9.027194824218750000e+02,2.170568359375000000e+04,2.479020996093750000e+03,6.017774658203125000e+02,4.771141052246093750e+02,1.264738693237304688e+02,9.611114257812500000e+03,3.946474609375000000e+03,9.348966064453125000e+02,4.132169433593750000e+03,2.896667724609375000e+03,1.141708496093750000e+03,3.377760742187500000e+03,2.602919921875000000e+03,1.072926757812500000e+03,3.319387817382812500e+02,2.704032470703125000e+03,2.867287841796875000e+03,2.792558105468750000e+03,1.918753540039062500e+03,6.847727050781250000e+02,2.744225585937500000e+03,8.626262817382812500e+02,1.631312988281250000e+03,2.745925537109375000e+03,2.014378051757812500e+02,3.143449218750000000e+03,8.076463012695312500e+02,1.104158105468750000e+04,5.478565429687500000e+03,6.088898925781250000e+02,4.180829101562500000e+03,1.961594482421875000e+03,2.190035644531250000e+03,5.150125488281250000e+03,3.313821105957031250e+02,5.822882812500000000e+03,6.957782592773437500e+02,2.577091308593750000e+03,7.611906250000000000e+03,1.665615234375000000e+03,1.154930496215820312e+02,2.261224853515625000e+03,1.592958862304687500e+03,6.509258422851562500e+02,6.221658935546875000e+02,5.148155517578125000e+02
6.825256347656250000e+02,5.721065429687500000e+03,6.865104370117187500e+02,1.434216992187500000e+04,2.090284423828125000e+03,5.785388183593750000e+02,3.803125610351562500e+02,1.230523986816406250e+02,7.699481933593750000e+03,7.786350585937500000e+03,1.127520751953125000e+03,2.428199462890625000e+03,3.584751464843750000e+03,1.161175170898437500e+03,2.911750000000000000e+03,2.944706298828125000e+03,9.182905273437500000e+02,2.853976745605468750e+02,1.138582397460937500e+03,4.222388183593750000e+03,2.750879394531250000e+03,1.999659423828125000e+03,6.022822875976562500e+02,3.302355468750000000e+03,8.708370361328125000e+02,1.315515869140625000e+03,2.641111328125000000e+03,2.085070495605468750e+02,3.332419433593750000e+03,4.038571166992187500e+02,9.395815429687500000e+03,1.036156152343750000e+04,5.902529296875000000e+02,5.821726562500000000e+03,8.310479125976562500e+02,1.334218261718750000e+03,5.435296386718750000e+03,2.486679382324218750e+02,6.851262695312500000e+03,6.514331054687500000e+02,2.273207275390625000e+03,7.582766601562500000e+03,3.254966064453125000e+03,1.061479187011718750e+02,1.401759887695312500e+03,1.094014038085937500e+03,8.745338745117187500e+02,5.831326904296875000e+02,5.229401855468750000e+02
9.244021606445312500e+02,5.990315429687500000e+03,8.100128173828125000e+02,1.490001757812500000e+04,2.679402832031250000e+03,7.989227294921875000e+02,5.717482910156250000e+02,1.660917663574218750e+02,8.280436523437500000e+03,4.176255859375000000e+03,1.132760498046875000e+03,2.863306152343750000e+03,2.635239746093750000e+03,9.036473388671875000e+02,1.766049316406250000e+03,3.825897949218750000e+03,1.102650390625000000e+03,2.855260620117187500e+02,1.465320922851562500e+03,4.035199218750000000e+03,2.743006347656250000e+03,4.850314941406250000e+03,6.647649536132812500e+02,4.851827148437500000e+03,8.700560302734375000e+02,1.521715087890625000e+03,2.802769287109375000e+03,2.050433959960937500e+02,4.328393554687500000e+03,6.459682617187500000e+02,9.438721679687500000e+03,4.740999511718750000e+03,5.916920166015625000e+02,8.329378906250000000e+03,1.662924804687500000e+03,1.203211425781250000e+03,4.697899902343750000e+03,3.289886169433593750e+02,3.764570800781250000e+03,7.127714843750000000e+02,2.424428222656250000e+03,7.756365234375000000e+03,2.617868896484375000e+03,1.190097961425781250e+02,2.170949951171875000e+03,1.395707153320312500e+03,8.343393554687500000e+02,7.264038085937500000e+02,3.957330322265625000e+02
8.090103759765625000e+02,4.909026367187500000e+03,6.977613525390625000e+02,1.632398437500000000e+04,2.445800292968750000e+03,8.299681396484375000e+02,4.958020629882812500e+02,1.625831146240234375e+02,8.695362304687500000e+03,3.772360595703125000e+03,1.086957519531250000e+03,3.205135742187500000e+03,3.770680664062500000e+03,7.590095214843750000e+02,1.062354858398437500e+03,3.920383789062500000e+03,9.874966430664062500e+02,3.652456054687500000e+02,1.519310546875000000e+03,3.219208496093750000e+03,2.889017333984375000e+03,1.933135253906250000e+03,6.166275634765625000e+02,4.591169921875000000e+03,8.641535644531250000e+02,1.018389221191406250e+03,1.119771728515625000e+03,2.053767089843750000e+02,3.593021484375000000e+03,7.237122192382812500e+02,1.356612695312500000e+04,4.403009277343750000e+03,4.024849853515625000e+02,4.790647460937500000e+03,1.641471801757812500e+03,1.026030517578125000e+03,4.693605468750000000e+03,2.923651123046875000e+02,5.244861328125000000e+03,2.828282775878906250e+02,2.522263183593750000e+03,8.037863769531250000e+03,1.730804931640625000e+03,1.249974822998046875e+02,2.194742675781250000e+03,2.024972656250000000e+03,6.985076904296875000e+02,6.395866699218750000e+02,5.272795410156250000e+02
1.886504882812500000e+03,6.331150390625000000e+03,6.747447509765625000e+02,1.527267285156250000e+04,2.523580566406250000e+03,6.700302124023437500e+02,5.069657897949218750e+02,2.474201660156250000e+02,7.831541015625000000e+03,6.607725585937500000e+03,1.164937988281250000e+03,3.830342285156250000e+03,3.110418945312500000e+03,1.024688842773437500e+03,1.454218872070312500e+03,3.033212402343750000e+03,1.180357666015625000e+03,3.898913269042968750e+02,1.754154541015625000e+03,3.773668945312500000e+03,2.824516845703125000e+03,2.171381347656250000e+03,7.824663085937500000e+02,4.913933593750000000e+03,8.712414550781250000e+02,1.367191528320312500e+03,2.738969238281250000e+03,2.293468933105468750e+02,3.084705078125000000e+03,7.592025756835937500e+02,1.171728906250000000e+04,5.181909667968750000e+03,4.825001220703125000e+02,4.666997558593750000e+03,9.534907226562500000e+02,1.601093261718750000e+03,4.374826660156250000e+03,3.513199768066406250e+02,5.694968750000000000e+03,7.045800781250000000e+02,2.500398193359375000e+03,8.359502929687500000e+03,3.480514648437500000e+03,1.398097839355468750e+02,3.262137451171875000e+03,2.205505126953125000e+03,8.028546752929687500e+02,6.313210449218750000e+02,5.338140869140625000e+02
1.833976074218750000e+03,5.533730468750000000e+03,7.914985351562500000e+02,3.535743359375000000e+04,2.721591064453125000e+03,1.001729980468750000e+03,4.385588989257812500e+02,3.066598510742187500e+02,7.800232910156250000e+03,3.900472167968750000e+03,1.164459594726562500e+03,2.648462402343750000e+03,3.230913574218750000e+03,1.109311767578125000e+03,1.162710693359375000e+03,2.191617431640625000e+03,1.154773437500000000e+03,3.757463073730468750e+02,2.223016845703125000e+03,5.494446289062500000e+03,3.181325683593750000e+03,2.194227050781250000e+03,7.599125976562500000e+02,2.663727050781250000e+03,8.775477294921875000e+02,1.557257568359375000e+03,1.184624877929687500e+03,2.626553955078125000e+02,3.938092041015625000e+03,6.906023559570312500e+02,1.238664355468750000e+04,4.557197753906250000e+03,3.728891601562500000e+02,4.974956054687500000e+03,2.502324218750000000e+03,1.093827392578125000e+03,4.916886718750000000e+03,4.203462829589843750e+02,5.110283691406250000e+03,2.856385498046875000e+02,2.521925292968750000e+03,7.956785156250000000e+03,1.998513427734375000e+03,1.752332458496093750e+02,1.919512451171875000e+03,1.647597778320312500e+03,6.683686523437500000e+02,7.082735595703125000e+02,4.350794067382812500e+02
1.271138427734375000e+03,4.510731445312500000e+03,7.628867187500000000e+02,1.525077734375000000e+04,2.515847412109375000e+03,6.665145874023437500e+02,3.952113037109375000e+02,1.716382141113281250e+02,7.316511230468750000e+03,3.780183837890625000e+03,1.169555908203125000e+03,2.369805419921875000e+03,4.000652832031250000e+03,8.428689575195312500e+02,1.136677612304687500e+03,4.754364257812500000e+03,8.578148803710937500e+02,3.436765747070312500e+02,1.339017822265625000e+03,3.945830078125000000e+03,2.728966796875000000e+03,2.092967285156250000e+03,6.397625732421875000e+02,4.877253417968750000e+03,8.687207031250000000e+02,1.439766845703125000e+03,2.361916748046875000e+03,2.151684875488281250e+02,3.331363037109375000e+03,5.935732421875000000e+02,1.063493847656250000e+04,4.393518066406250000e+03,4.212355651855468750e+02,4.518446289062500000e+03,1.517094116210937500e+03,9.267778320312500000e+02,4.753334472656250000e+03,2.251479797363281250e+02,3.709188964843750000e+03,3.720489807128906250e+02,2.125638427734375000e+03,8.026687500000000000e+03,1.923823608398437500e+03,1.195796966552734375e+02,1.851740478515625000e+03,1.880789550781250000e+03,6.010352783203125000e+02,5.026359863281250000e+02,5.295533447265625000e+02
1.618211547851562500e+03,4.885022460937500000e+03,6.830306396484375000e+02,2.892293359375000000e+04,2.343762695312500000e+03,4.906602783203125000e+02,4.681929321289062500e+02,2.169470825195312500e+02,7.105409179687500000e+03,3.703210693359375000e+03,9.972790527343750000e+02,2.394494873046875000e+03,2.506175781250000000e+03,7.701137695312500000e+02,1.066974731445312500e+03,2.313686523437500000e+03,9.336199951171875000e+02,2.986160583496093750e+02,2.856288330078125000e+03,2.638539306640625000e+03,2.796504394531250000e+03,1.833320190429687500e+03,6.929798583984375000e+02,2.447638671875000000e+03,8.652308959960937500e+02,6.975509643554687500e+02,9.423936767578125000e+02,2.786503601074218750e+02,3.008725341796875000e+03,7.224451293945312500e+02,1.137038085937500000e+04,4.245160156250000000e+03,3.105079345703125000e+02,4.153506835937500000e+03,1.243423583984375000e+03,7.184166259765625000e+02,4.219263671875000000e+03,2.882312011718750000e+02,3.176916015625000000e+03,3.288379211425781250e+02,2.426810791015625000e+03,8.406179687500000000e+03,1.992753662109375000e+03,2.390448303222656250e+02,1.602864746093750000e+03,1.819418701171875000e+03,6.341531982421875000e+02,5.849012451171875000e+02,5.157376098632812500e+02
1.856147338867187500e+03,5.725208984375000000e+03,6.266776123046875000e+02,1.422184667968750000e+04,1.817236206054687500e+03,4.801463012695312500e+02,3.752410278320312500e+02,1.503421630859375000e+02,7.231652343750000000e+03,8.029483398437500000e+03,1.139474853515625000e+03,1.972961181640625000e+03,2.749441650390625000e+03,1.033884155273437500e+03,1.979777832031250000e+03,2.357199707031250000e+03,7.785756835937500000e+02,2.714440307617187500e+02,1.282225097656250000e+03,3.096458984375000000e+03,2.808383789062500000e+03,2.022623901367187500e+03,8.002357177734375000e+02,3.305373046875000000e+03,8.701619262695312500e+02,1.149590209960937500e+03,1.301296142578125000e+03,3.103767089843750000e+02,3.113606933593750000e+03,3.675144348144531250e+02,1.111975976562500000e+04,8.803826171875000000e+03,4.411744995117187500e+02,4.715207519531250000e+03,1.243620605468750000e+03,6.507488403320312500e+02,7.935233398437500000e+03,2.288636779785156250e+02,6.519655273437500000e+03,5.004382934570312500e+02,2.213740966796875000e+03,7.725489257812500000e+03,2.208302734375000000e+03,1.175891571044921875e+02,1.351004272460937500e+03,9.131022949218750000e+02,8.100161132812500000e+02,6.250291748046875000e+02,5.324132080078125000e+02
3.034339599609375000e+03,6.258714843750000000e+03,8.289065551757812500e+02,1.364431542968750000e+04,2.095915283203125000e+03,5.387345581054687500e+02,6.024054565429687500e+02,9.937353515625000000e+01,7.145737304687500000e+03,4.275195800781250000e+03,1.157746093750000000e+03,2.036243408203125000e+03,2.506973876953125000e+03,1.109306884765625000e+03,1.079678100585937500e+03,4.639013671875000000e+03,9.875377197265625000e+02,2.820883178710937500e+02,1.551501098632812500e+03,3.762013183593750000e+03,2.632830566406250000e+03,5.039617675781250000e+03,7.738021240234375000e+02,4.469484863281250000e+03,8.671432495117187500e+02,6.974298706054687500e+02,1.449070190429687500e+03,3.276222839355468750e+02,3.457931640625000000e+03,5.556828613281250000e+02,8.888825195312500000e+03,4.608069824218750000e+03,5.422348632812500000e+02,8.306609375000000000e+03,6.754274902343750000e+02,7.243540039062500000e+02,4.563420410156250000e+03,2.397370605468750000e+02,5.180126953125000000e+03,3.774463195800781250e+02,2.625436279296875000e+03,7.979406250000000000e+03,1.893480346679687500e+03,2.644222106933593750e+02,1.676912719726562500e+03,1.471058349609375000e+03,8.575786132812500000e+02,1.070195922851562500e+03,3.473822937011718750e+02
1.900898071289062500e+03,4.361222167968750000e+03,8.563994140625000000e+02,1.401497949218750000e+04,2.449692626953125000e+03,5.744228515625000000e+02,4.865834960937500000e+02,1.914680786132812500e+02,7.269785156250000000e+03,3.715276611328125000e+03,1.093715209960937500e+03,2.165662841796875000e+03,3.365679687500000000e+03,7.540791015625000000e+02,1.048311523437500000e+03,2.704969482421875000e+03,8.602070922851562500e+02,3.301540527343750000e+02,1.391821044921875000e+03,2.920561279296875000e+03,2.677064453125000000e+03,2.122952392578125000e+03,7.442927246093750000e+02,3.801466308593750000e+03,8.640006103515625000e+02,9.278654785156250000e+02,1.176417602539062500e+03,2.427839660644531250e+02,3.194099121093750000e+03,6.532841796875000000e+02,1.289201171875000000e+04,4.396876464843750000e+03,5.705377197265625000e+02,4.433440429687500000e+03,8.426190795898437500e+02,6.731069946289062500e+02,4.216542968750000000e+03,2.361072387695312500e+02,6.436076171875000000e+03,3.620974731445312500e+02,2.518404052734375000e+03,7.873940429687500000e+03,2.259104248046875000e+03,1.469000854492187500e+02,1.707008056640625000e+03,1.162420166015625000e+03,6.536967773437500000e+02,6.219680175781250000e+02,5.259707031250000000e+02
1.915723510742187500e+03,6.327813476562500000e+03,6.930054321289062500e+02,1.487927734375000000e+04,2.657693115234375000e+03,4.938731079101562500e+02,4.013312377929687500e+02,1.764211120605468750e+02,7.508151855468750000e+03,3.853943359375000000e+03,1.169954956054687500e+03,2.292839843750000000e+03,3.110408447265625000e+03,7.986637573242187500e+02,1.074287475585937500e+03,2.547943115234375000e+03,1.072938598632812500e+03,3.480974731445312500e+02,1.345337402343750000e+03,3.369452636718750000e+03,2.687981689453125000e+03,2.146030273437500000e+03,8.336029052734375000e+02,3.403509765625000000e+03,8.706193847656250000e+02,8.120898437500000000e+02,1.222494384765625000e+03,2.211336364746093750e+02,2.879740234375000000e+03,7.035833740234375000e+02,1.001619628906250000e+04,4.447332031250000000e+03,3.397884521484375000e+02,4.294196289062500000e+03,6.355855712890625000e+02,8.142442016601562500e+02,4.325924316406250000e+03,3.208888854980468750e+02,5.524570800781250000e+03,3.640893249511718750e+02,2.298687988281250000e+03,8.031004394531250000e+03,2.888999023437500000e+03,1.192683258056640625e+02,2.023859619140625000e+03,1.145388183593750000e+03,7.232867431640625000e+02,6.451546630859375000e+02,5.329545898437500000e+02
1.897529785156250000e+03,4.631625976562500000e+03,8.433148193359375000e+02,2.597240039062500000e+04,2.583246093750000000e+03,5.056245117187500000e+02,4.207062988281250000e+02,1.828254089355468750e+02,7.012214843750000000e+03,3.782686035156250000e+03,1.178001464843750000e+03,2.376489501953125000e+03,3.280368896484375000e+03,9.407708740234375000e+02,1.125750244140625000e+03,2.178577392578125000e+03,1.063822021484375000e+03,3.286038818359375000e+02,2.075225341796875000e+03,4.494236328125000000e+03,2.987398193359375000e+03,2.255287109375000000e+03,7.927553100585937500e+02,2.715566162109375000e+03,8.772235107421875000e+02,8.734527587890625000e+02,1.296732177734375000e+03,2.088364257812500000e+02,3.378607421875000000e+03,6.568056030273437500e+02,1.014761425781250000e+04,4.489898437500000000e+03,5.829490356445312500e+02,4.559649414062500000e+03,8.477095947265625000e+02,6.622003173828125000e+02,4.509374511718750000e+03,4.163754272460937500e+02,5.533511718750000000e+03,4.372788696289062500e+02,2.418438964843750000e+03,7.984192871093750000e+03,2.145805908203125000e+03,1.290863647460937500e+02,1.558820068359375000e+03,1.094249877929687500e+03,6.301489257812500000e+02,6.891395263671875000e+02,3.758872070312500000e+02
1.906627197265625000e+03,4.084074951171875000e+03,9.238694458007812500e+02,1.396003710937500000e+04,2.475394287109375000e+03,5.182641601562500000e+02,4.163543395996093750e+02,1.968313140869140625e+02,7.098819335937500000e+03,3.787388671875000000e+03,1.179343505859375000e+03,2.297912597656250000e+03,3.869425048828125000e+03,1.392473632812500000e+03,1.057039184570312500e+03,4.699236816406250000e+03,8.000402832031250000e+02,2.911358337402343750e+02,1.109458740234375000e+03,3.313415771484375000e+03,2.611602539062500000e+03,2.143798583984375000e+03,7.617620849609375000e+02,4.841890625000000000e+03,8.690399169921875000e+02,6.301849365234375000e+02,1.504224731445312500e+03,1.933360290527343750e+02,2.768326904296875000e+03,6.755821533203125000e+02,9.346005859375000000e+03,4.423076660156250000e+03,4.715539550781250000e+02,4.206306152343750000e+03,8.633748779296875000e+02,7.655064697265625000e+02,4.478198242187500000e+03,2.737836608886718750e+02,5.838303222656250000e+03,3.532377624511718750e+02,2.613338867187500000e+03,7.803866699218750000e+03,2.068644531250000000e+03,1.155358505249023438e+02,1.463763671875000000e+03,1.099671020507812500e+03,5.487271728515625000e+02,5.319727783203125000e+02,5.243059082031250000e+02
1.898110961914062500e+03,4.695089843750000000e+03,8.725162353515625000e+02,1.614720703125000000e+04,2.120339355468750000e+03,4.768023071289062500e+02,4.080950927734375000e+02,1.459618530273437500e+02,7.271294433593750000e+03,3.729262451171875000e+03,1.042643310546875000e+03,2.029545166015625000e+03,2.603617431640625000e+03,8.012127685546875000e+02,1.109348510742187500e+03,2.328936767578125000e+03,8.168444824218750000e+02,2.643402404785156250e+02,1.322666748046875000e+03,2.503746093750000000e+03,2.678053466796875000e+03,1.964283203125000000e+03,7.533315429687500000e+02,2.666062744140625000e+03,8.644407348632812500e+02,1.028651489257812500e+03,9.501346435546875000e+02,1.857853088378906250e+02,2.783708496093750000e+03,7.275682373046875000e+02,6.947380371093750000e+03,4.503561035156250000e+03,5.660454101562500000e+02,4.141769042968750000e+03,1.932405761718750000e+03,6.022246704101562500e+02,3.999906982421875000e+03,2.120219421386718750e+02,5.352465820312500000e+03,6.143856811523437500e+02,2.218560546875000000e+03,7.823919921875000000e+03,1.737198608398437500e+03,1.123955612182617188e+02,1.551809692382812500e+03,8.732474365234375000e+02,5.826325683593750000e+02,5.739074707031250000e+02,5.093017883300781250e+02
1.860633422851562500e+03,5.699267089843750000e+03,6.398928833007812500e+02,1.284488281250000000e+04,1.707801391601562500e+03,4.681798095703125000e+02,3.709825134277343750e+02,1.039325103759765625e+02,7.002538085937500000e+03,7.692074707031250000e+03,1.120965698242187500e+03,1.867448730468750000e+03,4.099702148437500000e+03,1.365671630859375000e+03,2.750204101562500000e+03,2.398921630859375000e+03,7.818906250000000000e+02,2.690552368164062500e+02,1.006144470214843750e+03,3.046690673828125000e+03,2.573846679687500000e+03,2.058492919921875000e+03,7.880654907226562500e+02,4.000600097656250000e+03,8.713093261718750000e+02,7.767153930664062500e+02,7.945933837890625000e+02,1.883004760742187500e+02,2.774592529296875000e+03,3.504437255859375000e+02,7.273907714843750000e+03,1.035153710937500000e+04,3.882821655273437500e+02,4.254539550781250000e+03,9.558003540039062500e+02,6.571849365234375000e+02,4.350337890625000000e+03,2.575433349609375000e+02,6.768570312500000000e+03,3.886829223632812500e+02,2.205784423828125000e+03,7.407617675781250000e+03,1.847000488281250000e+03,1.024713287353515625e+02,1.329681762695312500e+03,8.599307861328125000e+02,7.453468017578125000e+02,6.240006103515625000e+02,5.161148681640625000e+02
3.985857421875000000e+03,5.779875976562500000e+03,1.063804321289062500e+03,1.202646875000000000e+04,2.094327392578125000e+03,4.940309448242187500e+02,5.558955078125000000e+02,1.429649047851562500e+02,7.092134765625000000e+03,3.824052001953125000e+03,1.164037597656250000e+03,2.836640136718750000e+03,2.908709716796875000e+03,1.019831787109375000e+03,1.129375122070312500e+03,3.852416748046875000e+03,8.734152832031250000e+02,2.640986938476562500e+02,1.152362060546875000e+03,3.134387695312500000e+03,2.650851318359375000e+03,4.869232421875000000e+03,7.632950439453125000e+02,2.983180175781250000e+03,8.677652587890625000e+02,9.237770996093750000e+02,1.095241577148437500e+03,1.826973571777343750e+02,2.930427978515625000e+03,4.597525939941406250e+02,8.056107421875000000e+03,4.672016601562500000e+03,4.555743408203125000e+02,8.302167968750000000e+03,9.153827514648437500e+02,6.059554443359375000e+02,3.379028076171875000e+03,3.385614013671875000e+02,5.654301757812500000e+03,6.597390136718750000e+02,2.473094970703125000e+03,7.700419921875000000e+03,3.115910156250000000e+03,1.092266235351562500e+02,1.573954101562500000e+03,9.081359863281250000e+02,7.238093872070312500e+02,1.159265502929687500e+03,3.677050170898437500e+02
1.934214965820312500e+03,3.868624023437500000e+03,7.309195556640625000e+02,1.329095214843750000e+04,2.381348632812500000e+03,5.412206420898437500e+02,5.483841552734375000e+02,1.096341705322265625e+02,7.381006347656250000e+03,3.737677734375000000e+03,1.005270629882812500e+03,1.979302001953125000e+03,4.016799560546875000e+03,7.806611938476562500e+02,1.079084472656250000e+03,3.192684570312500000e+03,7.789913330078125000e+02,3.004833984375000000e+02,1.301575805664062500e+03,2.763666748046875000e+03,2.793254394531250000e+03,2.010620971679687500e+03,7.502410888671875000e+02,3.393595703125000000e+03,8.566503906250000000e+02,5.921054077148437500e+02,9.387888183593750000e+02,1.958251037597656250e+02,2.806337402343750000e+03,6.430059204101562500e+02,9.102203125000000000e+03,4.452421386718750000e+03,5.776453247070312500e+02,4.443585937500000000e+03,9.079761962890625000e+02,5.941117553710937500e+02,4.065510498046875000e+03,3.890737915039062500e+02,6.892984375000000000e+03,3.005722351074218750e+02,2.809347656250000000e+03,7.919977539062500000e+03,2.035992187500000000e+03,1.090659637451171875e+02,1.564496826171875000e+03,1.038344726562500000e+03,6.214690551757812500e+02,7.725217285156250000e+02,5.242645874023437500e+02
1.928084472656250000e+03,6.296728515625000000e+03,7.507127075195312500e+02,1.497691210937500000e+04,2.366779785156250000e+03,5.220794067382812500e+02,4.183106079101562500e+02,1.359582061767578125e+02,8.591787109375000000e+03,3.933479492187500000e+03,1.141114746093750000e+03,2.281156494140625000e+03,2.789051025390625000e+03,1.812717041015625000e+03,1.119764770507812500e+03,2.338941650390625000e+03,1.079350341796875000e+03,2.995795288085937500e+02,1.445916748046875000e+03,3.041194335937500000e+03,2.813709472656250000e+03,2.150285156250000000e+03,8.414558105468750000e+02,4.320884765625000000e+03,8.701948242187500000e+02,9.519671630859375000e+02,1.130767211914062500e+03,1.875210571289062500e+02,2.839174316406250000e+03,7.138931884765625000e+02,1.017907031250000000e+04,4.690500488281250000e+03,5.161254882812500000e+02,4.210729980468750000e+03,1.600302978515625000e+03,8.301807861328125000e+02,4.165183593750000000e+03,5.318673706054687500e+02,5.888686523437500000e+03,7.030999755859375000e+02,2.992251464843750000e+03,7.988834960937500000e+03,3.028107421875000000e+03,1.101347808837890625e+02,2.144334228515625000e+03,9.935314941406250000e+02,6.689019165039062500e+02,6.603164062500000000e+02,5.319608154296875000e+02
1.904147338867187500e+03,4.078516601562500000e+03,8.248318481445312500e+02,1.773765039062500000e+04,2.211632812500000000e+03,4.989370117187500000e+02,4.116867370605468750e+02,2.776179809570312500e+02,7.222304687500000000e+03,3.786397460937500000e+03,1.149807373046875000e+03,1.754446044921875000e+03,3.060636230468750000e+03,1.227434082031250000e+03,1.144084838867187500e+03,2.180180175781250000e+03,9.832874755859375000e+02,2.891738891601562500e+02,1.526454589843750000e+03,3.938443847656250000e+03,3.058162109375000000e+03,2.168143554687500000e+03,7.938112182617187500e+02,3.147390136718750000e+03,8.605587158203125000e+02,1.118908447265625000e+03,1.112480224609375000e+03,1.870537109375000000e+02,3.125313720703125000e+03,6.006843261718750000e+02,7.529269042968750000e+03,4.510951660156250000e+03,2.970767822265625000e+02,4.328803222656250000e+03,3.108440429687500000e+03,5.905405883789062500e+02,4.387759765625000000e+03,5.090834655761718750e+02,4.182553222656250000e+03,3.074550476074218750e+02,2.584972412109375000e+03,7.844159179687500000e+03,2.017382324218750000e+03,1.136710433959960938e+02,1.422318725585937500e+03,9.133079833984375000e+02,5.934095458984375000e+02,7.252003173828125000e+02,3.836912231445312500e+02
1.929299926757812500e+03,3.450839843750000000e+03,8.786383056640625000e+02,1.355305371093750000e+04,2.149258300781250000e+03,5.005490722656250000e+02,4.574483032226562500e+02,1.052351379394531250e+02,7.396166015625000000e+03,3.720780273437500000e+03,1.149122070312500000e+03,1.917029052734375000e+03,3.628894775390625000e+03,8.116174316406250000e+02,1.098374633789062500e+03,4.647159179687500000e+03,7.401802978515625000e+02,2.610624389648437500e+02,8.950703125000000000e+02,2.903749511718750000e+03,2.651549316406250000e+03,2.089762695312500000e+03,7.863786621093750000e+02,4.802909179687500000e+03,8.665058593750000000e+02,1.111757812500000000e+03,1.042945312500000000e+03,1.854318542480468750e+02,2.697836425781250000e+03,5.698796997070312500e+02,6.994530761718750000e+03,4.458036132812500000e+03,3.691209716796875000e+02,4.135012695312500000e+03,1.180462402343750000e+03,6.319862670898437500e+02,4.111582031250000000e+03,3.990982666015625000e+02,5.170954101562500000e+03,2.860584106445312500e+02,2.417014404296875000e+03,7.703687500000000000e+03,1.713457885742187500e+03,1.059915466308593750e+02,1.422469970703125000e+03,1.024659057617187500e+03,5.307507934570312500e+02,5.853441162109375000e+02,5.236101074218750000e+02
1.923725952148437500e+03,3.463770751953125000e+03,9.899791259765625000e+02,1.191891992187500000e+04,2.069848876953125000e+03,4.797385253906250000e+02,4.651561279296875000e+02,2.254688415527343750e+02,7.441275390625000000e+03,3.678360107421875000e+03,9.707553710937500000e+02,5.141810058593750000e+03,2.635218017578125000e+03,1.046002075195312500e+03,1.088547241210937500e+03,2.365125244140625000e+03,7.845792236328125000e+02,2.590090637207031250e+02,8.558055419921875000e+02,2.421516357421875000e+03,2.777823730468750000e+03,1.935906250000000000e+03,7.835460815429687500e+02,3.466040527343750000e+03,8.627755126953125000e+02,6.997970581054687500e+02,7.705686035156250000e+02,1.781758117675781250e+02,2.691829101562500000e+03,7.203212890625000000e+02,5.962707519531250000e+03,4.336881347656250000e+03,4.167811584472656250e+02,4.118927734375000000e+03,1.667387939453125000e+03,5.744005126953125000e+02,4.115252929687500000e+03,2.289032897949218750e+02,3.799774414062500000e+03,3.432114868164062500e+02,2.392643554687500000e+03,7.810602050781250000e+03,1.591704345703125000e+03,1.071894531250000000e+02,1.475739990234375000e+03,1.214000976562500000e+03,5.782425537109375000e+02,5.884112548828125000e+02,5.048652038574218750e+02
1.876451782226562500e+03,5.546913085937500000e+03,7.530035400390625000e+02,1.017016210937500000e+04,1.630975463867187500e+03,4.789398193359375000e+02,3.381102294921875000e+02,7.335285949707031250e+01,6.990556640625000000e+03,7.739115234375000000e+03,1.087754394531250000e+03,7.533215820312500000e+03,2.567539550781250000e+03,1.616985595703125000e+03,3.010210937500000000e+03,2.236065429687500000e+03,6.866575927734375000e+02,2.740705566406250000e+02,7.221538696289062500e+02,2.801480468750000000e+03,2.736198242187500000e+03,2.062103027343750000e+03,7.907232666015625000e+02,3.906340820312500000e+03,7.928515625000000000e+02,7.522044677734375000e+02,6.002916870117187500e+02,1.884175415039062500e+02,2.688389648437500000e+03,3.371575012207031250e+02,6.767848144531250000e+03,1.010066894531250000e+04,3.374869384765625000e+02,4.055050048828125000e+03,2.666346435546875000e+03,5.460618286132812500e+02,4.458375976562500000e+03,4.318094482421875000e+02,6.485594726562500000e+03,4.107592468261718750e+02,2.566296630859375000e+03,7.508083984375000000e+03,1.386163574218750000e+03,1.053369293212890625e+02,1.338008666992187500e+03,8.510689697265625000e+02,7.014875488281250000e+02,6.138344726562500000e+02,5.227115478515625000e+02
4.255199707031250000e+03,3.893236328125000000e+03,8.843635253906250000e+02,9.923029296875000000e+03,1.745436767578125000e+03,4.860708007812500000e+02,5.691751708984375000e+02,9.345825195312500000e+01,7.077714843750000000e+03,3.757738281250000000e+03,1.093980346679687500e+03,6.267429199218750000e+03,2.557394042968750000e+03,1.125035034179687500e+03,1.130071655273437500e+03,2.517743164062500000e+03,7.316346435546875000e+02,2.619033813476562500e+02,7.742972412109375000e+02,2.602068115234375000e+03,2.592612792968750000e+03,4.872282714843750000e+03,7.560646972656250000e+02,3.826766601562500000e+03,8.080045166015625000e+02,7.189095458984375000e+02,7.393713378906250000e+02,1.876445312500000000e+02,2.677984130859375000e+03,4.139198608398437500e+02,7.149743164062500000e+03,4.473174316406250000e+03,3.658565673828125000e+02,8.261327148437500000e+03,8.801728515625000000e+02,5.633728027343750000e+02,3.070785644531250000e+03,4.747568359375000000e+02,4.092028808593750000e+03,5.489015502929687500e+02,2.126776367187500000e+03,7.440835449218750000e+03,1.514080688476562500e+03,1.084796905517578125e+02,1.376120605468750000e+03,9.730223388671875000e+02,6.285256347656250000e+02,1.312665649414062500e+03,4.343758544921875000e+02
2.003980224609375000e+03,3.138807861328125000e+03,8.617357177734375000e+02,1.034115234375000000e+04,2.005104248046875000e+03,5.217305908203125000e+02,5.198209228515625000e+02,1.542376098632812500e+02,7.382863769531250000e+03,3.707664550781250000e+03,9.167144775390625000e+02,3.345067871093750000e+03,2.901588378906250000e+03,7.831702270507812500e+02,1.052056884765625000e+03,3.593206054687500000e+03,6.553924560546875000e+02,3.014565429687500000e+02,1.021672729492187500e+03,2.647984863281250000e+03,2.704433593750000000e+03,2.058453857421875000e+03,8.122402954101562500e+02,3.317392333984375000e+03,8.389524536132812500e+02,1.071664550781250000e+03,8.219494628906250000e+02,2.189959411621093750e+02,2.819092041015625000e+03,5.266481933593750000e+02,8.366897460937500000e+03,4.303299316406250000e+03,4.299561157226562500e+02,4.248443359375000000e+03,2.577886718750000000e+03,5.966940307617187500e+02,4.236374023437500000e+03,5.443413085937500000e+02,6.495117187500000000e+03,3.392591552734375000e+02,4.680298828125000000e+03,7.840170898437500000e+03,1.725476684570312500e+03,1.154741821289062500e+02,1.609807495117187500e+03,1.454512573242187500e+03,6.167030029296875000e+02,7.976650390625000000e+02,5.151779785156250000e+02
1.699190673828125000e+03,4.840175292968750000e+03,7.308125000000000000e+02,1.550475390625000000e+04,1.984110961914062500e+03,5.013596191406250000e+02,3.986516418457031250e+02,1.468877258300781250e+02,7.351876953125000000e+03,3.976899658203125000e+03,1.101252319335937500e+03,3.325137695312500000e+03,2.681473144531250000e+03,2.023539794921875000e+03,1.092255737304687500e+03,2.755548828125000000e+03,1.025137573242187500e+03,2.972307739257812500e+02,1.327473022460937500e+03,2.859136718750000000e+03,2.770702148437500000e+03,2.153916015625000000e+03,7.473689575195312500e+02,4.028901855468750000e+03,8.666153564453125000e+02,1.411183593750000000e+03,9.300018310546875000e+02,1.895680541992187500e+02,2.804338134765625000e+03,6.095952148437500000e+02,9.458633789062500000e+03,4.636813476562500000e+03,4.879087219238281250e+02,4.162351074218750000e+03,8.172182006835937500e+02,6.795130004882812500e+02,4.259388671875000000e+03,5.077257995605468750e+02,5.761386718750000000e+03,7.090236816406250000e+02,4.851382324218750000e+03,7.767354003906250000e+03,2.325125732421875000e+03,1.073778991699218750e+02,1.765510253906250000e+03,1.094723632812500000e+03,6.270827026367187500e+02,6.790633544921875000e+02,5.285042724609375000e+02
1.879123413085937500e+03,3.276988281250000000e+03,7.739798583984375000e+02,1.045019628906250000e+04,2.457615234375000000e+03,5.222156982421875000e+02,3.851060485839843750e+02,2.002849578857421875e+02,7.063693847656250000e+03,3.753206542968750000e+03,1.086315551757812500e+03,2.263310546875000000e+03,2.519470703125000000e+03,1.478593261718750000e+03,1.148780395507812500e+03,2.168082763671875000e+03,7.737478027343750000e+02,2.834381713867187500e+02,1.417533691406250000e+03,3.619041259765625000e+03,2.926542968750000000e+03,2.198739013671875000e+03,8.376401367187500000e+02,3.172992675781250000e+03,8.669753417968750000e+02,1.455256591796875000e+03,8.896223754882812500e+02,1.888701782226562500e+02,2.855546875000000000e+03,5.782357788085937500e+02,7.569941406250000000e+03,4.480203125000000000e+03,3.898103027343750000e+02,4.246369140625000000e+03,2.223127441406250000e+03,5.653897705078125000e+02,4.559366699218750000e+03,4.758626098632812500e+02,4.988138183593750000e+03,5.756838378906250000e+02,6.255230468750000000e+03,7.769692382812500000e+03,1.856388671875000000e+03,1.142991409301757812e+02,1.436221801757812500e+03,1.004650512695312500e+03,6.143737792968750000e+02,7.084573974609375000e+02,3.932061462402343750e+02
1.922685913085937500e+03,3.042258544921875000e+03,9.960222167968750000e+02,1.154636718750000000e+04,1.826380371093750000e+03,4.971619873046875000e+02,3.699126586914062500e+02,5.231620788574218750e+01,6.782178222656250000e+03,3.708372314453125000e+03,1.103366577148437500e+03,1.765258789062500000e+03,2.905353515625000000e+03,8.103509521484375000e+02,1.094818969726562500e+03,4.681361816406250000e+03,6.877193603515625000e+02,2.773655395507812500e+02,8.118508911132812500e+02,2.767504394531250000e+03,2.608883789062500000e+03,2.098271484375000000e+03,8.318560791015625000e+02,4.689416015625000000e+03,8.645566406250000000e+02,1.075997070312500000e+03,7.942938842773437500e+02,1.978031921386718750e+02,2.440804199218750000e+03,5.782479248046875000e+02,6.494889648437500000e+03,4.325677734375000000e+03,3.298527526855468750e+02,4.114145996093750000e+03,1.318594116210937500e+03,5.864716796875000000e+02,4.318747558593750000e+03,4.316826782226562500e+02,2.942427734375000000e+03,2.864174499511718750e+02,5.782634765625000000e+03,7.666265625000000000e+03,1.433277099609375000e+03,1.067004394531250000e+02,1.433526000976562500e+03,1.091141967773437500e+03,5.225163574218750000e+02,5.051848144531250000e+02,4.835115661621093750e+02
2.069500488281250000e+03,2.858226318359375000e+03,9.116259765625000000e+02,8.938441406250000000e+03,1.942769531250000000e+03,4.730178222656250000e+02,3.712413330078125000e+02,1.689158935546875000e+02,6.789004394531250000e+03,3.602276855468750000e+03,9.338317871093750000e+02,1.779767333984375000e+03,1.899005859375000000e+03,1.046972412109375000e+03,1.316896728515625000e+03,2.264986816406250000e+03,5.992292480468750000e+02,2.608746948242187500e+02,1.856745605468750000e+03,2.410944335937500000e+03,2.683749023437500000e+03,2.015263916015625000e+03,7.769154052734375000e+02,2.543933105468750000e+03,8.333463134765625000e+02,1.590957641601562500e+03,7.316864013671875000e+02,1.757992858886718750e+02,2.654048583984375000e+03,5.081452026367187500e+02,6.468582031250000000e+03,3.996222900390625000e+03,3.514235229492187500e+02,4.108675781250000000e+03,1.359857543945312500e+03,5.496684570312500000e+02,4.461193847656250000e+03,2.703304748535156250e+02,2.719996582031250000e+03,7.029384155273437500e+02,7.162929687500000000e+03,7.664127929687500000e+03,1.128598632812500000e+03,1.063036499023437500e+02,1.619111450195312500e+03,9.551761474609375000e+02,5.931197509765625000e+02,6.349128417968750000e+02,4.657054443359375000e+02
9.095202026367187500e+02,3.849469970703125000e+03,7.362701416015625000e+02,9.777734375000000000e+03,1.477666381835937500e+03,5.024136962890625000e+02,3.129807434082031250e+02,1.687872314453125000e+02,6.121799804687500000e+03,7.441458984375000000e+03,1.085093994140625000e+03,1.608635742187500000e+03,2.333809570312500000e+03,1.559698974609375000e+03,2.349061035156250000e+03,2.544476806640625000e+03,7.926944580078125000e+02,3.227340393066406250e+02,8.982633666992187500e+02,2.762022460937500000e+03,2.553410156250000000e+03,2.070004394531250000e+03,7.782330932617187500e+02,2.984824218750000000e+03,6.627158813476562500e+02,9.130588989257812500e+02,5.254955444335937500e+02,2.126526184082031250e+02,2.732241699218750000e+03,5.737812500000000000e+02,8.630987304687500000e+03,3.899858398437500000e+03,3.581090698242187500e+02,4.141028320312500000e+03,5.531927490234375000e+02,5.410265502929687500e+02,7.918294433593750000e+03,3.956369628906250000e+02,4.489854492187500000e+03,4.979003295898437500e+02,6.833538574218750000e+03,7.123645507812500000e+03,1.333184204101562500e+03,1.071537780761718750e+02,1.349541503906250000e+03,8.566099853515625000e+02,7.360721435546875000e+02,6.049743652343750000e+02,4.852115478515625000e+02
1.031534912109375000e+03,2.995784912109375000e+03,8.190666503906250000e+02,7.901261230468750000e+03,2.093724853515625000e+03,7.106993408203125000e+02,4.315886840820312500e+02,6.437617492675781250e+01,6.371141601562500000e+03,3.718903076171875000e+03,1.027521240234375000e+03,1.739773925781250000e+03,1.743357666015625000e+03,1.067303222656250000e+03,1.107084228515625000e+03,4.005053710937500000e+03,8.140332031250000000e+02,2.802434387207031250e+02,8.135756835937500000e+02,2.608934082031250000e+03,2.529630371093750000e+03,4.464334960937500000e+03,9.608115234375000000e+02,3.481046875000000000e+03,6.999039306640625000e+02,1.171493530273437500e+03,6.193428955078125000e+02,2.032952880859375000e+02,2.678638916015625000e+03,4.440856323242187500e+02,7.214545898437500000e+03,4.275033203125000000e+03,3.568271179199218750e+02,8.221275390625000000e+03,7.954885253906250000e+02,5.448027954101562500e+02,4.550773437500000000e+03,3.926483154296875000e+02,3.878687500000000000e+03,6.330061035156250000e+02,7.279192382812500000e+03,7.381260742187500000e+03,1.282243530273437500e+03,1.091554107666015625e+02,1.424800781250000000e+03,9.543979492187500000e+02,6.848541870117187500e+02,7.480001220703125000e+02,4.766671142578125000e+02
1.792783325195312500e+03,2.898382080078125000e+03,8.587010498046875000e+02,8.114303710937500000e+03,2.376982177734375000e+03,5.738412475585937500e+02,4.058971557617187500e+02,1.849023132324218750e+02,6.137926269531250000e+03,3.615317871093750000e+03,9.351069335937500000e+02,1.552567626953125000e+03,2.624203369140625000e+03,6.565456542968750000e+02,8.590576171875000000e+02,2.405680664062500000e+03,9.918112792968750000e+02,3.095900878906250000e+02,1.064537353515625000e+03,2.619991210937500000e+03,2.497452636718750000e+03,1.996487792968750000e+03,1.863877929687500000e+03,2.845982421875000000e+03,8.233467407226562500e+02,8.026470336914062500e+02,6.463291015625000000e+02,2.934285583496093750e+02,2.475152343750000000e+03,5.797845458984375000e+02,9.490881835937500000e+03,2.209396240234375000e+03,2.980672912597656250e+02,4.189556152343750000e+03,6.811532592773437500e+02,5.698023071289062500e+02,4.507032714843750000e+03,4.353414916992187500e+02,6.306130859375000000e+03,2.754368591308593750e+02,4.963527343750000000e+03,7.528946777343750000e+03,1.174460327148437500e+03,1.348397979736328125e+02,1.407239257812500000e+03,1.227298461914062500e+03,6.230543823242187500e+02,5.917752685546875000e+02,4.703189086914062500e+02
1.813710937500000000e+03,3.146023681640625000e+03,9.488326416015625000e+02,1.331175683593750000e+04,2.560628906250000000e+03,5.878441772460937500e+02,4.008006286621093750e+02,1.478134155273437500e+02,6.678074218750000000e+03,3.680192138671875000e+03,1.082076293945312500e+03,1.926062255859375000e+03,2.033527954101562500e+03,1.575939941406250000e+03,1.077103637695312500e+03,2.294242431640625000e+03,1.161392089843750000e+03,3.242431030273437500e+02,1.343319335937500000e+03,2.718259277343750000e+03,2.595724609375000000e+03,2.093705322265625000e+03,2.086159667968750000e+03,3.975384277343750000e+03,8.661856689453125000e+02,1.554972045898437500e+03,8.144641113281250000e+02,2.286670227050781250e+02,2.789076660156250000e+03,6.957114257812500000e+02,1.019740234375000000e+04,2.191367187500000000e+03,3.491746826171875000e+02,4.155945800781250000e+03,9.217896118164062500e+02,6.827308349609375000e+02,4.550371093750000000e+03,5.035198974609375000e+02,5.672107421875000000e+03,6.907718505859375000e+02,5.654221679687500000e+03,7.563502929687500000e+03,1.605196655273437500e+03,1.206252517700195312e+02,1.401440795898437500e+03,1.015204833984375000e+03,7.048135375976562500e+02,5.819527587890625000e+02,5.088522644042968750e+02
1.482303588867187500e+03,3.043685546875000000e+03,9.944338378906250000e+02,7.062660156250000000e+03,2.176042724609375000e+03,6.849133911132812500e+02,3.874972839355468750e+02,1.172193756103515625e+02,5.997394042968750000e+03,3.667176269531250000e+03,1.080112304687500000e+03,1.651812988281250000e+03,1.895610351562500000e+03,1.093323852539062500e+03,1.103202270507812500e+03,2.168022949218750000e+03,9.285172119140625000e+02,2.878800048828125000e+02,1.732302734375000000e+03,3.340571533203125000e+03,2.712046386718750000e+03,2.131507568359375000e+03,1.443705688476562500e+03,2.676621093750000000e+03,5.621552734375000000e+02,1.229047363281250000e+03,8.397860107421875000e+02,2.259135437011718750e+02,2.826264648437500000e+03,6.355629882812500000e+02,8.187426269531250000e+03,2.034612548828125000e+03,3.154121704101562500e+02,4.241573242187500000e+03,2.382695800781250000e+03,5.640416870117187500e+02,4.555723144531250000e+03,5.819411010742187500e+02,4.559863769531250000e+03,3.356150207519531250e+02,3.695226562500000000e+03,7.649685546875000000e+03,1.347840087890625000e+03,1.654616699218750000e+02,1.375482543945312500e+03,9.793233642578125000e+02,5.823550415039062500e+02,6.071936035156250000e+02,4.140574035644531250e+02
1.830237304687500000e+03,2.961755126953125000e+03,1.052454711914062500e+03,1.006602148437500000e+04,1.529114013671875000e+03,8.856999511718750000e+02,5.324863891601562500e+02,1.111589202880859375e+02,6.302698242187500000e+03,3.613373291015625000e+03,1.093325195312500000e+03,1.662822021484375000e+03,2.301698486328125000e+03,7.121823730468750000e+02,9.692360839843750000e+02,4.669862304687500000e+03,8.938871459960937500e+02,2.703536987304687500e+02,8.764132690429687500e+02,2.643562011718750000e+03,2.545641601562500000e+03,1.897398925781250000e+03,1.648137451171875000e+03,4.509586914062500000e+03,8.385493164062500000e+02,1.142305908203125000e+03,7.043297119140625000e+02,2.290757446289062500e+02,2.609281982421875000e+03,6.452576293945312500e+02,7.644702148437500000e+03,2.156814208984375000e+03,2.749795837402343750e+02,4.121373046875000000e+03,5.766657104492187500e+02,5.991415405273437500e+02,4.530178222656250000e+03,5.329517211914062500e+02,4.218563476562500000e+03,2.878051147460937500e+02,3.684566406250000000e+03,7.519982910156250000e+03,1.108593627929687500e+03,1.168170623779296875e+02,1.390677978515625000e+03,1.010971801757812500e+03,5.503413696289062500e+02,5.088997802734375000e+02,4.282434082031250000e+02
1.863650878906250000e+03,2.879928222656250000e+03,1.059192016601562500e+03,7.717726074218750000e+03,1.996260498046875000e+03,4.749548950195312500e+02,3.998252258300781250e+02,7.005244445800781250e+01,6.259800781250000000e+03,3.393222656250000000e+03,9.340247192382812500e+02,1.541897460937500000e+03,1.478806396484375000e+03,7.863499755859375000e+02,1.042236206054687500e+03,2.195643554687500000e+03,4.823063964843750000e+02,2.591024780273437500e+02,1.123793334960937500e+03,2.260739013671875000e+03,2.536571289062500000e+03,1.515606201171875000e+03,9.619504394531250000e+02,2.457723876953125000e+03,4.864310302734375000e+02,1.273225463867187500e+03,6.271700439453125000e+02,2.977736206054687500e+02,2.339665283203125000e+03,6.102678222656250000e+02,6.063995117187500000e+03,1.735506103515625000e+03,2.690174865722656250e+02,4.107064941406250000e+03,1.374469238281250000e+03,5.590894165039062500e+02,4.459699707031250000e+03,3.240512084960937500e+02,2.927817138671875000e+03,5.583369140625000000e+02,2.273735107421875000e+03,7.287937500000000000e+03,1.014342834472656250e+03,2.183363494873046875e+02,1.334626220703125000e+03,9.863414306640625000e+02,6.807059326171875000e+02,5.084586181640625000e+02,4.520990600585937500e+02
2.311233642578125000e+03,4.273514648437500000e+03,8.234011230468750000e+02,8.663999023437500000e+03,1.369894042968750000e+03,5.680747680664062500e+02,3.607374572753906250e+02,8.527838134765625000e+01,6.296732421875000000e+03,6.263299316406250000e+03,1.018628784179687500e+03,1.361736816406250000e+03,1.469825683593750000e+03,7.491037597656250000e+02,7.654094848632812500e+02,2.010922119140625000e+03,9.104817504882812500e+02,2.773148803710937500e+02,6.494302368164062500e+02,2.394429687500000000e+03,2.468925781250000000e+03,1.485627319335937500e+03,2.377329101562500000e+03,2.960537841796875000e+03,4.482267150878906250e+02,6.554759521484375000e+02,4.450332031250000000e+02,2.844772033691406250e+02,2.466495117187500000e+03,3.531766662597656250e+02,8.017508300781250000e+03,1.555923828125000000e+03,1.951929626464843750e+02,4.050728759765625000e+03,4.914277343750000000e+02,5.542419433593750000e+02,8.001730468750000000e+03,4.977640075683593750e+02,5.663356445312500000e+03,2.520903778076171875e+02,1.373595703125000000e+03,6.845689453125000000e+03,1.086590698242187500e+03,1.080774383544921875e+02,1.456278808593750000e+03,8.763911132812500000e+02,5.849752807617187500e+02,4.850991210937500000e+02,4.574617309570312500e+02
1.909461181640625000e+03,3.028579833984375000e+03,7.381268310546875000e+02,6.933335449218750000e+03,1.520415771484375000e+03,6.727564086914062500e+02,3.820565795898437500e+02,7.252560424804687500e+01,6.118863281250000000e+03,3.512734130859375000e+03,1.048896972656250000e+03,1.532549072265625000e+03,1.366626586914062500e+03,7.245152587890625000e+02,1.035640380859375000e+03,2.040505004882812500e+03,6.155640869140625000e+02,2.689346008300781250e+02,7.673983154296875000e+02,2.269586914062500000e+03,2.357289550781250000e+03,1.353801879882812500e+03,1.180114746093750000e+03,3.251478027343750000e+03,4.281298217773437500e+02,8.893560791015625000e+02,5.414981689453125000e+02,2.635849914550781250e+02,2.196310058593750000e+03,4.005776367187500000e+02,6.074358398437500000e+03,2.228382812500000000e+03,3.033529968261718750e+02,8.209253906250000000e+03,8.279818115234375000e+02,5.460800170898437500e+02,4.535999023437500000e+03,6.875685424804687500e+02,1.877902343750000000e+03,6.264637451171875000e+02,1.754584838867187500e+03,7.251529296875000000e+03,9.035537109375000000e+02,1.841438293457031250e+02,1.667690917968750000e+03,8.886665039062500000e+02,8.358731079101562500e+02,5.550483398437500000e+02,3.958044433593750000e+02
1.481058227539062500e+03,2.316186035156250000e+03,6.920783691406250000e+02,5.990609375000000000e+03,1.807432250976562500e+03,9.011193237304687500e+02,2.703464660644531250e+02,7.451625061035156250e+01,4.917905761718750000e+03,2.634300292968750000e+03,9.827299804687500000e+02,1.390938232421875000e+03,1.612556152343750000e+03,5.768529663085937500e+02,6.820059814453125000e+02,1.732000610351562500e+03,5.588214111328125000e+02,2.605330200195312500e+02,7.597352294921875000e+02,2.375853027343750000e+03,2.196931640625000000e+03,1.275986206054687500e+03,1.306906982421875000e+03,3.034756591796875000e+03,8.141533813476562500e+02,5.184840087890625000e+02,4.340274047851562500e+02,2.147440795898437500e+02,2.212125488281250000e+03,4.558760681152343750e+02,8.111748046875000000e+03,1.782660400390625000e+03,2.880595703125000000e+02,4.251860839843750000e+03,6.962369384765625000e+02,5.493685913085937500e+02,4.475983398437500000e+03,4.537284545898437500e+02,2.480002929687500000e+03,2.119518280029296875e+02,1.379788940429687500e+03,7.296144531250000000e+03,1.001840393066406250e+03,1.187051925659179688e+02,2.219277587890625000e+03,1.015734985351562500e+03,7.708971557617187500e+02,4.836911621093750000e+02,3.876843261718750000e+02
1.725042724609375000e+03,2.757279296875000000e+03,7.520250244140625000e+02,6.516895996093750000e+03,1.703052368164062500e+03,5.502465209960937500e+02,3.529226989746093750e+02,7.179443359375000000e+01,5.325199218750000000e+03,3.319287109375000000e+03,1.128543212890625000e+03,1.542692138671875000e+03,1.866883300781250000e+03,1.280159667968750000e+03,1.015588623046875000e+03,2.179505859375000000e+03,1.082618530273437500e+03,2.629822998046875000e+02,1.019051940917968750e+03,2.454975585937500000e+03,2.477147216796875000e+03,1.384246704101562500e+03,2.211605957031250000e+03,3.642833496093750000e+03,8.639884033203125000e+02,1.040920532226562500e+03,6.226414794921875000e+02,2.025830993652343750e+02,2.480588623046875000e+03,4.083354187011718750e+02,6.644690429687500000e+03,2.627743652343750000e+03,2.553062591552734375e+02,4.137377929687500000e+03,1.226169677734375000e+03,6.468666992187500000e+02,4.483802734375000000e+03,4.042710266113281250e+02,1.347849609375000000e+03,5.534812622070312500e+02,2.031116455078125000e+03,7.346165039062500000e+03,1.190660034179687500e+03,1.128419494628906250e+02,1.799417358398437500e+03,9.696784667968750000e+02,7.980548095703125000e+02,5.257150878906250000e+02,4.637672119140625000e+02
1.263813964843750000e+03,2.503318359375000000e+03,8.968272705078125000e+02,6.017954101562500000e+03,1.760915771484375000e+03,6.705394897460937500e+02,3.676423339843750000e+02,8.021044921875000000e+01,5.518818847656250000e+03,3.282063232421875000e+03,8.345216674804687500e+02,1.512757568359375000e+03,1.699662475585937500e+03,8.632382812500000000e+02,9.820261230468750000e+02,1.942361206054687500e+03,9.196696166992187500e+02,2.587393798828125000e+02,1.100441406250000000e+03,2.774734130859375000e+03,2.479611816406250000e+03,1.811397705078125000e+03,1.865614013671875000e+03,2.585556640625000000e+03,4.659750976562500000e+02,7.726386718750000000e+02,5.267543945312500000e+02,1.768428649902343750e+02,2.455920898437500000e+03,3.712565002441406250e+02,7.814270507812500000e+03,2.361044921875000000e+03,4.594128417968750000e+02,4.247626464843750000e+03,1.086562255859375000e+03,5.525845336914062500e+02,4.533843261718750000e+03,5.524623413085937500e+02,3.870784179687500000e+03,3.843406372070312500e+02,1.667946289062500000e+03,7.362798828125000000e+03,9.766761474609375000e+02,1.082088928222656250e+02,1.815246093750000000e+03,9.362340087890625000e+02,6.987984008789062500e+02,4.927753906250000000e+02,3.909667663574218750e+02
1.487898681640625000e+03,2.396810546875000000e+03,7.020942382812500000e+02,6.644506347656250000e+03,1.252687133789062500e+03,5.102432861328125000e+02,3.257597045898437500e+02,6.805143737792968750e+01,5.131691406250000000e+03,3.085629394531250000e+03,7.180040283203125000e+02,1.394617919921875000e+03,1.605009033203125000e+03,6.363442382812500000e+02,9.042533569335937500e+02,2.138419677734375000e+03,7.005638427734375000e+02,2.606343383789062500e+02,7.981792602539062500e+02,2.425996582031250000e+03,2.515719482421875000e+03,2.013424072265625000e+03,7.561295166015625000e+02,4.188430664062500000e+03,4.740793457031250000e+02,6.105878295898437500e+02,6.314368896484375000e+02,1.810277404785156250e+02,2.298685546875000000e+03,4.351059570312500000e+02,7.190790527343750000e+03,2.120153320312500000e+03,4.257783813476562500e+02,4.122569824218750000e+03,1.101322265625000000e+03,5.546893920898437500e+02,4.526069335937500000e+03,3.571204223632812500e+02,1.348768676757812500e+03,2.946651306152343750e+02,1.490351562500000000e+03,6.914704101562500000e+03,6.857277832031250000e+02,1.183852081298828125e+02,2.751173583984375000e+03,9.537950439453125000e+02,1.320722412109375000e+03,4.904456787109375000e+02,2.268807220458984375e+02
6.632700195312500000e+02,1.765184082031250000e+03,6.461680908203125000e+02,5.717115234375000000e+03,1.417049072265625000e+03,5.617774658203125000e+02,3.756737670898437500e+02,5.497540283203125000e+01,4.776416503906250000e+03,2.051237060546875000e+03,6.410136108398437500e+02,1.497957275390625000e+03,1.684575195312500000e+03,7.026247558593750000e+02,6.818789062500000000e+02,3.711154541015625000e+03,4.169656982421875000e+02,2.536240081787109375e+02,7.192732543945312500e+02,2.130827148437500000e+03,2.375214355468750000e+03,1.291457763671875000e+03,7.492500000000000000e+02,3.042765136718750000e+03,4.172591857910156250e+02,4.142692565917968750e+02,4.259071655273437500e+02,2.008936767578125000e+02,2.157250976562500000e+03,2.998702697753906250e+02,5.905527343750000000e+03,3.994259277343750000e+03,3.146858825683593750e+02,4.121713867187500000e+03,9.111777954101562500e+02,5.469160156250000000e+02,4.365294433593750000e+03,2.752225341796875000e+02,1.712239501953125000e+03,2.814902954101562500e+02,1.535383300781250000e+03,6.852485351562500000e+03,6.274667358398437500e+02,1.404867553710937500e+02,2.453893798828125000e+03,9.261451416015625000e+02,9.093997192382812500e+02,4.866723632812500000e+02,2.804301452636718750e+02
6.804013671875000000e+02,1.794001464843750000e+03,7.104873046875000000e+02,6.125575195312500000e+03,1.234341796875000000e+03,4.932468261718750000e+02,3.491968383789062500e+02,4.851217651367187500e+01,4.166991210937500000e+03,1.940404052734375000e+03,9.673393554687500000e+02,1.327008544921875000e+03,2.265418457031250000e+03,1.068103149414062500e+03,6.476322021484375000e+02,2.188519287109375000e+03,6.587954101562500000e+02,2.565518188476562500e+02,8.100037841796875000e+02,2.250273681640625000e+03,2.403583496093750000e+03,1.393878540039062500e+03,6.542965087890625000e+02,3.000743652343750000e+03,3.952727355957031250e+02,3.411060180664062500e+02,4.196278686523437500e+02,1.747681884765625000e+02,2.304287353515625000e+03,3.434565429687500000e+02,7.128282226562500000e+03,4.540551269531250000e+03,2.960436096191406250e+02,5.043380859375000000e+03,9.003270874023437500e+02,5.427984008789062500e+02,7.788620605468750000e+03,4.210592041015625000e+02,1.697348876953125000e+03,1.730587158203125000e+02,1.379848754882812500e+03,6.596356445312500000e+03,5.271537475585937500e+02,1.018761444091796875e+02,1.531419189453125000e+03,8.560541992187500000e+02,1.654234985351562500e+03,4.813919677734375000e+02,2.307386779785156250e+02
6.670762939453125000e+02,1.856735229492187500e+03,6.660676269531250000e+02,5.790853515625000000e+03,1.335162841796875000e+03,4.856282958984375000e+02,2.767238464355468750e+02,6.320645141601562500e+01,4.668110839843750000e+03,2.652123779296875000e+03,7.131987304687500000e+02,1.412931884765625000e+03,1.247593383789062500e+03,6.971298828125000000e+02,9.620019531250000000e+02,2.069617675781250000e+03,5.035457763671875000e+02,2.571901855468750000e+02,7.041974487304687500e+02,2.123974365234375000e+03,2.194511230468750000e+03,2.340626220703125000e+03,6.186152954101562500e+02,3.309951171875000000e+03,3.594659423828125000e+02,4.959678649902343750e+02,4.211289672851562500e+02,1.856579589843750000e+02,2.036034057617187500e+03,2.870822143554687500e+02,5.544995605468750000e+03,4.259717285156250000e+03,5.941206054687500000e+02,8.104339355468750000e+03,7.011929321289062500e+02,5.280999145507812500e+02,4.489557128906250000e+03,2.040434570312500000e+02,3.898840820312500000e+03,4.419044189453125000e+02,1.477008056640625000e+03,6.761841796875000000e+03,5.500946655273437500e+02,1.194868545532226562e+02,1.664065917968750000e+03,9.330211181640625000e+02,7.425117797851562500e+02,5.665675048828125000e+02,2.218262634277343750e+02
6.666442871093750000e+02,1.844613159179687500e+03,6.679948120117187500e+02,6.085230468750000000e+03,1.327520385742187500e+03,4.950073242187500000e+02,2.601412353515625000e+02,4.421928405761718750e+01,4.119083496093750000e+03,1.892350585937500000e+03,5.780383911132812500e+02,1.319740722656250000e+03,1.484188842773437500e+03,4.083839111328125000e+02,5.513249511718750000e+02,1.292495483398437500e+03,4.135499267578125000e+02,2.596467590332031250e+02,6.519987792968750000e+02,2.123777832031250000e+03,2.017536499023437500e+03,2.175594970703125000e+03,6.703997192382812500e+02,2.357289794921875000e+03,5.389335937500000000e+02,3.228401184082031250e+02,3.990779418945312500e+02,1.815683288574218750e+02,2.012407470703125000e+03,3.063856506347656250e+02,6.917612304687500000e+03,4.156463378906250000e+03,6.059201049804687500e+02,4.135327148437500000e+03,5.604293212890625000e+02,5.204141235351562500e+02,4.453136718750000000e+03,2.105122680664062500e+02,2.180994384765625000e+03,3.017550964355468750e+02,1.179613037109375000e+03,7.010859375000000000e+03,5.682518920898437500e+02,1.066755371093750000e+02,2.501271484375000000e+03,9.449631347656250000e+02,6.501890869140625000e+02,4.878958740234375000e+02,2.914982299804687500e+02
6.330119628906250000e+02,2.139305664062500000e+03,6.640609741210937500e+02,5.606744140625000000e+03,1.599154052734375000e+03,5.667091674804687500e+02,2.904797363281250000e+02,6.086355590820312500e+01,4.535273437500000000e+03,2.153963134765625000e+03,7.505566406250000000e+02,1.379470703125000000e+03,1.365254638671875000e+03,9.868821411132812500e+02,1.024166748046875000e+03,2.164150878906250000e+03,7.303410644531250000e+02,2.561702575683593750e+02,9.161540527343750000e+02,2.411433593750000000e+03,2.412574218750000000e+03,1.636640136718750000e+03,6.262521362304687500e+02,3.435928955078125000e+03,7.274725341796875000e+02,7.186481933593750000e+02,4.387815551757812500e+02,1.791289672851562500e+02,2.098112792968750000e+03,3.126444396972656250e+02,6.155125000000000000e+03,4.290791992187500000e+03,3.349658508300781250e+02,4.109914062500000000e+03,1.234867553710937500e+03,5.524860839843750000e+02,4.486370117187500000e+03,2.849493103027343750e+02,1.485595703125000000e+03,5.061800231933593750e+02,1.787175048828125000e+03,7.272435058593750000e+03,7.189069824218750000e+02,1.175913162231445312e+02,2.061440429687500000e+03,9.248476562500000000e+02,7.449770507812500000e+02,4.927521972656250000e+02,3.098843078613281250e+02
6.941292724609375000e+02,2.160595703125000000e+03,6.641548461914062500e+02,6.018514648437500000e+03,1.524987182617187500e+03,5.117187500000000000e+02,3.058454895019531250e+02,8.274964904785156250e+01,4.892499511718750000e+03,2.171515136718750000e+03,7.339509887695312500e+02,1.769695068359375000e+03,1.414755249023437500e+03,6.752434082031250000e+02,9.692212524414062500e+02,2.129271972656250000e+03,6.149390869140625000e+02,2.584357299804687500e+02,8.999381713867187500e+02,2.647218505859375000e+03,2.391197753906250000e+03,1.783256225585937500e+03,6.616229858398437500e+02,2.248911376953125000e+03,4.282789611816406250e+02,5.667127685546875000e+02,5.021448974609375000e+02,1.903641052246093750e+02,2.591289550781250000e+03,3.390434875488281250e+02,7.910663574218750000e+03,4.314148437500000000e+03,3.165088500976562500e+02,4.238559570312500000e+03,2.146018066406250000e+03,5.411974487304687500e+02,4.533355468750000000e+03,4.154912719726562500e+02,2.220257568359375000e+03,3.929898071289062500e+02,1.603920776367187500e+03,7.365541015625000000e+03,7.001085815429687500e+02,1.184331130981445312e+02,1.550998046875000000e+03,9.363275146484375000e+02,9.597329101562500000e+02,4.840556640625000000e+02,3.212940673828125000e+02
6.229715576171875000e+02,1.917461303710937500e+03,6.294491577148437500e+02,5.520021484375000000e+03,1.210881591796875000e+03,5.003411254882812500e+02,2.784059448242187500e+02,7.376930236816406250e+01,4.310767089843750000e+03,1.926819458007812500e+03,9.009332275390625000e+02,1.417711914062500000e+03,1.248550903320312500e+03,3.992859497070312500e+02,5.944097900390625000e+02,1.683981201171875000e+03,4.337641601562500000e+02,2.525454864501953125e+02,6.680263671875000000e+02,2.193102539062500000e+03,2.275113769531250000e+03,1.789133544921875000e+03,5.182584838867187500e+02,2.787945556640625000e+03,3.773445434570312500e+02,4.688405151367187500e+02,3.940272216796875000e+02,2.021181335449218750e+02,2.009130615234375000e+03,3.015735778808593750e+02,7.713841796875000000e+03,4.271421875000000000e+03,4.601312255859375000e+02,4.100835449218750000e+03,4.105672607421875000e+02,5.250123291015625000e+02,4.506260742187500000e+03,2.502077026367187500e+02,2.842027587890625000e+03,2.877835693359375000e+02,1.133413208007812500e+03,7.063161621093750000e+03,5.190020141601562500e+02,1.016740417480468750e+02,1.490257568359375000e+03,9.281008300781250000e+02,5.657394409179687500e+02,5.123836669921875000e+02,1.867754669189453125e+02
6.834371337890625000e+02,2.169996093750000000e+03,6.891849975585937500e+02,6.261074218750000000e+03,1.311396728515625000e+03,5.270639648437500000e+02,3.190360412597656250e+02,3.536654663085937500e+01,4.331223632812500000e+03,1.781442504882812500e+03,6.546894531250000000e+02,1.422648925781250000e+03,1.117336303710937500e+03,5.036092834472656250e+02,9.046958618164062500e+02,2.083709472656250000e+03,4.523146972656250000e+02,2.647151489257812500e+02,7.023357543945312500e+02,2.161707275390625000e+03,2.307163085937500000e+03,1.303698120117187500e+03,6.255322265625000000e+02,2.817253417968750000e+03,3.773560180664062500e+02,8.310097045898437500e+02,4.604284057617187500e+02,2.931215820312500000e+02,2.274830566406250000e+03,3.984688415527343750e+02,6.120453125000000000e+03,4.172711914062500000e+03,3.069571533203125000e+02,4.097835937500000000e+03,5.926786499023437500e+02,5.334724121093750000e+02,4.444970703125000000e+03,1.980978088378906250e+02,1.530360595703125000e+03,4.263257446289062500e+02,1.663943969726562500e+03,6.699487792968750000e+03,5.620172729492187500e+02,1.693712158203125000e+02,1.430245605468750000e+03,8.748782958984375000e+02,5.854743041992187500e+02,4.959621582031250000e+02,2.200362396240234375e+02
6.381916503906250000e+02,1.876608032226562500e+03,6.936492309570312500e+02,6.794101562500000000e+03,1.208787841796875000e+03,6.914964599609375000e+02,2.782594909667968750e+02,3.726174926757812500e+01,4.002885253906250000e+03,1.750400268554687500e+03,7.345461425781250000e+02,1.391559082031250000e+03,1.061951171875000000e+03,6.052028808593750000e+02,3.561674804687500000e+02,2.034196289062500000e+03,4.046746826171875000e+02,2.695896606445312500e+02,6.224125976562500000e+02,2.157935546875000000e+03,2.339640625000000000e+03,9.534987792968750000e+02,5.210350341796875000e+02,1.707801513671875000e+03,3.509332275390625000e+02,4.132188720703125000e+02,3.653811035156250000e+02,3.220393676757812500e+02,2.138895263671875000e+03,2.801418151855468750e+02,7.678483398437500000e+03,4.593764648437500000e+03,3.947801818847656250e+02,4.010495361328125000e+03,4.431147460937500000e+02,5.184614257812500000e+02,7.896354980468750000e+03,2.488528747558593750e+02,2.626834228515625000e+03,1.298551025390625000e+02,1.109391601562500000e+03,6.581541992187500000e+03,4.614786376953125000e+02,1.172596359252929688e+02,1.299761718750000000e+03,8.573170166015625000e+02,5.505185546875000000e+02,4.923306884765625000e+02,1.823447418212890625e+02
6.349276123046875000e+02,2.226713623046875000e+03,6.709554443359375000e+02,5.987315429687500000e+03,1.255041870117187500e+03,4.880668334960937500e+02,3.472033691406250000e+02,2.827955627441406250e+01,4.106480468750000000e+03,1.857829833984375000e+03,9.161596679687500000e+02,1.378404052734375000e+03,1.016607788085937500e+03,4.321859130859375000e+02,9.741812744140625000e+02,1.923005493164062500e+03,3.959136962890625000e+02,2.651016540527343750e+02,6.310825195312500000e+02,2.149656494140625000e+03,2.060547851562500000e+03,1.059558105468750000e+03,5.562679443359375000e+02,2.443853027343750000e+03,4.100474853515625000e+02,4.835333251953125000e+02,4.013864746093750000e+02,2.357212219238281250e+02,1.970443237304687500e+03,3.110161132812500000e+02,7.150694824218750000e+03,4.307926269531250000e+03,3.562608337402343750e+02,8.011134765625000000e+03,4.600274658203125000e+02,5.227713623046875000e+02,4.510794433593750000e+03,1.939426879882812500e+02,1.171714477539062500e+03,4.497777099609375000e+02,1.266773925781250000e+03,6.024158203125000000e+03,5.725234375000000000e+02,1.517208557128906250e+02,1.390878906250000000e+03,9.175384521484375000e+02,5.768133544921875000e+02,4.842503662109375000e+02,3.019175109863281250e+02
7.271556396484375000e+02,1.920141967773437500e+03,6.097332153320312500e+02,5.877032226562500000e+03,1.451858276367187500e+03,5.049685668945312500e+02,3.153302612304687500e+02,8.885224914550781250e+01,4.286029296875000000e+03,1.765354125976562500e+03,8.250065917968750000e+02,1.444114501953125000e+03,1.119724365234375000e+03,4.183068237304687500e+02,4.792227172851562500e+02,2.123589599609375000e+03,4.486794433593750000e+02,2.668267211914062500e+02,6.599099121093750000e+02,2.214288330078125000e+03,2.023341064453125000e+03,1.108714111328125000e+03,6.119949951171875000e+02,2.061113281250000000e+03,7.573118896484375000e+02,5.392888183593750000e+02,4.285420532226562500e+02,2.449534912109375000e+02,2.205597900390625000e+03,3.157404479980468750e+02,7.815350585937500000e+03,4.219841796875000000e+03,3.145183410644531250e+02,4.122085937500000000e+03,4.347592773437500000e+02,6.098246459960937500e+02,4.474713378906250000e+03,2.221488952636718750e+02,2.522527343750000000e+03,2.532212829589843750e+02,1.255587158203125000e+03,7.021429199218750000e+03,6.469526367187500000e+02,1.304286651611328125e+02,1.424646972656250000e+03,9.674691162109375000e+02,5.643436279296875000e+02,5.117550048828125000e+02,3.736001892089843750e+02
7.054504394531250000e+02,1.991955322265625000e+03,6.141428833007812500e+02,6.447115234375000000e+03,1.359508789062500000e+03,4.872290649414062500e+02,3.368949890136718750e+02,3.807852172851562500e+01,4.212519531250000000e+03,1.739710449218750000e+03,9.705376586914062500e+02,1.404874511718750000e+03,1.152184814453125000e+03,1.019267822265625000e+03,8.064818115234375000e+02,2.156634033203125000e+03,5.643088378906250000e+02,2.667035522460937500e+02,7.688831787109375000e+02,2.479668457031250000e+03,2.332821289062500000e+03,1.185488037109375000e+03,5.771640014648437500e+02,1.912916503906250000e+03,7.573579101562500000e+02,8.583576660156250000e+02,5.013396606445312500e+02,2.354775390625000000e+02,2.256847167968750000e+03,3.400607910156250000e+02,7.715095214843750000e+03,4.282065429687500000e+03,2.674653320312500000e+02,4.091047607421875000e+03,4.872500610351562500e+02,6.296926269531250000e+02,4.470799316406250000e+03,2.863795166015625000e+02,2.652473144531250000e+03,3.968291625976562500e+02,1.591091186523437500e+03,6.700186523437500000e+03,7.182722778320312500e+02,1.231585388183593750e+02,1.412290161132812500e+03,9.455656738281250000e+02,5.910270996093750000e+02,4.950444335937500000e+02,3.873052368164062500e+02
6.148825683593750000e+02,2.038018920898437500e+03,6.118329467773437500e+02,9.100055664062500000e+03,1.421288940429687500e+03,4.849259643554687500e+02,3.140530090332031250e+02,4.383708190917968750e+01,4.997203613281250000e+03,1.919392822265625000e+03,8.337325439453125000e+02,1.467749267578125000e+03,1.162719970703125000e+03,4.500430908203125000e+02,9.831571655273437500e+02,1.999300781250000000e+03,4.861013183593750000e+02,2.553258972167968750e+02,7.505475463867187500e+02,2.837481445312500000e+03,2.219397949218750000e+03,1.381775024414062500e+03,5.865474853515625000e+02,1.752161376953125000e+03,4.100397644042968750e+02,6.676797485351562500e+02,5.854979248046875000e+02,1.981830444335937500e+02,2.385303710937500000e+03,2.925700073242187500e+02,7.057145019531250000e+03,4.335752441406250000e+03,4.069182434082031250e+02,4.057610595703125000e+03,7.135770874023437500e+02,7.134793701171875000e+02,4.530340332031250000e+03,2.976824645996093750e+02,2.777236816406250000e+03,3.817592773437500000e+02,1.364431152343750000e+03,7.321659667968750000e+03,6.763806152343750000e+02,1.266421661376953125e+02,1.406761474609375000e+03,9.372373046875000000e+02,5.499963989257812500e+02,4.984135742187500000e+02,3.687093811035156250e+02
6.579224853515625000e+02,1.901427612304687500e+03,6.640739746093750000e+02,6.270798828125000000e+03,1.219895751953125000e+03,4.865681762695312500e+02,3.207417297363281250e+02,1.883527984619140625e+02,4.608011230468750000e+03,1.967335083007812500e+03,9.441247558593750000e+02,1.866502197265625000e+03,1.106674438476562500e+03,4.030104370117187500e+02,5.436737060546875000e+02,2.037391601562500000e+03,4.509517822265625000e+02,2.532831573486328125e+02,6.302351684570312500e+02,2.108576416015625000e+03,2.294192382812500000e+03,1.595773193359375000e+03,5.512592773437500000e+02,1.627480468750000000e+03,4.803776550292968750e+02,4.836210327148437500e+02,4.920436096191406250e+02,1.856147460937500000e+02,2.192333496093750000e+03,3.503083190917968750e+02,6.557730468750000000e+03,4.292198730468750000e+03,4.047280273437500000e+02,4.079158447265625000e+03,4.351142578125000000e+02,5.900210571289062500e+02,4.518770996093750000e+03,2.931388854980468750e+02,7.342634277343750000e+02,2.963413085937500000e+02,1.190987182617187500e+03,7.043719726562500000e+03,5.950817260742187500e+02,1.189108428955078125e+02,1.428220336914062500e+03,9.373800048828125000e+02,5.097247924804687500e+02,5.053242187500000000e+02,2.585729980468750000e+02
6.299448242187500000e+02,1.779018310546875000e+03,6.394895629882812500e+02,6.207277343750000000e+03,1.269435546875000000e+03,4.882056274414062500e+02,3.258405151367187500e+02,1.227855911254882812e+02,4.488163085937500000e+03,1.830453125000000000e+03,7.724134521484375000e+02,1.723149902343750000e+03,1.083238769531250000e+03,5.905123291015625000e+02,6.162418212890625000e+02,2.105579345703125000e+03,4.677384033203125000e+02,2.613548583984375000e+02,6.853809814453125000e+02,2.246571777343750000e+03,2.315931640625000000e+03,1.283162597656250000e+03,6.260191040039062500e+02,2.085470458984375000e+03,4.625734863281250000e+02,6.173436279296875000e+02,4.821458129882812500e+02,1.912331848144531250e+02,2.070039062500000000e+03,3.596605529785156250e+02,5.378051757812500000e+03,4.123624023437500000e+03,3.914281616210937500e+02,4.081381835937500000e+03,4.877761840820312500e+02,1.333013671875000000e+03,4.414103515625000000e+03,2.114108581542968750e+02,1.598568359375000000e+03,4.274913330078125000e+02,1.581080932617187500e+03,6.828064453125000000e+03,5.778842773437500000e+02,1.093587188720703125e+02,1.371421386718750000e+03,9.577567138671875000e+02,5.313195800781250000e+02,5.031646728515625000e+02,2.980892944335937500e+02
6.675081787109375000e+02,1.792525390625000000e+03,6.781342163085937500e+02,6.306749023437500000e+03,1.182255615234375000e+03,4.929279174804687500e+02,3.319260253906250000e+02,3.049803161621093750e+01,3.976303710937500000e+03,1.730349975585937500e+03,7.441965332031250000e+02,1.469087646484375000e+03,1.068198486328125000e+03,4.353425903320312500e+02,3.275991210937500000e+02,2.135952392578125000e+03,4.982221679687500000e+02,2.693093261718750000e+02,6.198963623046875000e+02,2.355898193359375000e+03,2.332959472656250000e+03,1.165927978515625000e+03,5.420635986328125000e+02,2.083892822265625000e+03,3.809312744140625000e+02,3.796380920410156250e+02,4.300810546875000000e+02,1.729985656738281250e+02,2.065269775390625000e+03,2.982723693847656250e+02,6.611990234375000000e+03,4.725604980468750000e+03,3.000844726562500000e+02,3.966318603515625000e+03,3.850249023437500000e+02,7.576672363281250000e+02,7.865342773437500000e+03,3.476674194335937500e+02,9.958446044921875000e+02,2.441158447265625000e+02,1.165542968750000000e+03,6.501408203125000000e+03,4.739533691406250000e+02,9.932192993164062500e+01,1.314453857421875000e+03,8.627453613281250000e+02,5.080015563964843750e+02,4.979414062500000000e+02,2.801441040039062500e+02
6.282542724609375000e+02,1.806367309570312500e+03,6.525919189453125000e+02,6.328766113281250000e+03,1.257674804687500000e+03,4.894402465820312500e+02,4.326823730468750000e+02,1.940811157226562500e+01,3.953012207031250000e+03,1.808389160156250000e+03,7.284572753906250000e+02,1.464760009765625000e+03,9.938688964843750000e+02,4.068188476562500000e+02,5.557488403320312500e+02,2.060457763671875000e+03,4.496525878906250000e+02,2.639824829101562500e+02,6.211499633789062500e+02,2.463948730468750000e+03,1.981819946289062500e+03,1.943834472656250000e+03,5.043344726562500000e+02,1.935032592773437500e+03,3.796438293457031250e+02,5.477973632812500000e+02,4.672360839843750000e+02,1.841313781738281250e+02,1.904072265625000000e+03,2.869325561523437500e+02,5.502808105468750000e+03,4.263767578125000000e+03,5.463625488281250000e+02,6.368581054687500000e+03,3.772136230468750000e+02,1.399964111328125000e+03,4.493575683593750000e+03,2.560471191406250000e+02,9.083177490234375000e+02,5.844799804687500000e+02,1.418657958984375000e+03,6.041696289062500000e+03,5.105518188476562500e+02,1.058953247070312500e+02,1.346235595703125000e+03,9.103958740234375000e+02,4.880507812500000000e+02,4.688140869140625000e+02,2.893021240234375000e+02
6.872741699218750000e+02,1.792113281250000000e+03,7.222143554687500000e+02,6.309290527343750000e+03,1.315640625000000000e+03,4.938217773437500000e+02,3.390011291503906250e+02,1.968470764160156250e+01,4.048896484375000000e+03,1.856744384765625000e+03,7.618684692382812500e+02,1.451781982421875000e+03,1.061299804687500000e+03,3.895260620117187500e+02,1.097054931640625000e+03,2.128732421875000000e+03,4.648601074218750000e+02,2.779109802246093750e+02,6.244454345703125000e+02,2.450475097656250000e+03,2.028324707031250000e+03,1.885294067382812500e+03,5.510984497070312500e+02,3.914153808593750000e+03,7.506984863281250000e+02,4.035021057128906250e+02,4.228886718750000000e+02,2.091354064941406250e+02,2.082710449218750000e+03,3.426518249511718750e+02,6.190062500000000000e+03,4.002394531250000000e+03,5.670004272460937500e+02,4.060317138671875000e+03,4.590416259765625000e+02,8.680603027343750000e+02,4.441615722656250000e+03,2.435460205078125000e+02,8.063991699218750000e+02,3.713816528320312500e+02,1.248982299804687500e+03,6.749320800781250000e+03,5.837713623046875000e+02,1.229240264892578125e+02,1.378013061523437500e+03,9.984594726562500000e+02,5.045045471191406250e+02,5.065305175781250000e+02,3.962935180664062500e+02
6.694902343750000000e+02,1.821037841796875000e+03,7.193485107421875000e+02,6.564211914062500000e+03,1.352710205078125000e+03,4.770860595703125000e+02,3.486250305175781250e+02,1.509248046875000000e+02,4.132272949218750000e+03,1.741950927734375000e+03,1.018668945312500000e+03,1.443341552734375000e+03,1.122289062500000000e+03,6.698668212890625000e+02,1.101988037109375000e+03,2.159336914062500000e+03,7.107943115234375000e+02,2.632158813476562500e+02,7.093359985351562500e+02,2.643071777343750000e+03,2.265639648437500000e+03,1.495581542968750000e+03,6.383941650390625000e+02,2.134452392578125000e+03,8.588765258789062500e+02,5.106887817382812500e+02,5.052087707519531250e+02,2.344910278320312500e+02,2.242741210937500000e+03,3.069649353027343750e+02,7.482504394531250000e+03,4.137421875000000000e+03,3.761763305664062500e+02,4.050776367187500000e+03,4.727956542968750000e+02,1.042734863281250000e+03,4.461778320312500000e+03,3.764896850585937500e+02,8.281596679687500000e+02,5.127200927734375000e+02,1.703583496093750000e+03,6.443780761718750000e+03,8.031834716796875000e+02,1.217970199584960938e+02,1.369005249023437500e+03,9.909071044921875000e+02,5.307373046875000000e+02,5.024688720703125000e+02,4.488705749511718750e+02
6.534801025390625000e+02,1.872789062500000000e+03,7.565737915039062500e+02,9.001763671875000000e+03,1.336872070312500000e+03,4.887797851562500000e+02,3.187937316894531250e+02,1.615781250000000000e+02,4.559614746093750000e+03,1.784072143554687500e+03,1.115187377929687500e+03,1.432529541015625000e+03,1.129368774414062500e+03,4.248442382812500000e+02,9.696019287109375000e+02,2.105948242187500000e+03,5.477280273437500000e+02,2.598454589843750000e+02,7.051781005859375000e+02,2.774967285156250000e+03,2.181257324218750000e+03,1.546006835937500000e+03,5.713619384765625000e+02,2.007089721679687500e+03,8.720919189453125000e+02,4.833646240234375000e+02,6.642154541015625000e+02,3.035844726562500000e+02,2.339078613281250000e+03,3.333960876464843750e+02,7.157306152343750000e+03,4.213910156250000000e+03,3.675853576660156250e+02,4.029183349609375000e+03,4.578077392578125000e+02,1.333622680664062500e+03,4.519715332031250000e+03,3.911814575195312500e+02,1.295388061523437500e+03,4.660508728027343750e+02,1.473599731445312500e+03,6.919550292968750000e+03,7.803995971679687500e+02,1.693280944824218750e+02,1.357017700195312500e+03,9.377756347656250000e+02,5.347307128906250000e+02,4.964875488281250000e+02,4.083860473632812500e+02
6.980018310546875000e+02,1.798601074218750000e+03,7.322155761718750000e+02,6.160827636718750000e+03,1.271291748046875000e+03,4.810363769531250000e+02,2.947518615722656250e+02,1.636265258789062500e+02,4.073016601562500000e+03,1.762047851562500000e+03,9.891103515625000000e+02,1.490224609375000000e+03,1.024019653320312500e+03,3.733775024414062500e+02,1.101909057617187500e+03,3.283981933593750000e+03,4.648465576171875000e+02,2.597019042968750000e+02,6.166479492187500000e+02,2.670451660156250000e+03,2.203789794921875000e+03,2.225929443359375000e+03,5.616635742187500000e+02,1.988414550781250000e+03,6.060036621093750000e+02,5.318262329101562500e+02,4.965183715820312500e+02,2.432348327636718750e+02,2.018260253906250000e+03,3.122276611328125000e+02,6.415406250000000000e+03,4.136049804687500000e+03,4.913362121582031250e+02,4.024583007812500000e+03,4.079279785156250000e+02,8.861391601562500000e+02,4.503028808593750000e+03,3.597555541992187500e+02,6.935432128906250000e+02,3.068199462890625000e+02,1.311519165039062500e+03,6.685501464843750000e+03,6.763608398437500000e+02,1.183529052734375000e+02,1.364601440429687500e+03,9.180718994140625000e+02,4.895221862792968750e+02,4.990374755859375000e+02,3.250102539062500000e+02
7.405410156250000000e+02,1.797410766601562500e+03,7.471361083984375000e+02,6.339489746093750000e+03,1.367654907226562500e+03,4.753078002929687500e+02,3.104091796875000000e+02,1.203746643066406250e+02,4.129469238281250000e+03,1.715340454101562500e+03,8.843338623046875000e+02,1.500238281250000000e+03,1.062669067382812500e+03,4.051734619140625000e+02,1.169388427734375000e+03,2.131667236328125000e+03,5.321649169921875000e+02,2.759016723632812500e+02,6.553613891601562500e+02,2.511947753906250000e+03,2.163242187500000000e+03,1.255327026367187500e+03,5.930662841796875000e+02,1.960688232421875000e+03,8.213416748046875000e+02,5.643751831054687500e+02,4.317429199218750000e+02,3.951419677734375000e+02,2.158119140625000000e+03,3.123007812500000000e+02,5.625975097656250000e+03,3.574354980468750000e+03,3.332621459960937500e+02,4.034138183593750000e+03,5.694431762695312500e+02,8.897989501953125000e+02,4.380307128906250000e+03,2.903982543945312500e+02,1.008994628906250000e+03,2.786704711914062500e+02,1.464004760742187500e+03,6.708613281250000000e+03,6.499716796875000000e+02,1.616962890625000000e+02,1.353031127929687500e+03,9.343864746093750000e+02,5.114432678222656250e+02,4.990417480468750000e+02,3.804655761718750000e+02
6.480131835937500000e+02,1.802026245117187500e+03,8.041047363281250000e+02,5.879012695312500000e+03,1.228846191406250000e+03,5.015676269531250000e+02,3.184732360839843750e+02,2.248984527587890625e+02,3.915240722656250000e+03,1.675626953125000000e+03,9.205010986328125000e+02,1.454315185546875000e+03,1.043848876953125000e+03,3.842769165039062500e+02,2.542399902343750000e+02,2.149714111328125000e+03,4.996229248046875000e+02,2.870724487304687500e+02,6.181782226562500000e+02,2.147516113281250000e+03,2.378584960937500000e+03,1.250236328125000000e+03,5.791484375000000000e+02,2.039886474609375000e+03,5.038440856933593750e+02,3.913831787109375000e+02,4.025726318359375000e+02,4.318293151855468750e+02,1.952242675781250000e+03,3.323229064941406250e+02,7.572197265625000000e+03,2.099489257812500000e+03,3.313170776367187500e+02,3.891924804687500000e+03,3.752073974609375000e+02,5.533385009765625000e+02,7.690145996093750000e+03,3.459066772460937500e+02,5.663060302734375000e+02,2.214509277343750000e+02,1.183247314453125000e+03,6.438912109375000000e+03,5.549135131835937500e+02,1.245921554565429688e+02,1.311042968750000000e+03,8.777973632812500000e+02,4.930463562011718750e+02,4.900224609375000000e+02,4.233918457031250000e+02
6.636571044921875000e+02,1.854313232421875000e+03,6.968701171875000000e+02,6.275340820312500000e+03,1.521281738281250000e+03,4.975944824218750000e+02,4.070094604492187500e+02,2.293353271484375000e+01,3.863962890625000000e+03,1.613756958007812500e+03,9.077915039062500000e+02,1.461359375000000000e+03,1.000683593750000000e+03,3.598165283203125000e+02,1.108300903320312500e+03,2.101424560546875000e+03,4.422153320312500000e+02,2.703801269531250000e+02,6.194498901367187500e+02,2.570411376953125000e+03,1.923927978515625000e+03,1.355376220703125000e+03,5.029016723632812500e+02,3.218744140625000000e+03,8.578151855468750000e+02,6.622382202148437500e+02,4.114588012695312500e+02,4.750184326171875000e+02,1.905786987304687500e+03,2.782739868164062500e+02,6.273487304687500000e+03,3.747886474609375000e+03,2.911518249511718750e+02,4.920553710937500000e+03,8.737081909179687500e+02,6.316011962890625000e+02,4.450168945312500000e+03,6.891127929687500000e+02,5.616442871093750000e+02,5.186119995117187500e+02,2.916263427734375000e+03,5.576360351562500000e+03,5.517390747070312500e+02,2.196330108642578125e+02,1.341283203125000000e+03,9.261188964843750000e+02,4.771765136718750000e+02,4.839078369140625000e+02,3.995473632812500000e+02
7.103529052734375000e+02,1.825191040039062500e+03,6.904848022460937500e+02,5.956966796875000000e+03,1.442878906250000000e+03,4.954131469726562500e+02,2.974726867675781250e+02,2.113208007812500000e+02,3.919483886718750000e+03,1.629866577148437500e+03,7.226359863281250000e+02,1.485583740234375000e+03,1.055780639648437500e+03,3.416605834960937500e+02,1.125409423828125000e+03,2.145004882812500000e+03,4.570443115234375000e+02,3.353139038085937500e+02,6.183699340820312500e+02,2.293454345703125000e+03,2.064509277343750000e+03,1.600963989257812500e+03,5.729942016601562500e+02,3.201860839843750000e+03,8.029266357421875000e+02,6.536918945312500000e+02,3.793129882812500000e+02,3.273281250000000000e+02,1.969089111328125000e+03,2.871867980957031250e+02,6.077306152343750000e+03,1.788010253906250000e+03,3.618402099609375000e+02,3.944622070312500000e+03,4.869337158203125000e+02,5.857166137695312500e+02,4.366639160156250000e+03,3.094499511718750000e+02,5.136442871093750000e+02,2.423434295654296875e+02,3.128894775390625000e+03,6.533515625000000000e+03,6.297702026367187500e+02,1.238188705444335938e+02,1.354367675781250000e+03,9.964102783203125000e+02,4.938796997070312500e+02,5.079987792968750000e+02,4.111036987304687500e+02
7.237818603515625000e+02,1.863667480468750000e+03,6.677998046875000000e+02,5.916225585937500000e+03,1.365327392578125000e+03,4.868026123046875000e+02,2.851355590820312500e+02,1.635924987792968750e+02,3.887921875000000000e+03,1.621141479492187500e+03,7.704188232421875000e+02,1.575895507812500000e+03,1.117099365234375000e+03,3.807296142578125000e+02,1.145661743164062500e+03,2.167676269531250000e+03,4.871599121093750000e+02,2.651086425781250000e+02,6.383079833984375000e+02,2.265251464843750000e+03,2.023951782226562500e+03,1.034017089843750000e+03,5.325063476562500000e+02,1.894957763671875000e+03,8.477459716796875000e+02,4.777584838867187500e+02,4.048697509765625000e+02,2.191882629394531250e+02,1.949010742187500000e+03,2.826874694824218750e+02,5.758801757812500000e+03,1.667456787109375000e+03,4.422470092773437500e+02,3.967400634765625000e+03,4.190878906250000000e+02,6.896674804687500000e+02,4.414205078125000000e+03,3.357302246093750000e+02,5.073347167968750000e+02,2.660070800781250000e+02,2.095814697265625000e+03,5.916854492187500000e+03,6.045820312500000000e+02,1.070559997558593750e+02,1.353760864257812500e+03,1.013522827148437500e+03,5.036557922363281250e+02,5.108634033203125000e+02,4.383803100585937500e+02
6.677139892578125000e+02,1.997321289062500000e+03,6.556600952148437500e+02,7.188557617187500000e+03,1.423780029296875000e+03,4.973336791992187500e+02,2.739951171875000000e+02,1.678665161132812500e+02,3.987131347656250000e+03,1.624039794921875000e+03,7.854349365234375000e+02,1.563168212890625000e+03,1.155128784179687500e+03,3.583637084960937500e+02,1.135796630859375000e+03,2.091850830078125000e+03,4.907261962890625000e+02,2.923111572265625000e+02,6.296163330078125000e+02,2.454117675781250000e+03,2.095908935546875000e+03,1.378568725585937500e+03,5.361741333007812500e+02,1.698118408203125000e+03,5.945083007812500000e+02,5.640846557617187500e+02,3.989373168945312500e+02,2.371788024902343750e+02,2.105975585937500000e+03,3.040368957519531250e+02,5.680271484375000000e+03,1.697426757812500000e+03,3.191100463867187500e+02,3.976586181640625000e+03,4.364995117187500000e+02,8.817404785156250000e+02,4.483693359375000000e+03,3.098064575195312500e+02,5.992734375000000000e+02,3.504084777832031250e+02,1.683283081054687500e+03,6.292278320312500000e+03,6.421744995117187500e+02,1.466244049072265625e+02,1.343525512695312500e+03,9.811168212890625000e+02,5.082287292480468750e+02,4.988812255859375000e+02,2.627655334472656250e+02
6.464020996093750000e+02,1.842051879882812500e+03,7.148347778320312500e+02,5.948816894531250000e+03,1.290796630859375000e+03,4.973771972656250000e+02,2.655119323730468750e+02,1.696186065673828125e+02,3.874844726562500000e+03,1.630159790039062500e+03,6.349776000976562500e+02,1.513439208984375000e+03,1.018103393554687500e+03,3.484815063476562500e+02,1.106193847656250000e+03,2.766805175781250000e+03,4.410931396484375000e+02,2.679859619140625000e+02,6.167802734375000000e+02,1.962816894531250000e+03,2.087967041015625000e+03,2.188985839843750000e+03,5.309201660156250000e+02,1.682432128906250000e+03,5.588065185546875000e+02,4.392654113769531250e+02,3.754389038085937500e+02,2.105438232421875000e+02,1.859274291992187500e+03,2.993729858398437500e+02,5.288849121093750000e+03,1.768002197265625000e+03,3.798201599121093750e+02,3.895009765625000000e+03,4.277160644531250000e+02,6.056455078125000000e+02,4.435111328125000000e+03,2.786542053222656250e+02,4.491423339843750000e+02,4.487610778808593750e+02,1.511401245117187500e+03,5.948278320312500000e+03,5.610158081054687500e+02,1.240153579711914062e+02,1.339525756835937500e+03,9.744364013671875000e+02,4.800643920898437500e+02,5.012849121093750000e+02,2.774630737304687500e+02
7.154827880859375000e+02,1.842768432617187500e+03,6.361563110351562500e+02,5.632180664062500000e+03,1.208588134765625000e+03,4.761395263671875000e+02,2.767882080078125000e+02,8.170494079589843750e+01,3.801982421875000000e+03,1.635694091796875000e+03,4.127146301269531250e+02,1.541094482421875000e+03,1.148667602539062500e+03,3.417047119140625000e+02,2.340701904296875000e+02,2.148408935546875000e+03,4.148138427734375000e+02,2.763740539550781250e+02,6.327669067382812500e+02,1.779503295898437500e+03,1.914546386718750000e+03,1.371799194335937500e+03,5.243777465820312500e+02,1.314225830078125000e+03,2.420043945312500000e+02,2.423021850585937500e+02,3.684453735351562500e+02,2.023845825195312500e+02,1.873019287109375000e+03,3.018546142578125000e+02,4.915927734375000000e+03,1.838364013671875000e+03,3.009887084960937500e+02,3.928116699218750000e+03,3.747098388671875000e+02,6.556098632812500000e+02,4.239231933593750000e+03,2.629551391601562500e+02,5.252984619140625000e+02,1.868536071777343750e+02,1.803367065429687500e+03,6.157191406250000000e+03,4.577745361328125000e+02,1.142976150512695312e+02,1.310925292968750000e+03,1.068713867187500000e+03,4.900651245117187500e+02,5.071120605468750000e+02,1.624933471679687500e+02
6.254672851562500000e+02,1.830802001953125000e+03,6.951126098632812500e+02,5.761276367187500000e+03,1.203542480468750000e+03,4.784693603515625000e+02,2.923312377929687500e+02,2.487953186035156250e+01,3.671076171875000000e+03,1.635910156250000000e+03,3.843143310546875000e+02,1.493921630859375000e+03,1.090363891601562500e+03,3.301765747070312500e+02,2.259314575195312500e+02,2.101003662109375000e+03,4.141762695312500000e+02,3.019751281738281250e+02,6.257648925781250000e+02,1.816392333984375000e+03,2.265437988281250000e+03,1.050434082031250000e+03,4.989217529296875000e+02,1.618079345703125000e+03,2.534596862792968750e+02,2.345773010253906250e+02,3.621980590820312500e+02,1.927643127441406250e+02,1.824928955078125000e+03,2.769471130371093750e+02,5.276714843750000000e+03,1.520381103515625000e+03,4.023036499023437500e+02,3.686302246093750000e+03,3.821080322265625000e+02,5.349127807617187500e+02,7.018737304687500000e+03,2.530816650390625000e+02,4.108806152343750000e+02,1.581808776855468750e+02,1.527895996093750000e+03,5.927896484375000000e+03,4.605154418945312500e+02,1.120268707275390625e+02,1.311382568359375000e+03,8.630245361328125000e+02,4.743663330078125000e+02,5.005820312500000000e+02,1.285319824218750000e+02
6.418583984375000000e+02,1.848401489257812500e+03,6.537902221679687500e+02,5.664469726562500000e+03,1.260937500000000000e+03,4.644546508789062500e+02,3.803744506835937500e+02,1.648725891113281250e+01,3.591217773437500000e+03,1.636117675781250000e+03,3.714910583496093750e+02,1.511303466796875000e+03,1.053546875000000000e+03,3.188378295898437500e+02,2.688490600585937500e+02,2.022037109375000000e+03,3.730898437500000000e+02,2.689046630859375000e+02,6.223876342773437500e+02,1.916571289062500000e+03,1.698835937500000000e+03,1.903361816406250000e+03,4.461536254882812500e+02,1.260935424804687500e+03,2.168198242187500000e+02,2.433728637695312500e+02,3.632652587890625000e+02,1.693242797851562500e+02,1.806891357421875000e+03,2.781931152343750000e+02,4.676069335937500000e+03,1.778241210937500000e+03,3.013947143554687500e+02,3.234481933593750000e+03,3.752233886718750000e+02,6.020153808593750000e+02,4.259768066406250000e+03,2.022282104492187500e+02,3.741954345703125000e+02,2.402848815917968750e+02,1.863291503906250000e+03,5.646331542968750000e+03,4.803750000000000000e+02,9.726985168457031250e+01,1.346362792968750000e+03,1.017055786132812500e+03,4.678916625976562500e+02,4.725015869140625000e+02,1.218801879882812500e+02
6.611865234375000000e+02,1.797295654296875000e+03,6.546479492187500000e+02,5.557972656250000000e+03,1.208132202148437500e+03,4.943734130859375000e+02,4.343536376953125000e+02,1.676239013671875000e+01,3.660440917968750000e+03,1.637344482421875000e+03,3.942922363281250000e+02,1.512868408203125000e+03,1.046531250000000000e+03,3.104882812500000000e+02,2.708120727539062500e+02,2.120993896484375000e+03,3.875156250000000000e+02,2.713761596679687500e+02,6.209438476562500000e+02,1.710293579101562500e+03,1.802416992187500000e+03,2.087106689453125000e+03,4.873470458984375000e+02,1.712396362304687500e+03,2.300986022949218750e+02,2.514170227050781250e+02,3.622803955078125000e+02,1.918217163085937500e+02,1.879950439453125000e+03,2.974195556640625000e+02,4.877383789062500000e+03,1.654777587890625000e+03,5.247445068359375000e+02,3.698009765625000000e+03,3.781414794921875000e+02,4.874432373046875000e+02,4.273120117187500000e+03,2.038488769531250000e+02,3.706893310546875000e+02,2.178086395263671875e+02,1.469760986328125000e+03,5.861840332031250000e+03,4.735776977539062500e+02,1.106263275146484375e+02,1.393099731445312500e+03,1.200813964843750000e+03,4.848389587402343750e+02,5.056057128906250000e+02,1.151246643066406250e+02
6.976722412109375000e+02,1.799204223632812500e+03,6.608200073242187500e+02,5.620028320312500000e+03,1.221488525390625000e+03,4.899777221679687500e+02,2.767874755859375000e+02,1.628933715820312500e+01,3.683308593750000000e+03,1.629064941406250000e+03,3.929747924804687500e+02,1.489737060546875000e+03,1.034154174804687500e+03,3.431186523437500000e+02,3.494320678710937500e+02,2.160554199218750000e+03,4.529586181640625000e+02,2.693298645019531250e+02,6.242305908203125000e+02,1.793960083007812500e+03,1.724880615234375000e+03,1.171057617187500000e+03,5.000152587890625000e+02,1.402780395507812500e+03,2.384099121093750000e+02,2.924509277343750000e+02,3.656392822265625000e+02,1.742405395507812500e+02,1.790869750976562500e+03,2.812735290527343750e+02,5.058448730468750000e+03,1.777582031250000000e+03,2.958611450195312500e+02,3.715426513671875000e+03,3.814296875000000000e+02,4.951030273437500000e+02,4.372686523437500000e+03,2.496920471191406250e+02,4.165662841796875000e+02,1.346566162109375000e+02,1.358527832031250000e+03,6.235598632812500000e+03,4.720903930664062500e+02,9.916889953613281250e+01,1.351925292968750000e+03,1.231004882812500000e+03,4.941985778808593750e+02,5.116140136718750000e+02,1.199344482421875000e+02
6.528924560546875000e+02,1.821666748046875000e+03,6.599140625000000000e+02,5.834641601562500000e+03,1.283350341796875000e+03,4.857562866210937500e+02,3.997539672851562500e+02,2.310957336425781250e+01,3.750657714843750000e+03,1.647599487304687500e+03,3.808873291015625000e+02,1.451509033203125000e+03,1.042224365234375000e+03,3.208087768554687500e+02,4.867883300781250000e+02,1.902830078125000000e+03,4.111822509765625000e+02,2.651160278320312500e+02,6.238005981445312500e+02,1.914111572265625000e+03,1.730091308593750000e+03,1.008870483398437500e+03,4.677451171875000000e+02,1.309535766601562500e+03,2.258945465087890625e+02,2.785046081542968750e+02,3.698689575195312500e+02,1.728114318847656250e+02,2.002055053710937500e+03,3.016964111328125000e+02,5.138543945312500000e+03,1.776803222656250000e+03,3.442576904296875000e+02,3.871637695312500000e+03,3.725789794921875000e+02,5.443828735351562500e+02,4.448945312500000000e+03,2.425294189453125000e+02,4.447388916015625000e+02,1.350891418457031250e+02,1.073122802734375000e+03,5.980477539062500000e+03,5.149657592773437500e+02,1.111613311767578125e+02,1.363515625000000000e+03,1.064195312500000000e+03,4.992443847656250000e+02,4.983146972656250000e+02,1.325680694580078125e+02
6.425612792968750000e+02,1.799890502929687500e+03,6.168418579101562500e+02,5.636683593750000000e+03,1.199738769531250000e+03,5.031527709960937500e+02,2.846547546386718750e+02,1.794425964355468750e+01,3.658814941406250000e+03,1.651312500000000000e+03,3.748507080078125000e+02,1.471143798828125000e+03,1.016562500000000000e+03,3.198166503906250000e+02,3.380308227539062500e+02,1.468721679687500000e+03,3.749875488281250000e+02,2.596909790039062500e+02,6.088493652343750000e+02,1.599545410156250000e+03,1.793864990234375000e+03,1.877027832031250000e+03,4.940371093750000000e+02,1.425451782226562500e+03,2.112469482421875000e+02,2.429284667968750000e+02,3.645494995117187500e+02,1.747492675781250000e+02,1.824194702148437500e+03,2.894931030273437500e+02,5.548500000000000000e+03,1.703743652343750000e+03,3.022715148925781250e+02,3.630937744140625000e+03,3.694353027343750000e+02,4.969031372070312500e+02,4.385059570312500000e+03,2.346203308105468750e+02,3.721440429687500000e+02,2.052148132324218750e+02,8.961287841796875000e+02,6.135724609375000000e+03,4.646975708007812500e+02,1.025486450195312500e+02,1.413560791015625000e+03,1.076228149414062500e+03,4.836641845703125000e+02,5.062861328125000000e+02,1.100905303955078125e+02
