2.758151245117187500e+02,2.352044189453125000e+03,8.457043457031250000e+01,4.894029687500000000e+04,1.616463623046875000e+03,1.571296386718750000e+02,9.593383789062500000e+00,5.399522094726562500e+02,1.332013671875000000e+03,1.499955078125000000e+03,4.766397705078125000e+02,1.247032226562500000e+03,1.142519287109375000e+03,3.854902343750000000e+02,2.522442016601562500e+02,1.788642578125000000e+03,1.326427978515625000e+03,2.055532531738281250e+02,3.599165039062500000e+03,1.519973144531250000e+02,1.336490234375000000e+03,3.039415527343750000e+03,3.016504516601562500e+02,1.578944091796875000e+02,8.287847900390625000e+01,1.647407470703125000e+03,5.562575073242187500e+02,4.052050781250000000e+01,1.828379516601562500e+03,4.556528320312500000e+02,3.273203125000000000e+02,1.499834228515625000e+03,2.605458374023437500e+02,2.809429687500000000e+03,8.393609008789062500e+02,1.561107910156250000e+03,1.007211914062500000e+03,1.624053955078125000e+02,8.358219726562500000e+03,2.440160522460937500e+02,2.359063720703125000e+03,7.207465820312500000e+02,9.160023193359375000e+02,1.598872833251953125e+02,7.429467773437500000e+01,2.192593994140625000e+03,1.616968383789062500e+02,9.385623779296875000e+02,7.199667968750000000e+02
1.652014160156250000e+01,6.895498535156250000e+03,3.533081054687500000e+00,4.326903320312500000e+03,1.494112304687500000e+03,1.464899902343750000e+02,2.526010589599609375e+02,1.805937957763671875e+02,2.772174804687500000e+03,1.251259863281250000e+04,3.034903564453125000e+02,2.184181640625000000e+03,1.526401977539062500e+03,2.484169311523437500e+02,4.488025390625000000e+03,1.205148071289062500e+03,1.082553100585937500e+03,3.833563232421875000e+01,7.098618164062500000e+02,1.496881347656250000e+03,9.071582031250000000e+03,3.434645996093750000e+02,2.662362060546875000e+02,3.704998779296875000e+02,3.991545410156250000e+02,1.776034240722656250e+02,2.943058105468750000e+03,3.298015747070312500e+02,1.056986328125000000e+03,7.030810546875000000e+01,1.455953125000000000e+03,1.845167968750000000e+04,2.051126098632812500e+01,2.511711669921875000e+03,4.662725219726562500e+02,1.800894775390625000e+02,3.588311279296875000e+03,1.038911132812500000e+02,1.261527465820312500e+03,2.894964599609375000e+02,9.772825927734375000e+02,2.633120605468750000e+03,2.171557861328125000e+03,3.001407470703125000e+02,6.121379394531250000e+02,3.036813964843750000e+03,1.145604248046875000e+02,4.391513671875000000e+02,2.329552764892578125e+02
6.685327148437500000e+01,3.445437500000000000e+03,2.771248779296875000e+02,1.869712890625000000e+03,7.423725585937500000e+03,2.860416259765625000e+02,4.370661926269531250e+02,8.532897949218750000e+01,4.761583984375000000e+03,2.928771240234375000e+03,7.170868530273437500e+02,1.073949707031250000e+03,1.482833251953125000e+03,3.292355957031250000e+02,4.722106323242187500e+02,1.577645019531250000e+03,1.067721679687500000e+03,6.912677001953125000e+01,9.399847412109375000e+02,7.212360839843750000e+02,3.477955078125000000e+03,3.612475585937500000e+02,2.116076049804687500e+02,7.399858398437500000e+02,3.009083862304687500e+02,1.972705688476562500e+02,2.228023071289062500e+02,1.338897094726562500e+02,1.047703613281250000e+03,5.605493164062500000e+01,2.024614257812500000e+02,4.473698730468750000e+03,2.122754821777343750e+02,1.344098144531250000e+04,1.012378967285156250e+03,9.890541992187500000e+02,3.221490722656250000e+03,1.284707946777343750e+02,1.726875976562500000e+03,2.496044158935546875e+02,1.295571289062500000e+02,3.508566406250000000e+03,3.050764160156250000e+03,3.051496582031250000e+02,1.800373046875000000e+03,2.451290039062500000e+03,3.124121093750000000e+01,6.773542480468750000e+02,3.161252441406250000e+02
3.057958984375000000e+01,4.309892089843750000e+03,3.074552612304687500e+02,2.963200195312500000e+04,2.431790039062500000e+03,2.174577026367187500e+02,1.009138671875000000e+03,1.665038604736328125e+02,3.153631835937500000e+03,2.603783203125000000e+03,1.887969970703125000e+02,2.004785644531250000e+03,7.830983886718750000e+02,8.545266723632812500e+02,6.175059814453125000e+02,1.667868652343750000e+03,1.343516845703125000e+03,1.683887939453125000e+02,5.949439086914062500e+02,1.258802001953125000e+03,2.170142578125000000e+03,5.961307373046875000e+02,3.192409667968750000e+02,4.970667480468750000e+03,5.975877685546875000e+02,2.161926269531250000e+01,8.524036254882812500e+02,1.341997070312500000e+02,9.388513183593750000e+02,9.067431640625000000e+02,3.559429687500000000e+03,4.271979492187500000e+03,1.364513549804687500e+02,2.546457519531250000e+03,6.702288208007812500e+02,1.185115478515625000e+03,8.321274414062500000e+02,1.143296813964843750e+02,1.294448120117187500e+03,3.738788452148437500e+02,9.999174804687500000e+02,7.131220703125000000e+02,2.236900390625000000e+03,3.370696411132812500e+02,2.058601074218750000e+02,2.149060302734375000e+03,1.123476562500000000e+02,2.158714599609375000e+02,5.170256347656250000e+02
1.320134033203125000e+03,7.637647949218750000e+03,2.910593261718750000e+02,1.255409570312500000e+04,3.048641601562500000e+03,4.520877685546875000e+02,2.952082519531250000e+02,1.194987182617187500e+02,3.532724609375000000e+02,4.252580566406250000e+03,1.014040222167968750e+03,4.082024658203125000e+03,1.499703613281250000e+03,3.082598266601562500e+02,9.894219970703125000e+01,1.939412841796875000e+03,7.350529785156250000e+02,2.304959411621093750e+02,1.260839111328125000e+03,3.496063964843750000e+03,2.287141113281250000e+03,9.237017822265625000e+02,8.641582031250000000e+02,1.766585571289062500e+03,8.257884521484375000e+02,3.589137878417968750e+02,7.519837646484375000e+02,5.648370971679687500e+02,3.504135742187500000e+02,1.657290527343750000e+03,6.669216796875000000e+03,1.443212500000000000e+04,2.349065856933593750e+02,2.502242431640625000e+03,6.485727539062500000e+02,1.204664794921875000e+03,2.217063476562500000e+03,2.632805786132812500e+02,2.433454345703125000e+03,3.807612609863281250e+02,3.621608642578125000e+03,6.873535156250000000e+02,3.340724609375000000e+03,4.414592285156250000e+02,4.358893554687500000e+03,2.439131835937500000e+03,4.839767150878906250e+02,1.452462158203125000e+03,6.040553588867187500e+02
1.012769653320312500e+03,4.759027343750000000e+03,4.164213867187500000e+02,1.203349023437500000e+04,1.581124755859375000e+03,4.007164916992187500e+02,2.826982421875000000e+02,1.552614898681640625e+02,7.923270996093750000e+03,3.872238281250000000e+03,9.247563476562500000e+02,3.232704589843750000e+03,1.491872192382812500e+03,7.882337036132812500e+02,5.572473144531250000e+01,1.572168457031250000e+03,5.827380371093750000e+02,2.293643798828125000e+02,8.603142089843750000e+02,2.743145751953125000e+03,3.430461425781250000e+03,9.090843505859375000e+02,4.759498901367187500e+02,1.396606323242187500e+03,6.040385742187500000e+02,3.448340148925781250e+02,1.010761169433593750e+03,5.423448486328125000e+02,1.860263671875000000e+02,9.520430908203125000e+02,5.596563476562500000e+03,5.614258789062500000e+03,3.468484497070312500e+02,4.170350585937500000e+03,7.181553344726562500e+02,1.003324523925781250e+03,3.622212402343750000e+03,2.832163391113281250e+02,2.519918212890625000e+03,6.370093994140625000e+02,2.891374267578125000e+03,1.086462890625000000e+03,3.720102294921875000e+03,3.129512939453125000e+02,3.452512207031250000e+03,2.239684082031250000e+03,5.116062011718750000e+02,1.789587890625000000e+03,5.639882202148437500e+02
1.783630371093750000e+03,4.077963378906250000e+03,5.771330566406250000e+02,8.567572265625000000e+03,2.957548828125000000e+02,1.055342285156250000e+03,4.844800109863281250e+02,1.499919891357421875e+02,8.043233886718750000e+03,2.128296630859375000e+03,3.950723876953125000e+02,3.942166015625000000e+03,1.797600952148437500e+03,6.503999633789062500e+02,5.704390258789062500e+02,7.787770507812500000e+03,1.541006713867187500e+03,2.401343383789062500e+02,1.009149414062500000e+03,1.354722412109375000e+03,2.445812744140625000e+03,3.347504882812500000e+02,1.218218750000000000e+03,4.102053222656250000e+02,8.856533203125000000e+02,2.949427185058593750e+02,1.188225341796875000e+03,2.000573730468750000e+01,1.494555175781250000e+03,6.107404785156250000e+02,9.132669921875000000e+03,4.346437988281250000e+03,1.949066925048828125e+02,2.667303710937500000e+03,5.920256958007812500e+02,1.746771484375000000e+03,3.194055664062500000e+03,2.228931274414062500e+02,1.735884765625000000e+03,2.439752807617187500e+02,2.916630371093750000e+03,2.258116210937500000e+03,1.973240478515625000e+03,1.011417541503906250e+02,2.611147949218750000e+03,2.762682373046875000e+03,6.986697998046875000e+02,5.960307617187500000e+02,5.540249023437500000e+02
6.834593505859375000e+02,2.873205566406250000e+03,1.650560302734375000e+02,1.343672656250000000e+04,9.034228515625000000e+02,2.659874267578125000e+02,3.226618957519531250e+02,2.659358520507812500e+02,3.953651367187500000e+03,1.747985229492187500e+03,5.012507934570312500e+02,8.282680664062500000e+02,1.201794555664062500e+03,8.479520263671875000e+02,4.649704589843750000e+02,1.661584106445312500e+03,1.935642211914062500e+03,8.724966430664062500e+01,2.357142578125000000e+03,3.863852539062500000e+02,1.460057373046875000e+03,2.473346923828125000e+03,5.014149780273437500e+02,8.306452636718750000e+02,4.390073852539062500e+02,5.952178955078125000e+02,4.422543334960937500e+02,1.210700073242187500e+02,1.085607788085937500e+03,5.394335937500000000e+01,2.640835937500000000e+03,3.357656250000000000e+03,2.963045959472656250e+02,2.670093261718750000e+03,8.172880859375000000e+02,1.286584472656250000e+02,2.216059570312500000e+03,2.206203308105468750e+02,5.223110351562500000e+03,4.199815673828125000e+02,4.171293457031250000e+03,2.807125000000000000e+03,1.636806518554687500e+03,9.536683654785156250e+01,3.257990722656250000e+02,1.660288085937500000e+03,2.085058593750000000e+01,1.833061523437500000e+02,1.789928833007812500e+03
7.035556640625000000e+02,8.497091796875000000e+03,4.184390869140625000e+02,1.152935156250000000e+04,1.394170898437500000e+03,4.492464599609375000e+02,8.581411132812500000e+02,3.443081665039062500e+01,8.720410156250000000e+02,1.173576269531250000e+04,2.458856811523437500e+02,2.578548339843750000e+03,8.513522949218750000e+02,2.174326782226562500e+02,2.116015625000000000e+03,1.221578491210937500e+03,9.542042236328125000e+02,9.460107421875000000e+01,3.634116821289062500e+02,2.653641113281250000e+03,5.213825195312500000e+03,1.842407226562500000e+02,7.104891967773437500e+02,1.102709594726562500e+03,4.788799438476562500e+02,5.250234375000000000e+02,1.890488891601562500e+03,3.306408081054687500e+02,6.149643554687500000e+02,3.149013671875000000e+02,3.895996093750000000e+03,8.214033203125000000e+03,2.520775299072265625e+02,2.894712402343750000e+03,3.730391845703125000e+02,4.190830078125000000e+02,3.676937988281250000e+03,1.094143371582031250e+02,2.654876464843750000e+03,2.321873779296875000e+02,3.345514648437500000e+03,6.490249023437500000e+02,3.083913085937500000e+03,1.903121948242187500e+02,1.774592285156250000e+03,2.945789306640625000e+03,1.014837646484375000e+02,2.706987304687500000e+02,3.963417358398437500e+02
5.473791503906250000e+02,4.259670898437500000e+03,1.568697509765625000e+02,4.426081054687500000e+03,3.163400878906250000e+03,9.242108154296875000e+01,1.233654785156250000e+01,7.965997314453125000e+01,4.932397460937500000e+03,3.310034423828125000e+03,1.006330810546875000e+03,1.792905761718750000e+03,2.202038818359375000e+03,3.454968261718750000e+02,6.305151367187500000e+02,3.692778564453125000e+03,1.007069213867187500e+03,3.555633544921875000e+00,7.225846557617187500e+02,9.670590820312500000e+02,3.386222412109375000e+03,3.441579589843750000e+02,3.920979003906250000e+02,6.724211425781250000e+02,4.478584899902343750e+02,3.758418884277343750e+02,5.403269042968750000e+02,9.898687744140625000e+01,8.431076660156250000e+02,6.460766601562500000e+01,2.934912109375000000e+02,4.460960449218750000e+03,4.946911315917968750e+02,1.183541796875000000e+04,1.732516845703125000e+03,2.269770507812500000e+02,3.543225585937500000e+03,8.042803955078125000e+01,1.590748535156250000e+03,3.172916259765625000e+02,1.296043945312500000e+03,1.892128906250000000e+03,1.868778320312500000e+03,2.915205078125000000e+02,1.054438964843750000e+03,2.157607666015625000e+03,1.027189941406250000e+02,1.002434082031250000e+02,4.614530029296875000e+02
5.940449218750000000e+02,4.448282226562500000e+03,1.725274658203125000e+02,1.171420312500000000e+04,1.155390625000000000e+02,2.182107543945312500e+02,7.713058471679687500e+01,8.389678955078125000e+01,7.616386718750000000e+02,3.038169921875000000e+03,1.515631103515625000e+02,9.650659179687500000e+02,1.135790161132812500e+03,7.845477294921875000e+02,2.137919311523437500e+02,1.136456787109375000e+03,7.013750000000000000e+02,9.058343505859375000e+01,6.299157714843750000e+02,1.343408691406250000e+03,2.411241210937500000e+03,6.186520996093750000e+02,6.971089477539062500e+02,5.080678222656250000e+03,8.254329833984375000e+02,1.721573486328125000e+02,3.267282714843750000e+02,3.488012695312500000e+01,2.084375000000000000e+02,8.156481933593750000e+01,2.249087402343750000e+03,4.845342773437500000e+03,2.600691528320312500e+02,2.454999511718750000e+03,1.379105224609375000e+02,4.633117675781250000e+02,3.437116210937500000e+03,4.519030761718750000e+01,5.864972656250000000e+03,3.626169433593750000e+02,1.220913574218750000e+03,3.315390625000000000e+02,3.377371337890625000e+03,2.655119018554687500e+02,2.477297363281250000e+02,3.596029052734375000e+03,4.773985900878906250e+02,3.515769042968750000e+02,6.728995971679687500e+02
1.219198120117187500e+03,7.761355468750000000e+03,2.758294677734375000e+02,2.005557421875000000e+04,3.265204833984375000e+03,4.766173706054687500e+02,3.587302246093750000e+02,1.828692016601562500e+02,1.276241503906250000e+04,6.390553710937500000e+03,1.124710693359375000e+03,3.959902343750000000e+03,1.442117187500000000e+03,8.757169189453125000e+02,1.291430664062500000e+02,1.876628173828125000e+03,5.932468261718750000e+02,6.188719177246093750e+01,1.931069213867187500e+03,3.941952636718750000e+03,1.817170898437500000e+03,8.489924316406250000e+02,3.692119140625000000e+02,1.806507080078125000e+03,9.583151855468750000e+02,5.285559082031250000e+02,1.774554199218750000e+03,5.590348510742187500e+02,5.350527343750000000e+02,1.574578369140625000e+03,6.490971679687500000e+03,6.612417968750000000e+03,2.917426147460937500e+02,2.265426757812500000e+03,1.543200683593750000e+02,1.130654907226562500e+03,5.575826171875000000e+03,2.948275756835937500e+02,3.512591796875000000e+03,4.338141174316406250e+02,3.033463134765625000e+03,1.104873046875000000e+03,3.762155273437500000e+03,3.872473754882812500e+02,3.758955322265625000e+03,2.141676513671875000e+03,4.764980468750000000e+02,1.445249267578125000e+03,6.623024902343750000e+02
1.083553955078125000e+03,4.642107910156250000e+03,4.357407836914062500e+02,9.061957031250000000e+03,2.314721679687500000e+03,4.170009765625000000e+02,2.879244384765625000e+02,1.241898269653320312e+02,7.969357421875000000e+03,3.802619873046875000e+03,1.157661376953125000e+03,3.028077148437500000e+03,1.358005737304687500e+03,7.762072143554687500e+02,1.139171142578125000e+02,1.997921386718750000e+03,3.983870849609375000e+02,2.201553192138671875e+02,5.092711181640625000e+02,2.398969970703125000e+03,3.027743164062500000e+03,7.779554443359375000e+02,4.009284057617187500e+02,1.385251464843750000e+03,8.924526367187500000e+02,2.844545593261718750e+02,1.315142822265625000e+03,5.160758056640625000e+02,1.267656250000000000e+02,1.010532348632812500e+03,5.349331054687500000e+03,5.079907714843750000e+03,3.084124755859375000e+02,3.783568847656250000e+03,1.632548828125000000e+02,8.633193359375000000e+02,3.657536132812500000e+03,2.702517700195312500e+02,1.786241699218750000e+03,3.345729064941406250e+02,2.294941894531250000e+03,2.055363769531250000e+03,3.770795166015625000e+03,3.082906494140625000e+02,2.656769042968750000e+03,1.967430908203125000e+03,4.713421325683593750e+02,1.762629150390625000e+03,6.268818969726562500e+02
1.734175415039062500e+03,3.857736816406250000e+03,5.149870605468750000e+02,6.214210937500000000e+03,3.243959960937500000e+02,9.372953491210937500e+02,5.132793579101562500e+02,1.065592422485351562e+02,7.106803710937500000e+03,2.379729492187500000e+03,1.052208496093750000e+03,3.573758300781250000e+03,1.116791381835937500e+03,7.059639892578125000e+02,3.993544311523437500e+02,3.824397949218750000e+03,3.909979980468750000e+03,2.193026885986328125e+02,9.902321166992187500e+02,2.989927001953125000e+03,1.691669433593750000e+03,1.047240844726562500e+03,4.056723632812500000e+02,1.649946655273437500e+03,4.707669067382812500e+02,3.210456848144531250e+02,1.309741333007812500e+03,4.774725341796875000e+01,5.793077392578125000e+02,1.432961669921875000e+03,3.791593261718750000e+03,1.107203613281250000e+03,1.733044128417968750e+02,2.373253173828125000e+03,2.745131835937500000e+02,2.515642089843750000e+03,3.199645507812500000e+03,3.012352905273437500e+02,1.539408081054687500e+03,2.670319213867187500e+02,2.912169433593750000e+03,1.326414550781250000e+03,2.557458496093750000e+03,1.353610076904296875e+02,2.888997802734375000e+03,2.188271484375000000e+03,4.586972351074218750e+02,1.201594970703125000e+03,5.536203613281250000e+02
1.058352539062500000e+03,2.688162597656250000e+03,3.645996093750000000e+01,2.376845312500000000e+04,6.588413085937500000e+02,1.688952026367187500e+02,5.693122863769531250e+01,1.352457733154296875e+02,3.207214843750000000e+04,1.676138061523437500e+03,4.748345336914062500e+02,1.095170019531250000e+04,1.172476684570312500e+03,1.917467041015625000e+03,1.487810058593750000e+02,1.264702392578125000e+03,2.529712890625000000e+03,2.511373291015625000e+02,6.786046752929687500e+02,2.131812500000000000e+03,2.914071777343750000e+03,2.931920166015625000e+02,3.025153320312500000e+03,4.961043701171875000e+02,4.612867431640625000e+02,1.162260498046875000e+03,1.810836181640625000e+03,5.491653442382812500e+01,9.680068359375000000e+02,2.418999267578125000e+03,7.239476562500000000e+03,1.078372070312500000e+03,1.780468444824218750e+02,2.458146972656250000e+03,1.105355957031250000e+03,3.373921875000000000e+03,8.585292968750000000e+02,2.557376098632812500e+01,6.556937500000000000e+03,3.837193908691406250e+02,3.812747314453125000e+03,1.387669042968750000e+04,1.685863891601562500e+03,1.126272125244140625e+02,4.033896484375000000e+02,2.285503173828125000e+03,1.925391601562500000e+03,2.292861328125000000e+02,5.100445556640625000e+02
1.093072753906250000e+03,7.526670898437500000e+03,2.956704101562500000e+02,6.018610839843750000e+03,7.270292968750000000e+02,3.983073120117187500e+02,1.760673828125000000e+02,7.303403930664062500e+02,2.839190429687500000e+03,1.013951269531250000e+04,8.757522583007812500e+02,1.709352050781250000e+03,2.269787109375000000e+03,9.051519775390625000e+01,2.884683593750000000e+03,1.114978759765625000e+03,1.891194335937500000e+03,6.879119873046875000e-01,3.396552734375000000e+03,1.839495605468750000e+03,3.596301025390625000e+03,5.443126220703125000e+02,7.976685180664062500e+02,7.896643066406250000e+02,6.378395996093750000e+02,6.095966796875000000e+02,1.760428466796875000e+03,3.580172119140625000e+02,1.414154052734375000e+03,5.716284179687500000e+02,4.223825195312500000e+03,1.102768945312500000e+04,6.435671997070312500e+01,2.689426513671875000e+03,1.141328125000000000e+03,1.455952636718750000e+03,5.607817871093750000e+03,3.171392822265625000e+01,2.464465332031250000e+03,1.775048828125000000e+02,1.212992431640625000e+03,1.893012207031250000e+03,2.934673095703125000e+03,8.611547851562500000e+01,6.551503906250000000e+02,5.643900390625000000e+03,1.416476440429687500e+02,7.598999023437500000e+01,3.962691650390625000e+02
6.188120117187500000e+02,4.137625488281250000e+03,5.256951904296875000e+02,1.048269042968750000e+03,5.339500000000000000e+03,2.857702636718750000e+02,6.002258300781250000e+01,1.183126602172851562e+02,6.038145507812500000e+03,3.194604736328125000e+03,1.062340698242187500e+03,5.921140136718750000e+02,1.694000366210937500e+03,2.350553588867187500e+02,5.297005615234375000e+02,2.396016601562500000e+03,1.494793945312500000e+03,1.967076416015625000e+02,8.528532714843750000e+02,6.437934570312500000e+02,2.294121093750000000e+03,3.373656250000000000e+03,9.487966918945312500e+02,6.445095214843750000e+02,4.249688415527343750e+02,2.483882141113281250e+02,3.781199951171875000e+02,1.105445861816406250e+02,1.007463867187500000e+03,6.013463745117187500e+02,1.105332031250000000e+02,3.008136718750000000e+03,2.528966674804687500e+02,1.244694628906250000e+04,3.505024902343750000e+03,1.376447998046875000e+03,3.332968750000000000e+03,1.119601135253906250e+02,1.220538208007812500e+03,3.881445312500000000e+02,3.557275390625000000e+02,6.276365722656250000e+03,1.970435546875000000e+03,2.489356384277343750e+02,1.621206054687500000e+02,1.839450927734375000e+03,1.163224487304687500e+02,1.767863769531250000e+02,4.694026489257812500e+02
7.334445800781250000e+02,4.406406738281250000e+03,8.005004882812500000e+01,1.366311718750000000e+04,3.650332031250000000e+02,2.224342041015625000e+02,3.039947509765625000e+01,1.665742340087890625e+02,1.952001953125000000e+03,3.073324707031250000e+03,1.362202148437500000e+02,1.447757812500000000e+03,1.286391967773437500e+03,7.472033691406250000e+02,6.915100097656250000e+02,1.475193115234375000e+03,1.236383056640625000e+03,1.149633789062500000e+01,8.589197387695312500e+02,7.664724121093750000e+02,1.933407836914062500e+03,4.760129394531250000e+02,8.100944213867187500e+02,5.854955078125000000e+03,1.191987060546875000e+03,9.727301025390625000e+01,2.377519531250000000e+02,4.198281860351562500e+01,5.649316406250000000e+02,4.730383300781250000e+02,6.374648437500000000e+02,2.774524902343750000e+03,4.414596557617187500e+01,2.608836425781250000e+03,3.405109863281250000e+02,6.534703369140625000e+02,8.344721679687500000e+02,1.407681274414062500e+01,4.260895019531250000e+03,3.422400512695312500e+02,4.628432617187500000e+02,5.205802246093750000e+03,2.892607421875000000e+03,2.248084869384765625e+02,6.063305664062500000e+01,3.942816162109375000e+03,5.251788330078125000e+01,4.182102050781250000e+02,6.609218750000000000e+02
1.408393310546875000e+03,7.690848144531250000e+03,1.046597900390625000e+02,1.671740234375000000e+04,1.471992919921875000e+03,4.374880371093750000e+02,2.331000518798828125e+02,4.016902160644531250e+02,8.717724609375000000e+02,5.028923828125000000e+03,1.014488525390625000e+03,3.528506835937500000e+03,1.392385986328125000e+03,4.993214111328125000e+02,1.818686523437500000e+02,1.614772094726562500e+03,6.247457275390625000e+02,2.355680847167968750e+01,1.151510498046875000e+03,3.047657470703125000e+03,1.974250732421875000e+03,9.569584960937500000e+02,6.690549316406250000e+02,1.955177368164062500e+03,5.982836914062500000e+02,7.779059448242187500e+02,2.430419921875000000e+00,5.550567016601562500e+02,6.855964355468750000e+02,1.492955810546875000e+03,5.819383789062500000e+03,4.780002929687500000e+03,2.856132202148437500e+02,2.208838867187500000e+03,2.108414550781250000e+03,1.202221923828125000e+03,1.528417968750000000e+03,2.776976318359375000e+02,2.629205322265625000e+03,6.765260009765625000e+02,3.536621093750000000e+01,3.259121093750000000e+03,3.515571044921875000e+03,3.263787841796875000e+02,3.184243652343750000e+03,2.389116943359375000e+03,6.027150878906250000e+02,1.610291992187500000e+03,6.504672851562500000e+02
1.193313842773437500e+03,4.751583007812500000e+03,6.123103027343750000e+02,1.021860058593750000e+04,1.988839843750000000e+03,4.345272216796875000e+02,2.148896484375000000e+02,1.074866714477539062e+02,8.091980957031250000e+03,3.911206298828125000e+03,9.519296875000000000e+02,2.806962890625000000e+03,1.372308227539062500e+03,1.059207519531250000e+03,1.226377563476562500e+02,1.771338745117187500e+03,3.904847412109375000e+02,2.405162353515625000e+02,4.980415039062500000e+02,2.444485351562500000e+03,1.712021484375000000e+03,1.098476318359375000e+03,4.593510742187500000e+02,1.508561035156250000e+03,4.609418334960937500e+02,3.119087829589843750e+02,1.368888549804687500e+03,4.729205932617187500e+02,1.355463867187500000e+02,1.013044799804687500e+03,4.896654296875000000e+03,3.755950195312500000e+03,3.517545166015625000e+02,3.892654296875000000e+03,6.552677001953125000e+02,9.553101196289062500e+02,3.707223144531250000e+03,2.839855041503906250e+02,1.611175537109375000e+03,6.304820556640625000e+02,2.222060302734375000e+03,3.995207031250000000e+03,2.802973144531250000e+03,2.661617431640625000e+02,2.439073486328125000e+03,1.674025878906250000e+03,4.862564697265625000e+02,1.345503417968750000e+03,4.667984619140625000e+02
2.942246582031250000e+03,3.914545410156250000e+03,5.641008911132812500e+02,1.471280078125000000e+04,2.545273925781250000e+03,1.128085693359375000e+03,3.614869384765625000e+02,1.420625152587890625e+02,9.746550781250000000e+03,2.353202148437500000e+03,1.743291015625000000e+02,6.216931640625000000e+03,2.741010009765625000e+03,8.042567138671875000e+02,6.336402587890625000e+02,5.139264160156250000e+03,2.870000732421875000e+03,2.197744445800781250e+02,9.304137573242187500e+02,1.535168457031250000e+03,1.554625732421875000e+03,5.240720214843750000e+02,2.181190917968750000e+03,5.293798828125000000e+01,7.707683105468750000e+02,3.819629516601562500e+02,1.254345214843750000e+03,4.908887023925781250e+02,5.902485351562500000e+02,1.750671020507812500e+03,6.634441406250000000e+03,1.484522949218750000e+03,1.886452636718750000e+02,2.217406738281250000e+03,5.370875854492187500e+02,2.909422607421875000e+03,3.034686035156250000e+03,3.139463500976562500e+02,1.165385620117187500e+03,2.350857849121093750e+02,2.820771972656250000e+03,4.520245605468750000e+03,2.608233886718750000e+03,9.890003967285156250e+01,2.764103759765625000e+03,5.643341796875000000e+03,8.002539062500000000e+02,4.175278320312500000e+02,5.607767944335937500e+02
1.263025390625000000e+03,2.630681396484375000e+03,6.395781860351562500e+02,3.158291015625000000e+04,4.920224609375000000e+02,4.713213500976562500e+02,9.988696289062500000e+01,8.626611328125000000e+01,1.241572167968750000e+04,1.657293090820312500e+03,5.105164794921875000e+02,8.309433593750000000e+02,1.091232910156250000e+03,1.013433166503906250e+03,2.318992919921875000e+02,1.502298095703125000e+03,1.850273437500000000e+03,2.477711486816406250e+02,3.202512695312500000e+03,6.750695800781250000e+02,6.128367187500000000e+03,2.425021484375000000e+03,5.634235229492187500e+02,7.193359375000000000e+02,5.127974853515625000e+02,2.022853088378906250e+02,9.852495727539062500e+02,7.486462402343750000e+01,1.787156616210937500e+03,6.426203613281250000e+02,1.290393554687500000e+03,1.441090332031250000e+03,3.924804687500000000e+02,2.553226562500000000e+03,3.974011230468750000e+02,3.820222167968750000e+02,3.183648193359375000e+03,6.057382202148437500e+01,8.522208007812500000e+03,3.543193054199218750e+02,2.753278808593750000e+03,5.602951660156250000e+03,1.535215454101562500e+03,9.404077148437500000e+01,6.499033203125000000e+02,2.141564697265625000e+03,6.403137207031250000e+01,9.741333007812500000e+00,4.521810302734375000e+02
1.358387207031250000e+03,8.662201171875000000e+03,3.634769287109375000e+02,2.957521484375000000e+03,2.104028320312500000e+01,3.273459472656250000e+02,4.783647155761718750e+01,4.337555236816406250e+02,1.270490625000000000e+04,1.236783007812500000e+04,4.867232055664062500e+02,1.998785156250000000e+03,2.085571533203125000e+03,1.471908935546875000e+03,4.251698242187500000e+03,1.183807983398437500e+03,2.588580078125000000e+03,1.388972625732421875e+02,3.847045898437500000e+02,1.272119140625000000e+03,4.896906250000000000e+03,3.431617431640625000e+02,5.598931884765625000e+02,5.496245117187500000e+02,4.537345581054687500e+02,1.135586181640625000e+03,3.586623046875000000e+03,2.801287841796875000e+02,9.364951171875000000e+02,2.254942626953125000e+02,2.580991699218750000e+03,1.812078906250000000e+04,3.507608032226562500e+02,2.446145019531250000e+03,4.914501953125000000e+02,7.297124023437500000e+02,4.367297851562500000e+03,8.173059082031250000e+01,2.268207031250000000e+03,4.478206787109375000e+02,4.946520507812500000e+03,5.702785644531250000e+03,2.662654296875000000e+03,3.131296386718750000e+02,4.801408691406250000e+02,2.322357910156250000e+03,1.475026245117187500e+02,6.326779785156250000e+02,4.322446289062500000e+02
3.882553710937500000e+02,3.976186279296875000e+03,4.534016113281250000e+02,1.807717773437500000e+03,1.083380371093750000e+03,2.969336547851562500e+02,4.827246093750000000e+01,9.220858764648437500e+01,5.512952148437500000e+03,3.349676269531250000e+03,1.043730712890625000e+03,1.618086425781250000e+03,1.602410522460937500e+03,3.925206298828125000e+02,6.406566772460937500e+02,2.199383300781250000e+03,2.488567626953125000e+03,2.104110717773437500e+00,1.001624572753906250e+03,2.320212402343750000e+02,1.545064208984375000e+03,1.771165283203125000e+03,2.299377929687500000e+03,6.265593261718750000e+02,4.532913513183593750e+02,2.550549316406250000e+03,1.631235351562500000e+02,1.411926269531250000e+00,1.669485839843750000e+03,4.903747558593750000e+01,1.566199218750000000e+03,2.442340820312500000e+03,2.856283569335937500e+01,1.292633007812500000e+04,4.973605468750000000e+03,1.040568847656250000e+02,2.313247558593750000e+03,1.195748901367187500e+02,1.244241455078125000e+03,2.201400756835937500e+02,1.114309082031250000e+02,8.531921875000000000e+03,2.757893554687500000e+03,1.733693084716796875e+02,3.055351562500000000e+02,1.895420410156250000e+03,4.823254394531250000e+01,3.442355957031250000e+02,4.691698608398437500e+02
4.304035644531250000e+02,4.920943359375000000e+03,1.802692871093750000e+02,1.040309375000000000e+04,1.929007812500000000e+03,2.352653808593750000e+03,1.403136596679687500e+02,8.141812133789062500e+01,2.094747070312500000e+03,3.218510986328125000e+03,7.420324707031250000e+01,4.455205078125000000e+02,2.194303710937500000e+03,9.505405273437500000e+02,6.416359863281250000e+02,2.005127685546875000e+03,1.485126098632812500e+03,7.269436645507812500e+01,8.016207885742187500e+02,8.352749023437500000e+02,1.609170898437500000e+03,1.061527832031250000e+03,9.888689575195312500e+02,6.388445312500000000e+03,1.379463500976562500e+03,6.454272460937500000e+01,1.807311401367187500e+03,1.476034545898437500e+01,9.256674804687500000e+02,1.130520019531250000e+03,7.047783203125000000e+02,2.452272216796875000e+03,3.514375610351562500e+02,2.418613037109375000e+03,5.963756103515625000e+02,2.747741699218750000e+01,2.945959960937500000e+03,6.805419921875000000e-01,4.702626953125000000e+03,2.746724853515625000e+02,6.179216308593750000e+02,5.766700195312500000e+03,2.755838623046875000e+03,1.421403503417968750e+02,4.204956054687500000e+02,4.307708984375000000e+03,1.676606445312500000e+02,2.207241210937500000e+02,6.570223999023437500e+02
1.357338256835937500e+03,7.838676757812500000e+03,3.437602539062500000e+02,1.914132617187500000e+04,3.745889648437500000e+03,5.094102783203125000e+02,2.055995025634765625e+02,3.915783691406250000e+02,1.110750292968750000e+04,8.753147460937500000e+03,9.680670166015625000e+02,4.978982910156250000e+03,1.617762207031250000e+03,1.143161865234375000e+03,1.124448852539062500e+03,1.639979492187500000e+03,6.133082275390625000e+02,1.022726440429687500e+02,1.240039062500000000e+03,4.163787109375000000e+03,5.364605468750000000e+03,1.209311523437500000e+03,4.616732177734375000e+02,2.180366699218750000e+03,7.116958007812500000e+02,7.620963745117187500e+02,1.792627441406250000e+03,5.391348266601562500e+02,6.231091308593750000e+02,1.721594726562500000e+03,5.204677246093750000e+03,5.874331542968750000e+03,2.588993835449218750e+02,2.548536865234375000e+03,1.123880859375000000e+03,1.198702514648437500e+03,3.154729003906250000e+03,2.872920227050781250e+02,3.001411865234375000e+03,7.353406982421875000e+02,3.511399169921875000e+03,7.593075195312500000e+03,3.557899902343750000e+03,2.785038452148437500e+02,3.407236083984375000e+03,2.780375000000000000e+03,4.482536926269531250e+02,2.806335205078125000e+03,6.615257568359375000e+02
1.279460083007812500e+03,5.076801757812500000e+03,8.237858276367187500e+02,1.428982519531250000e+04,2.830819335937500000e+03,4.343283691406250000e+02,1.999078674316406250e+02,1.666416625976562500e+02,1.029260058593750000e+04,3.990053955078125000e+03,7.913318481445312500e+02,3.888667968750000000e+03,1.610316162109375000e+03,9.712365112304687500e+02,5.377310791015625000e+02,1.541817016601562500e+03,4.564874267578125000e+02,2.212633056640625000e+02,1.045665649414062500e+03,2.457443115234375000e+03,4.975396484375000000e+03,1.038755615234375000e+03,4.324620361328125000e+02,1.763323120117187500e+03,3.983137512207031250e+02,6.324257202148437500e+02,1.186034423828125000e+03,2.828418579101562500e+02,2.664082031250000000e+02,1.000299926757812500e+03,4.331562988281250000e+03,4.146995117187500000e+03,2.126851806640625000e+02,3.650223632812500000e+03,1.237159912109375000e+03,1.018057495117187500e+03,2.804306640625000000e+03,2.903611145019531250e+02,1.600845458984375000e+03,4.293300476074218750e+02,2.352399169921875000e+03,6.354935546875000000e+03,3.518407714843750000e+03,1.836938018798828125e+02,2.606209472656250000e+03,2.362403076171875000e+03,4.782726745605468750e+02,2.077301513671875000e+03,4.513845825195312500e+02
1.757270263671875000e+03,4.799906738281250000e+03,1.021567749023437500e+03,8.972650390625000000e+03,4.533881835937500000e+02,6.781895751953125000e+02,4.978753662109375000e+02,1.304585113525390625e+02,6.608246093750000000e+03,2.644525878906250000e+03,7.937686767578125000e+02,4.899545898437500000e+03,1.669639770507812500e+03,9.458063964843750000e+02,1.074023559570312500e+03,2.315870605468750000e+03,1.270794921875000000e+03,2.172728118896484375e+02,9.331853637695312500e+02,2.760020507812500000e+03,6.848450195312500000e+03,8.405721435546875000e+02,8.300040283203125000e+02,2.400094726562500000e+03,5.218331298828125000e+02,6.498478393554687500e+02,1.610670776367187500e+03,1.837278442382812500e+02,2.736113281250000000e+02,2.043223632812500000e+03,3.496160156250000000e+03,2.208704345703125000e+03,1.885675811767578125e+02,2.606840820312500000e+03,5.461128540039062500e+02,2.269258789062500000e+03,3.301097167968750000e+03,2.760119018554687500e+02,1.382347412109375000e+03,3.161210937500000000e+02,3.119280029296875000e+03,5.981127441406250000e+03,2.289692382812500000e+03,9.659231567382812500e+01,3.377048828125000000e+03,2.721434814453125000e+03,5.106693115234375000e+02,1.747857543945312500e+03,4.619799804687500000e+02
3.253043212890625000e+02,3.299145996093750000e+03,9.465364990234375000e+02,3.091250781250000000e+04,1.202944335937500000e+03,1.418750000000000000e+02,6.373966979980468750e+01,1.924339447021484375e+02,2.775795507812500000e+04,1.869643432617187500e+03,3.910768737792968750e+02,7.897978515625000000e+03,1.124211425781250000e+03,2.061828125000000000e+03,5.178723144531250000e+01,6.333135742187500000e+03,4.181330078125000000e+03,2.493890686035156250e+02,4.766956787109375000e+02,2.492933105468750000e+03,1.398852539062500000e+02,9.640058593750000000e+02,2.709875000000000000e+03,7.245936279296875000e+02,5.588250122070312500e+02,2.089564208984375000e+02,2.466977050781250000e+03,4.971512451171875000e+02,4.057507324218750000e+02,2.334812500000000000e+03,1.051909960937500000e+04,1.373473632812500000e+03,1.663791198730468750e+02,2.368261718750000000e+03,2.759101562500000000e+03,3.507473144531250000e+03,5.798803710937500000e+01,3.135752258300781250e+02,4.652359375000000000e+03,2.809366455078125000e+02,6.675364257812500000e+03,3.209070703125000000e+04,1.895038452148437500e+03,9.367639160156250000e+01,1.129936523437500000e+02,2.096496582031250000e+03,1.524838256835937500e+03,2.458301025390625000e+03,4.979871826171875000e+02
3.422155517578125000e+03,1.233962011718750000e+04,1.349161621093750000e+03,3.657001953125000000e+04,1.135515136718750000e+02,7.209313354492187500e+02,1.067240905761718750e+01,1.739546051025390625e+02,2.211898437500000000e+03,1.064700097656250000e+04,1.224425292968750000e+03,3.391969970703125000e+03,5.467431152343750000e+03,1.745011596679687500e+02,3.726677978515625000e+03,6.830954589843750000e+02,2.400581542968750000e+03,2.476795501708984375e+02,3.860979248046875000e+03,1.857780883789062500e+03,4.248809570312500000e+03,7.368170166015625000e+02,9.498241577148437500e+02,8.195954589843750000e+02,2.283971862792968750e+02,1.208557128906250000e+03,6.776757812500000000e+02,2.926210327148437500e+02,1.095107055664062500e+03,7.920749511718750000e+02,2.414755859375000000e+03,1.821765429687500000e+04,2.404122009277343750e+02,2.353181640625000000e+03,2.591484863281250000e+03,1.017568725585937500e+03,5.725356933593750000e+03,2.428527832031250000e+01,1.134627246093750000e+04,4.042833251953125000e+02,2.171956542968750000e+03,5.003786132812500000e+03,2.948996337890625000e+03,2.158861389160156250e+02,1.093618164062500000e+02,4.809908203125000000e+03,1.139661865234375000e+02,7.416137695312500000e+01,5.003483886718750000e+02
1.916486572265625000e+03,4.458803710937500000e+03,8.450168457031250000e+02,2.809813476562500000e+03,1.197905273437500000e+03,3.773435668945312500e+02,5.116677856445312500e+01,6.849573974609375000e+02,9.895488281250000000e+03,3.167581787109375000e+03,8.467855224609375000e+02,3.494457519531250000e+03,1.224681030273437500e+03,3.377853393554687500e+02,1.206417968750000000e+03,1.003182983398437500e+03,5.043156250000000000e+03,1.367232055664062500e+02,6.040642089843750000e+02,5.529907226562500000e+00,1.392396484375000000e+03,7.723641601562500000e+03,1.252365356445312500e+03,5.332087402343750000e+02,4.087215576171875000e+02,1.770991210937500000e+03,2.632297363281250000e+03,2.523941040039062500e+01,1.828877929687500000e+03,3.038209228515625000e+02,3.374375000000000000e+02,2.724604980468750000e+03,2.115262145996093750e+02,1.475840820312500000e+04,7.632926025390625000e+02,3.756166992187500000e+02,3.371058105468750000e+03,2.105554199218750000e+01,8.594819335937500000e+02,3.649361877441406250e+02,2.988183593750000000e+01,6.728642578125000000e+03,2.195682617187500000e+03,1.381667022705078125e+02,6.472607421875000000e+02,2.571636230468750000e+03,3.069997558593750000e+02,9.619588623046875000e+02,4.132135009765625000e+02
1.716726318359375000e+03,4.404827148437500000e+03,7.634537353515625000e+02,1.121735546875000000e+04,8.154970703125000000e+02,3.206450805664062500e+02,9.610035705566406250e+01,6.326843261718750000e+01,4.519084960937500000e+03,3.213139404296875000e+03,5.312991943359375000e+02,9.931166992187500000e+02,3.168815429687500000e+03,9.528477172851562500e+02,8.724248046875000000e+02,1.958508178710937500e+03,1.603921630859375000e+03,1.082048034667968750e+01,8.187390136718750000e+02,1.144374267578125000e+03,4.059483886718750000e+03,1.059199829101562500e+03,1.354206542968750000e+03,6.441512695312500000e+03,1.404403564453125000e+03,2.291967773437500000e+01,8.715694580078125000e+02,7.510806274414062500e+01,1.895178222656250000e+03,5.522514648437500000e+02,3.553289062500000000e+03,2.547502441406250000e+03,4.038704833984375000e+02,2.949907714843750000e+03,6.372649536132812500e+02,3.120480957031250000e+02,3.115502929687500000e+01,9.891598510742187500e+01,1.691264770507812500e+03,3.493758544921875000e+02,4.601909179687500000e+02,2.187121093750000000e+03,2.786463867187500000e+03,1.255726013183593750e+02,4.438071289062500000e+02,2.772692382812500000e+03,2.575524902343750000e+02,6.009677734375000000e+02,6.458186035156250000e+02
1.528837158203125000e+03,7.868383789062500000e+03,2.961669921875000000e+00,2.074159375000000000e+04,3.699362060546875000e+03,5.005387573242187500e+02,2.430017700195312500e+02,1.769568481445312500e+02,1.277265332031250000e+04,6.830156250000000000e+03,9.168168945312500000e+02,3.973787841796875000e+03,1.797800781250000000e+03,1.222493286132812500e+03,1.702658935546875000e+03,2.176772949218750000e+03,7.959754638671875000e+02,3.045330810546875000e+01,1.072216186523437500e+03,3.620947998046875000e+03,4.089809814453125000e+03,1.225400878906250000e+03,6.542436523437500000e+02,2.291235839843750000e+03,8.524400634765625000e+02,9.745695800781250000e+02,1.316662719726562500e+03,5.208474731445312500e+02,1.123403320312500000e+03,1.717754028320312500e+03,4.446619628906250000e+03,6.250880859375000000e+03,3.709921264648437500e+02,2.223333740234375000e+03,6.388180541992187500e+02,1.234028320312500000e+03,3.309325195312500000e+03,2.790712280273437500e+02,2.033765991210937500e+03,8.381687011718750000e+02,2.940362548828125000e+03,6.106089355468750000e+03,3.637135009765625000e+03,2.669538574218750000e+02,3.794028564453125000e+03,3.124417968750000000e+03,6.172332763671875000e+02,9.518128662109375000e+02,6.486118774414062500e+02
1.551389770507812500e+03,4.671101074218750000e+03,2.957226562500000000e+02,1.357379687500000000e+04,2.502775146484375000e+03,7.356682739257812500e+02,2.281488342285156250e+02,1.764907379150390625e+02,8.563242187500000000e+03,4.013093750000000000e+03,1.066566528320312500e+03,3.154277099609375000e+03,1.686123046875000000e+03,1.498346191406250000e+03,8.238953857421875000e+02,1.816165649414062500e+03,4.554641113281250000e+02,2.873660583496093750e+02,8.996702880859375000e+02,2.812916015625000000e+03,4.148703125000000000e+03,2.125432617187500000e+03,6.010245361328125000e+02,1.995194824218750000e+03,8.380950317382812500e+02,7.846380004882812500e+02,1.632555419921875000e+03,4.209888916015625000e+02,2.798334960937500000e+02,1.199714721679687500e+03,4.878760253906250000e+03,4.561395507812500000e+03,4.191109924316406250e+02,4.022664550781250000e+03,1.025884033203125000e+03,1.110888793945312500e+03,3.471240966796875000e+03,2.891327819824218750e+02,1.874360595703125000e+03,4.506095275878906250e+02,2.595904785156250000e+03,5.902937988281250000e+03,3.233339111328125000e+03,2.522126770019531250e+02,2.662693115234375000e+03,2.685470214843750000e+03,4.848367004394531250e+02,2.049742675781250000e+03,5.571005859375000000e+02
2.996723144531250000e+03,4.756336425781250000e+03,3.344578857421875000e+02,4.959214843750000000e+03,8.278901367187500000e+03,1.387597656250000000e+02,6.143167724609375000e+02,1.557376708984375000e+02,2.048815625000000000e+04,2.729687988281250000e+03,6.808239746093750000e+01,8.837246093750000000e+03,2.284587890625000000e+03,7.827296142578125000e+02,8.649978637695312500e+02,8.881288085937500000e+03,5.167191894531250000e+03,2.234745178222656250e+02,9.865738525390625000e+02,2.772205566406250000e+03,1.239025878906250000e+03,1.403622924804687500e+03,3.254267089843750000e+03,4.069443359375000000e+02,9.800545654296875000e+02,6.619685058593750000e+02,1.537603759765625000e+01,3.938645324707031250e+02,4.118361816406250000e+02,1.549767333984375000e+03,9.978750000000000000e+03,2.715580566406250000e+03,2.250217437744140625e+02,2.100712890625000000e+03,3.984206542968750000e+02,2.278371093750000000e+03,9.011499023437500000e+02,2.722049255371093750e+02,1.310337646484375000e+03,3.436694335937500000e+02,7.882951660156250000e+02,6.847839355468750000e+03,2.629302001953125000e+03,1.189788589477539062e+02,1.695883789062500000e+03,4.316993164062500000e+03,1.394726562500000000e+03,3.278042480468750000e+03,5.703565673828125000e+02
2.930768798828125000e+03,3.530226562500000000e+03,7.737802124023437500e+02,5.398350390625000000e+04,4.011088867187500000e+02,6.847307128906250000e+02,4.249983215332031250e+01,3.871672668457031250e+02,7.455283203125000000e+02,1.738981201171875000e+03,8.961989746093750000e+02,3.237322265625000000e+03,1.314758911132812500e+03,1.830776367187500000e+02,2.162290649414062500e+02,2.447895019531250000e+03,2.527670166015625000e+03,2.798591003417968750e+02,3.168950683593750000e+03,2.440437011718750000e+03,8.742955078125000000e+03,1.248513671875000000e+03,1.136432495117187500e+03,1.133584960937500000e+03,4.983236083984375000e+02,1.874773071289062500e+03,7.996099853515625000e+02,2.970764160156250000e+00,2.409504882812500000e+03,5.501333007812500000e+02,2.454693847656250000e+03,1.777937011718750000e+03,2.332461395263671875e+02,3.043974609375000000e+03,7.359363281250000000e+03,3.147719726562500000e+02,3.326042968750000000e+03,7.057744140625000000e+02,1.205227148437500000e+04,2.762749633789062500e+02,3.689010498046875000e+03,2.847057617187500000e+03,1.715634033203125000e+03,9.451309204101562500e+01,8.192143554687500000e+02,3.046896484375000000e+03,1.445797729492187500e+02,9.442752685546875000e+02,1.104047851562500000e+03
1.440599487304687500e+03,7.386984375000000000e+03,8.496093750000000000e-02,7.555648437500000000e+03,1.792155761718750000e+02,4.760478515625000000e+02,7.942594909667968750e+01,1.065070800781250000e+02,4.992604980468750000e+03,1.667906250000000000e+04,1.846672363281250000e+02,2.739733642578125000e+03,2.602440917968750000e+03,4.181555175781250000e+02,6.154465332031250000e+03,1.533029541015625000e+03,2.858172607421875000e+03,1.494238281250000000e+01,6.608754882812500000e+02,3.780720947265625000e+03,2.816294433593750000e+03,1.291706787109375000e+03,1.226910156250000000e+03,8.372982177734375000e+02,6.822950439453125000e+02,5.181660156250000000e+02,2.084407226562500000e+03,2.789208984375000000e+02,1.006391601562500000e+03,4.416737060546875000e+02,2.207153320312500000e+03,1.872967187500000000e+04,1.024779052734375000e+02,2.502206054687500000e+03,7.802520751953125000e+02,4.792546386718750000e+02,3.190892822265625000e+03,1.244217529296875000e+02,2.663983154296875000e+03,7.798431396484375000e+02,5.845434570312500000e+01,6.638077148437500000e+03,3.183989257812500000e+03,2.210702514648437500e+02,6.977465820312500000e+01,2.480195312500000000e+02,2.535615234375000000e+02,1.426151245117187500e+03,5.240349121093750000e+02
1.080955810546875000e+03,5.154269531250000000e+03,7.499396972656250000e+02,2.189684570312500000e+03,3.794750976562500000e+03,3.870421752929687500e+02,3.719100646972656250e+02,7.821575927734375000e+01,4.520886718750000000e+03,3.588679687500000000e+03,9.698499755859375000e+02,2.660146972656250000e+03,1.646807373046875000e+03,6.351658935546875000e+02,1.236931274414062500e+03,1.574781127929687500e+03,3.127539550781250000e+03,8.739044189453125000e+01,9.108700561523437500e+02,5.652032226562500000e+03,2.167255371093750000e+03,7.222017578125000000e+03,1.461350585937500000e+03,7.667253417968750000e+02,5.262308349609375000e+02,5.986555175781250000e+02,2.582769775390625000e+02,4.733453369140625000e+01,1.346075927734375000e+03,6.259049072265625000e+02,3.199339843750000000e+03,3.981453857421875000e+03,8.368325805664062500e+01,1.952286132812500000e+04,3.443429199218750000e+03,1.165811767578125000e+02,3.033279296875000000e+03,5.236660766601562500e+01,1.929174438476562500e+03,4.254334411621093750e+02,1.019502197265625000e+03,8.885703125000000000e+03,3.342617187500000000e+03,1.554335784912109375e+02,1.303759765625000000e+03,2.538482421875000000e+03,4.296058959960937500e+02,8.746870117187500000e+02,5.200845947265625000e+02
9.608687744140625000e+02,4.108865234375000000e+03,2.148281250000000000e+02,3.693532421875000000e+04,1.477616699218750000e+03,3.679328613281250000e+02,3.171050720214843750e+02,4.549989318847656250e+01,5.353017578125000000e+02,3.702200927734375000e+03,3.329089355468750000e+01,8.633146972656250000e+02,1.911376708984375000e+03,8.326707763671875000e+02,9.347042236328125000e+02,1.332329589843750000e+03,1.404362304687500000e+03,2.074725341796875000e+01,6.411007080078125000e+02,2.989376464843750000e+03,2.430025390625000000e+03,2.052092285156250000e+03,8.825733642578125000e+02,8.449894531250000000e+03,1.674905517578125000e+03,2.015289306640625000e+01,1.923392333984375000e+02,2.325010070800781250e+02,9.499838867187500000e+02,1.172216796875000000e+02,2.599829101562500000e+03,3.208169433593750000e+03,3.562369995117187500e+02,2.707356689453125000e+03,9.005369873046875000e+02,7.533172607421875000e+02,3.822280273437500000e+02,5.098382568359375000e+01,2.057358154296875000e+03,3.903365478515625000e+02,9.665625000000000000e+01,6.809018066406250000e+03,3.572295166015625000e+03,1.304276275634765625e+02,4.846582031250000000e+01,1.966247070312500000e+03,5.582702636718750000e+01,1.043107421875000000e+03,6.698709106445312500e+02
1.680686645507812500e+03,7.845107421875000000e+03,1.895146484375000000e+02,1.705851171875000000e+04,4.325799804687500000e+03,7.021417236328125000e+02,3.361156005859375000e+02,2.954463500976562500e+02,1.732543359375000000e+04,1.075140625000000000e+04,1.239902343750000000e+03,5.077393554687500000e+03,1.784368774414062500e+03,1.604949951171875000e+03,3.392276855468750000e+03,2.578880859375000000e+03,1.133136840820312500e+03,5.427337646484375000e+01,1.375903564453125000e+03,4.435209960937500000e+03,6.296057617187500000e+03,2.166912353515625000e+03,6.294310913085937500e+02,2.483335693359375000e+03,9.281478271484375000e+02,1.482823242187500000e+03,2.033249633789062500e+03,5.492866210937500000e+02,9.101855468750000000e+01,1.866601806640625000e+03,5.638635742187500000e+03,9.183479492187500000e+03,5.808416748046875000e+02,2.650811523437500000e+03,9.202535400390625000e+02,1.214375000000000000e+03,4.373764160156250000e+03,2.943147888183593750e+02,2.520562255859375000e+03,8.786875000000000000e+02,4.298646484375000000e+03,3.018462890625000000e+03,3.714533691406250000e+03,2.962540283203125000e+02,4.284137695312500000e+03,3.303641601562500000e+03,4.673725280761718750e+02,2.142183349609375000e+03,6.533162841796875000e+02
1.316896484375000000e+03,4.704053710937500000e+03,2.399714355468750000e+02,1.519262792968750000e+04,2.806348876953125000e+03,4.865867919921875000e+02,2.678600463867187500e+02,1.699222412109375000e+02,9.630121093750000000e+03,4.550306152343750000e+03,1.266906494140625000e+03,3.444769775390625000e+03,1.758059570312500000e+03,1.498270019531250000e+03,4.530745239257812500e+02,2.325881835937500000e+03,8.736762084960937500e+02,2.003324279785156250e+02,1.049378417968750000e+03,3.313409423828125000e+03,4.224843750000000000e+03,2.422113281250000000e+03,5.086497802734375000e+02,2.273887451171875000e+03,1.071809082031250000e+03,6.826997070312500000e+02,1.809212158203125000e+03,2.643548583984375000e+01,1.652375488281250000e+02,1.130490600585937500e+03,4.660743164062500000e+03,5.598840820312500000e+03,5.623951416015625000e+02,4.890295898437500000e+03,6.936640625000000000e+02,1.069875976562500000e+03,3.652008300781250000e+03,2.887327575683593750e+02,3.097231689453125000e+03,6.350451660156250000e+02,3.009049560546875000e+03,3.771982421875000000e+02,4.608018066406250000e+03,1.871980895996093750e+02,2.844955810546875000e+03,3.068397460937500000e+03,4.717201538085937500e+02,1.197366577148437500e+03,6.304382324218750000e+02
4.406877929687500000e+03,4.033965332031250000e+03,6.093094482421875000e+02,1.809609375000000000e+02,1.343828125000000000e+03,1.376282348632812500e+02,4.744238281250000000e+02,1.915845947265625000e+02,1.608603515625000000e+04,3.222742187500000000e+03,1.859758300781250000e+02,7.398474609375000000e+03,2.532750000000000000e+03,7.792505493164062500e+02,1.012776489257812500e+03,5.505529785156250000e+03,4.287868164062500000e+03,2.031171569824218750e+02,8.143798828125000000e+02,2.584200195312500000e+03,2.101147460937500000e+03,1.707878051757812500e+03,2.618742187500000000e+03,7.089787597656250000e+02,9.903011474609375000e+02,3.849733276367187500e+02,1.487976074218750000e+02,2.039510803222656250e+02,7.337956542968750000e+02,9.580820312500000000e+02,1.035162695312500000e+04,2.868184570312500000e+03,2.400537109375000000e+02,2.748225097656250000e+03,2.723929199218750000e+03,1.473975708007812500e+03,7.974628906250000000e+02,3.461194763183593750e+02,1.764277343750000000e+03,2.705162353515625000e+02,5.017204589843750000e+02,5.227235351562500000e+03,1.684527832031250000e+03,1.031763610839843750e+02,4.458214355468750000e+03,4.008537597656250000e+03,1.559137207031250000e+03,3.514160156250000000e+03,6.088282470703125000e+02
1.577653564453125000e+03,3.124056884765625000e+03,8.219390869140625000e+02,1.269540234375000000e+04,1.081613281250000000e+03,6.214966430664062500e+02,3.924430847167968750e+01,6.685738525390625000e+02,5.673150390625000000e+03,2.339784667968750000e+03,9.900034179687500000e+02,1.018309326171875000e+03,1.452691894531250000e+03,7.812887573242187500e+02,9.000938720703125000e+02,1.826905273437500000e+03,2.995496093750000000e+03,1.720297241210937500e+02,2.531617919921875000e+03,2.549957031250000000e+03,3.366974609375000000e+03,1.782321289062500000e+03,8.778853759765625000e+02,1.348688964843750000e+03,6.889019775390625000e+02,1.569297729492187500e+03,9.321522216796875000e+02,1.308848571777343750e+02,1.984708740234375000e+03,3.076171875000000000e-01,1.459964355468750000e+03,2.639203613281250000e+03,6.616372680664062500e+01,2.651328613281250000e+03,2.154641113281250000e+03,1.979339599609375000e+02,2.850660644531250000e+03,2.085809326171875000e+01,8.468053710937500000e+03,4.218738098144531250e+02,3.416626464843750000e+03,5.172990234375000000e+03,2.444185058593750000e+03,1.064923706054687500e+02,9.596557617187500000e+02,2.032050781250000000e+03,3.845898742675781250e+02,6.692907714843750000e+02,6.198724365234375000e+02
1.415498291015625000e+03,1.029310156250000000e+04,3.030166015625000000e+02,9.419595703125000000e+03,3.598872070312500000e+02,2.815493774414062500e+02,2.319951324462890625e+02,1.984512329101562500e+01,1.782386718750000000e+03,1.530072656250000000e+04,3.535150146484375000e+02,2.330337890625000000e+03,3.296541015625000000e+03,3.784565429687500000e+02,3.289119628906250000e+03,1.130725341796875000e+03,2.325652832031250000e+03,1.374862670898437500e+01,1.133088378906250000e+03,3.936464843750000000e+03,2.251896484375000000e+03,1.483606323242187500e+03,1.088848388671875000e+03,1.529866943359375000e+03,8.170821533203125000e+02,6.634580078125000000e+02,2.468359375000000000e+03,2.457196350097656250e+02,4.053579101562500000e+02,3.871905517578125000e+02,1.605229492187500000e+02,1.666681640625000000e+04,1.185124816894531250e+02,2.505844970703125000e+03,1.053931884765625000e+03,1.903776855468750000e+02,3.718020751953125000e+03,4.330010986328125000e+01,2.753743652343750000e+03,6.181138916015625000e+02,1.925531250000000000e+03,6.738264648437500000e+03,2.981781250000000000e+03,2.978995056152343750e+02,9.196591796875000000e+02,1.141611572265625000e+03,5.770919799804687500e+02,1.486138061523437500e+03,4.888640747070312500e+02
1.359621826171875000e+03,4.749197753906250000e+03,3.401711425781250000e+02,6.118284179687500000e+03,1.766888916015625000e+03,2.883604125976562500e+02,4.983636169433593750e+02,4.284188842773437500e+01,1.750527343750000000e+03,4.078021972656250000e+03,1.087202392578125000e+03,3.459239257812500000e+03,2.386964599609375000e+03,4.923123779296875000e+02,9.184682617187500000e+02,3.186436279296875000e+03,2.242703369140625000e+03,3.283483886718750000e+01,7.635305175781250000e+02,7.688498046875000000e+03,2.984256103515625000e+03,7.084722656250000000e+03,1.230364013671875000e+03,1.200299804687500000e+03,3.900411987304687500e+02,1.604081420898437500e+02,1.141816284179687500e+03,4.039270019531250000e+01,8.785649414062500000e+02,3.182464599609375000e+02,3.050430664062500000e+03,4.888068847656250000e+03,6.792953491210937500e+01,2.025850195312500000e+04,2.903275146484375000e+03,7.130493164062500000e+01,3.496452880859375000e+03,8.359985351562500000e+00,2.225209960937500000e+03,3.402335815429687500e+02,1.668618164062500000e+02,4.866083984375000000e+03,2.228799316406250000e+03,1.494791259765625000e+02,6.526877441406250000e+02,3.352367431640625000e+03,4.305114135742187500e+02,1.217657592773437500e+03,4.943681640625000000e+02
1.168073242187500000e+03,5.296174316406250000e+03,2.349610595703125000e+02,2.744316992187500000e+04,2.529437500000000000e+03,6.722625732421875000e+02,1.513189697265625000e+01,2.421331787109375000e+01,4.845205078125000000e+02,4.099550292968750000e+03,6.117944335937500000e+01,8.282861328125000000e+01,3.561064453125000000e+03,1.180784912109375000e+03,7.512179565429687500e+02,1.418446289062500000e+03,1.360300781250000000e+03,3.871374511718750000e+01,1.918149414062500000e+02,3.794288085937500000e+03,2.802134765625000000e+03,2.269667724609375000e+03,7.760857543945312500e+02,7.675063964843750000e+03,1.365172851562500000e+03,5.088661499023437500e+02,9.262750244140625000e+02,2.819809265136718750e+02,4.138549804687500000e+02,1.171831054687500000e+03,4.911948242187500000e+02,4.417084472656250000e+03,1.782271423339843750e+02,2.505170410156250000e+03,1.328820068359375000e+03,3.048969726562500000e+02,6.506232910156250000e+02,4.886871337890625000e+01,8.149876953125000000e+03,4.323987121582031250e+02,4.434838867187500000e+01,1.917807617187500000e+03,3.108473632812500000e+03,1.200769958496093750e+02,3.572114257812500000e+02,2.819296142578125000e+03,4.072988891601562500e+02,1.273120117187500000e+03,6.395788574218750000e+02
1.608026733398437500e+03,7.815326171875000000e+03,6.907951660156250000e+02,7.185005371093750000e+03,2.005608642578125000e+03,5.833323364257812500e+02,3.188057250976562500e+02,2.090494537353515625e+02,1.457505078125000000e+04,1.075511132812500000e+04,1.328786865234375000e+03,4.388148925781250000e+03,1.830440673828125000e+03,1.377989746093750000e+03,2.916440429687500000e+03,2.705049560546875000e+03,1.178484130859375000e+03,8.102932739257812500e+01,1.936179809570312500e+03,4.172043457031250000e+03,6.427325195312500000e+03,2.193164550781250000e+03,8.044712524414062500e+02,2.649744140625000000e+03,1.050650024414062500e+03,1.595610229492187500e+03,1.495927368164062500e+03,5.273043823242187500e+02,8.205737304687500000e+01,1.593216552734375000e+03,5.552312500000000000e+03,8.741156250000000000e+03,6.072229003906250000e+02,3.461102783203125000e+03,7.830957031250000000e+02,1.368013305664062500e+03,4.539027832031250000e+03,3.176239318847656250e+02,6.198023437500000000e+03,8.564515380859375000e+02,3.895725097656250000e+03,4.337306640625000000e+03,2.997535888671875000e+03,2.655328979492187500e+02,3.573353515625000000e+03,3.428624023437500000e+03,5.054263000488281250e+02,2.077803955078125000e+03,6.417102050781250000e+02
1.357809448242187500e+03,5.139785156250000000e+03,3.073197021484375000e+02,1.273022558593750000e+04,2.460666259765625000e+03,7.907212524414062500e+02,2.458475799560546875e+02,1.518228302001953125e+02,1.014207617187500000e+04,4.344434570312500000e+03,1.309666259765625000e+03,3.275382080078125000e+03,1.719002441406250000e+03,1.668177490234375000e+03,4.260726928710937500e+02,2.363141601562500000e+03,9.760600585937500000e+02,2.477396850585937500e+02,1.229131958007812500e+03,4.261491210937500000e+03,4.046409912109375000e+03,2.386873535156250000e+03,7.047937011718750000e+02,2.436732177734375000e+03,1.065291381835937500e+03,8.781893310546875000e+02,1.415698730468750000e+03,2.694207458496093750e+02,6.760786132812500000e+02,1.058775634765625000e+03,4.472075195312500000e+03,5.037247070312500000e+03,5.575704345703125000e+02,4.689837890625000000e+03,7.081325073242187500e+02,1.105986938476562500e+03,3.972724365234375000e+03,3.119752807617187500e+02,2.680656494140625000e+03,6.643511962890625000e+02,2.840324707031250000e+03,6.399930664062500000e+03,4.584434082031250000e+03,1.578421478271484375e+02,2.571380615234375000e+03,3.054230224609375000e+03,5.070806274414062500e+02,1.180727050781250000e+03,6.077772216796875000e+02
4.005951904296875000e+03,3.323854980468750000e+03,9.883428955078125000e+02,9.810890625000000000e+03,8.436140136718750000e+02,5.197930908203125000e+01,5.424249267578125000e+02,9.414602661132812500e+01,1.642031640625000000e+04,3.147288818359375000e+03,3.362031250000000000e+02,1.129515039062500000e+04,1.990410888671875000e+03,9.126348876953125000e+02,9.146687011718750000e+02,1.116291210937500000e+04,3.238803710937500000e+03,2.295731048583984375e+02,7.450614013671875000e+02,2.684229492187500000e+03,2.149266113281250000e+03,1.729523437500000000e+03,2.653091552734375000e+03,6.450014648437500000e+02,9.931523437500000000e+02,4.529898681640625000e+02,7.771588134765625000e+02,1.971257019042968750e+02,5.542006835937500000e+02,5.351447753906250000e+02,9.858774414062500000e+03,2.653612548828125000e+03,2.470662231445312500e+02,2.545142578125000000e+03,2.540477294921875000e+03,6.453874511718750000e+02,8.420747070312500000e+02,3.123332519531250000e+02,1.676981933593750000e+03,2.608989257812500000e+02,6.155314941406250000e+02,6.742050292968750000e+03,1.361176269531250000e+03,1.031251220703125000e+02,4.925054687500000000e+03,2.595085205078125000e+03,1.621435302734375000e+03,3.947003417968750000e+03,5.836577148437500000e+02
1.885563964843750000e+03,2.155063964843750000e+03,4.398271484375000000e+02,2.647493554687500000e+04,6.084645996093750000e+02,6.072702636718750000e+02,1.689828491210937500e+01,1.076938781738281250e+02,7.777852539062500000e+03,1.999016357421875000e+03,9.456011962890625000e+02,2.586913085937500000e+03,1.218775024414062500e+03,9.279847412109375000e+02,5.601763305664062500e+02,1.837118408203125000e+03,1.537137207031250000e+03,2.240271911621093750e+02,3.268155517578125000e+03,2.364170410156250000e+03,6.841754882812500000e+03,1.765693237304687500e+03,5.770708007812500000e+02,1.212858886718750000e+03,5.719174804687500000e+02,2.073997070312500000e+03,5.145451660156250000e+02,8.812550048828125000e+02,1.513167724609375000e+03,8.853625488281250000e+01,7.453027343750000000e+02,1.651959960937500000e+03,1.122324829101562500e+02,2.603036132812500000e+03,3.233251220703125000e+03,3.169357910156250000e+02,3.328078369140625000e+03,2.296444702148437500e+01,9.594379882812500000e+03,3.922323303222656250e+02,4.019839355468750000e+03,6.381011230468750000e+03,1.392853637695312500e+03,9.666867065429687500e+01,8.025415039062500000e+02,1.527252197265625000e+03,3.654058837890625000e+02,9.921251220703125000e+02,6.851541137695312500e+02
1.537625976562500000e+03,9.400857421875000000e+03,5.980944824218750000e+01,5.083099609375000000e+03,8.194030761718750000e+02,1.116707519531250000e+03,1.511369171142578125e+02,4.761071777343750000e+01,1.423681640625000000e+03,1.739664843750000000e+04,3.019025878906250000e+02,2.929348144531250000e+02,5.419355957031250000e+03,6.724989013671875000e+02,4.321903320312500000e+03,1.253266723632812500e+03,1.197529785156250000e+03,2.493681335449218750e+01,7.388120727539062500e+02,3.174020996093750000e+03,3.074683105468750000e+03,1.435311401367187500e+03,1.096824707031250000e+03,1.855806396484375000e+03,7.324851074218750000e+02,6.622731933593750000e+02,2.513122656250000000e+04,1.825075073242187500e+02,2.098806396484375000e+03,1.191274414062500000e+02,1.416588867187500000e+03,2.305515429687500000e+04,8.207730102539062500e+01,2.735301757812500000e+03,4.373040771484375000e+02,8.977343750000000000e+01,5.051009277343750000e+03,1.866394042968750000e+01,2.893287597656250000e+03,6.200715332031250000e+02,1.505187011718750000e+03,7.071603515625000000e+03,3.388889892578125000e+03,1.195382995605468750e+02,2.916396484375000000e+02,1.176908691406250000e+03,5.881259155273437500e+02,1.680532470703125000e+03,5.021754150390625000e+02
1.232765136718750000e+03,4.282889648437500000e+03,3.690330810546875000e+02,7.826972656250000000e+02,1.121800781250000000e+03,4.911878051757812500e+02,1.066178894042968750e+02,3.860356140136718750e+01,8.140449218750000000e+02,4.136997558593750000e+03,1.040107666015625000e+03,4.226952148437500000e+03,2.863006103515625000e+03,5.388602294921875000e+02,1.165119873046875000e+03,5.120621093750000000e+03,1.916616333007812500e+03,1.316935729980468750e+01,4.440979003906250000e+02,6.384372070312500000e+03,2.473527099609375000e+03,7.659776855468750000e+03,7.625071411132812500e+02,1.377088867187500000e+03,4.611784057617187500e+02,1.675675659179687500e+02,4.636157226562500000e+02,7.693572998046875000e+00,1.516848144531250000e+03,2.956347656250000000e+02,2.441262695312500000e+03,3.875288330078125000e+03,1.944072875976562500e+02,2.232113476562500000e+04,2.575774414062500000e+03,3.671168212890625000e+02,3.636904052734375000e+03,4.617001342773437500e+01,2.686545166015625000e+03,3.629600524902343750e+02,6.061791992187500000e+02,9.769268554687500000e+03,1.228675292968750000e+03,1.522000274658203125e+02,1.899909667968750000e+02,2.441302490234375000e+03,5.999140014648437500e+02,1.594324462890625000e+03,4.680458374023437500e+02
8.369145507812500000e+02,4.314918457031250000e+03,1.724854736328125000e+02,1.429123046875000000e+04,2.232997070312500000e+03,3.316887207031250000e+02,1.410793762207031250e+02,1.055815124511718750e+01,1.222363281250000000e+01,4.087139404296875000e+03,1.886827392578125000e+02,2.767290039062500000e+02,3.090619873046875000e+03,1.268560302734375000e+03,1.014577819824218750e+03,2.850758300781250000e+03,9.072629394531250000e+02,1.488446044921875000e+01,1.991311035156250000e+02,4.495550292968750000e+03,3.011157958984375000e+03,2.265014648437500000e+03,6.546260986328125000e+02,6.904692382812500000e+03,1.438758300781250000e+03,3.777758789062500000e+02,1.442905517578125000e+03,2.183181762695312500e+01,3.191372070312500000e+02,1.284790039062500000e+00,4.103386230468750000e+03,4.407846191406250000e+03,3.981475830078125000e+02,2.743572753906250000e+03,1.184479492187500000e+03,1.462124023437500000e+02,1.024055175781250000e+03,3.257760620117187500e+01,8.927211914062500000e+03,4.386490783691406250e+02,7.431811523437500000e+02,4.407877929687500000e+03,2.597306152343750000e+03,1.484208221435546875e+02,8.737685546875000000e+02,2.933540039062500000e+02,2.959915771484375000e+02,1.141894531250000000e+03,6.459580078125000000e+02
1.613866088867187500e+03,7.657486816406250000e+03,2.560987548828125000e+02,1.550964257812500000e+04,3.813144531250000000e+03,5.664949340820312500e+02,2.925684814453125000e+02,2.268693084716796875e+02,1.610172265625000000e+04,1.088398632812500000e+04,1.308738647460937500e+03,6.392078125000000000e+03,2.031063720703125000e+03,1.456429199218750000e+03,2.539281738281250000e+03,4.029883300781250000e+03,1.510853881835937500e+03,1.158941650390625000e+02,2.911488037109375000e+03,4.559730957031250000e+03,6.801875488281250000e+03,2.263023193359375000e+03,9.055457763671875000e+02,2.780297119140625000e+03,1.004104614257812500e+03,1.631579589843750000e+03,3.496685058593750000e+03,5.329135131835937500e+02,1.620651855468750000e+02,1.609489501953125000e+03,6.126742187500000000e+03,1.109947656250000000e+04,6.079896240234375000e+02,3.886743164062500000e+03,5.394134521484375000e+02,1.499769409179687500e+03,4.704754882812500000e+03,3.617476806640625000e+02,6.173644531250000000e+03,8.761367187500000000e+02,4.651877441406250000e+03,1.144393164062500000e+04,4.101570312500000000e+03,2.647200927734375000e+02,3.990041992187500000e+03,2.634579345703125000e+03,4.832937622070312500e+02,2.255164062500000000e+03,6.177924804687500000e+02
1.189134765625000000e+03,3.776379638671875000e+03,5.790135498046875000e+02,1.387758203125000000e+04,1.453271972656250000e+03,6.741356201171875000e+02,2.388785095214843750e+02,1.477685852050781250e+02,8.827097656250000000e+03,4.975074707031250000e+03,1.293780151367187500e+03,3.419639648437500000e+03,1.567222900390625000e+03,1.810493530273437500e+03,3.485946655273437500e+02,2.529878906250000000e+03,1.333079223632812500e+03,2.677122192382812500e+02,1.606652587890625000e+03,3.988207519531250000e+03,4.129908203125000000e+03,2.564602294921875000e+03,5.225049438476562500e+02,2.464292480468750000e+03,1.048447998046875000e+03,1.014748901367187500e+03,3.193864257812500000e+03,4.338878784179687500e+02,3.331840820312500000e+02,9.726976318359375000e+02,5.635633789062500000e+03,4.862677734375000000e+03,5.421550292968750000e+02,6.044612304687500000e+03,5.564711914062500000e+02,9.181054077148437500e+02,4.290230468750000000e+03,2.901148376464843750e+02,3.136390136718750000e+03,6.733345947265625000e+02,3.025619384765625000e+03,1.307416210937500000e+04,3.134898437500000000e+03,2.441673889160156250e+02,2.340350585937500000e+03,1.926099609375000000e+03,4.982510375976562500e+02,1.437158691406250000e+03,5.992014160156250000e+02
2.141777343750000000e+03,4.028595703125000000e+03,9.009113769531250000e+02,4.147713867187500000e+03,1.171009765625000000e+03,1.094158935546875000e+01,5.250228881835937500e+02,1.614739990234375000e+01,1.454683496093750000e+04,3.301115966796875000e+03,4.474819335937500000e+02,4.676066406250000000e+03,1.705294921875000000e+03,1.647167968750000000e+01,1.010510437011718750e+03,9.218638671875000000e+03,2.568667480468750000e+03,2.433512115478515625e+02,3.493790283203125000e+02,2.966332275390625000e+03,2.164459960937500000e+03,1.961847656250000000e+03,1.944671142578125000e+03,1.712445556640625000e+03,1.018439331054687500e+03,5.025968627929687500e+02,2.135187011718750000e+03,3.676995849609375000e+02,1.537566406250000000e+03,7.591892089843750000e+02,1.341287109375000000e+04,3.121833496093750000e+03,2.887765502929687500e+02,2.986683837890625000e+03,1.966760986328125000e+03,6.703945312500000000e+02,2.717942382812500000e+03,4.339339599609375000e+02,2.558911865234375000e+03,3.164154357910156250e+02,6.534638671875000000e+02,2.135779882812500000e+04,3.957072021484375000e+03,1.141550674438476562e+02,4.714297851562500000e+03,6.248743652343750000e+03,1.531011474609375000e+03,3.763855468750000000e+03,5.909115600585937500e+02
8.581220703125000000e+02,1.768167846679687500e+03,5.082474365234375000e+02,3.268288281250000000e+04,1.824718017578125000e+02,8.030410766601562500e+02,6.778076171875000000e+01,1.001893615722656250e+02,4.767469238281250000e+03,2.354855468750000000e+03,9.392335205078125000e+02,2.838750244140625000e+03,1.409475341796875000e+03,8.663615112304687500e+02,8.781431274414062500e+02,2.344934082031250000e+03,1.087580200195312500e+03,2.009397125244140625e+02,2.868193603515625000e+03,3.003374267578125000e+03,6.175236328125000000e+03,2.099937255859375000e+03,8.837404174804687500e+02,1.922708740234375000e+03,5.708430175781250000e+02,3.928953857421875000e+02,1.091246704101562500e+03,7.450726318359375000e+01,1.072042724609375000e+03,2.981605224609375000e+02,1.501127441406250000e+03,2.923155761718750000e+03,4.755646362304687500e+02,2.963962402343750000e+03,7.798665771484375000e+02,3.655314941406250000e+02,4.052256591796875000e+03,6.125125122070312500e+01,8.921156250000000000e+03,4.303304443359375000e+02,2.341202148437500000e+03,1.031014062500000000e+04,1.438510375976562500e+03,9.307403564453125000e+01,1.138626220703125000e+03,1.281188598632812500e+03,3.761084594726562500e+02,3.514089355468750000e+02,6.240413818359375000e+02
1.246972778320312500e+03,7.286682128906250000e+03,2.835639648437500000e+02,7.375330566406250000e+03,4.790140380859375000e+02,8.159804077148437500e+02,1.674107513427734375e+02,3.722039794921875000e+02,1.064479785156250000e+04,1.586688085937500000e+04,9.628320312500000000e+01,3.316974609375000000e+03,3.585419433593750000e+03,2.690639892578125000e+03,3.340135742187500000e+03,1.358172851562500000e+03,9.032609863281250000e+02,3.219247436523437500e+01,3.910898437500000000e+02,4.432216796875000000e+03,2.744409179687500000e+03,1.456106201171875000e+03,1.020562561035156250e+03,2.597616699218750000e+03,6.846342773437500000e+02,1.053369873046875000e+03,6.349980468750000000e+02,3.460452880859375000e+02,8.269201660156250000e+02,6.377392578125000000e+01,5.391576171875000000e+03,2.432787109375000000e+04,3.679030761718750000e+02,3.164087158203125000e+03,2.785777099609375000e+03,1.121293945312500000e+03,1.215822656250000000e+04,4.671881103515625000e+01,3.177231201171875000e+03,6.730657958984375000e+02,3.584399902343750000e+03,3.934915527343750000e+03,2.544566406250000000e+03,1.711259155273437500e+02,3.508041992187500000e+02,1.854513671875000000e+03,4.936703186035156250e+02,1.534352172851562500e+03,5.141999511718750000e+02
1.077531054687500000e+04,3.184946777343750000e+03,6.243800659179687500e+02,8.364875000000000000e+03,8.003430175781250000e+02,4.394956054687500000e+02,9.258129882812500000e+01,5.808605194091796875e+01,2.071902343750000000e+03,4.041514160156250000e+03,1.066633911132812500e+03,1.139887695312500000e+03,3.377702392578125000e+03,7.551170654296875000e+02,1.044254882812500000e+03,5.437550781250000000e+03,7.857663574218750000e+02,8.539743041992187500e+01,3.456948242187500000e+02,6.040991210937500000e+03,3.134541748046875000e+03,8.023662597656250000e+03,9.502230834960937500e+02,1.784757324218750000e+03,4.644885253906250000e+02,3.429748229980468750e+02,7.409377441406250000e+02,8.363372802734375000e+01,3.987177734375000000e+02,3.289864501953125000e+02,6.737673828125000000e+03,4.345644042968750000e+03,1.320510559082031250e+02,1.796612500000000000e+04,3.158056884765625000e+03,2.663347167968750000e+02,4.361112304687500000e+03,1.015243225097656250e+02,1.292349218750000000e+04,3.151018676757812500e+02,1.050376953125000000e+03,3.203470214843750000e+03,4.748647460937500000e+02,1.603257598876953125e+02,6.160993652343750000e+02,2.179122314453125000e+03,2.917175292968750000e+02,1.001555419921875000e+03,4.412000732421875000e+02
1.634729370117187500e+03,3.572444335937500000e+03,1.049566650390625000e+02,1.665412304687500000e+04,2.010733886718750000e+03,3.650391845703125000e+02,5.909356689453125000e+01,1.057090377807617188e+02,1.118438476562500000e+03,3.673403808593750000e+03,1.733046875000000000e+02,1.512904785156250000e+03,3.787507568359375000e+03,1.270843872070312500e+03,7.782959594726562500e+02,3.817919921875000000e+03,1.968548583984375000e+02,7.439086914062500000e+01,2.592724609375000000e+01,4.670572265625000000e+03,3.585615722656250000e+03,2.236005615234375000e+03,5.085827636718750000e+02,5.598073730468750000e+03,1.338689086914062500e+03,9.870385742187500000e+01,7.789018554687500000e+02,1.140744018554687500e+01,5.589526367187500000e+02,2.660226440429687500e+02,2.163856933593750000e+03,4.221750000000000000e+03,3.205684204101562500e+02,2.855153564453125000e+03,5.258379516601562500e+02,6.125091552734375000e+02,1.215687500000000000e+03,2.679656982421875000e+01,2.795696777343750000e+03,3.743474426269531250e+02,1.742049804687500000e+03,7.794396972656250000e+03,3.158656738281250000e+03,1.385919189453125000e+02,7.685139160156250000e+02,2.626122802734375000e+03,3.636906738281250000e+02,1.141867065429687500e+03,6.333820800781250000e+02
2.523846679687500000e+03,6.956732421875000000e+03,1.017041015625000000e+01,1.469185449218750000e+04,3.587584960937500000e+03,6.601651000976562500e+02,2.829895019531250000e+02,2.075012512207031250e+02,1.640924414062500000e+04,1.093541894531250000e+04,1.269115234375000000e+03,5.912724609375000000e+03,1.817776123046875000e+03,1.225207885742187500e+03,1.925957763671875000e+03,3.970078125000000000e+03,1.393728637695312500e+03,9.139544677734375000e+01,2.729241210937500000e+03,4.484783203125000000e+03,6.943553710937500000e+03,2.214036132812500000e+03,1.148709228515625000e+03,2.762646728515625000e+03,9.320238037109375000e+02,8.305784912109375000e+02,3.114219238281250000e+03,5.313969726562500000e+02,5.231909179687500000e+01,1.506887695312500000e+03,7.608101562500000000e+03,1.420799804687500000e+04,5.585510253906250000e+02,4.166173828125000000e+03,5.457293701171875000e+02,1.196403930664062500e+03,4.929573730468750000e+03,3.470852661132812500e+02,5.533781250000000000e+03,4.988304748535156250e+02,5.343952148437500000e+03,9.462371093750000000e+03,4.051674316406250000e+03,2.719343872070312500e+02,4.249138671875000000e+03,2.275159179687500000e+03,5.074528198242187500e+02,2.292962402343750000e+03,6.043542480468750000e+02
3.017019287109375000e+03,3.493500732421875000e+03,3.641920166015625000e+02,1.289501757812500000e+04,1.343844238281250000e+03,3.848510742187500000e+02,2.328926849365234375e+02,1.371707305908203125e+02,7.488673339843750000e+03,3.910718261718750000e+03,1.233386230468750000e+03,2.348719238281250000e+03,1.441947265625000000e+03,1.489843505859375000e+03,1.047308227539062500e+03,2.588764160156250000e+03,8.409736328125000000e+02,2.428687744140625000e+02,1.247056274414062500e+03,3.787739013671875000e+03,4.186755371093750000e+03,2.378810791015625000e+03,8.705735473632812500e+02,2.542752197265625000e+03,9.820821533203125000e+02,4.472299804687500000e+02,1.140814331054687500e+03,2.583205261230468750e+02,8.328027343750000000e+01,4.235267639160156250e+02,4.214897460937500000e+03,4.993755859375000000e+03,5.336558837890625000e+02,5.960187011718750000e+03,1.307973754882812500e+03,7.606648559570312500e+02,4.185798339843750000e+03,2.922692260742187500e+02,1.029317382812500000e+03,5.491486816406250000e+02,3.036920410156250000e+03,7.929339843750000000e+03,2.913142578125000000e+03,1.441027679443359375e+02,2.225580078125000000e+03,1.814518432617187500e+03,4.891975708007812500e+02,1.299149414062500000e+03,5.568420410156250000e+02
2.215083496093750000e+03,3.320005371093750000e+03,3.649854736328125000e+02,1.987730468750000000e+03,7.603137207031250000e+01,1.250118286132812500e+03,5.314752807617187500e+02,1.252901382446289062e+02,1.318413769531250000e+04,3.079878662109375000e+03,4.525593261718750000e+02,7.155192871093750000e+03,2.583882324218750000e+03,1.046924316406250000e+03,4.295140991210937500e+02,8.575201171875000000e+03,1.736283935546875000e+03,2.236322174072265625e+02,4.529020996093750000e+02,2.657609375000000000e+03,2.113936035156250000e+03,1.808100097656250000e+03,1.964483154296875000e+03,1.696295166015625000e+03,9.952653808593750000e+02,1.381628112792968750e+02,8.302941894531250000e+01,2.886367187500000000e+02,1.242743164062500000e+03,8.462471923828125000e+02,9.569667968750000000e+02,3.804247314453125000e+03,2.911471252441406250e+02,2.923575683593750000e+03,3.780882812500000000e+03,6.451645507812500000e+02,1.432841796875000000e+02,2.637988586425781250e+02,1.396968261718750000e+03,2.559857940673828125e+02,1.230611816406250000e+03,2.056096679687500000e+04,2.835334472656250000e+03,9.993733215332031250e+01,4.159288085937500000e+03,7.841130371093750000e+02,1.397297851562500000e+03,3.099279541015625000e+03,5.485904541015625000e+02
8.272841796875000000e+02,1.612356201171875000e+03,5.717822265625000000e+01,2.788015429687500000e+04,5.907503662109375000e+02,5.806062622070312500e+02,4.042984008789062500e+01,3.974454345703125000e+02,4.214544921875000000e+03,2.947922607421875000e+03,9.438112182617187500e+02,2.238119873046875000e+03,1.305064086914062500e+03,9.710863037109375000e+02,3.104204711914062500e+02,2.416938476562500000e+03,1.260008178710937500e+03,1.451960754394531250e+02,2.670971191406250000e+03,3.237822265625000000e+03,2.038827148437500000e+03,1.802806640625000000e+03,4.306079711914062500e+02,1.995058105468750000e+03,5.440010986328125000e+02,1.328408569335937500e+03,5.810820312500000000e+02,1.012322998046875000e+02,8.892495117187500000e+02,2.719099426269531250e+02,8.972016601562500000e+02,2.425297851562500000e+03,1.350571289062500000e+02,2.885036376953125000e+03,2.809357910156250000e+03,4.312994995117187500e+02,3.489827148437500000e+03,2.492091369628906250e+02,1.446447460937500000e+04,3.913478698730468750e+02,2.416898193359375000e+03,4.217038574218750000e+03,1.227271850585937500e+03,1.067918701171875000e+02,8.284937744140625000e+02,1.054261718750000000e+03,3.334658203125000000e+02,3.153161621093750000e+02,4.848731689453125000e+02
1.590846069335937500e+03,5.787317382812500000e+03,2.510582275390625000e+02,8.542999023437500000e+03,3.959277343750000000e+01,5.444783935546875000e+02,1.237494506835937500e+02,1.654757690429687500e+01,6.913359375000000000e+02,1.345055566406250000e+04,4.511010742187500000e+01,8.956340332031250000e+02,5.056237304687500000e+03,1.094301757812500000e+02,4.955179687500000000e+03,1.835286743164062500e+03,7.463665771484375000e+02,1.838694763183593750e+01,5.580927734375000000e+02,3.964309570312500000e+03,2.796257324218750000e+03,1.533039672851562500e+03,1.557754516601562500e+03,1.881855224609375000e+03,6.727600708007812500e+02,6.727012939453125000e+02,7.454656982421875000e+02,1.079362182617187500e+02,2.868789062500000000e+02,2.335808105468750000e+02,2.198509765625000000e+03,1.824805859375000000e+04,3.908587646484375000e+01,3.232811523437500000e+03,5.573001708984375000e+02,2.335150146484375000e+02,2.173403808593750000e+03,2.571967163085937500e+02,3.598854736328125000e+03,5.348312988281250000e+02,1.460958984375000000e+03,3.896353515625000000e+03,2.620995117187500000e+03,3.984756164550781250e+02,4.996445312500000000e+02,4.666983886718750000e+03,5.747094726562500000e+02,1.213675170898437500e+03,5.256302490234375000e+02
7.197927734375000000e+03,2.758617675781250000e+03,4.370376586914062500e+02,8.015480468750000000e+03,9.768059082031250000e+02,5.134504394531250000e+02,1.038137817382812500e+02,8.334320068359375000e+00,9.062304687500000000e+01,4.006363281250000000e+03,9.573847656250000000e+02,3.743711425781250000e+03,2.873225585937500000e+03,6.715693359375000000e+02,1.027158935546875000e+03,4.920768554687500000e+03,7.900252685546875000e+02,1.099357604980468750e+01,6.216064453125000000e+02,5.637394531250000000e+03,2.858813476562500000e+03,7.936908203125000000e+03,1.414519042968750000e+02,1.901427490234375000e+03,4.586150207519531250e+02,2.338345642089843750e+02,7.445178222656250000e+02,2.915100097656250000e+00,4.983239746093750000e+02,2.355930786132812500e+02,2.645289062500000000e+03,4.772987792968750000e+03,1.036370849609375000e+01,1.668449414062500000e+04,2.455679687500000000e+03,3.387247314453125000e+02,3.733910156250000000e+03,4.655999755859375000e+02,6.821675781250000000e+03,2.875690002441406250e+02,1.803616210937500000e+03,4.566955078125000000e+03,3.556201171875000000e+01,1.318432769775390625e+02,8.910942382812500000e+02,1.383823608398437500e+03,4.300654296875000000e+02,1.215512817382812500e+03,4.101370239257812500e+02
2.893111816406250000e+03,3.171169921875000000e+03,1.610492553710937500e+02,2.427962109375000000e+04,1.519960937500000000e+03,4.979028320312500000e+01,1.202767333984375000e+02,4.274291992187500000e+01,1.868791992187500000e+03,3.785793701171875000e+03,3.632039794921875000e+02,4.586889648437500000e+02,3.345849365234375000e+03,1.157576049804687500e+03,7.038694458007812500e+02,5.083068847656250000e+03,3.076260986328125000e+02,1.193801879882812500e+01,6.384622802734375000e+02,4.155690429687500000e+03,2.797343261718750000e+03,2.267563964843750000e+03,6.082322387695312500e+02,5.023216796875000000e+03,1.145319580078125000e+03,3.062341003417968750e+02,6.318688964843750000e+02,6.753387451171875000e+00,2.075122070312500000e+02,1.404526367187500000e+02,1.233844726562500000e+03,4.009547363281250000e+03,9.150915527343750000e+01,2.663574707031250000e+03,6.316798706054687500e+02,1.946240234375000000e+02,1.353843261718750000e+03,3.089692077636718750e+02,2.646098876953125000e+03,5.443271484375000000e+02,1.729854003906250000e+03,9.481228515625000000e+03,2.557691406250000000e+03,1.335153656005859375e+02,2.876735839843750000e+02,2.471741943359375000e+03,2.916184082031250000e+02,8.181440429687500000e+02,6.547206420898437500e+02
3.176596679687500000e+03,6.156541015625000000e+03,3.707965087890625000e+02,1.420947851562500000e+04,3.121252685546875000e+03,4.391395874023437500e+02,2.594563293457031250e+02,1.742775421142578125e+02,1.589633203125000000e+04,1.089255273437500000e+04,1.202255981445312500e+03,4.942134277343750000e+03,1.716975341796875000e+03,1.475822509765625000e+03,2.058398925781250000e+03,3.475112304687500000e+03,1.355839599609375000e+03,5.571347045898437500e+01,1.779103271484375000e+03,4.249101074218750000e+03,6.789113281250000000e+03,2.197541259765625000e+03,1.472609008789062500e+03,2.688088867187500000e+03,8.563619384765625000e+02,1.632162597656250000e+03,1.129215942382812500e+03,5.612873535156250000e+02,3.198802490234375000e+03,1.424978271484375000e+03,6.934687500000000000e+03,1.193513769531250000e+04,5.965114746093750000e+02,3.821024658203125000e+03,6.178518676757812500e+02,8.684318237304687500e+02,4.927448730468750000e+03,3.068582458496093750e+02,4.304792968750000000e+03,8.815860595703125000e+02,5.315231445312500000e+03,8.348039062500000000e+03,3.376145263671875000e+03,3.457408447265625000e+02,3.969079101562500000e+03,2.670655517578125000e+03,5.398639526367187500e+02,2.255344482421875000e+03,5.809556884765625000e+02
4.847952148437500000e+03,3.432096435546875000e+03,3.630864257812500000e+02,1.215454785156250000e+04,1.281788452148437500e+03,3.700291137695312500e+02,2.264090423583984375e+02,1.318643646240234375e+02,8.704224609375000000e+03,4.012429687500000000e+03,1.202768310546875000e+03,2.557271484375000000e+03,1.461112792968750000e+03,2.082883300781250000e+03,4.238814697265625000e+02,2.667737792968750000e+03,8.441131591796875000e+02,2.214536132812500000e+02,9.791998901367187500e+02,3.917666015625000000e+03,4.058496582031250000e+03,2.655053710937500000e+03,1.458540161132812500e+03,2.272320312500000000e+03,9.092484130859375000e+02,1.199608764648437500e+03,7.722919921875000000e+02,3.832707519531250000e+02,2.245518310546875000e+03,4.509258728027343750e+02,4.652232910156250000e+03,4.833323730468750000e+03,5.737485351562500000e+02,5.844077148437500000e+03,5.912610473632812500e+02,6.667100219726562500e+02,3.599241210937500000e+03,2.770444335937500000e+02,2.989969970703125000e+03,5.589112548828125000e+02,4.336890136718750000e+03,5.327053222656250000e+03,3.255488769531250000e+03,2.469024353027343750e+02,2.142018066406250000e+03,1.608872070312500000e+03,5.122220458984375000e+02,1.413870361328125000e+03,5.384360351562500000e+02
3.317554443359375000e+03,2.386823486328125000e+03,3.845493164062500000e+02,2.083203125000000000e+03,9.966772460937500000e+01,8.947135009765625000e+02,5.448775634765625000e+02,7.368489074707031250e+01,8.370045898437500000e+03,3.056636474609375000e+03,5.260809326171875000e+02,6.523084960937500000e+03,2.081699462890625000e+03,6.882820434570312500e+02,7.792581176757812500e+02,9.386663085937500000e+03,1.864070190429687500e+03,2.206343994140625000e+02,6.519508056640625000e+02,2.517568847656250000e+03,2.037706787109375000e+03,1.774179931640625000e+03,1.679549682617187500e+03,1.469491577148437500e+03,8.905213623046875000e+02,5.886225585937500000e+02,2.897662353515625000e+01,2.198973388671875000e+02,9.269863281250000000e+02,8.565358886718750000e+02,2.370465820312500000e+03,2.358903808593750000e+03,3.673668518066406250e+02,2.736013183593750000e+03,1.669127685546875000e+03,1.044535034179687500e+03,5.309594726562500000e+02,2.676859130859375000e+02,2.135306152343750000e+03,5.710573730468750000e+02,1.180927734375000000e+03,1.745621484375000000e+04,2.013903320312500000e+03,1.333302917480468750e+02,3.728420654296875000e+03,2.592848144531250000e+03,1.274685180664062500e+03,3.059924804687500000e+03,4.998894653320312500e+02
7.684837646484375000e+02,1.337545776367187500e+03,1.987231445312500000e+02,2.440847656250000000e+04,2.061542968750000000e+02,2.165387573242187500e+02,9.634053039550781250e+01,1.262081146240234375e+02,3.125059570312500000e+03,2.224330078125000000e+03,8.007266235351562500e+02,2.386748779296875000e+03,1.291860229492187500e+03,6.294386596679687500e+02,6.877332763671875000e+02,2.510611328125000000e+03,1.060778564453125000e+03,1.896625366210937500e+02,1.995939819335937500e+03,2.747704589843750000e+03,9.627972656250000000e+03,1.932403198242187500e+03,8.981395874023437500e+02,9.570292968750000000e+02,5.599144287109375000e+02,4.890758056640625000e+02,1.420532226562500000e+01,1.136436462402343750e+02,7.311894531250000000e+02,2.390889282226562500e+02,3.595405761718750000e+03,2.250173828125000000e+03,4.078485107421875000e+01,2.890039062500000000e+03,6.972860107421875000e+02,3.783362426757812500e+02,2.542153808593750000e+03,2.418614501953125000e+02,6.646351562500000000e+03,5.481354980468750000e+02,3.809559570312500000e+03,4.000542480468750000e+03,1.151444335937500000e+03,1.092129211425781250e+02,9.642877197265625000e+02,1.227793457031250000e+03,2.049807128906250000e+02,5.442188720703125000e+02,3.494481811523437500e+02
1.625843383789062500e+03,4.584294433593750000e+03,2.064367675781250000e+02,8.290270507812500000e+03,5.534931640625000000e+02,4.279725341796875000e+02,3.078033447265625000e+01,7.132751464843750000e+00,1.078487304687500000e+03,1.439764843750000000e+04,2.303515625000000000e+01,1.742464355468750000e+03,3.362928710937500000e+03,1.630603027343750000e+02,2.571136230468750000e+03,1.620361694335937500e+03,6.663742675781250000e+02,3.482275390625000000e+01,4.587807006835937500e+02,3.837248291015625000e+03,2.751498046875000000e+03,1.510269287109375000e+03,8.090214843750000000e+02,1.620075439453125000e+03,6.188614501953125000e+02,4.842862548828125000e+02,3.693466796875000000e+02,1.952970581054687500e+02,4.198725585937500000e+02,1.997332153320312500e+02,9.020039062500000000e+02,1.972430859375000000e+04,1.915971069335937500e+02,2.802999511718750000e+03,6.093862915039062500e+02,2.624520263671875000e+02,3.217490234375000000e+03,2.619720153808593750e+02,3.176694824218750000e+03,5.320284423828125000e+02,1.022087890625000000e+03,2.820875000000000000e+03,2.077140136718750000e+03,4.464044189453125000e+01,6.981269531250000000e+02,7.639193115234375000e+02,4.586065673828125000e+02,9.994393310546875000e+02,4.981927490234375000e+02
7.930333984375000000e+03,2.494597167968750000e+03,3.478791503906250000e+02,8.496866210937500000e+03,6.537670898437500000e+02,1.421837768554687500e+02,9.361901855468750000e+01,4.665029907226562500e+01,1.114349609375000000e+03,3.951860351562500000e+03,8.348023681640625000e+02,6.681782226562500000e+02,3.475175292968750000e+03,9.891387939453125000e+02,8.271156616210937500e+02,5.578313476562500000e+03,7.454118652343750000e+02,5.702291870117187500e+01,8.095603027343750000e+02,4.912079589843750000e+03,2.965519531250000000e+03,7.558495117187500000e+03,1.886718750000000000e+00,2.005611083984375000e+03,4.663024902343750000e+02,3.032647094726562500e+02,3.914996337890625000e+02,6.473864746093750000e+01,4.760703125000000000e+02,1.605995788574218750e+02,7.588867187500000000e+02,3.943144531250000000e+03,2.375414428710937500e+02,1.541069824218750000e+04,4.928066894531250000e+03,2.253020019531250000e+02,3.378376708984375000e+03,1.377097900390625000e+03,2.308003906250000000e+03,3.836320495605468750e+02,1.776117675781250000e+03,4.489583496093750000e+03,8.126396484375000000e+02,2.155954284667968750e+02,8.871442871093750000e+02,1.687404663085937500e+03,3.460235595703125000e+02,3.565805664062500000e+02,3.668978271484375000e+02
2.910292480468750000e+03,2.880436035156250000e+03,4.033892822265625000e+01,2.341030859375000000e+04,1.566476318359375000e+03,7.711773071289062500e+02,1.300743408203125000e+02,9.018133544921875000e+01,1.259846679687500000e+03,3.849785156250000000e+03,4.812568359375000000e+02,5.952666015625000000e+02,3.812146972656250000e+03,1.217698730468750000e+03,9.525544433593750000e+02,4.120128906250000000e+03,4.645340576171875000e+02,2.808850097656250000e+01,3.249085693359375000e+02,3.968532226562500000e+03,2.969429199218750000e+03,2.299150146484375000e+03,6.803393554687500000e+02,4.767924804687500000e+03,1.124702758789062500e+03,1.871333007812500000e+02,5.298791503906250000e+02,7.526205444335937500e+01,2.768833007812500000e+02,6.269311523437500000e+01,2.148128906250000000e+03,3.809859375000000000e+03,5.759600830078125000e+01,2.587856933593750000e+03,6.378943481445312500e+02,1.134479980468750000e+02,3.508947753906250000e+03,3.235936279296875000e+02,8.210423828125000000e+03,5.638538818359375000e+02,3.297141113281250000e+02,4.592972656250000000e+03,2.354318359375000000e+03,1.871611175537109375e+02,2.992878417968750000e+02,1.270875488281250000e+03,3.114910888671875000e+02,6.772735595703125000e+02,6.626252441406250000e+02
3.084033203125000000e+03,4.970650878906250000e+03,2.994317626953125000e+02,1.356948242187500000e+04,2.339029785156250000e+03,4.007086181640625000e+02,2.561469726562500000e+02,1.926242980957031250e+02,1.430119921875000000e+04,1.087633593750000000e+04,1.227683105468750000e+03,4.998945312500000000e+03,1.864336425781250000e+03,1.357604492187500000e+03,3.382714843750000000e+02,3.563660888671875000e+03,1.141262451171875000e+03,8.632614135742187500e+01,1.435394653320312500e+03,4.047615722656250000e+03,6.953451171875000000e+03,2.230282958984375000e+03,1.363698486328125000e+03,2.284079833984375000e+03,9.826835937500000000e+02,1.394653076171875000e+03,7.940610351562500000e+02,5.579090576171875000e+02,3.329194335937500000e+02,1.297478515625000000e+03,6.585418945312500000e+03,7.963297851562500000e+03,6.116924438476562500e+02,3.677529296875000000e+03,6.209068603515625000e+02,7.305800781250000000e+02,4.443402832031250000e+03,2.653090209960937500e+02,5.834738769531250000e+03,6.927733154296875000e+02,4.741692382812500000e+03,8.514421875000000000e+03,2.339580810546875000e+03,3.122088623046875000e+02,3.379266357421875000e+03,1.942043334960937500e+03,5.088771667480468750e+02,2.305458251953125000e+03,4.411476440429687500e+02
4.672417480468750000e+03,3.271126708984375000e+03,7.646132812500000000e+02,1.166446875000000000e+04,1.459428222656250000e+03,5.753505249023437500e+02,2.227126922607421875e+02,8.914544677734375000e+01,7.990465332031250000e+03,3.981176513671875000e+03,1.045326904296875000e+03,1.923633056640625000e+03,1.222527099609375000e+03,1.602743652343750000e+03,8.259437255859375000e+02,1.919194580078125000e+03,5.804805908203125000e+02,2.334193878173828125e+02,7.374840698242187500e+02,3.597296142578125000e+03,3.955501953125000000e+03,2.436197753906250000e+03,1.349588012695312500e+03,1.482291015625000000e+03,9.267277832031250000e+02,5.422576904296875000e+02,5.824295043945312500e+02,3.655460815429687500e+02,8.096314697265625000e+02,4.032450866699218750e+02,4.286663085937500000e+03,4.216617187500000000e+03,5.471529541015625000e+02,5.147064453125000000e+03,1.281610595703125000e+03,6.915245361328125000e+02,3.755883300781250000e+03,2.872018737792968750e+02,2.300211181640625000e+03,5.579970703125000000e+02,3.531921386718750000e+03,7.676815429687500000e+03,3.287884521484375000e+03,2.172352142333984375e+02,1.900265136718750000e+03,1.523274536132812500e+03,5.018798522949218750e+02,1.351132690429687500e+03,5.782663574218750000e+02
3.030044433593750000e+03,1.901011230468750000e+03,7.143127441406250000e+01,1.737534179687500000e+02,3.604687500000000000e+01,6.291955566406250000e+01,4.237034301757812500e+02,3.903579711914062500e+01,9.741005859375000000e+03,2.913649902343750000e+03,6.679079589843750000e+02,6.434547851562500000e+03,1.993667846679687500e+03,9.043005981445312500e+02,4.019628906250000000e+02,6.164695312500000000e+03,1.616929443359375000e+03,2.257919464111328125e+02,5.607734375000000000e+02,2.322182128906250000e+03,1.775831542968750000e+03,1.745213745117187500e+03,8.042047119140625000e+02,9.666687011718750000e+02,1.003093627929687500e+03,1.498213500976562500e+02,3.005548095703125000e+01,2.780470275878906250e+02,1.460798095703125000e+03,8.925172119140625000e+02,4.265508789062500000e+03,2.244904296875000000e+03,3.327165832519531250e+02,2.596155029296875000e+03,1.848245849609375000e+03,7.029582519531250000e+02,4.135937500000000000e+02,2.538502502441406250e+02,1.491229370117187500e+03,2.879210205078125000e+02,3.757982421875000000e+03,1.588689453125000000e+04,9.726198730468750000e+02,9.298963928222656250e+01,4.018627441406250000e+03,1.698027832031250000e+03,1.305955322265625000e+03,3.537479736328125000e+03,5.365567626953125000e+02
2.766649414062500000e+03,1.320468261718750000e+03,2.118878784179687500e+02,2.098068945312500000e+04,8.755787353515625000e+02,1.767779541015625000e+02,2.235134735107421875e+02,3.013278808593750000e+02,2.794215820312500000e+03,2.389716552734375000e+03,8.172104492187500000e+02,1.304114990234375000e+03,1.380025878906250000e+03,4.274029541015625000e+02,3.873352050781250000e+02,2.478465332031250000e+03,1.149775146484375000e+03,2.392717895507812500e+02,2.066744628906250000e+03,2.902135498046875000e+03,5.172676757812500000e+03,1.923295776367187500e+03,3.395932128906250000e+03,1.455172119140625000e+03,5.377502441406250000e+02,1.154064575195312500e+03,4.459515380859375000e+01,1.373101196289062500e+02,7.973818359375000000e+02,3.901956787109375000e+02,1.553434570312500000e+03,2.418975097656250000e+03,3.809942626953125000e+01,2.898690673828125000e+03,2.441509277343750000e+03,1.164588623046875000e+02,3.371004882812500000e+03,2.523593139648437500e+02,2.799703125000000000e+03,4.829015197753906250e+02,2.532890625000000000e+03,2.581601074218750000e+03,1.124683837890625000e+03,9.557574462890625000e+01,9.841590576171875000e+02,1.081682373046875000e+03,2.724526367187500000e+02,4.092982177734375000e+02,6.402014160156250000e+01
1.756600585937500000e+03,9.158540039062500000e+02,3.436270751953125000e+02,7.863833984375000000e+03,2.039331054687500000e+01,8.171978759765625000e+02,1.767480926513671875e+02,4.206405639648437500e+00,7.045385742187500000e+02,1.228699511718750000e+04,4.913542480468750000e+02,1.893033935546875000e+03,4.467506835937500000e+03,2.838769531250000000e+02,4.694094726562500000e+03,1.515923950195312500e+03,1.656536743164062500e+03,1.853329467773437500e+01,1.053220214843750000e+02,3.220266845703125000e+03,2.426426757812500000e+03,1.445140747070312500e+03,5.188894042968750000e+02,1.358147460937500000e+03,6.281822509765625000e+02,5.194674072265625000e+02,4.638690795898437500e+02,3.102143859863281250e+02,5.675991210937500000e+02,1.555015258789062500e+02,3.343346679687500000e+03,1.805412500000000000e+04,1.427463989257812500e+02,2.694847167968750000e+03,3.984783935546875000e+02,1.047679443359375000e+02,1.410626757812500000e+04,2.462375183105468750e+02,2.958509765625000000e+03,7.035250244140625000e+02,1.756118164062500000e+04,2.148672851562500000e+03,1.784380371093750000e+03,2.644753417968750000e+02,1.649194335937500000e+01,9.757005615234375000e+02,3.534285888671875000e+02,8.267963867187500000e+02,2.577913818359375000e+02
3.376087890625000000e+03,1.976640380859375000e+03,3.919237060546875000e+02,8.177511718750000000e+03,9.592551269531250000e+02,6.131151123046875000e+02,1.823214721679687500e+01,3.101512908935546875e+01,2.511044921875000000e+02,3.922120849609375000e+03,8.097856445312500000e+02,1.041765136718750000e+03,3.232260498046875000e+03,7.711086425781250000e+02,1.008528381347656250e+03,5.290811523437500000e+03,1.437813232421875000e+03,8.335594177246093750e+01,4.381911621093750000e+02,4.734417968750000000e+03,3.826208984375000000e+03,7.280826660156250000e+03,1.917196777343750000e+03,1.769084960937500000e+03,4.821192321777343750e+02,9.718066406250000000e+01,1.775561523437500000e+02,7.542166137695312500e+01,1.252797851562500000e+02,1.529437561035156250e+02,4.942656250000000000e+02,3.501428955078125000e+03,4.844390869140625000e+02,1.660028515625000000e+04,2.309527343750000000e+03,1.311597290039062500e+02,3.327610107421875000e+03,1.404832519531250000e+03,2.199453125000000000e+03,3.696245117187500000e+02,3.204824218750000000e+02,1.122296875000000000e+03,8.743183593750000000e+02,1.794060668945312500e+02,8.183432617187500000e+02,1.073412231445312500e+03,4.459470214843750000e+02,5.134340820312500000e+02,3.293902587890625000e+02
1.783470092773437500e+03,2.596417724609375000e+03,1.709605102539062500e+02,2.445769140625000000e+04,9.048288574218750000e+02,3.155658569335937500e+02,6.630596923828125000e+01,1.384181060791015625e+02,7.378750000000000000e+02,3.831132080078125000e+03,4.051528320312500000e+02,2.179548339843750000e+02,2.939762207031250000e+03,1.060891235351562500e+03,8.410060424804687500e+02,3.040737792968750000e+03,2.430561523437500000e+02,7.811096191406250000e+00,1.064008789062500000e+02,3.916102539062500000e+03,3.154911376953125000e+03,2.221173828125000000e+03,7.691538085937500000e+02,4.689142578125000000e+03,8.454908447265625000e+02,2.988006591796875000e+00,2.820263671875000000e+02,1.633834838867187500e+02,1.788376464843750000e+02,7.911181640625000000e+01,1.689283691406250000e+03,3.270040527343750000e+03,3.100082397460937500e+02,2.450382568359375000e+03,7.856867065429687500e+02,6.594299316406250000e+01,3.424714599609375000e+03,2.879578857421875000e+02,7.209704101562500000e+03,4.727060241699218750e+02,1.290746826171875000e+03,4.794218750000000000e+03,1.911063964843750000e+03,1.623577728271484375e+02,4.451921386718750000e+02,1.094109375000000000e+03,4.532858276367187500e+02,7.568181152343750000e+02,5.856587524414062500e+02
1.884953613281250000e+03,4.737666992187500000e+03,1.632010498046875000e+02,1.316183984375000000e+04,1.964240356445312500e+03,4.474963989257812500e+02,2.503346099853515625e+02,1.653206939697265625e+02,1.035660449218750000e+04,1.077283886718750000e+04,1.214743530273437500e+03,3.134451660156250000e+03,1.650913574218750000e+03,1.360458618164062500e+03,4.103287963867187500e+02,3.705187011718750000e+03,1.322107910156250000e+03,3.069250488281250000e+01,1.783331298828125000e+03,4.043282226562500000e+03,6.889302246093750000e+03,2.176129150390625000e+03,1.187151245117187500e+03,2.031534423828125000e+03,9.084351806640625000e+02,1.422864013671875000e+03,6.945576171875000000e+02,5.582727661132812500e+02,2.322243652343750000e+02,8.727235717773437500e+02,7.362578125000000000e+03,6.289047851562500000e+03,6.101647338867187500e+02,3.315585937500000000e+03,7.215612182617187500e+02,7.046790161132812500e+02,5.817638671875000000e+03,2.505187683105468750e+02,5.622939453125000000e+03,7.992841796875000000e+02,4.687434570312500000e+03,7.870163085937500000e+03,1.689667724609375000e+03,3.154141235351562500e+02,3.016625976562500000e+03,1.685504272460937500e+03,4.906003112792968750e+02,2.287664550781250000e+03,4.848066406250000000e+02
1.824915283203125000e+03,2.798003662109375000e+03,3.215926513671875000e+02,1.106600585937500000e+04,1.425984741210937500e+03,2.936568603515625000e+02,2.302926635742187500e+02,9.092224121093750000e+01,5.398744140625000000e+03,3.957619140625000000e+03,1.047952148437500000e+03,2.145856689453125000e+03,1.339218261718750000e+03,1.462863281250000000e+03,4.566637573242187500e+02,2.219087402343750000e+03,6.784000244140625000e+02,2.278078002929687500e+02,1.058701904296875000e+03,3.541915039062500000e+03,4.007151367187500000e+03,2.422072753906250000e+03,7.666192016601562500e+02,1.484486450195312500e+03,8.809810791015625000e+02,1.059167968750000000e+03,6.081414794921875000e+02,4.552512207031250000e+02,7.437221679687500000e+02,3.262300720214843750e+02,5.795342773437500000e+03,3.895290771484375000e+03,6.087232666015625000e+02,4.645110351562500000e+03,7.776364746093750000e+02,6.382608032226562500e+02,4.715205566406250000e+03,3.194595031738281250e+02,2.265258300781250000e+03,4.856893615722656250e+02,2.960069335937500000e+03,4.785952636718750000e+03,2.678087890625000000e+03,2.708914184570312500e+02,1.792140747070312500e+03,1.326502807617187500e+03,4.837950439453125000e+02,1.286116210937500000e+03,5.254952392578125000e+02
2.995396972656250000e+03,2.228700195312500000e+03,3.466788330078125000e+02,1.606947265625000000e+03,4.248291015625000000e+01,1.943590087890625000e+02,3.470324707031250000e+02,4.908013916015625000e+01,7.586679687500000000e+03,2.688609375000000000e+03,6.436082763671875000e+02,5.522500488281250000e+03,2.551495117187500000e+03,8.305237426757812500e+02,8.970739746093750000e+02,6.935621093750000000e+03,2.576412109375000000e+03,2.239454498291015625e+02,3.994138183593750000e+02,2.583133789062500000e+03,2.086959716796875000e+03,1.899760498046875000e+03,7.218000488281250000e+02,1.451153808593750000e+03,9.942354736328125000e+02,4.931967773437500000e+02,4.083101806640625000e+02,3.820390930175781250e+02,3.826022949218750000e+02,6.156123657226562500e+02,4.228437011718750000e+03,2.221598632812500000e+03,2.110362548828125000e+02,2.619461425781250000e+03,2.415873535156250000e+03,5.872167968750000000e+02,4.542119628906250000e+03,2.317618103027343750e+02,1.378239624023437500e+03,5.929271240234375000e+02,2.532595214843750000e+02,1.372302734375000000e+04,7.661411743164062500e+02,1.239357604980468750e+02,3.952660644531250000e+03,2.577404296875000000e+03,1.371452148437500000e+03,2.172128173828125000e+03,4.770650024414062500e+02
1.101721923828125000e+03,1.334258178710937500e+03,4.729686279296875000e+02,2.107138671875000000e+04,1.445898437500000000e+01,6.929606933593750000e+02,8.139346313476562500e+01,1.954815063476562500e+02,2.510600097656250000e+03,2.101815429687500000e+03,7.447257690429687500e+02,2.546726318359375000e+03,1.303897094726562500e+03,7.265466918945312500e+02,6.332918701171875000e+02,2.620885742187500000e+03,9.681965332031250000e+02,1.966295776367187500e+02,1.813732910156250000e+03,3.121841796875000000e+03,4.818030761718750000e+03,2.174028076171875000e+03,7.183215820312500000e+03,1.682379028320312500e+03,5.361092529296875000e+02,1.034747436523437500e+03,3.978634033203125000e+02,1.255297546386718750e+02,1.489892333984375000e+03,8.745629882812500000e+01,8.884824218750000000e+02,2.049142333984375000e+03,5.363047485351562500e+02,2.795180664062500000e+03,2.771015136718750000e+03,1.937255859375000000e+02,3.528345703125000000e+03,2.671559448242187500e+02,7.562010742187500000e+03,6.155657958984375000e+02,3.394540039062500000e+03,6.829690917968750000e+03,8.424464111328125000e+02,9.733177185058593750e+01,1.062578613281250000e+03,8.530841064453125000e+02,3.784459228515625000e+02,2.712941894531250000e+02,8.125000000000000000e+00
1.044229785156250000e+04,1.278760742187500000e+03,2.933874511718750000e+02,8.854049804687500000e+03,1.089537353515625000e+02,3.321871337890625000e+02,3.763824462890625000e+00,1.466328430175781250e+01,3.523916015625000000e+02,7.532312500000000000e+03,7.655993652343750000e+01,2.937841308593750000e+03,3.220604492187500000e+03,2.554207763671875000e+02,4.332268554687500000e+03,1.653747314453125000e+03,1.184782226562500000e+03,1.445442199707031250e+01,3.304487304687500000e+02,3.958832519531250000e+03,2.990619628906250000e+03,1.522647094726562500e+03,6.657785644531250000e+02,6.684255371093750000e+02,5.563636474609375000e+02,8.803222656250000000e+02,3.436929931640625000e+02,3.251834716796875000e+02,1.449274902343750000e+02,5.115777587890625000e+01,4.995097656250000000e+03,1.634252050781250000e+04,2.890576171875000000e+02,3.086453613281250000e+03,4.732060546875000000e+02,1.915844726562500000e+01,1.269837695312500000e+04,2.400540466308593750e+02,2.875868164062500000e+03,3.838479003906250000e+02,3.615508300781250000e+03,2.268742187500000000e+03,1.497705810546875000e+03,1.169261474609375000e+02,2.073786621093750000e+02,5.152138671875000000e+02,5.360444335937500000e+02,7.134699707031250000e+02,3.710473022460937500e+02
5.495266113281250000e+02,2.307281982421875000e+03,3.383035888671875000e+02,8.281000000000000000e+03,2.903486328125000000e+02,1.820371093750000000e+02,1.168896484375000000e+01,6.262341308593750000e+01,9.074790039062500000e+02,3.701161621093750000e+03,7.648369140625000000e+02,2.514797851562500000e+03,2.217191894531250000e+03,6.647889404296875000e+02,8.271172485351562500e+02,5.353399414062500000e+03,1.485219116210937500e+03,1.019959259033203125e+02,1.925351562500000000e+02,4.560168945312500000e+03,3.093330078125000000e+03,5.991701171875000000e+03,8.665970458984375000e+02,1.539877685546875000e+03,4.068525695800781250e+02,1.990230712890625000e+02,4.694868164062500000e+02,9.061706542968750000e+00,2.171337890625000000e+02,4.395288085937500000e+01,4.050004882812500000e+02,4.248020019531250000e+03,2.911143798828125000e+02,1.899441796875000000e+04,2.814520263671875000e+03,1.572885131835937500e+02,4.515472167968750000e+03,1.663092285156250000e+03,2.308184082031250000e+03,4.285855407714843750e+02,5.977294921875000000e+02,4.387073242187500000e+03,1.544380859375000000e+03,1.848123168945312500e+02,6.199936523437500000e+02,1.229832397460937500e+03,4.938754882812500000e+02,4.982307128906250000e+02,3.294803466796875000e+02
1.022750976562500000e+03,2.534811523437500000e+03,9.142939453125000000e+02,1.600408398437500000e+04,8.337064208984375000e+02,7.706265869140625000e+02,3.698780822753906250e+01,3.128230285644531250e+01,2.648667968750000000e+03,3.618748046875000000e+03,4.660046386718750000e+02,1.346603515625000000e+03,1.915216064453125000e+03,1.054493530273437500e+03,9.568571777343750000e+02,4.696033203125000000e+03,1.553679199218750000e+02,1.418524169921875000e+01,2.671140136718750000e+02,5.795905273437500000e+03,3.131810058593750000e+03,2.267153808593750000e+03,1.924051025390625000e+03,5.274537597656250000e+03,6.554595947265625000e+02,4.214630737304687500e+02,3.101721191406250000e+02,5.001867675781250000e+01,7.212136230468750000e+02,2.662343750000000000e+02,9.625595703125000000e+02,4.079920654296875000e+03,2.844511108398437500e+02,2.881375732421875000e+03,1.015318359375000000e+03,2.546385498046875000e+02,4.086204589843750000e+03,2.946978454589843750e+02,7.845156250000000000e+03,7.637829589843750000e+02,1.135119628906250000e+03,4.279523925781250000e+03,1.683234619140625000e+03,1.637319488525390625e+02,2.904541015625000000e+02,1.086201416015625000e+03,2.240276489257812500e+02,4.861313476562500000e+02,4.265830688476562500e+02
2.319311767578125000e+03,6.208185546875000000e+03,4.810965576171875000e+02,1.320607714843750000e+04,1.846227539062500000e+03,6.908918457031250000e+02,2.561351318359375000e+02,1.596739044189453125e+02,1.028897070312500000e+04,8.482515625000000000e+03,1.008182983398437500e+03,3.248015136718750000e+03,1.600899169921875000e+03,1.277699707031250000e+03,2.441280761718750000e+03,3.290754882812500000e+03,1.842855834960937500e+03,9.845175170898437500e+01,2.467925292968750000e+03,4.406649414062500000e+03,6.849767089843750000e+03,2.183831054687500000e+03,1.409833740234375000e+03,2.415646484375000000e+03,6.341400756835937500e+02,1.670793579101562500e+03,7.164023437500000000e+02,5.234010009765625000e+02,1.042199218750000000e+03,7.120363159179687500e+02,7.414838867187500000e+03,1.461362695312500000e+04,6.589960937500000000e+02,3.407755859375000000e+03,7.125253295898437500e+02,7.456958007812500000e+02,7.728807617187500000e+03,2.553229064941406250e+02,6.177845703125000000e+03,8.921120605468750000e+02,4.836880371093750000e+03,7.702244628906250000e+03,1.879045898437500000e+03,2.622035522460937500e+02,3.670296875000000000e+03,1.649300537109375000e+03,5.150633544921875000e+02,2.282760498046875000e+03,4.318741455078125000e+02
3.166860839843750000e+03,2.489772949218750000e+03,5.651657714843750000e+02,1.096146484375000000e+04,1.281733154296875000e+03,3.813657836914062500e+02,2.337595062255859375e+02,9.993103027343750000e+01,6.119626464843750000e+03,3.883486328125000000e+03,8.429274291992187500e+02,2.251377441406250000e+03,1.383836547851562500e+03,1.465249389648437500e+03,2.945005493164062500e+02,2.563814453125000000e+03,9.014518432617187500e+02,2.310715179443359375e+02,1.378667724609375000e+03,3.890117187500000000e+03,3.992595947265625000e+03,2.731254882812500000e+03,1.742740112304687500e+03,2.054699951171875000e+03,6.232943115234375000e+02,1.018371398925781250e+03,5.986450195312500000e+02,3.098159179687500000e+02,1.136251464843750000e+03,3.104086914062500000e+02,5.419466796875000000e+03,5.514001464843750000e+03,6.434531860351562500e+02,4.907686523437500000e+03,6.992346191406250000e+02,6.307990112304687500e+02,5.258604003906250000e+03,3.278565673828125000e+02,2.699886474609375000e+03,6.446617431640625000e+02,4.442250000000000000e+03,5.697541015625000000e+03,1.893562255859375000e+03,1.723257446289062500e+02,2.253958496093750000e+03,1.378736206054687500e+03,5.024724426269531250e+02,1.464253906250000000e+03,4.481876831054687500e+02
9.932810058593750000e+02,2.347721191406250000e+03,6.935858154296875000e+02,3.644320312500000000e+03,4.365590820312500000e+02,7.062765502929687500e+02,3.307498168945312500e+02,9.233770751953125000e+01,7.323153808593750000e+03,1.555115478515625000e+03,9.289576416015625000e+02,2.365285644531250000e+03,1.530627685546875000e+03,8.823860473632812500e+02,1.021570190429687500e+03,5.713180664062500000e+03,1.236044677734375000e+03,2.183697662353515625e+02,9.432246093750000000e+02,2.682462158203125000e+03,2.103125244140625000e+03,1.842205566406250000e+03,9.744715576171875000e+02,1.699827880859375000e+03,6.741171875000000000e+02,5.045947875976562500e+02,4.002360839843750000e+02,1.755413513183593750e+02,1.563543457031250000e+03,5.762048950195312500e+02,2.888384277343750000e+03,4.702788085937500000e+03,4.221063537597656250e+02,2.653590576171875000e+03,1.372960815429687500e+03,7.238966674804687500e+02,3.228033203125000000e+03,2.607229919433593750e+02,1.325603515625000000e+03,5.857509765625000000e+02,3.155744384765625000e+03,5.240430664062500000e+03,1.049301269531250000e+03,9.182958984375000000e+01,2.898899414062500000e+03,1.273067016601562500e+03,7.546215820312500000e+02,1.141819946289062500e+03,3.537575073242187500e+02
1.998703125000000000e+03,1.673572143554687500e+03,1.430334228515625000e+03,5.715613769531250000e+03,8.682321777343750000e+02,8.466369628906250000e+02,3.607151489257812500e+02,2.345419311523437500e+01,1.024978125000000000e+04,1.626111816406250000e+03,6.097405395507812500e+02,7.871927734375000000e+03,1.080367187500000000e+03,2.148018310546875000e+03,4.960252685546875000e+02,8.681343750000000000e+03,1.325079711914062500e+03,2.536110382080078125e+02,3.871480712890625000e+02,3.197612792968750000e+03,1.615591796875000000e+03,1.555494873046875000e+03,3.825981201171875000e+03,4.161904296875000000e+02,3.796735229492187500e+02,7.428134765625000000e+02,5.697167968750000000e+01,4.112166442871093750e+02,4.857885742187500000e+02,6.385825805664062500e+02,3.629508300781250000e+03,3.126006591796875000e+03,2.962032775878906250e+02,2.538156250000000000e+03,5.320578125000000000e+03,8.035800781250000000e+02,3.607448974609375000e+03,2.676183166503906250e+02,7.443214843750000000e+03,3.016279296875000000e+02,4.980069335937500000e+03,1.969667578125000000e+04,9.909637451171875000e+02,9.326396179199218750e+01,4.404235839843750000e+01,1.950767822265625000e+02,2.030471435546875000e+03,1.731416992187500000e+03,1.434652709960937500e+02
2.479303222656250000e+03,3.600009765625000000e+03,2.862833251953125000e+02,9.392088867187500000e+03,4.334680175781250000e+02,5.457145385742187500e+02,6.856510925292968750e+01,1.466417083740234375e+02,7.779183593750000000e+03,7.141750488281250000e+03,4.599090576171875000e+01,9.924479980468750000e+02,4.619149414062500000e+03,1.085546264648437500e+02,1.051589355468750000e+03,1.396697998046875000e+03,4.887337646484375000e+02,2.120294952392578125e+02,1.487099243164062500e+03,3.894217773437500000e+03,3.511268066406250000e+03,1.181278076171875000e+03,1.206737182617187500e+03,1.517085449218750000e+03,3.803302307128906250e+02,9.771862792968750000e+02,1.488894042968750000e+02,3.508534240722656250e+02,9.181958007812500000e+02,9.746008300781250000e+01,4.920171875000000000e+03,6.444148437500000000e+03,4.958202514648437500e+02,3.235526123046875000e+03,5.302352905273437500e+02,4.023475952148437500e+02,1.002230664062500000e+04,2.341682128906250000e+02,1.054141894531250000e+04,6.263012695312500000e+01,4.923283203125000000e+03,2.134375000000000000e+02,1.380800048828125000e+03,2.207044677734375000e+02,1.707225341796875000e+03,1.438431152343750000e+03,4.439616699218750000e+02,3.437884521484375000e+02,2.991798706054687500e+02
8.895698242187500000e+02,2.635624267578125000e+03,3.865686035156250000e+01,8.373895507812500000e+03,6.987451171875000000e+02,4.484652709960937500e+02,1.065663146972656250e+01,4.387161254882812500e+01,4.547947753906250000e+03,2.688280273437500000e+03,7.151571044921875000e+02,2.327925781250000000e+03,1.317786254882812500e+03,5.894771728515625000e+02,7.906144409179687500e+02,1.902797485351562500e+03,8.415863037109375000e+02,6.249542236328125000e+01,7.605065917968750000e+01,2.884279785156250000e+03,2.482067382812500000e+03,4.060592773437500000e+03,1.000364807128906250e+03,9.808736572265625000e+02,4.050632019042968750e+02,1.897451782226562500e+01,1.485054321289062500e+02,2.314320678710937500e+02,1.024729003906250000e+02,1.864489746093750000e+01,1.602205078125000000e+03,4.275973632812500000e+03,4.707221069335937500e+02,1.377221484375000000e+04,1.155938476562500000e+03,1.153001098632812500e+02,4.404111328125000000e+03,1.114865478515625000e+03,1.621435791015625000e+03,3.364158020019531250e+02,2.279562988281250000e+02,1.221850097656250000e+03,1.881686035156250000e+03,1.384863739013671875e+02,2.176191162109375000e+03,7.592082519531250000e+02,4.410880737304687500e+02,2.967995605468750000e+02,3.175104370117187500e+02
1.369507568359375000e+03,1.958652954101562500e+03,1.192250488281250000e+03,6.293270507812500000e+03,6.083291015625000000e+02,1.641742553710937500e+02,1.847548370361328125e+02,8.275962829589843750e+00,2.843223144531250000e+03,2.416755859375000000e+03,2.624302978515625000e+02,7.764819335937500000e+02,1.478970336914062500e+03,9.965773315429687500e+02,8.241468505859375000e+02,2.287922851562500000e+03,8.587685546875000000e+02,3.114283752441406250e+01,3.921313476562500000e+01,4.867688964843750000e+03,2.513167968750000000e+03,2.162960449218750000e+03,3.053279296875000000e+03,4.175086425781250000e+03,5.062461853027343750e+02,5.590872192382812500e+02,3.344227294921875000e+02,1.115945434570312500e+02,1.672055664062500000e+02,7.157397460937500000e+01,2.239212402343750000e+03,3.930105712890625000e+03,3.626582641601562500e+02,2.812831787109375000e+03,1.272072265625000000e+03,1.116564331054687500e+02,3.901066406250000000e+03,3.420982055664062500e+02,1.801556884765625000e+03,5.542067871093750000e+02,1.527623779296875000e+03,2.153407226562500000e+03,1.233566162109375000e+03,1.677108001708984375e+02,9.962446289062500000e+02,1.200615844726562500e+03,3.414050903320312500e+02,5.634284667968750000e+02,3.982625122070312500e+02
1.591544433593750000e+03,4.280239257812500000e+03,4.617868652343750000e+02,1.131616210937500000e+04,1.519079711914062500e+03,3.181400146484375000e+02,2.784468688964843750e+02,1.417905120849609375e+02,6.052359863281250000e+03,3.902230957031250000e+03,7.959111328125000000e+02,2.519069824218750000e+03,1.566284423828125000e+03,8.783351440429687500e+02,1.022995361328125000e+03,3.004712890625000000e+03,1.772208862304687500e+03,1.614666748046875000e+01,1.778438964843750000e+03,3.930685058593750000e+03,5.926357421875000000e+03,1.905341674804687500e+03,1.237509887695312500e+03,2.258439208984375000e+03,5.174277343750000000e+02,1.340749633789062500e+03,5.766718750000000000e+02,5.540309448242187500e+02,2.813128173828125000e+03,2.676558837890625000e+02,6.814166992187500000e+03,5.486938964843750000e+03,6.118824462890625000e+02,2.694535644531250000e+03,8.066809082031250000e+02,6.951759033203125000e+02,6.169377929687500000e+03,2.551825256347656250e+02,2.527569091796875000e+03,7.758479003906250000e+02,3.740311279296875000e+03,5.806449218750000000e+03,1.255288940429687500e+03,3.024150390625000000e+02,2.856342529296875000e+03,1.486787353515625000e+03,6.349358520507812500e+02,1.786308959960937500e+03,3.723176879882812500e+02
1.080769165039062500e+03,2.417064453125000000e+03,1.326523071289062500e+03,1.005482617187500000e+04,1.432874145507812500e+03,5.738117065429687500e+02,2.286404724121093750e+02,9.342561340332031250e+01,4.213464355468750000e+03,3.338256103515625000e+03,7.586347045898437500e+02,1.943537109375000000e+03,1.334191284179687500e+03,1.363837890625000000e+03,1.577378540039062500e+02,2.464166992187500000e+03,7.487332763671875000e+02,2.807717285156250000e+02,9.814787597656250000e+02,3.765640625000000000e+03,3.460487548828125000e+03,2.348663085937500000e+03,1.266176513671875000e+03,1.984134765625000000e+03,4.793300170898437500e+02,6.696893920898437500e+02,5.128603515625000000e+02,3.207260742187500000e+02,1.533208007812500000e+03,2.178714599609375000e+02,5.303929199218750000e+03,4.124909179687500000e+03,5.869807128906250000e+02,4.845118164062500000e+03,5.375374145507812500e+02,5.608283691406250000e+02,4.770014160156250000e+03,4.118260192871093750e+02,1.923568115234375000e+03,4.750748596191406250e+02,2.016231445312500000e+03,4.791717773437500000e+03,1.593069580078125000e+03,2.938099975585937500e+02,1.922975097656250000e+03,1.121336425781250000e+03,4.887021484375000000e+02,1.323375244140625000e+03,3.722154541015625000e+02
1.490122558593750000e+03,1.830244628906250000e+03,3.111032104492187500e+02,4.076309570312500000e+03,1.683273925781250000e+02,7.712390136718750000e+01,3.217430419921875000e+02,8.704463195800781250e+01,3.880574218750000000e+03,1.423017578125000000e+03,4.493999633789062500e+02,4.681505859375000000e+03,1.071414184570312500e+03,7.075206298828125000e+02,7.359023437500000000e+02,5.536907226562500000e+03,1.092929931640625000e+03,2.139910278320312500e+02,6.356046142578125000e+02,2.966964843750000000e+03,2.422889160156250000e+03,1.790107421875000000e+03,8.329286499023437500e+02,1.208754272460937500e+03,5.700586547851562500e+02,4.093812866210937500e+02,1.103637084960937500e+02,2.492950439453125000e+02,1.974049316406250000e+03,5.791862182617187500e+02,5.824723144531250000e+03,1.899992187500000000e+03,3.747529296875000000e+02,3.272895019531250000e+03,1.982368896484375000e+03,6.354909667968750000e+02,3.339771484375000000e+03,2.366798095703125000e+02,1.027276611328125000e+03,4.929031677246093750e+02,1.010324707031250000e+02,1.160413574218750000e+04,7.681845092773437500e+02,1.452739715576171875e+02,1.512962646484375000e+03,1.366062744140625000e+03,1.282073730468750000e+03,2.042163818359375000e+03,3.328907470703125000e+02
9.419140625000000000e+01,1.671974121093750000e+03,4.582613525390625000e+02,5.835849121093750000e+03,2.132698974609375000e+02,2.829153320312500000e+03,8.165583801269531250e+01,5.277030944824218750e+01,2.299990234375000000e+02,1.160463134765625000e+03,5.883551025390625000e+02,5.667463378906250000e+02,1.124236450195312500e+03,3.454108886718750000e+02,5.799434204101562500e+02,4.415381347656250000e+03,9.641577148437500000e+02,1.886540985107421875e+02,1.526109130859375000e+03,2.925278808593750000e+03,6.196639648437500000e+03,1.524116821289062500e+03,2.293463378906250000e+03,1.157972045898437500e+03,3.670928344726562500e+02,7.616665039062500000e+02,7.124816894531250000e+00,6.458758544921875000e+01,7.710795898437500000e+02,2.247735595703125000e+01,8.976137695312500000e+02,1.279459960937500000e+03,4.941252441406250000e+02,3.132659912109375000e+03,1.198787719726562500e+03,1.014579467773437500e+02,3.426141357421875000e+03,2.669820251464843750e+02,7.818396484375000000e+03,3.982193298339843750e+02,8.779589843750000000e+02,2.710616699218750000e+03,5.245465087890625000e+02,1.067388000488281250e+02,9.307966308593750000e+02,9.022891845703125000e+02,1.748891601562500000e+02,4.984031982421875000e+02,5.547924804687500000e+01
2.277832641601562500e+02,3.245668945312500000e+03,1.616673583984375000e+02,7.840411132812500000e+03,4.570299072265625000e+02,4.915753173828125000e+02,4.630212402343750000e+01,2.755634765625000000e+02,4.009829101562500000e+02,5.423617675781250000e+03,3.439745483398437500e+02,1.156489501953125000e+03,9.097757568359375000e+02,1.223496093750000000e+02,2.885075195312500000e+03,1.903853759765625000e+03,9.091247558593750000e+01,3.828674316406250000e+00,5.920043945312500000e+00,2.854653564453125000e+03,3.776511718750000000e+03,1.184704101562500000e+03,7.775382080078125000e+02,2.063547363281250000e+02,3.850505676269531250e+02,1.006027587890625000e+03,3.420418701171875000e+02,2.342973022460937500e+02,2.229907226562500000e+02,7.221429443359375000e+01,3.991888671875000000e+03,1.693745312500000000e+04,4.890534667968750000e+02,2.888674804687500000e+03,5.326419677734375000e+02,9.170605468750000000e+01,1.219205273437500000e+04,2.320074462890625000e+02,6.022925781250000000e+03,2.746187744140625000e+02,8.767100830078125000e+02,4.710664550781250000e+03,6.457299804687500000e+02,2.689794921875000000e+01,2.460678710937500000e+02,1.011834228515625000e+03,1.730456542968750000e+02,6.147265625000000000e+02,2.629390258789062500e+02
1.575437011718750000e+02,2.042306762695312500e+03,3.332159423828125000e+02,1.335133789062500000e+04,7.437534179687500000e+02,2.448265380859375000e+02,1.964360046386718750e+01,1.915826416015625000e+01,8.002807617187500000e+02,2.053918945312500000e+03,6.542102661132812500e+02,1.593030029296875000e+03,1.210187744140625000e+03,5.797216186523437500e+02,4.938511352539062500e+02,1.858846557617187500e+03,6.225346679687500000e+02,6.386474609375000000e+01,5.610524902343750000e+02,5.021672363281250000e+03,2.283097167968750000e+03,4.059975585937500000e+03,7.675032958984375000e+02,9.803889160156250000e+02,3.839149169921875000e+02,4.088937988281250000e+02,3.782186279296875000e+02,1.968664550781250000e+01,5.243208007812500000e+02,4.384710693359375000e+01,2.560073730468750000e+03,2.360150878906250000e+03,4.077542114257812500e+02,1.399342773437500000e+04,1.819985351562500000e+03,5.480700683593750000e+02,4.307006835937500000e+03,1.117798461914062500e+03,1.187162109375000000e+03,3.533239440917968750e+02,1.633201904296875000e+02,2.716794433593750000e+03,7.242738037109375000e+02,2.013679809570312500e+02,3.266975097656250000e+02,7.904567871093750000e+02,3.692578125000000000e+01,5.798306884765625000e+02,2.629752807617187500e+02
6.254409179687500000e+02,1.906077148437500000e+03,7.850198974609375000e+02,6.889220703125000000e+03,6.901940917968750000e+02,8.277498168945312500e+02,1.865826416015625000e+01,2.114241027832031250e+01,3.559003417968750000e+03,1.876186279296875000e+03,2.910007324218750000e+02,2.688969726562500000e+02,3.729621582031250000e+02,8.463088989257812500e+02,8.662986450195312500e+02,4.064923828125000000e+03,1.295245605468750000e+03,1.278924560546875000e+01,1.388247070312500000e+02,3.550693359375000000e+03,2.627593750000000000e+03,2.037013793945312500e+03,1.252495971679687500e+03,4.489766601562500000e+03,6.775407104492187500e+02,2.839067993164062500e+02,7.170255737304687500e+02,5.235903930664062500e+01,1.466660156250000000e+02,1.190402221679687500e+02,3.587782226562500000e+03,1.961023681640625000e+03,2.453006591796875000e+02,2.905317382812500000e+03,1.030576171875000000e+03,6.599164428710937500e+02,3.800724365234375000e+03,2.518828125000000000e+02,1.768706420898437500e+03,6.301505126953125000e+02,1.186229248046875000e+03,5.951914550781250000e+03,1.004875610351562500e+03,2.130790710449218750e+02,1.025455810546875000e+03,3.258836425781250000e+03,2.518663330078125000e+02,3.960208740234375000e+02,3.390202026367187500e+02
1.750852294921875000e+03,5.368985839843750000e+03,4.720606689453125000e+02,1.180188769531250000e+04,1.523156127929687500e+03,5.846835327148437500e+02,2.426557312011718750e+02,1.051504669189453125e+02,5.769811523437500000e+03,3.991441406250000000e+03,7.430054321289062500e+02,2.314351074218750000e+03,1.364983642578125000e+03,1.227876220703125000e+03,1.280502685546875000e+03,2.657515625000000000e+03,1.711380004882812500e+03,1.666929931640625000e+02,1.898066528320312500e+03,3.911541748046875000e+03,6.756185546875000000e+03,1.957220336914062500e+03,1.095258911132812500e+03,2.289990478515625000e+03,4.982825927734375000e+02,1.602137451171875000e+03,6.767666015625000000e+02,5.438480834960937500e+02,6.884238281250000000e+02,2.881641540527343750e+02,6.504870117187500000e+03,4.926356933593750000e+03,6.019549560546875000e+02,2.802360351562500000e+03,6.195524902343750000e+02,6.427775268554687500e+02,7.885064453125000000e+03,2.620874023437500000e+02,1.571870849609375000e+03,8.915336914062500000e+02,2.777907226562500000e+03,5.112713867187500000e+03,1.195995239257812500e+03,2.748477783203125000e+02,2.259315185546875000e+03,1.519920532226562500e+03,4.954295654296875000e+02,2.221985351562500000e+03,3.644882202148437500e+02
9.208020629882812500e+02,2.207887207031250000e+03,6.796704711914062500e+02,9.780217773437500000e+03,1.286577758789062500e+03,5.773546142578125000e+02,2.318876037597656250e+02,8.464190673828125000e+01,4.861416015625000000e+03,3.217276367187500000e+03,6.840867309570312500e+02,1.641260986328125000e+03,1.176748535156250000e+03,1.308035644531250000e+03,1.968691406250000000e+02,2.525172851562500000e+03,7.141351318359375000e+02,2.052754516601562500e+02,1.082952880859375000e+03,3.654712646484375000e+03,4.093604736328125000e+03,2.450382324218750000e+03,8.867384033203125000e+02,2.211810058593750000e+03,3.875520935058593750e+02,1.103058959960937500e+03,5.311340332031250000e+02,2.969607543945312500e+02,1.099721191406250000e+03,2.150704345703125000e+02,4.428369628906250000e+03,3.522314941406250000e+03,4.910515747070312500e+02,4.409298339843750000e+03,4.800781250000000000e+02,6.376246948242187500e+02,4.918361328125000000e+03,3.840183715820312500e+02,2.290693603515625000e+03,5.809160156250000000e+02,1.874985473632812500e+03,4.406396484375000000e+03,1.647686035156250000e+03,1.630992889404296875e+02,1.824906738281250000e+03,1.439834228515625000e+03,4.879707031250000000e+02,1.221917236328125000e+03,3.405248413085937500e+02
2.931757812500000000e+02,2.018111572265625000e+03,5.341925659179687500e+02,5.167683593750000000e+03,4.969116210937500000e+00,9.928393554687500000e+01,3.449912414550781250e+02,1.794311523437500000e+00,2.351402343750000000e+03,1.376403564453125000e+03,4.228062133789062500e+02,3.181444335937500000e+03,3.814409179687500000e+02,1.721899414062500000e+02,8.412296142578125000e+02,5.169140625000000000e+03,3.882517700195312500e+02,2.081882934570312500e+02,2.227233276367187500e+02,2.423654052734375000e+03,2.075030761718750000e+03,1.779928955078125000e+03,6.914006958007812500e+02,1.154655029296875000e+03,4.794318237304687500e+02,4.992363281250000000e+02,6.575866699218750000e+00,1.666469116210937500e+02,3.900157470703125000e+02,2.379654541015625000e+02,4.583500000000000000e+03,1.917172607421875000e+03,5.254523925781250000e+02,2.293371337890625000e+03,8.134946289062500000e+02,5.801342773437500000e+02,2.513813476562500000e+03,2.223910827636718750e+02,9.772199707031250000e+02,6.831990966796875000e+02,5.961340332031250000e+02,6.532611816406250000e+03,6.928854980468750000e+02,8.362255859375000000e+01,1.292222656250000000e+03,2.195612792968750000e+02,4.432799682617187500e+02,1.458593505859375000e+03,3.178983764648437500e+02
3.236364746093750000e+01,1.725093627929687500e+03,3.183605346679687500e+02,6.471161132812500000e+03,3.670766601562500000e+02,2.398399047851562500e+02,6.735766601562500000e+01,2.305517425537109375e+02,8.406962890625000000e+02,1.393826904296875000e+03,5.735077514648437500e+02,8.681621093750000000e+02,1.021118896484375000e+03,2.614569091796875000e+02,3.918407592773437500e+02,2.060565917968750000e+03,9.027807617187500000e+02,1.424812622070312500e+02,1.288784545898437500e+03,2.509312744140625000e+03,2.184475585937500000e+03,1.793762084960937500e+03,1.960546875000000000e+03,4.323444824218750000e+02,5.138915405273437500e+02,4.398404846191406250e+02,1.383003540039062500e+02,3.026683349609375000e+02,3.762927246093750000e+01,3.758917236328125000e+01,4.128256835937500000e+02,1.751289062500000000e+03,5.906766967773437500e+02,2.605280517578125000e+03,9.398122558593750000e+02,5.748876953125000000e+02,3.607628173828125000e+03,2.718827209472656250e+02,2.255568359375000000e+03,5.041403198242187500e+02,5.386719970703125000e+02,2.929470214843750000e+03,7.070334472656250000e+02,9.382461547851562500e+01,6.464606933593750000e+02,9.276507568359375000e+02,1.239678649902343750e+02,2.443549804687500000e+03,3.502160644531250000e+01
1.724046020507812500e+02,2.435476074218750000e+03,2.929570312500000000e+02,8.955822265625000000e+03,2.903843994140625000e+02,2.223378906250000000e+02,9.218627929687500000e+00,2.765365600585937500e+01,9.067070312500000000e+02,2.777989257812500000e+03,2.828704833984375000e+02,2.224491943359375000e+03,9.781970214843750000e+02,1.850626831054687500e+02,8.344621582031250000e+02,1.578062377929687500e+03,4.242675781250000000e+00,1.199569702148437500e+01,1.287692871093750000e+02,2.662633056640625000e+03,3.034206054687500000e+03,1.251810546875000000e+03,6.554012451171875000e+02,5.916341552734375000e+02,3.592111206054687500e+02,1.015705078125000000e+03,1.717432861328125000e+02,2.193107299804687500e+02,1.465625000000000000e+03,4.428411865234375000e+01,3.047375000000000000e+03,1.525861523437500000e+04,5.373510742187500000e+02,2.874041992187500000e+03,4.354102783203125000e+02,3.896596923828125000e+03,1.046387011718750000e+04,2.421854248046875000e+02,2.530262695312500000e+03,4.816418457031250000e+01,1.305392578125000000e+03,2.146189941406250000e+03,8.204371337890625000e+02,3.329835205078125000e+02,5.179946289062500000e+02,1.221987670898437500e+03,1.233380737304687500e+02,4.563989257812500000e+02,2.743808593750000000e+02
2.118483886718750000e+02,2.037258422851562500e+03,1.463587036132812500e+02,1.820724609375000000e+04,4.638925781250000000e+02,6.899301147460937500e+02,2.466386413574218750e+01,7.393168640136718750e+01,1.669630859375000000e+03,2.347052246093750000e+03,5.971080932617187500e+02,4.164473632812500000e+03,1.298859130859375000e+03,5.745048217773437500e+02,5.884154663085937500e+02,2.752166748046875000e+03,1.279575195312500000e+02,1.496244506835937500e+02,3.319780883789062500e+02,6.338231445312500000e+03,2.910637451171875000e+03,4.382713867187500000e+03,6.331932983398437500e+02,1.177209350585937500e+03,3.249861145019531250e+02,4.013235473632812500e+01,3.536817626953125000e+02,2.325170593261718750e+02,9.135803222656250000e+02,4.166744995117187500e+01,1.190071289062500000e+03,2.581848632812500000e+03,4.197922973632812500e+02,9.612025390625000000e+03,9.651881103515625000e+02,5.647377929687500000e+02,4.380487792968750000e+03,1.429076660156250000e+03,1.336037353515625000e+03,3.364403991699218750e+02,9.979851074218750000e+02,3.687706542968750000e+03,2.954658203125000000e+02,1.284062347412109375e+02,1.167114257812500000e+00,1.145812988281250000e+03,4.570227050781250000e+01,2.781866455078125000e+02,2.382729492187500000e+02
1.331621459960937500e+03,1.844109252929687500e+03,6.422846679687500000e+02,8.352230468750000000e+03,6.255777587890625000e+02,5.938874511718750000e+02,6.014343261718750000e+00,1.324578857421875000e+02,2.056664550781250000e+03,2.006479003906250000e+03,2.388682250976562500e+02,3.462194824218750000e+02,3.119700927734375000e+02,9.433830566406250000e+02,1.039341308593750000e+03,2.553576660156250000e+03,1.291517822265625000e+03,3.953463745117187500e+01,3.663232421875000000e+02,3.144813476562500000e+03,2.397101562500000000e+03,2.060696289062500000e+03,1.022264587402343750e+03,3.599288574218750000e+03,7.392006835937500000e+02,7.147750244140625000e+02,5.500512695312500000e+02,1.095643920898437500e+02,7.503493652343750000e+02,2.678909301757812500e+01,1.378138183593750000e+03,2.237499511718750000e+03,1.811098632812500000e+02,2.487145019531250000e+03,7.447442016601562500e+02,5.727300415039062500e+02,3.866630615234375000e+03,2.537802124023437500e+02,3.465072265625000000e+03,6.957424316406250000e+02,9.730302734375000000e+02,2.712366699218750000e+03,9.794343261718750000e+02,1.176829528808593750e+02,8.465681152343750000e+02,3.012192382812500000e+02,1.593064880371093750e+02,1.810725097656250000e+02,3.276040039062500000e+02
1.394082031250000000e+03,5.368690429687500000e+03,6.422463378906250000e+02,1.185917382812500000e+04,1.409690673828125000e+03,3.205178222656250000e+02,2.580818786621093750e+02,6.909289550781250000e+01,5.609280273437500000e+03,4.023500976562500000e+03,8.005344238281250000e+02,2.584026855468750000e+03,1.225540527343750000e+03,1.062489013671875000e+03,4.647785644531250000e+02,2.456534667968750000e+03,1.408444335937500000e+03,3.692922973632812500e+01,1.632871215820312500e+03,3.524593261718750000e+03,6.405877929687500000e+03,1.926590698242187500e+03,9.443460693359375000e+02,2.234810302734375000e+03,4.471288146972656250e+02,1.129687622070312500e+03,6.813603515625000000e+02,5.376395874023437500e+02,3.254824218750000000e+02,2.586922912597656250e+02,6.152829101562500000e+03,5.152571777343750000e+03,4.585053710937500000e+02,2.309131835937500000e+03,5.338723144531250000e+02,1.646867431640625000e+03,6.746045410156250000e+03,2.595690307617187500e+02,3.228434082031250000e+03,8.207250976562500000e+02,2.505806640625000000e+03,5.272127929687500000e+03,1.246003662109375000e+03,2.785327758789062500e+02,2.638895263671875000e+03,2.200475585937500000e+03,5.178839111328125000e+02,2.009832275390625000e+03,4.262205200195312500e+02
1.059122558593750000e+03,2.318784667968750000e+03,7.151926879882812500e+02,9.678191406250000000e+03,1.249282348632812500e+03,7.165393676757812500e+02,2.250291137695312500e+02,6.281718444824218750e+01,4.254006835937500000e+03,3.819020263671875000e+03,7.233262329101562500e+02,1.696019531250000000e+03,1.067856811523437500e+03,1.401608886718750000e+03,5.518004760742187500e+02,2.473481689453125000e+03,8.563273315429687500e+02,2.200937805175781250e+02,1.074864135742187500e+03,3.632929931640625000e+03,3.488572021484375000e+03,2.783493896484375000e+03,7.935998535156250000e+02,2.487378662109375000e+03,3.854738464355468750e+02,5.380488891601562500e+02,5.798057861328125000e+02,3.767843627929687500e+02,7.572761230468750000e+02,2.403192749023437500e+02,4.356719726562500000e+03,3.159999023437500000e+03,4.746654052734375000e+02,3.122834960937500000e+03,5.490297851562500000e+02,9.935635986328125000e+02,4.725082031250000000e+03,3.847822875976562500e+02,1.984802734375000000e+03,6.034183349609375000e+02,1.835922241210937500e+03,4.284906250000000000e+03,1.531429199218750000e+03,2.374604492187500000e+02,1.574916992187500000e+03,1.543754638671875000e+03,4.914371643066406250e+02,1.386015136718750000e+03,3.249942016601562500e+02
1.058396972656250000e+03,1.870839355468750000e+03,6.402749023437500000e+02,4.927490722656250000e+03,1.380615234375000000e+00,5.186419677734375000e+01,3.249696044921875000e+02,7.631843566894531250e+01,1.175488281250000000e+01,3.414337158203125000e+03,6.834433593750000000e+02,2.123191406250000000e+03,5.541503906250000000e+00,8.958679199218750000e+01,7.181981201171875000e+02,5.051821289062500000e+03,2.115338745117187500e+02,2.148449859619140625e+02,5.236502685546875000e+02,2.519521484375000000e+03,2.019800048828125000e+03,1.834070800781250000e+03,6.176020507812500000e+02,1.077579223632812500e+03,5.738334960937500000e+02,2.976602783203125000e+02,5.827453613281250000e+01,4.346045532226562500e+02,1.032324218750000000e+03,2.556339111328125000e+02,4.180921875000000000e+03,1.910802001953125000e+03,3.984654541015625000e+02,2.257662109375000000e+03,6.720792846679687500e+02,6.073106079101562500e+02,3.052949707031250000e+03,2.248974609375000000e+02,1.069775756835937500e+03,4.605281677246093750e+02,1.119153320312500000e+03,2.691279785156250000e+03,6.649474487304687500e+02,1.219385604858398438e+02,1.003513549804687500e+03,9.996669921875000000e+02,3.680592041015625000e+02,7.976289062500000000e+02,3.605074462890625000e+02
2.974596557617187500e+02,1.722821411132812500e+03,7.067008056640625000e+02,6.979051757812500000e+03,2.715706787109375000e+02,5.937725219726562500e+02,5.594009399414062500e+01,1.251517944335937500e+02,9.497900390625000000e+02,1.949206298828125000e+03,6.101596069335937500e+02,5.786125488281250000e+02,1.128354248046875000e+03,3.524853515625000000e+01,3.675687255859375000e+02,2.332674804687500000e+03,1.014273315429687500e+03,1.794957885742187500e+02,9.842653808593750000e+02,2.250116699218750000e+03,1.079869140625000000e+03,1.904132324218750000e+03,8.446955566406250000e+02,1.272375732421875000e+03,3.693706054687500000e+02,3.729538269042968750e+02,4.240753173828125000e+01,1.096924438476562500e+02,5.398950195312500000e+02,2.297393798828125000e+01,8.093002929687500000e+02,1.626708496093750000e+03,4.949354248046875000e+02,2.532979248046875000e+03,5.753854370117187500e+02,6.453496093750000000e+02,3.581428222656250000e+03,2.754191894531250000e+02,1.746202880859375000e+03,3.759164733886718750e+02,3.069477539062500000e+02,3.275701171875000000e+03,5.575114135742187500e+02,9.792492675781250000e+01,3.168354492187500000e+02,1.065952392578125000e+03,1.821790466308593750e+02,2.156698242187500000e+03,4.909362792968750000e+01
1.153117675781250000e+02,7.269047851562500000e+02,6.119100341796875000e+02,9.422957031250000000e+03,2.383881835937500000e+02,6.753822021484375000e+02,7.071075439453125000e+00,3.425680541992187500e+01,1.565606445312500000e+03,1.085778564453125000e+03,1.544853515625000000e+02,4.468908691406250000e+02,4.503676757812500000e+02,2.548801269531250000e+02,2.541307617187500000e+03,1.616918701171875000e+03,2.708918457031250000e+02,1.294789886474609375e+02,4.019860839843750000e+01,2.287929443359375000e+03,3.877935546875000000e+03,1.210583251953125000e+03,5.826145629882812500e+02,8.781307373046875000e+02,2.588120422363281250e+02,8.022679443359375000e+02,4.153204956054687500e+02,3.295162353515625000e+02,4.328110351562500000e+02,8.148663330078125000e+01,3.952229492187500000e+03,1.147139453125000000e+04,4.129866027832031250e+02,2.691591308593750000e+03,4.104337158203125000e+02,2.286999023437500000e+03,8.842128906250000000e+03,2.464054870605468750e+02,2.211079345703125000e+03,1.353990478515625000e+02,1.479637695312500000e+03,6.792075195312500000e+02,6.330158081054687500e+02,2.612971191406250000e+02,4.292119140625000000e+02,6.205695800781250000e+02,1.311434020996093750e+02,2.148394775390625000e+02,2.364170684814453125e+02
3.424560546875000000e+02,2.151997070312500000e+03,7.904759521484375000e+02,1.822787109375000000e+04,2.893151855468750000e+02,4.762297973632812500e+02,2.641467285156250000e+01,6.645962524414062500e+01,2.518321289062500000e+03,1.295343750000000000e+03,6.544417724609375000e+02,4.151540527343750000e+02,1.313758178710937500e+03,7.096796264648437500e+02,3.589571533203125000e+02,2.968553955078125000e+03,4.544290161132812500e+02,6.789982604980468750e+01,1.656176147460937500e+02,6.602604492187500000e+03,2.310704345703125000e+03,3.753260986328125000e+03,5.611825561523437500e+02,1.839471191406250000e+03,2.937912902832031250e+02,3.343724975585937500e+02,2.456510620117187500e+02,4.650338745117187500e+01,6.528829345703125000e+02,2.729052734375000000e+01,8.740019531250000000e+02,2.147541748046875000e+03,4.131264648437500000e+02,9.329081054687500000e+03,2.692446289062500000e+02,1.039493164062500000e+03,3.979711425781250000e+03,1.509246826171875000e+03,1.373445922851562500e+03,2.476711730957031250e+02,1.354464477539062500e+03,3.726011718750000000e+03,2.193140869140625000e+02,1.597903900146484375e+02,3.627629394531250000e+02,1.258496948242187500e+03,8.320031738281250000e+01,2.824938964843750000e+02,2.073461303710937500e+02
3.975073242187500000e+02,1.942855224609375000e+03,7.110332031250000000e+02,8.118673828125000000e+03,7.804067382812500000e+02,3.817088012695312500e+02,6.443618774414062500e+01,6.255828857421875000e+00,4.190655761718750000e+03,1.426839843750000000e+03,5.214531250000000000e+02,3.643786621093750000e+02,1.317163818359375000e+03,9.341898193359375000e+02,1.741097900390625000e+03,2.899878906250000000e+03,1.342058471679687500e+03,1.263743591308593750e+02,2.709860839843750000e+02,3.419831054687500000e+03,2.488744140625000000e+03,2.058207519531250000e+03,8.913589477539062500e+02,9.410224609375000000e+02,7.772669677734375000e+02,1.284687988281250000e+03,2.767368164062500000e+02,8.356231689453125000e+00,1.041435546875000000e+02,2.738983154296875000e+01,1.253617187500000000e+03,2.133807861328125000e+03,2.722192382812500000e+02,2.581051269531250000e+03,1.212961059570312500e+03,8.349881591796875000e+02,3.678726074218750000e+03,2.802048034667968750e+02,3.650724853515625000e+03,5.408293457031250000e+02,1.458960327148437500e+03,1.773817382812500000e+03,7.939037475585937500e+02,1.391157073974609375e+02,6.190013427734375000e+02,9.290146484375000000e+02,1.378568115234375000e+02,2.060001220703125000e+02,2.241729125976562500e+02
9.906058349609375000e+02,3.391610839843750000e+03,7.209050292968750000e+02,1.147830566406250000e+04,2.123138427734375000e+03,3.868717651367187500e+02,2.634389648437500000e+02,1.111734924316406250e+02,5.039541992187500000e+03,1.701760986328125000e+03,8.175438232421875000e+02,1.628316406250000000e+03,1.284228637695312500e+03,8.362841796875000000e+02,4.611633300781250000e+03,2.557072998046875000e+03,1.233511352539062500e+03,4.310321044921875000e+01,1.584303588867187500e+03,3.672973144531250000e+03,5.863087890625000000e+03,1.919308837890625000e+03,8.331054077148437500e+02,3.435918457031250000e+03,4.224377746582031250e+02,1.745864257812500000e+03,6.542712402343750000e+02,5.415526123046875000e+02,2.624179687500000000e+02,2.334518432617187500e+02,6.026623046875000000e+03,4.830323730468750000e+03,4.422938537597656250e+02,2.325043701171875000e+03,1.078277832031250000e+03,2.006145996093750000e+03,5.655555664062500000e+03,2.592332763671875000e+02,2.501956054687500000e+03,6.462592773437500000e+02,2.361622070312500000e+03,4.354895996093750000e+03,8.149677734375000000e+02,2.677996215820312500e+02,2.035146972656250000e+03,2.677465820312500000e+03,4.729698181152343750e+02,1.923557250976562500e+03,2.215195312500000000e+02
1.083177490234375000e+03,2.165125732421875000e+03,4.919144287109375000e+02,9.413933593750000000e+03,1.468015258789062500e+03,8.418212280273437500e+02,2.194395294189453125e+02,1.986106262207031250e+02,4.411005371093750000e+03,2.844171630859375000e+03,6.203724975585937500e+02,1.535610351562500000e+03,1.068015502929687500e+03,1.256651733398437500e+03,1.492676513671875000e+03,2.217554931640625000e+03,6.840220947265625000e+02,2.262277374267578125e+02,8.879014892578125000e+02,3.440794189453125000e+03,3.303494140625000000e+03,2.340918701171875000e+03,7.855209350585937500e+02,3.211892578125000000e+03,3.900511779785156250e+02,1.329537841796875000e+03,5.256661987304687500e+02,2.836371154785156250e+02,5.026645507812500000e+02,2.051976318359375000e+02,3.900992187500000000e+03,2.784260742187500000e+03,4.490667724609375000e+02,2.190253906250000000e+03,1.174170898437500000e+03,1.405889892578125000e+03,4.364631347656250000e+03,3.549231262207031250e+02,1.564555053710937500e+03,3.912148132324218750e+02,1.821204956054687500e+03,4.411368652343750000e+03,9.298693847656250000e+02,1.625818328857421875e+02,1.611757934570312500e+03,1.620587768554687500e+03,4.625150146484375000e+02,1.245229980468750000e+03,1.743064117431640625e+02
1.096066894531250000e+02,1.947775024414062500e+03,8.177730712890625000e+02,5.557047363281250000e+03,1.199123413085937500e+03,4.881958007812500000e+01,1.806436767578125000e+02,2.317184448242187500e+00,5.686337890625000000e+02,1.421771484375000000e+03,1.909758605957031250e+02,2.057820312500000000e+03,1.230081542968750000e+03,3.305943603515625000e+02,3.333097656250000000e+03,3.917829101562500000e+03,4.629648437500000000e+02,2.135520935058593750e+02,7.066284179687500000e+00,2.894044433593750000e+03,2.089054687500000000e+03,1.711583007812500000e+03,7.473508300781250000e+02,2.180113769531250000e+03,1.452936096191406250e+02,9.243476562500000000e+02,3.011400756835937500e+02,3.337648010253906250e+02,8.109709472656250000e+02,3.042048339843750000e+02,4.271615722656250000e+03,1.820023925781250000e+03,3.933939208984375000e+02,2.421935302734375000e+03,6.897770996093750000e+02,8.042864990234375000e+02,3.542997558593750000e+03,2.314799194335937500e+02,1.105740966796875000e+03,5.164505615234375000e+02,1.337808837890625000e+03,1.299056640625000000e+03,4.991983032226562500e+02,9.321876525878906250e+01,5.951635742187500000e+02,7.032133789062500000e+02,1.090870971679687500e+02,8.029987792968750000e+02,1.909450378417968750e+02
1.038959960937500000e+02,1.752673461914062500e+03,8.094100341796875000e+02,7.626000000000000000e+03,4.274887695312500000e+02,5.238872680664062500e+02,1.466339416503906250e+02,4.691177368164062500e+00,1.761306640625000000e+03,1.504580566406250000e+03,4.158706054687500000e+02,3.038049316406250000e+02,1.072546997070312500e+03,1.021854248046875000e+02,1.615822021484375000e+03,2.223802490234375000e+03,8.451046142578125000e+02,2.824097900390625000e+02,7.982829589843750000e+02,2.130214355468750000e+03,3.098320312500000000e+02,1.305125366210937500e+03,7.530899658203125000e+02,1.657693481445312500e+03,1.774626464843750000e+02,5.170463867187500000e+02,2.376730346679687500e+02,6.427294921875000000e+01,9.892285156250000000e+01,4.407867431640625000e+01,1.397587402343750000e+03,1.457537109375000000e+03,2.608280334472656250e+02,2.457977539062500000e+03,5.609504394531250000e+02,6.441178588867187500e+02,3.354261718750000000e+03,2.797248535156250000e+02,2.431210449218750000e+03,1.512359466552734375e+02,3.868757324218750000e+02,3.358384765625000000e+03,2.850481567382812500e+02,9.570816040039062500e+01,4.173232421875000000e+02,5.948121337890625000e+02,2.129004821777343750e+02,2.407778320312500000e+03,2.712008056640625000e+02
1.515786132812500000e+02,7.960153808593750000e+02,4.547214355468750000e+02,8.915178710937500000e+03,6.599537353515625000e+02,3.737326049804687500e+02,6.007962036132812500e+01,3.164880371093750000e+01,1.478968261718750000e+03,1.674522460937500000e+03,1.198213500976562500e+02,7.474980468750000000e+02,2.484922851562500000e+03,2.573431396484375000e+01,2.999229980468750000e+03,1.424946044921875000e+03,2.923037109375000000e+02,1.075448760986328125e+02,1.607581787109375000e+02,3.184720947265625000e+03,4.196940429687500000e+03,1.091075927734375000e+03,5.690661621093750000e+02,2.564565917968750000e+03,1.548713378906250000e+02,6.911169433593750000e+02,5.837585449218750000e+00,3.314392089843750000e+00,1.768330078125000000e+02,1.255835876464843750e+02,3.358349121093750000e+03,7.809257812500000000e+03,4.310052185058593750e+02,2.656199218750000000e+03,2.057616455078125000e+03,2.502896484375000000e+03,7.072919921875000000e+03,2.381835021972656250e+02,1.993880126953125000e+03,1.714721679687500000e+00,1.065612792968750000e+03,5.532080078125000000e+02,3.877807617187500000e+02,2.370791168212890625e+02,2.215261230468750000e+02,1.035964355468750000e+02,8.341024780273437500e+01,4.161097412109375000e+02,1.933018035888671875e+02
2.941403808593750000e+02,2.113430664062500000e+03,2.552208862304687500e+02,1.304691601562500000e+04,6.601097412109375000e+02,3.296776123046875000e+02,1.737064056396484375e+02,8.867462158203125000e+02,2.157697753906250000e+03,1.502991943359375000e+03,4.702873229980468750e+02,1.141167724609375000e+03,1.267494140625000000e+03,6.627601318359375000e+02,7.201082763671875000e+02,2.647553955078125000e+03,4.711670532226562500e+02,1.081487884521484375e+02,1.417590332031250000e+02,6.091548828125000000e+03,2.282495117187500000e+03,3.737470947265625000e+03,5.026655883789062500e+02,2.074450927734375000e+03,1.684043884277343750e+02,6.579169921875000000e+02,4.478936767578125000e+01,2.123177795410156250e+02,3.145418701171875000e+02,9.541021728515625000e+01,7.620322265625000000e+02,2.623018798828125000e+03,2.931889648437500000e+02,7.689963867187500000e+03,1.072531250000000000e+03,1.009795959472656250e+03,3.844193115234375000e+03,1.414145996093750000e+03,1.375687866210937500e+03,2.342463684082031250e+02,1.586194213867187500e+03,4.195944824218750000e+03,7.498940429687500000e+02,4.828099060058593750e+02,2.929898681640625000e+02,4.944478759765625000e+02,1.851562805175781250e+02,2.979650878906250000e+01,1.460414733886718750e+02
2.073182373046875000e+02,1.934011230468750000e+03,4.176757812500000000e+02,7.963253906250000000e+03,8.078552246093750000e+02,3.278056640625000000e+02,2.803644104003906250e+02,2.598320007324218750e+01,2.201780273437500000e+03,1.503209472656250000e+03,3.181506347656250000e+01,1.820073242187500000e+02,1.182127075195312500e+03,8.333292236328125000e+02,1.830427734375000000e+03,2.572169921875000000e+03,1.163392944335937500e+03,7.000025939941406250e+01,2.495236816406250000e+02,3.211869140625000000e+03,2.236705566406250000e+03,1.994094604492187500e+03,6.244600830078125000e+02,5.453222656250000000e+02,5.857854003906250000e+02,1.140098999023437500e+03,3.401605529785156250e+02,2.500888977050781250e+02,4.323168945312500000e+01,2.954895019531250000e+00,2.382392578125000000e+02,2.324358886718750000e+03,1.905664062500000000e+02,2.675602783203125000e+03,8.244674072265625000e+02,8.941137695312500000e+02,3.498496337890625000e+03,2.644634704589843750e+02,1.920292846679687500e+03,5.845731201171875000e+02,1.438761718750000000e+03,6.860507812500000000e+02,6.112465820312500000e+02,1.103709259033203125e+02,5.418372802734375000e+02,4.748022460937500000e+02,2.906458740234375000e+02,1.285505371093750000e+02,2.446929016113281250e+02
8.491901855468750000e+02,2.719561523437500000e+03,6.258999023437500000e+02,1.128551953125000000e+04,1.653399047851562500e+03,4.070895996093750000e+02,2.361065673828125000e+02,7.581735229492187500e+01,4.694558105468750000e+03,2.858963378906250000e+03,5.634855957031250000e+02,1.590757080078125000e+03,1.523687744140625000e+03,9.745491333007812500e+02,2.957983154296875000e+03,2.165260742187500000e+03,6.958319091796875000e+02,1.354035034179687500e+02,1.326119628906250000e+03,3.401916992187500000e+03,5.720270996093750000e+03,1.888224853515625000e+03,6.243305664062500000e+02,2.650319091796875000e+03,1.606412506103515625e+02,1.689501953125000000e+03,5.284383544921875000e+02,2.879744567871093750e+02,2.556586425781250000e+03,2.204251098632812500e+02,5.431949218750000000e+03,6.347816406250000000e+03,5.627321777343750000e+02,2.428787841796875000e+03,1.159041503906250000e+03,1.408098754882812500e+03,5.246729492187500000e+03,2.586763305664062500e+02,2.855322998046875000e+03,8.072255859375000000e+02,3.059773681640625000e+03,5.034063476562500000e+03,6.012061157226562500e+02,1.493742523193359375e+02,2.520658447265625000e+03,1.778452758789062500e+03,4.808936767578125000e+02,1.829724853515625000e+03,1.902176361083984375e+02
8.292211914062500000e+02,2.076091796875000000e+03,4.884737548828125000e+02,9.011326171875000000e+03,1.276998779296875000e+03,3.454993896484375000e+02,2.157900543212890625e+02,2.837709045410156250e+01,3.857915527343750000e+03,1.696822021484375000e+03,5.132296752929687500e+02,1.209936523437500000e+03,1.078807617187500000e+03,1.270081176757812500e+03,1.732189453125000000e+03,1.946144042968750000e+03,5.055939941406250000e+02,2.019059143066406250e+02,7.121548461914062500e+02,3.403753417968750000e+03,3.218443359375000000e+03,2.324158935546875000e+03,4.494191284179687500e+02,2.217082519531250000e+03,2.251773834228515625e+02,8.121824951171875000e+02,4.593343505859375000e+02,5.541401367187500000e+02,1.525323242187500000e+03,1.993636474609375000e+02,5.197394042968750000e+03,3.883822265625000000e+03,4.246064147949218750e+02,2.163520996093750000e+03,9.004857177734375000e+02,1.027283813476562500e+03,4.057728027343750000e+03,3.571305541992187500e+02,1.338563232421875000e+03,4.109057312011718750e+02,1.888653320312500000e+03,4.030711914062500000e+03,7.130946044921875000e+02,3.109863891601562500e+02,1.705338378906250000e+03,1.168709594726562500e+03,4.635237121582031250e+02,1.257076538085937500e+03,1.861351776123046875e+02
6.828879394531250000e+02,1.804214965820312500e+03,4.585087280273437500e+02,6.991021484375000000e+03,7.282666015625000000e+01,8.707238159179687500e+02,4.143576660156250000e+02,2.690266418457031250e+01,3.538553710937500000e+03,1.357017822265625000e+03,8.475089111328125000e+02,7.688161621093750000e+02,1.057022827148437500e+03,7.319577026367187500e+02,5.955253906250000000e+02,4.491102539062500000e+03,2.472523193359375000e+02,2.160731506347656250e+02,6.045553588867187500e+02,2.352218750000000000e+03,2.092226318359375000e+03,1.598669921875000000e+03,3.870307617187500000e+02,9.413708496093750000e+02,4.758916320800781250e+02,1.775778503417968750e+02,3.362155761718750000e+02,2.591461791992187500e+02,7.816353759765625000e+02,1.893833618164062500e+02,2.274090332031250000e+03,2.671067382812500000e+03,6.056026611328125000e+02,2.278922607421875000e+03,2.790571289062500000e+02,5.218679199218750000e+02,2.938535644531250000e+03,2.265097656250000000e+02,7.871079101562500000e+02,5.190092773437500000e+02,1.958948242187500000e+03,7.390473632812500000e+02,3.830897216796875000e+02,2.131092071533203125e+02,6.683494873046875000e+02,8.493760986328125000e+02,5.171953735351562500e+02,7.841900634765625000e+02,2.973964233398437500e+02
8.083358154296875000e+02,1.718464111328125000e+03,3.955658569335937500e+02,4.514136718750000000e+03,3.140371093750000000e+02,8.305163574218750000e+01,1.314750213623046875e+02,4.028092956542968750e+01,1.570636230468750000e+03,1.411975341796875000e+03,5.725018310546875000e+02,3.929374023437500000e+03,9.807081298828125000e+02,3.693194580078125000e+02,9.444287109375000000e+01,2.139809326171875000e+03,4.228568115234375000e+02,3.122315979003906250e+02,1.002055053710937500e+02,1.802446044921875000e+03,9.158471679687500000e+01,1.293773925781250000e+03,7.781867065429687500e+02,8.603669433593750000e+02,3.023822021484375000e+02,2.743023071289062500e+02,1.107534179687500000e+02,3.692518310546875000e+02,1.616116943359375000e+02,6.592882690429687500e+02,5.269125976562500000e+03,1.815060058593750000e+03,2.498171539306640625e+02,2.404762695312500000e+03,6.376789550781250000e+02,5.309716796875000000e+02,3.248867431640625000e+03,2.773182067871093750e+02,2.036252319335937500e+03,1.994491119384765625e+02,1.083160766601562500e+03,3.386939453125000000e+03,2.344760742187500000e+02,1.354692993164062500e+02,8.315415039062500000e+02,3.647880859375000000e+02,3.158038635253906250e+02,2.308496093750000000e+03,1.739498901367187500e+02
2.586428222656250000e+02,1.717231445312500000e+02,3.645126342773437500e+02,9.240858398437500000e+03,4.289300537109375000e+02,7.407653198242187500e+02,3.238153076171875000e+01,3.696391296386718750e+01,1.679637695312500000e+03,1.364455322265625000e+03,2.098046875000000000e+02,1.317052001953125000e+03,1.296364257812500000e+03,2.446835937500000000e+02,2.663680664062500000e+03,1.590093627929687500e+03,8.727624511718750000e+01,3.753546752929687500e+02,1.251742431640625000e+03,1.935013793945312500e+03,4.133897460937500000e+03,1.163132568359375000e+03,4.786064453125000000e+02,7.907569580078125000e+02,3.030255737304687500e+02,1.148541870117187500e+03,6.120788574218750000e+01,4.797116088867187500e+01,9.497900390625000000e+01,1.162451171875000000e+02,2.536688476562500000e+03,4.365217285156250000e+03,4.781920776367187500e+02,2.566469726562500000e+03,3.254228515625000000e+02,1.854481201171875000e+03,7.816045898437500000e+03,2.468522644042968750e+02,2.126191894531250000e+03,2.714604492187500000e+02,1.876971679687500000e+03,5.372119140625000000e+01,2.980516357421875000e+02,4.846128234863281250e+02,8.471108398437500000e+02,1.515070800781250000e+02,1.324592895507812500e+02,5.160452880859375000e+02,1.628380279541015625e+02
3.811162109375000000e+02,1.943122680664062500e+03,2.480682983398437500e+02,1.437455468750000000e+04,3.020772705078125000e+02,3.189749755859375000e+02,1.061589202880859375e+02,2.946235656738281250e+01,1.794400878906250000e+03,1.410660888671875000e+03,4.463768615722656250e+02,1.365219238281250000e+03,3.323354003906250000e+03,7.162053222656250000e+02,4.916221923828125000e+02,2.510588867187500000e+03,3.622612304687500000e+02,1.990214538574218750e+02,1.439275512695312500e+02,5.431844726562500000e+03,2.072247802734375000e+03,3.057637451171875000e+03,4.591309814453125000e+02,1.161739624023437500e+03,3.318647460937500000e+02,1.280594787597656250e+02,4.467376708984375000e+01,2.850054931640625000e+02,3.543375244140625000e+02,1.628758544921875000e+02,2.914490234375000000e+03,2.462410400390625000e+03,4.156170654296875000e+02,6.305147460937500000e+03,1.461807861328125000e+03,6.773767700195312500e+02,3.561432128906250000e+03,1.255040283203125000e+03,1.128411743164062500e+03,3.141172485351562500e+02,9.208825683593750000e+02,3.094329589843750000e+03,8.208645019531250000e+02,6.562382202148437500e+02,4.471070556640625000e+02,6.810430908203125000e+02,1.843940124511718750e+02,6.007153320312500000e+01,1.426207122802734375e+02
8.345904541015625000e+02,1.893069335937500000e+03,4.148338623046875000e+02,8.005207031250000000e+03,2.911367187500000000e+02,3.960087890625000000e+02,6.942042541503906250e+01,2.913760375976562500e+02,2.405000488281250000e+03,1.440200439453125000e+03,3.679339599609375000e+02,2.066779785156250000e+02,1.116303588867187500e+03,6.601600341796875000e+02,6.828221435546875000e+02,2.443257080078125000e+03,9.406901855468750000e+02,9.116009521484375000e+01,2.515930175781250000e+01,2.860838378906250000e+03,2.093454101562500000e+03,2.028220581054687500e+03,6.600306396484375000e+02,1.088486816406250000e+03,2.845849609375000000e+01,5.346656494140625000e+02,1.159140014648437500e+02,2.978466796875000000e+01,1.142954101562500000e+02,1.408674926757812500e+02,1.645654296875000000e+03,2.131823486328125000e+03,1.361566162109375000e+01,2.576816406250000000e+03,4.324903564453125000e+02,4.983361206054687500e+02,3.333154541015625000e+03,2.592846679687500000e+02,3.015476318359375000e+03,5.814353027343750000e+02,1.207002441406250000e+03,9.800683593750000000e+01,4.975779418945312500e+02,3.113906250000000000e+02,6.622471923828125000e+02,9.033544921875000000e+02,2.401780090332031250e+02,9.284277343750000000e+01,2.273167114257812500e+02
7.806286621093750000e+02,2.150596923828125000e+03,3.629966430664062500e+02,1.005838085937500000e+04,1.193809692382812500e+03,3.043836059570312500e+02,2.431039123535156250e+02,6.502806091308593750e+01,4.332638671875000000e+03,2.208704833984375000e+03,6.978977050781250000e+02,9.637407226562500000e+02,1.003394897460937500e+03,9.538552856445312500e+02,1.565495605468750000e+02,2.130960449218750000e+03,5.931560058593750000e+02,6.490808105468750000e+01,8.608801879882812500e+02,2.890158935546875000e+03,5.627293945312500000e+03,1.767582763671875000e+03,6.906496582031250000e+02,1.203304931640625000e+03,5.326432495117187500e+02,9.616603393554687500e+02,4.780301513671875000e+02,2.203296508789062500e+02,1.990827026367187500e+03,2.192840576171875000e+02,4.278814453125000000e+03,3.749063964843750000e+03,6.004230346679687500e+02,2.389167480468750000e+03,4.118272705078125000e+02,1.272917358398437500e+03,4.856766601562500000e+03,2.870796203613281250e+02,1.386286010742187500e+03,7.485284423828125000e+02,1.864148559570312500e+03,4.236333007812500000e+03,4.007795410156250000e+02,1.187594375610351562e+02,1.798031616210937500e+03,1.304473632812500000e+03,4.976792907714843750e+02,1.893982299804687500e+03,2.094331970214843750e+02
7.065209960937500000e+02,1.960722778320312500e+03,4.594383544921875000e+02,8.108493164062500000e+03,1.083920654296875000e+03,4.130768432617187500e+02,2.172678680419921875e+02,4.624583435058593750e+01,3.585752441406250000e+03,1.586825073242187500e+03,6.209302368164062500e+02,8.185932617187500000e+02,9.156940917968750000e+02,1.159133178710937500e+03,2.105656127929687500e+02,2.040438842773437500e+03,4.850616455078125000e+02,2.345902709960937500e+02,6.479230346679687500e+02,3.023292480468750000e+03,3.209265380859375000e+03,2.268396972656250000e+03,5.873933715820312500e+02,1.215875244140625000e+03,4.553663330078125000e+02,4.493742675781250000e+02,3.765245971679687500e+02,5.498944091796875000e+02,1.482004394531250000e+02,1.850220336914062500e+02,4.946291503906250000e+03,2.121973144531250000e+03,5.626140136718750000e+02,2.163930664062500000e+03,3.738520507812500000e+02,8.729118041992187500e+02,3.972984375000000000e+03,3.880092773437500000e+02,9.977640380859375000e+02,4.550851745605468750e+02,1.440441894531250000e+03,3.781474609375000000e+03,5.616559448242187500e+02,3.465376586914062500e+02,1.471029663085937500e+03,9.077678222656250000e+02,4.584908447265625000e+02,1.274599853515625000e+03,2.448042755126953125e+02
4.878066406250000000e+02,1.762142700195312500e+03,5.196211547851562500e+02,5.341343750000000000e+03,1.105197753906250000e+02,1.079754638671875000e+01,1.710067749023437500e+02,2.094847106933593750e+01,1.546806640625000000e+02,1.335480957031250000e+03,7.735744018554687500e+02,2.673842773437500000e+03,9.928709716796875000e+02,5.262341308593750000e+01,5.432727050781250000e+02,3.268393066406250000e+03,7.166306152343750000e+02,1.921775512695312500e+02,2.656674804687500000e+02,2.473794189453125000e+03,2.122450439453125000e+03,1.513787597656250000e+03,5.063616943359375000e+02,9.520562744140625000e+02,3.559805908203125000e+02,3.425489196777343750e+02,3.198734130859375000e+02,7.438407592773437500e+02,8.272753906250000000e+02,5.546104736328125000e+02,6.906474121093750000e+03,1.278472412109375000e+03,3.373016662597656250e+02,2.261215576171875000e+03,6.846143798828125000e+02,5.272073974609375000e+02,2.943896972656250000e+03,2.301153564453125000e+02,7.391206054687500000e+02,3.776780090332031250e+02,1.056447998046875000e+03,6.399628906250000000e+02,3.443670043945312500e+02,1.146470794677734375e+02,8.594858398437500000e+02,3.852021484375000000e+02,2.143069152832031250e+02,7.891115722656250000e+02,3.008925170898437500e+02
2.388433837890625000e+02,1.708568237304687500e+03,1.946293945312500000e+02,7.786746093750000000e+03,4.777039794921875000e+02,7.187816162109375000e+02,1.615021362304687500e+02,2.233032226562500000e+01,1.864682617187500000e+03,1.383708007812500000e+03,5.266627807617187500e+02,1.547800292968750000e+02,9.435162353515625000e+02,7.266751708984375000e+02,1.627164306640625000e+02,2.060641845703125000e+03,7.618872070312500000e+02,3.354338989257812500e+02,1.008652832031250000e+03,1.785899169921875000e+03,1.098576660156250000e+02,1.384882080078125000e+03,5.572355346679687500e+02,9.474168701171875000e+02,3.766893310546875000e+02,1.534754028320312500e+02,1.958895874023437500e+02,5.885720825195312500e+01,2.159222412109375000e+02,5.802752685546875000e+01,7.015581054687500000e+02,1.212576660156250000e+03,5.929237060546875000e+02,2.421598144531250000e+03,6.608179931640625000e+02,4.766684570312500000e+02,3.304262207031250000e+03,2.786634521484375000e+02,4.085876464843750000e+02,3.752046813964843750e+02,3.964185791015625000e+02,3.365655761718750000e+03,2.421425781250000000e+02,9.981776428222656250e+01,5.634692382812500000e+02,6.548032226562500000e+02,2.986343994140625000e+02,2.362476562500000000e+03,6.211804199218750000e+01
