2.329519689083099365e-01,inf,1.050564423203468323e-01,9.156790375709533691e-01,4.429881274700164795e-01,2.409963756799697876e-01,3.579620644450187683e-02,8.345474600791931152e-01,1.134787574410438538e-01,inf,2.166544342041015625e+01,2.569611072540283203e-01,inf,2.974461615085601807e-01,inf,6.253994941711425781e+00,7.100791931152343750e-01,3.690363466739654541e-01,8.080747723579406738e-01,6.359720230102539062e-02,inf,7.491781115531921387e-01,4.508975446224212646e-01,1.291041821241378784e-01,6.375267505645751953e-01,8.762805461883544922e-01,inf,1.731645613908767700e-01,4.953615665435791016e-01,6.372767090797424316e-01,6.826283782720565796e-02,1.127694892883300781e+01,5.450749993324279785e-01,inf,5.961369872093200684e-01,8.610633611679077148e-01,1.675335913896560669e-01,3.035614788532257080e-01,8.839064836502075195e-01,7.995918000000000000e+06,5.164325237274169922e-01,1.249560639262199402e-01,inf,1.047837300000000000e+07,2.828118763864040375e-02,9.135808563232421875e+01,3.221052587032318115e-01,4.607571959495544434e-01,5.829690694808959961e-01
1.551187038421630859e-02,4.698166251182556152e-01,3.983180504292249680e-03,6.467717885971069336e-01,5.020538568496704102e-01,2.229680269956588745e-01,inf,5.539687275886535645e-01,2.326430678367614746e-01,7.210624814033508301e-01,3.013806939125061035e-01,4.478535354137420654e-01,5.338936448097229004e-01,2.381753921508789062e-01,9.712239503860473633e-01,2.961050987243652344e+00,6.952813863754272461e-01,1.201743930578231812e-01,5.223413109779357910e-01,7.047464251518249512e-01,7.553986310958862305e-01,2.488873898983001709e-01,3.139577805995941162e-01,4.263519942760467529e-01,7.002711296081542969e+00,3.580714166164398193e-01,7.850248217582702637e-01,1.485592722892761230e+00,3.007929325103759766e-01,6.391645967960357666e-02,2.060505449771881104e-01,7.252448201179504395e-01,1.385896056890487671e-01,inf,inf,1.232645288109779358e-01,4.779953658580780029e-01,2.705497741699218750e-01,inf,2.987579703330993652e-01,7.046017646789550781e-01,3.651533126831054688e-01,inf,3.022565543651580811e-01,2.069431841373443604e-01,5.695450305938720703e-01,1.812665015459060669e-01,2.275395691394805908e-01,1.526695700000000000e+07
5.475288257002830505e-02,inf,4.179862439632415771e-01,3.692165911197662354e-01,7.863283157348632812e-01,4.237653613090515137e-01,inf,3.114196360111236572e-01,3.923843502998352051e-01,inf,4.481792831420898438e+01,2.484269440174102783e-01,inf,8.551573753356933594e-01,inf,4.533462524414062500e+00,6.070049405097961426e-01,2.101117670536041260e-01,5.352988243103027344e-01,3.205493688583374023e-01,5.397198796272277832e-01,1.994740813970565796e-01,2.631935477256774902e-01,1.131476759910583496e+00,4.629359722137451172e+00,4.453060328960418701e-01,1.917403638362884521e-01,5.355588197708129883e-01,2.800597846508026123e-01,4.934412986040115356e-02,3.018208406865596771e-02,2.214702415466308594e+01,inf,7.366132140159606934e-01,5.587080121040344238e-01,4.330359995365142822e-01,inf,2.893486320972442627e-01,inf,8.179037500000000000e+06,5.461936444044113159e-02,4.265215694904327393e-01,4.066058993339538574e-01,1.999828800000000000e+07,5.455675721168518066e-01,inf,4.828626289963722229e-02,3.305779695510864258e-01,2.071758400000000000e+07
2.584918774664402008e-02,inf,4.588884413242340088e-01,6.042784452438354492e-01,4.782281219959259033e-01,3.124392330646514893e-01,7.339190244674682617e-01,5.531689524650573730e-01,2.645220458507537842e-01,inf,2.291225641965866089e-01,3.285456597805023193e-01,3.309798836708068848e-01,inf,inf,1.939382195472717285e+00,6.782013177871704102e-01,5.362700223922729492e-01,3.835873007774353027e-01,5.309160947799682617e-01,inf,2.940950989723205566e-01,3.869587481021881104e-01,7.142789959907531738e-01,3.808717429637908936e-01,5.135216936469078064e-02,4.788784384727478027e-01,5.262733697891235352e-01,2.554002404212951660e-01,9.205514192581176758e-01,1.361158609390258789e+00,1.275217723846435547e+01,3.087134659290313721e-01,inf,inf,1.035940051078796387e+00,3.336517512798309326e-01,2.761586606502532959e-01,inf,1.225126200000000000e+07,5.032297372817993164e-01,1.095425635576248169e-01,inf,2.209019600000000000e+07,6.539393216371536255e-02,3.953385353088378906e-01,2.168873697519302368e-01,1.166242361068725586e-01,3.388379200000000000e+07
inf,inf,4.771464467048645020e-01,inf,inf,inf,inf,4.857671558856964111e-01,3.292380645871162415e-02,inf,inf,inf,inf,2.504141628742218018e-01,inf,inf,inf,1.047708868980407715e+00,inf,inf,inf,inf,inf,inf,inf,inf,3.943281471729278564e-01,inf,1.068334057927131653e-01,inf,2.775371074676513672e+00,inf,inf,inf,4.269734919071197510e-01,inf,6.458093523979187012e-01,inf,inf,1.247678500000000000e+07,inf,9.965977817773818970e-02,inf,2.893147200000000000e+07,1.785402800000000000e+07,inf,inf,inf,3.958737200000000000e+07
inf,inf,9.274418354034423828e-01,1.011217651367187500e+02,4.183976650238037109e-01,inf,inf,1.017521700000000000e+07,inf,inf,inf,inf,inf,inf,inf,2.660183429718017578e+00,inf,7.515812000000000000e+06,inf,inf,inf,inf,inf,inf,inf,inf,inf,inf,8.349478244781494141e-02,inf,2.864157438278198242e+00,inf,inf,inf,inf,inf,inf,inf,inf,2.087352400000000000e+07,inf,1.998644024133682251e-01,inf,2.050957600000000000e+07,1.414149000000000000e+07,5.599210205078125000e+02,inf,inf,3.696153200000000000e+07
6.025778055191040039e-01,inf,1.738352537155151367e+00,6.632788181304931641e-01,8.107315748929977417e-02,6.526544690132141113e-01,inf,9.829875000000000000e+06,5.105842351913452148e-01,3.325463485717773438e+01,5.627811551094055176e-01,4.484320282936096191e-01,5.155150294303894043e-01,inf,inf,7.308343052864074707e-01,6.691301465034484863e-01,7.868722000000000000e+06,5.345070958137512207e-01,3.131582140922546387e-01,inf,2.161074876785278320e-01,7.647324204444885254e-01,2.974658012390136719e-01,1.230074024200439453e+01,inf,inf,3.884609043598175049e-02,1.526614069938659668e+00,2.458697557449340820e-01,6.295787692070007324e-01,1.248976421356201172e+01,inf,inf,inf,4.474312067031860352e-01,inf,3.903557360172271729e-01,inf,7.994582000000000000e+06,inf,2.926916778087615967e-01,inf,6.628426000000000000e+06,3.814122080802917480e-01,4.821435213088989258e-01,5.349692106246948242e-01,1.493062973022460938e-01,3.630857600000000000e+07
4.538242816925048828e-01,inf,2.230486869812011719e-01,2.840085029602050781e-01,2.568731307983398438e-01,3.570300936698913574e-01,inf,5.976086854934692383e-01,4.047968983650207520e-01,inf,3.580362701416015625e+01,2.146884500980377197e-01,inf,6.162441968917846680e-01,inf,3.965595722198486328e+00,8.212313055992126465e-01,1.856375783681869507e-01,6.880159378051757812e-01,2.054148018360137939e-01,inf,6.451087594032287598e-01,5.710876584053039551e-01,1.195173025131225586e+00,6.097324848175048828e+00,6.318661570549011230e-01,3.651976287364959717e-01,6.958046555519104004e-01,3.471722900867462158e-01,7.023874670267105103e-02,6.962393522262573242e-01,3.167600250244140625e+01,inf,inf,5.172709226608276367e-01,8.158430457115173340e-02,3.402517437934875488e-01,4.558271169662475586e-01,5.047459006309509277e-01,1.376195600000000000e+07,6.485220193862915039e-01,3.877244591712951660e-01,inf,6.249961000000000000e+06,1.181287392973899841e-01,2.554289436340332031e+01,4.096382483839988708e-02,1.257243901491165161e-01,7.296897172927856445e-01
4.329573214054107666e-01,5.202088952064514160e-01,4.386153817176818848e-01,1.845582127571105957e+00,8.936992883682250977e-01,5.525786876678466797e-01,7.836905121803283691e-01,1.793271750211715698e-01,6.529208272695541382e-02,6.363261342048645020e-01,2.794155478477478027e-01,4.478201270103454590e-01,3.967158794403076172e-01,2.185253053903579712e-01,5.438230633735656738e-01,3.337646245956420898e+00,6.180078983306884766e-01,2.642488181591033936e-01,3.176675438880920410e-01,1.569273233413696289e+00,5.747795104980468750e-01,1.358707398176193237e-01,6.458992958068847656e-01,1.439568638801574707e+00,8.868146896362304688e+00,9.036548137664794922e-01,5.407577157020568848e-01,1.489372968673706055e+00,2.003141194581985474e-01,2.794155776500701904e-01,8.391118049621582031e-01,3.525487482547760010e-01,inf,inf,inf,2.758940160274505615e-01,4.689373672008514404e-01,2.879324555397033691e-01,inf,2.388759106397628784e-01,3.150202512741088867e+00,9.429389983415603638e-02,inf,2.551101744174957275e-01,6.562841534614562988e-01,5.615305304527282715e-01,1.825247555971145630e-01,1.447586864233016968e-01,2.597465200000000000e+07
3.248541057109832764e-01,inf,1.568697541952133179e-01,9.421202540397644043e-01,2.117403507232666016e+00,1.867092847824096680e-01,4.453627392649650574e-02,3.540443181991577148e-01,3.866727352142333984e-01,inf,2.875230979919433594e+01,3.356244266033172607e-01,inf,9.677782058715820312e-01,inf,1.067277050018310547e+01,5.122427344322204590e-01,1.427965238690376282e-02,4.424890875816345215e-01,5.185303092002868652e-01,5.203968882560729980e-01,2.230446934700012207e-01,4.114353656768798828e-01,8.447501659393310547e-01,1.119646263122558594e+01,5.527086853981018066e-01,6.126155257225036621e-01,3.778125643730163574e-01,2.637183964252471924e-01,5.921876057982444763e-02,4.736020788550376892e-02,1.143836021423339844e+01,6.517669558525085449e-01,7.319820523262023926e-01,9.047085642814636230e-01,1.445713639259338379e-01,inf,2.240335345268249512e-01,inf,1.039701200000000000e+07,5.192483663558959961e-01,2.320776283740997314e-01,2.864467203617095947e-01,1.910508800000000000e+07,4.174342751502990723e-01,1.123754024505615234e+01,1.570626795291900635e-01,5.312316119670867920e-02,3.024178400000000000e+07
3.221501708030700684e-01,inf,2.211890518665313721e-01,3.511451780796051025e-01,2.786759845912456512e-02,2.585435509681701660e-01,2.130679190158843994e-01,3.466809391975402832e-01,6.338009983301162720e-02,inf,1.785195618867874146e-01,2.739329934120178223e-01,3.999261260032653809e-01,inf,6.680997848510742188e+00,8.158340454101562500e-01,inf,4.155203402042388916e-01,3.289377391338348389e-01,7.517675757408142090e-01,inf,3.278495371341705322e-01,6.030354499816894531e-01,7.018480896949768066e-01,4.486048817634582520e-01,3.601618111133575439e-01,2.671531140804290771e-01,1.816673278808593750e-01,6.001655757427215576e-02,6.387221813201904297e-02,3.977869451045989990e-01,2.850201606750488281e+01,5.275236368179321289e-01,inf,inf,2.926795780658721924e-01,inf,1.501339077949523926e-01,inf,1.188223200000000000e+07,5.670754909515380859e-01,5.359506234526634216e-02,inf,1.740058800000000000e+07,8.417592197656631470e-02,5.453486442565917969e-01,inf,2.255143672227859497e-01,4.409914800000000000e+07
inf,inf,3.895896375179290771e-01,inf,5.904529571533203125e+00,inf,inf,1.198451600000000000e+07,inf,inf,inf,inf,inf,inf,inf,8.936325073242187500e+00,inf,2.015869468450546265e-01,inf,inf,inf,inf,inf,inf,inf,inf,inf,inf,2.053945213556289673e-01,inf,2.713616847991943359e+00,inf,inf,inf,inf,inf,inf,inf,inf,1.421522100000000000e+07,inf,2.168543785810470581e-01,inf,2.537864400000000000e+07,1.539668100000000000e+07,1.338547821044921875e+02,inf,inf,4.340465600000000000e+07
inf,inf,7.578100562095642090e-01,inf,inf,inf,inf,8.138904500000000000e+06,inf,inf,inf,inf,inf,inf,inf,5.549781799316406250e+01,inf,7.214049500000000000e+06,inf,inf,inf,inf,inf,inf,inf,inf,inf,inf,5.333008989691734314e-02,inf,2.918348312377929688e+00,inf,inf,inf,inf,inf,inf,inf,inf,1.096328500000000000e+07,inf,5.765396356582641602e-01,inf,2.020413600000000000e+07,1.088212600000000000e+07,inf,inf,inf,4.108333200000000000e+07
5.426080822944641113e-01,inf,2.051741361618041992e+00,5.164307355880737305e-01,1.510223448276519775e-01,6.468566656112670898e-01,6.780440807342529297e-01,6.983466500000000000e+06,inf,inf,inf,inf,4.150097966194152832e-01,inf,inf,5.024829506874084473e-01,8.764805793762207031e-01,7.186110500000000000e+06,inf,inf,inf,inf,inf,7.568562507629394531e+00,7.846115112304687500e+00,inf,inf,1.105260476469993591e-01,4.028565585613250732e-01,inf,2.620313167572021484e+00,inf,inf,inf,inf,inf,inf,5.211683511734008789e-01,inf,8.750102000000000000e+06,inf,4.232337474822998047e-01,inf,8.871019000000000000e+06,4.663434624671936035e-01,4.465859985351562500e+01,inf,3.055161237716674805e-01,3.628206400000000000e+07
5.475181341171264648e-01,inf,4.772246256470680237e-02,4.822165369987487793e-01,3.173609375953674316e-01,2.917015552520751953e-01,3.429591953754425049e-01,5.162052512168884277e-01,8.576357960700988770e-01,5.986259460449218750e+01,1.010286235809326172e+01,8.143133521080017090e-01,inf,7.731721997261047363e-01,inf,1.516429781913757324e+00,8.838968873023986816e-01,8.229268000000000000e+06,4.889082610607147217e-01,4.857171475887298584e-01,7.137085199356079102e-01,1.915035992860794067e-01,8.738166689872741699e-01,2.470639348030090332e-01,2.620947360992431641e+00,8.738800883293151855e-01,7.301758527755737305e-01,3.249499201774597168e-01,3.387007713317871094e-01,7.912983894348144531e-01,5.570113658905029297e-01,2.237286567687988281e+00,5.876133441925048828e-01,inf,5.543410181999206543e-01,7.897757291793823242e-01,3.170344531536102295e-01,8.303169161081314087e-02,6.173559427261352539e-01,1.257371700000000000e+07,5.785655975341796875e-01,7.688769102096557617e-01,inf,7.381137000000000000e+06,1.596318334341049194e-01,6.075234413146972656e-01,8.189671039581298828e-01,1.419728398323059082e-01,4.322411417961120605e-01
5.358199477195739746e-01,4.896032512187957764e-01,3.641261160373687744e-01,9.417321681976318359e-01,2.154160887002944946e-01,5.478780269622802734e-01,1.630253553390502930e+00,8.482466936111450195e-01,2.347408384084701538e-01,5.695714950561523438e-01,5.585154891014099121e-01,3.707922101020812988e-01,6.664084196090698242e-01,8.365545421838760376e-02,6.988090276718139648e-01,2.434451341629028320e+00,7.999976277351379395e-01,2.762698801234364510e-03,8.476547598838806152e-01,9.701980948448181152e-01,5.450592637062072754e-01,3.462548553943634033e-01,6.047524809837341309e-01,1.080252170562744141e+00,inf,1.139433026313781738e+00,6.267099976539611816e-01,1.826618432998657227e+00,3.980168998241424561e-01,6.206606030464172363e-01,1.021481275558471680e+00,6.040914654731750488e-01,2.605535089969635010e-01,inf,inf,5.823810696601867676e-01,5.830544829368591309e-01,1.108878627419471741e-01,inf,1.828062683343887329e-01,7.131054997444152832e-01,2.427249848842620850e-01,2.081328392028808594e+01,1.400251686573028564e-01,2.527586519718170166e-01,7.371865510940551758e-01,2.314503937959671021e-01,4.065810143947601318e-02,2.596989600000000000e+07
2.970772981643676758e-01,inf,3.665935695171356201e-01,1.815184503793716431e-01,6.590347886085510254e-01,4.265227913856506348e-01,1.700356453657150269e-01,4.888952970504760742e-01,4.832836091518402100e-01,inf,3.934595108032226562e+01,1.685973852872848511e-01,inf,6.793507337570190430e-01,inf,4.670597553253173828e+00,7.238711714744567871e-01,4.574596285820007324e-01,5.337004065513610840e-01,3.510324060916900635e-01,inf,7.351615428924560547e-01,6.035602092742919922e-01,7.691044211387634277e-01,7.082814216613769531e+00,4.071937799453735352e-01,5.310674309730529785e-01,7.520039677619934082e-01,3.124887943267822266e-01,4.246796369552612305e-01,1.902792230248451233e-02,1.496585464477539062e+01,1.210031867027282715e+00,7.702794671058654785e-01,7.998687624931335449e-01,5.852245092391967773e-01,inf,2.946318686008453369e-01,inf,1.271872000000000000e+07,1.305901408195495605e-01,5.526429414749145508e-01,2.968864738941192627e-01,1.631424600000000000e+07,5.255125090479850769e-02,8.759290313720703125e+01,1.932266652584075928e-01,8.951208740472793579e-02,3.076277200000000000e+07
3.604150414466857910e-01,inf,7.537669688463211060e-02,2.390621155500411987e-01,1.201557591557502747e-01,2.851720452308654785e-01,1.160285323858261108e-01,1.091660900000000000e+07,1.648371815681457520e-01,inf,1.143746525049209595e-01,2.593154013156890869e-01,4.561673700809478760e-01,inf,inf,1.530283331871032715e+00,5.774792432785034180e-01,4.654387384653091431e-02,5.058420300483703613e-01,3.979607522487640381e-01,inf,2.805026173591613770e-01,5.883038640022277832e-01,7.343478202819824219e-01,6.842635273933410645e-01,1.637592762708663940e-01,1.784924566745758057e-01,2.099140882492065430e-01,1.708807200193405151e-01,3.781281709671020508e-01,8.743174374103546143e-02,1.558721828460693359e+01,1.087339073419570923e-01,inf,inf,3.729853630065917969e-01,3.286617398262023926e-01,5.137522891163825989e-02,inf,1.121452200000000000e+07,1.741321533918380737e-01,4.525997340679168701e-01,inf,1.473304900000000000e+07,2.034666389226913452e-02,5.954116582870483398e-01,8.595398068428039551e-02,2.290307730436325073e-01,4.331417600000000000e+07
inf,inf,1.178601235151290894e-01,inf,3.295260667800903320e-01,inf,inf,7.316761612892150879e-01,7.859470695257186890e-02,inf,inf,inf,inf,3.743039071559906006e-01,inf,4.227150917053222656e+00,inf,1.127120032906532288e-01,inf,inf,inf,inf,inf,inf,inf,inf,1.819176599383354187e-03,inf,2.129842936992645264e-01,inf,2.421716213226318359e+00,inf,inf,inf,8.213535547256469727e-01,inf,4.786777198314666748e-01,inf,inf,2.216840400000000000e+07,1.339122001081705093e-02,3.561880886554718018e-01,inf,2.138956000000000000e+07,1.304266200000000000e+07,inf,inf,inf,4.262902400000000000e+07
inf,inf,1.207712650299072266e+00,1.380892028808593750e+02,inf,inf,inf,7.044246500000000000e+06,inf,inf,inf,inf,inf,inf,inf,1.451916980743408203e+01,inf,7.881236000000000000e+06,inf,inf,inf,inf,inf,inf,inf,inf,inf,inf,5.209315568208694458e-02,inf,2.359833478927612305e+00,inf,inf,inf,inf,inf,inf,inf,inf,2.065963600000000000e+07,inf,4.343560636043548584e-01,inf,1.744317600000000000e+07,9.990445000000000000e+06,inf,inf,inf,3.059210400000000000e+07
6.586627960205078125e-01,inf,1.435371279716491699e+00,1.077466130256652832e+00,5.522399544715881348e-01,6.620221138000488281e-01,5.149386525154113770e-01,9.310209000000000000e+06,5.900563597679138184e-01,2.736281585693359375e+01,1.952173560857772827e-01,6.250685453414916992e-01,6.622396707534790039e-01,inf,inf,6.507045030593872070e-01,8.792894482612609863e-01,7.201569000000000000e+06,5.694086551666259766e-01,4.161475896835327148e-01,inf,3.470675647258758545e-01,8.147892951965332031e-01,2.642934955656528473e-02,8.564092636108398438e+00,inf,inf,7.348633408546447754e-01,3.911521136760711670e-01,6.556820273399353027e-01,5.382477045059204102e-01,4.146712303161621094e+00,inf,inf,inf,7.614296078681945801e-01,inf,5.412868261337280273e-01,inf,7.703291000000000000e+06,inf,4.593745470046997070e-01,inf,6.481513000000000000e+06,4.176014065742492676e-01,7.628199458122253418e-01,5.927806496620178223e-01,1.172830983996391296e-01,3.675106800000000000e+07
5.793694257736206055e-01,inf,4.504071772098541260e-01,6.416812539100646973e-01,1.700734347105026245e-01,5.637814998626708984e-01,7.865115404129028320e-01,5.653536000000000000e+06,inf,inf,1.701721572875976562e+01,1.973268538713455200e-01,inf,inf,inf,3.637525558471679688e+00,7.693444490432739258e-01,5.316977500915527344e-01,8.776412010192871094e-01,4.452965557575225830e-01,8.026676177978515625e-01,7.236709594726562500e-01,4.916435480117797852e-01,7.759826779365539551e-01,7.122187137603759766e+00,inf,inf,6.086554527282714844e-01,4.924653172492980957e-01,8.731254935264587402e-01,2.976686358451843262e-01,1.134716796875000000e+01,inf,inf,inf,1.998024135828018188e-01,inf,1.802792251110076904e-01,7.737613916397094727e-01,1.161033500000000000e+07,inf,5.472701191902160645e-01,inf,6.163056000000000000e+06,2.116948962211608887e-01,2.549481773376464844e+01,1.135307997465133667e-01,7.430459838360548019e-03,4.051801264286041260e-01
5.601596832275390625e-01,5.245368480682373047e-01,2.728805840015411377e-01,4.012374877929687500e-01,1.139159873127937317e-02,5.051634907722473145e-01,1.758693754673004150e-01,5.861561894416809082e-01,5.661723017692565918e-01,6.223120689392089844e-01,3.667846322059631348e-01,4.259077608585357666e-01,6.583243608474731445e-01,6.377421617507934570e-01,8.629385232925415039e-01,4.304758071899414062e+00,8.565784692764282227e-01,3.733797371387481689e-01,2.682737708091735840e-01,7.581163048744201660e-01,7.289232015609741211e-01,2.678858339786529541e-01,inf,6.694573760032653809e-01,6.980531692504882812e+00,inf,8.132932186126708984e-01,1.061093926429748535e+00,2.978674173355102539e-01,2.002613395452499390e-01,4.912431836128234863e-01,7.832291126251220703e-01,6.252420544624328613e-01,inf,inf,3.765285909175872803e-01,5.487244725227355957e-01,2.355348467826843262e-01,inf,3.571137785911560059e-01,6.837877631187438965e-01,5.473448038101196289e-01,inf,4.907988011837005615e-01,1.473728865385055542e-01,5.081745982170104980e-01,2.211433649063110352e-01,3.093779981136322021e-01,2.832758400000000000e+07
2.015863806009292603e-01,inf,3.155195713043212891e-01,3.167544603347778320e-01,6.675171852111816406e-01,4.211824834346771240e-01,1.542251110076904297e-01,3.763615787029266357e-01,4.322189092636108398e-01,inf,2.427280807495117188e+01,3.412244617938995361e-01,inf,9.458328485488891602e-01,inf,5.377466678619384766e+00,8.186077475547790527e-01,8.553295396268367767e-03,5.836973190307617188e-01,1.129057109355926514e-01,inf,inf,7.907077074050903320e-01,6.954043507575988770e-01,1.133228397369384766e+01,8.628380894660949707e-01,1.406237334012985229e-01,5.957494955509901047e-03,4.269784688949584961e-01,4.639307036995887756e-02,2.121933698654174805e-01,2.018463516235351562e+01,1.151727214455604553e-01,7.504400610923767090e-01,8.857712149620056152e-01,5.579457804560661316e-02,4.440867006778717041e-01,3.004394173622131348e-01,inf,7.213550000000000000e+06,3.596866130828857422e-02,6.385691165924072266e-01,3.728898763656616211e-01,1.136193100000000000e+07,9.219527989625930786e-02,7.346590518951416016e+00,7.307960838079452515e-02,1.847748756408691406e-01,3.074751600000000000e+07
2.411224395036697388e-01,inf,1.472788304090499878e-01,1.871699690818786621e-01,8.840548992156982422e-01,8.079168200492858887e-01,3.930354714393615723e-01,3.406615853309631348e-01,1.793140769004821777e-01,inf,6.896212697029113770e-02,9.529850631952285767e-02,5.925745964050292969e-01,inf,7.291317939758300781e+00,5.745351314544677734e+00,6.638918519020080566e-01,3.690069317817687988e-01,4.463367462158203125e-01,4.537071585655212402e-01,inf,inf,6.040738821029663086e-01,7.253826856613159180e-01,7.484880685806274414e-01,1.245998516678810120e-01,inf,6.049321964383125305e-02,2.560629248619079590e-01,1.362072348594665527e+00,9.357120841741561890e-02,2.919371604919433594e+01,6.401412487030029297e-01,inf,inf,2.023373916745185852e-02,inf,2.404741942882537842e-03,inf,9.000468000000000000e+06,1.956686675548553467e-01,4.455803036689758301e-01,inf,9.315310000000000000e+06,1.239303275942802429e-01,5.940029025077819824e-01,2.361417561769485474e-01,1.295329332351684570e-01,4.305862000000000000e+07
inf,inf,2.450180053710937500e-01,inf,inf,inf,inf,2.566248000000000000e+07,inf,inf,inf,1.893149375915527344e+01,inf,inf,inf,4.632710456848144531e+00,inf,4.916954040527343750e-01,inf,inf,inf,inf,inf,2.180366699218750000e+03,inf,inf,inf,inf,1.759698241949081421e-01,inf,1.773314237594604492e+00,8.513523864746093750e+01,inf,inf,inf,inf,inf,inf,inf,2.409564400000000000e+07,inf,inf,inf,1.825202800000000000e+07,1.395603900000000000e+07,inf,inf,inf,4.335375200000000000e+07
inf,inf,4.992641448974609375e+00,inf,inf,inf,inf,1.092102800000000000e+07,inf,inf,inf,inf,inf,inf,inf,7.377114772796630859e+00,inf,7.250356000000000000e+06,inf,inf,inf,inf,inf,inf,inf,inf,inf,inf,1.003798842430114746e-01,inf,1.971580743789672852e+00,inf,inf,inf,inf,inf,inf,inf,inf,1.406828700000000000e+07,inf,inf,inf,1.203855700000000000e+07,1.067503400000000000e+07,inf,inf,inf,2.958194000000000000e+07
5.266017913818359375e-01,inf,2.646548509597778320e+00,5.858350992202758789e-01,1.406290829181671143e-01,4.914417266845703125e-01,7.257658243179321289e-01,8.549729000000000000e+06,inf,inf,inf,inf,inf,inf,inf,8.041213989257812500e+00,inf,7.119595500000000000e+06,inf,inf,inf,inf,inf,inf,inf,inf,inf,inf,1.471819877624511719e-01,inf,1.911514520645141602e+00,inf,inf,inf,inf,inf,inf,inf,inf,1.035865600000000000e+07,inf,1.708893585205078125e+01,inf,6.330274000000000000e+06,5.053949356079101562e-01,inf,inf,inf,3.027632000000000000e+07
4.036033749580383301e-01,inf,3.134226799011230469e+00,5.516150474548339844e+00,1.303298354148864746e+00,4.875429570674896240e-01,4.618816673755645752e-01,7.344806790351867676e-01,8.586350679397583008e-01,4.451506042480468750e+01,5.925407409667968750e+00,7.404123544692993164e-01,inf,8.013323545455932617e-01,1.125809431076049805e+00,7.951205968856811523e-01,9.226235747337341309e-01,8.171981000000000000e+06,2.994319498538970947e-01,5.557140111923217773e-01,2.235660143196582794e-02,inf,8.363811969757080078e-01,3.000387549400329590e-01,4.109007358551025391e+00,inf,7.849115729331970215e-01,6.933768987655639648e-01,1.846839934587478638e-01,7.440447807312011719e-01,6.511761546134948730e-01,3.025272369384765625e+00,inf,inf,8.888857960700988770e-01,7.324019670486450195e-01,2.024721913039684296e-02,5.017203688621520996e-01,inf,9.205732000000000000e+06,7.771087884902954102e-01,8.784273266792297363e-01,inf,6.139176000000000000e+06,5.092097818851470947e-02,5.721879601478576660e-01,7.643299698829650879e-01,5.657770037651062012e-01,4.281919002532958984e-01
7.820281982421875000e-01,6.109327673912048340e-01,5.633242726325988770e-01,7.219001650810241699e-01,6.957813352346420288e-02,7.137933969497680664e-01,5.768869817256927490e-02,1.140028900000000000e+07,2.747017443180084229e-01,5.511440634727478027e-01,6.565282940864562988e-01,6.240975260734558105e-01,8.570984601974487305e-01,1.759084314107894897e-01,7.030141353607177734e-01,1.802363276481628418e+00,8.719874620437622070e-01,5.303630828857421875e-01,8.662731051445007324e-01,1.410615801811218262e+00,6.207172274589538574e-01,inf,7.035734653472900391e-01,1.155987977981567383e+00,4.965156078338623047e+00,inf,5.126140713691711426e-01,1.721300244331359863e+00,3.561323881149291992e-01,1.281674623489379883e+00,5.065566897392272949e-01,7.426077723503112793e-01,5.203727483749389648e-01,inf,8.652703762054443359e-01,5.527260899543762207e-01,6.355857849121093750e-01,8.704400807619094849e-02,8.262049555778503418e-01,3.420332670211791992e-01,3.864691257476806641e+00,5.295011997222900391e-01,inf,4.525914788246154785e-01,4.019177332520484924e-02,6.388508677482604980e-01,2.006447017192840576e-01,5.211621895432472229e-02,3.279083200000000000e+07
5.948126912117004395e-01,inf,4.710238873958587646e-01,5.254934430122375488e-01,3.059783577919006348e-01,4.579412341117858887e-01,1.574362367391586304e-01,8.895550370216369629e-01,7.451983094215393066e-01,inf,3.024234008789062500e+01,6.030125021934509277e-01,inf,7.156469225883483887e-01,inf,2.682308435440063477e+00,9.277329444885253906e-01,3.895247876644134521e-01,5.012980699539184570e-01,2.713399007916450500e-03,inf,9.276533126831054688e-01,6.791568994522094727e-01,6.229074001312255859e-01,1.202122211456298828e+01,6.289031505584716797e-01,7.049537897109985352e-01,1.087905615568161011e-01,4.659561514854431152e-01,2.563889622688293457e-01,5.745572969317436218e-02,inf,4.896440207958221436e-01,7.834381461143493652e-01,3.096521794795989990e-01,2.312910705804824829e-01,inf,8.490137755870819092e-02,inf,1.195822900000000000e+07,1.281932089477777481e-02,5.796556472778320312e-01,3.194649517536163330e-01,9.054893000000000000e+06,2.032215893268585205e-01,2.706985473632812500e+01,3.851941823959350586e-01,4.892974793910980225e-01,2.708036000000000000e+07
5.936121344566345215e-01,inf,3.937357962131500244e-01,2.421186119318008423e-01,2.793754935264587402e-01,2.966189384460449219e-01,2.818192243576049805e-01,3.041751682758331299e-01,3.183126747608184814e-01,inf,3.096149265766143799e-01,1.871333569288253784e-01,6.609961390495300293e-01,inf,1.178952407836914062e+01,4.266901016235351562e+00,5.699792504310607910e-01,4.416522756218910217e-02,4.371270835399627686e-01,5.547136664390563965e-01,inf,inf,6.723964810371398926e-01,7.087932229042053223e-01,7.046681046485900879e-01,3.187716007232666016e-02,9.351603388786315918e-01,2.454511821269989014e-01,4.213379919528961182e-01,4.428640604019165039e-01,3.814997971057891846e-01,2.769024467468261719e+01,6.091560721397399902e-01,inf,inf,1.605185717344284058e-01,1.045120041817426682e-02,2.472899556159973145e-01,inf,1.144834800000000000e+07,1.348742395639419556e-01,1.816244125366210938e-01,inf,8.229526000000000000e+06,1.252984553575515747e-01,3.818083703517913818e-01,2.960373461246490479e-01,2.806949019432067871e-01,4.232436800000000000e+07
inf,inf,2.042531035840511322e-03,inf,inf,inf,inf,1.159704400000000000e+07,inf,inf,inf,inf,inf,inf,inf,7.558236122131347656e+00,inf,1.507589519023895264e-01,inf,inf,inf,inf,inf,inf,inf,inf,inf,inf,3.020713329315185547e-01,inf,1.421553611755371094e+00,inf,inf,inf,inf,inf,inf,inf,inf,2.746511200000000000e+07,inf,4.964300394058227539e-01,inf,1.749508800000000000e+07,1.554034100000000000e+07,inf,inf,inf,4.250742800000000000e+07
inf,inf,4.050995409488677979e-01,inf,6.256937866210937500e+02,5.725045204162597656e-01,inf,1.156649700000000000e+07,inf,inf,inf,2.160463714599609375e+01,inf,inf,inf,5.017034053802490234e+00,inf,9.416411000000000000e+06,inf,inf,inf,inf,inf,inf,inf,inf,inf,inf,9.642780572175979614e-02,inf,1.944503903388977051e+00,inf,inf,inf,inf,inf,inf,inf,inf,1.476557300000000000e+07,inf,5.308397412300109863e-01,inf,1.652901000000000000e+07,1.090639100000000000e+07,5.370940551757812500e+02,inf,inf,3.651014400000000000e+07
6.550214290618896484e-01,inf,4.933007061481475830e-01,2.720209956169128418e-01,7.568243145942687988e-01,3.400974273681640625e-01,6.058350801467895508e-01,5.832871794700622559e-01,7.048596739768981934e-01,inf,5.692508071660995483e-02,7.388383746147155762e-01,6.555488705635070801e-01,4.331652522087097168e-01,5.965502738952636719e+00,8.168955445289611816e-01,9.148710966110229492e-01,7.322813000000000000e+06,5.143763422966003418e-01,inf,inf,inf,8.840714693069458008e-01,2.218889445066452026e-01,1.661109352111816406e+01,inf,1.525400578975677490e-02,6.744255423545837402e-01,2.152829021215438843e-01,6.266750693321228027e-01,6.553326249122619629e-01,8.381421089172363281e+00,inf,inf,inf,6.799077987670898438e-01,2.295923382043838501e-01,inf,inf,1.126136000000000000e+07,2.300248444080352783e-01,5.435655713081359863e-01,inf,7.797398500000000000e+06,2.153229862451553345e-01,6.242037415504455566e-01,7.015727162361145020e-01,8.205363154411315918e-01,3.737888800000000000e+07
7.557423114776611328e-01,inf,4.972880482673645020e-01,8.989310264587402344e-01,1.905505359172821045e-01,6.792963147163391113e-01,2.272718548774719238e-01,7.636435031890869141e-01,6.497544795274734497e-02,inf,2.422159385681152344e+01,5.315800309181213379e-01,inf,1.215654984116554260e-01,1.271935653686523438e+01,6.598099708557128906e+00,6.883633136749267578e-01,5.552759766578674316e-01,7.803375124931335449e-01,inf,9.051614999771118164e-01,inf,6.561388373374938965e-01,1.585433483123779297e+00,6.644314765930175781e+00,8.868368268013000488e-01,4.951145350933074951e-01,1.463430654257535934e-02,5.430482029914855957e-01,7.071121931076049805e-01,3.152297139167785645e-01,9.988409996032714844e+00,5.553479790687561035e-01,inf,9.376179575920104980e-01,1.708859801292419434e-01,5.105208158493041992e-01,7.165222764015197754e-01,8.963462114334106445e-01,9.052978000000000000e+06,5.685898065567016602e-01,2.341330349445343018e-01,inf,6.194010000000000000e+06,2.494562566280364990e-01,1.523448181152343750e+02,1.899865567684173584e-01,4.985613822937011719e-01,6.248148679733276367e-01
5.337530374526977539e-01,4.834413826465606689e-01,4.693974551628343761e-05,9.937719702720642090e-01,9.167037159204483032e-02,5.266016125679016113e-01,2.612695693969726562e-01,4.551584720611572266e-01,4.015930593013763428e-01,6.524433493614196777e-01,1.271812915802001953e-01,5.365714430809020996e-01,6.408374309539794922e-01,2.982564270496368408e-01,8.565713167190551758e-01,3.930845022201538086e+00,8.026320338249206543e-01,5.725050717592239380e-02,3.710699081420898438e-01,inf,4.010672867298126221e-01,inf,6.797286272048950195e-01,9.908854365348815918e-01,1.118516445159912109e+01,7.665177583694458008e-01,6.320216059684753418e-01,1.036880612373352051e+00,2.712645828723907471e-01,3.800978660583496094e-01,3.673079311847686768e-01,7.365187406539916992e-01,2.862511277198791504e-01,inf,inf,2.958362102508544922e-01,4.889507889747619629e-01,3.231733739376068115e-01,inf,4.970319569110870361e-01,1.761734299361705780e-02,5.304944515228271484e-01,inf,4.019459187984466553e-01,2.088436298072338104e-02,7.309741526842117310e-02,2.914500236511230469e-01,6.378136277198791504e-01,3.434315200000000000e+07
3.736452758312225342e-01,inf,3.932562768459320068e-01,2.574585080146789551e-01,1.822646975517272949e+00,4.714277386665344238e-01,inf,3.815402984619140625e-01,3.339158594608306885e-01,inf,2.552236747741699219e+01,4.955564439296722412e-01,inf,1.342845559120178223e+00,inf,4.772062301635742188e+00,8.948611021041870117e-01,3.581575453281402588e-01,5.128772854804992676e-01,7.179918885231018066e-01,inf,7.585356235504150391e-01,7.209425568580627441e-01,9.730017185211181641e-01,1.283489799499511719e+01,9.862529039382934570e-01,2.801268696784973145e-01,1.557057052850723267e-01,3.151664435863494873e-01,1.073593378067016602e+00,3.277676403522491455e-01,inf,2.384138405323028564e-01,7.979914546012878418e-01,8.303422331809997559e-01,1.049335524439811707e-01,inf,1.509124189615249634e-01,inf,1.394060300000000000e+07,2.843799591064453125e-01,6.147148609161376953e-01,4.287605285644531250e-01,1.018649500000000000e+07,3.989472985267639160e-01,1.180689525604248047e+01,4.170930981636047363e-01,4.336574077606201172e-01,3.408426400000000000e+07
3.689972162246704102e-01,inf,1.447628885507583618e-01,6.030158400535583496e-01,6.759454011917114258e-01,4.354234933853149414e-01,4.642826914787292480e-01,1.936165690422058105e-01,4.574837535619735718e-02,inf,2.961823344230651855e-02,1.873106360435485840e-01,4.997063279151916504e-01,inf,inf,8.163784146308898926e-01,5.458073616027832031e-01,6.915751099586486816e-02,3.597646951675415039e-01,inf,inf,inf,5.478419661521911621e-01,7.703431844711303711e-01,6.822425723075866699e-01,3.183711320161819458e-02,1.236113309860229492e-01,inf,2.392303943634033203e-01,6.811253726482391357e-02,3.036473989486694336e-01,6.929091453552246094e+00,5.301145911216735840e-01,inf,inf,3.471508026123046875e-01,1.376406252384185791e-01,1.469274461269378662e-01,inf,1.279054800000000000e+07,2.699895203113555908e-02,4.788339138031005859e-01,inf,8.547705000000000000e+06,1.394699886441230774e-02,3.087699413299560547e-01,7.022267580032348633e-02,5.311137437820434570e-01,4.390066000000000000e+07
inf,inf,1.617019176483154297e-01,inf,inf,inf,inf,1.936237200000000000e+07,inf,inf,inf,inf,inf,inf,inf,6.011379241943359375e+00,inf,2.489604353904724121e-01,inf,inf,inf,inf,inf,inf,inf,inf,inf,inf,2.400278300046920776e-02,inf,1.770372271537780762e+00,inf,inf,inf,inf,inf,inf,inf,inf,2.879283200000000000e+07,inf,2.592067718505859375e-01,inf,1.941530400000000000e+07,1.754782800000000000e+07,inf,inf,inf,4.281573600000000000e+07
inf,inf,3.203890919685363770e-01,inf,inf,4.990633726119995117e-01,inf,1.113602400000000000e+07,inf,inf,inf,inf,inf,inf,inf,7.156556606292724609e+00,inf,6.564493000000000000e+06,inf,inf,inf,inf,inf,inf,inf,inf,inf,8.445841819047927856e-02,5.280842259526252747e-02,inf,1.760764360427856445e+00,inf,inf,inf,inf,inf,inf,inf,inf,2.080916000000000000e+07,inf,3.824376314878463745e-02,inf,1.226821400000000000e+07,1.165293900000000000e+07,1.136443481445312500e+02,inf,inf,4.131640000000000000e+07
7.404028773307800293e-01,inf,9.565297365188598633e-01,9.701439179480075836e-03,3.360410332679748535e-01,2.397704422473907471e-01,5.621135234832763672e-01,1.255568800000000000e+07,5.844366550445556641e-01,1.895703430175781250e+02,1.856046169996261597e-01,6.597533822059631348e-01,5.861490368843078613e-01,4.666171073913574219e-01,1.985836219787597656e+01,5.667040348052978516e-01,7.919963598251342773e-01,6.655743000000000000e+06,4.464801847934722900e-01,inf,inf,inf,7.957283854484558105e-01,4.544735550880432129e-01,1.414715957641601562e+01,inf,1.143717169761657715e-01,5.189594626426696777e-01,3.569045066833496094e-01,3.975444138050079346e-01,6.455644965171813965e-01,1.280439567565917969e+01,inf,inf,7.320422530174255371e-01,4.896929264068603516e-01,1.961295902729034424e-01,5.399679541587829590e-01,inf,8.864276000000000000e+06,1.733657419681549072e-01,4.322529733180999756e-01,inf,6.761766000000000000e+06,6.046676039695739746e-01,5.722394585609436035e-01,7.703247070312500000e-01,8.132747411727905273e-01,3.990016800000000000e+07
5.840998291969299316e-01,inf,4.737401008605957031e-01,2.419646680355072021e-01,6.117722392082214355e-01,5.649969577789306641e-01,1.348601728677749634e-01,8.315595388412475586e-01,4.608944952487945557e-01,inf,2.675684928894042969e+01,2.638790607452392578e-01,inf,4.982708990573883057e-01,inf,4.477708816528320312e+00,8.159891366958618164e-01,3.874543309211730957e-01,7.204376459121704102e-01,inf,3.642335236072540283e-01,inf,6.204137206077575684e-01,1.951792955398559570e+00,1.208599948883056641e+01,8.250776529312133789e-01,inf,1.223222970962524414e+00,4.586800932884216309e-01,3.440908039920032024e-04,2.746358811855316162e-01,1.926425933837890625e+01,1.645863801240921021e-01,inf,6.100342869758605957e-01,1.301340907812118530e-01,4.428554773330688477e-01,7.841388136148452759e-02,6.084246039390563965e-01,1.382396100000000000e+07,5.830420851707458496e-01,5.076037645339965820e-01,inf,6.979084000000000000e+06,2.981223165988922119e-01,6.555002593994140625e+01,4.611389338970184326e-01,3.458867073059082031e-01,4.797774255275726318e-01
4.869275093078613281e-01,5.675821304321289062e-01,1.651316583156585693e-01,1.332898736000061035e+00,1.245284453034400940e-01,3.296831250190734863e-01,inf,1.044480204582214355e-01,1.474875211715698242e-01,5.856961607933044434e-01,2.364648878574371338e-01,4.400184750556945801e-01,7.027373909950256348e-01,2.380229830741882324e-01,4.447159767150878906e-01,2.395604610443115234e+00,7.757347822189331055e-01,5.588872730731964111e-02,5.565267205238342285e-01,inf,3.127199709415435791e-01,inf,6.183125376701354980e-01,1.758467793464660645e+00,inf,9.559913873672485352e-01,6.837560534477233887e-01,1.082465410232543945e+00,1.023372635245323181e-01,3.298045694828033447e-01,2.013836987316608429e-02,5.729594230651855469e-01,3.062337934970855713e-01,inf,inf,1.339744478464126587e-01,5.341984033584594727e-01,1.392286419868469238e-01,inf,4.082654416561126709e-01,7.901236414909362793e-01,5.010979771614074707e-01,inf,5.235491991043090820e-01,2.960911691188812256e-01,2.615375816822052002e-01,5.619201660156250000e-01,6.085741519927978516e-01,3.203819600000000000e+07
4.661027789115905762e-01,inf,2.229168713092803955e-01,7.078889608383178711e-01,3.270199596881866455e-01,3.668707609176635742e-01,6.145050525665283203e-01,1.870824843645095825e-01,1.473755985498428345e-01,inf,3.624007797241210938e+01,5.200299620628356934e-01,inf,8.744447231292724609e-01,inf,6.372872352600097656e+00,6.470580697059631348e-01,1.625487059354782104e-01,3.710060715675354004e-01,6.671147942543029785e-01,inf,7.457602620124816895e-01,6.148745417594909668e-01,1.453147411346435547e+00,3.750396251678466797e+00,2.486947923898696899e-01,1.490621805191040039e+00,1.577839851379394531e-01,1.936017870903015137e-01,2.438670247793197632e-01,3.399944901466369629e-01,inf,1.689789444208145142e-01,7.613115906715393066e-01,6.613383293151855469e-01,4.179656133055686951e-02,inf,2.637219429016113281e-02,inf,1.114877400000000000e+07,4.453210905194282532e-02,3.811155855655670166e-01,3.241418302059173584e-01,9.796264000000000000e+06,1.716244369745254517e-01,1.241617584228515625e+02,4.249866008758544922e-01,5.161753296852111816e-01,3.239891200000000000e+07
4.043174982070922852e-01,inf,1.529694348573684692e-01,4.865982830524444580e-01,1.188645482063293457e+00,5.469996333122253418e-01,3.717910870909690857e-02,1.115821078419685364e-01,3.948822245001792908e-02,inf,5.215638875961303711e-02,1.574089936912059784e-02,6.229993700981140137e-01,inf,2.311440229415893555e+00,9.046213626861572266e-01,5.073856115341186523e-01,1.433842480182647705e-01,1.109398156404495239e-01,inf,inf,inf,5.136239528656005859e-01,7.308192849159240723e-01,6.682196855545043945e-01,1.421413779258728027e+00,8.482372164726257324e-01,inf,9.546827524900436401e-02,1.128931641578674316e+00,5.858018249273300171e-02,1.233822441101074219e+01,2.931367456912994385e-01,inf,inf,2.256824374198913574e-01,2.189913541078567505e-01,1.485371291637420654e-01,inf,1.416884100000000000e+07,1.295978669077157974e-02,1.305074989795684814e-01,inf,7.869366000000000000e+06,9.791979938745498657e-02,4.119971096515655518e-01,4.105835556983947754e-01,5.658311843872070312e-01,4.191544000000000000e+07
inf,inf,7.121599912643432617e-01,inf,1.017042875289916992e+00,inf,inf,1.370026500000000000e+07,inf,inf,inf,inf,inf,inf,inf,4.233254432678222656e+00,inf,3.751357793807983398e-01,inf,inf,inf,inf,inf,inf,inf,inf,inf,inf,2.038186043500900269e-02,inf,1.757617115974426270e+00,inf,inf,inf,inf,inf,inf,inf,inf,2.806420400000000000e+07,inf,4.219990968704223633e-01,inf,1.740196400000000000e+07,1.463645600000000000e+07,inf,inf,inf,4.205512000000000000e+07
inf,inf,4.233053624629974365e-01,inf,inf,6.110674142837524414e-01,inf,9.949861000000000000e+06,inf,inf,inf,inf,inf,inf,inf,1.390083312988281250e+01,inf,8.117934000000000000e+06,inf,inf,inf,inf,inf,inf,inf,inf,inf,inf,1.977416276931762695e-01,inf,1.667440414428710938e+00,inf,inf,inf,inf,inf,inf,inf,inf,2.176946000000000000e+07,inf,6.330923438072204590e-01,inf,1.034434300000000000e+07,1.053237500000000000e+07,inf,inf,inf,3.983128800000000000e+07
6.994852423667907715e-01,inf,1.721851706504821777e+00,6.419899463653564453e-01,4.707667529582977295e-01,1.134919375181198120e-01,5.462486743927001953e-01,3.827074170112609863e-01,6.071479320526123047e-01,inf,3.824836313724517822e-01,7.765658497810363770e-01,5.662620067596435547e-01,4.750832319259643555e-01,6.929308414459228516e+00,7.502461075782775879e-01,7.631488442420959473e-01,7.522651500000000000e+06,4.007861316204071045e-01,inf,inf,inf,7.743991613388061523e-01,3.959493339061737061e-01,1.211161422729492188e+01,inf,inf,inf,3.269620537757873535e-01,2.319656610488891602e-01,6.659983992576599121e-01,inf,inf,inf,6.109853982925415039e-01,2.166456729173660278e-01,2.020817697048187256e-01,4.887844324111938477e-01,inf,8.549136000000000000e+06,1.756653785705566406e-01,5.669400095939636230e-01,inf,6.758408000000000000e+06,6.162480711936950684e-01,4.884406626224517822e-01,7.264494895935058594e-01,8.187105059623718262e-01,3.825059200000000000e+07
6.538016796112060547e-01,inf,2.961798906326293945e-01,5.560442805290222168e-01,2.152333259582519531e-01,6.770014166831970215e-01,7.040952146053314209e-02,7.057826000000000000e+06,6.725337505340576172e-01,inf,2.781180000305175781e+01,4.960523545742034912e-01,inf,5.436348915100097656e-01,inf,3.772317171096801758e+00,6.753678321838378906e-01,4.590721130371093750e-01,8.021982312202453613e-01,inf,5.596985220909118652e-01,inf,5.274870395660400391e-01,1.373566150665283203e+00,1.099840641021728516e+01,8.912750482559204102e-01,inf,7.960749864578247070e-01,4.412854313850402832e-01,9.368915855884552002e-02,1.403847634792327881e-01,2.397620439529418945e+00,2.724089324474334717e-01,inf,8.583093285560607910e-01,2.328697890043258667e-01,4.760518372058868408e-01,8.172401040792465210e-02,5.432215929031372070e-01,1.285266900000000000e+07,6.460686922073364258e-01,6.413076519966125488e-01,inf,6.335278000000000000e+06,2.900402843952178955e-01,2.349618721008300781e+01,4.006643593311309814e-01,4.747010171413421631e-01,5.063962340354919434e-01
5.561034083366394043e-01,5.450088381767272949e-01,3.339444473385810852e-02,6.522647738456726074e-01,4.514617621898651123e-01,7.519915699958801270e-01,4.084781408309936523e-01,6.970822811126708984e-02,1.276501119136810303e-01,6.186574697494506836e-01,2.121592313051223755e-01,1.107922866940498352e-01,8.182629942893981934e-01,3.880547583103179932e-01,5.967831015586853027e-01,2.829044580459594727e+00,5.782374739646911621e-01,9.974725544452667236e-02,4.442646205425262451e-01,inf,4.138757586479187012e-01,inf,6.432989239692687988e-01,3.113769054412841797e+00,2.712907791137695312e+01,1.046245217323303223e+00,9.143615365028381348e-01,6.471897363662719727e-01,4.420400857925415039e-01,1.036792322993278503e-01,2.177357673645019531e-01,7.011268734931945801e-01,2.305542230606079102e-01,inf,inf,6.630238890647888184e-02,6.199078559875488281e-01,6.689584255218505859e-02,inf,4.139329195022583008e-01,5.895758271217346191e-01,6.384618282318115234e-01,inf,3.104890882968902588e-01,8.189824223518371582e-02,3.138423264026641846e-01,5.361220836639404297e-01,6.592909097671508789e-01,3.291056800000000000e+07
4.591304063796997070e-01,inf,2.338612675666809082e-01,1.125535294413566589e-01,6.327133774757385254e-01,4.682438671588897705e-01,3.342253565788269043e-01,1.685744971036911011e-01,6.436154991388320923e-02,inf,2.212994956970214844e+01,5.924249887466430664e-01,inf,9.437131881713867188e-01,inf,1.222105598449707031e+01,5.838002562522888184e-01,5.397277697920799255e-02,2.248596996068954468e-01,5.764669775962829590e-01,inf,7.617120742797851562e-01,4.789617657661437988e-01,1.886423110961914062e+00,8.701478958129882812e+00,2.844950258731842041e-01,5.298465490341186523e-01,3.374374285340309143e-02,3.289629518985748291e-01,2.488508075475692749e-01,2.952664196491241455e-01,2.253074645996093750e+01,6.458714008331298828e-01,7.471260428428649902e-01,5.780463218688964844e-01,4.283743500709533691e-01,inf,1.378209292888641357e-01,inf,1.189347500000000000e+07,1.734914779663085938e-01,7.031285762786865234e-01,2.094570845365524292e-01,9.974581000000000000e+06,6.066122651100158691e-02,1.627534942626953125e+02,5.011813044548034668e-01,6.420960426330566406e-01,3.067385200000000000e+07
3.156976699829101562e-01,inf,1.464222967624664307e-01,3.274725675582885742e-01,1.265154123306274414e+00,3.665068745613098145e-01,2.821587622165679932e-01,5.499036982655525208e-02,1.113770646043121815e-03,inf,2.059855163097381592e-01,4.710280895233154297e-02,5.683376193046569824e-01,inf,9.850264549255371094e+00,1.839198946952819824e+00,4.034072756767272949e-01,4.593969136476516724e-02,1.040936261415481567e-01,inf,inf,inf,5.134322047233581543e-01,6.635299324989318848e-01,7.049281001091003418e-01,6.616039872169494629e-01,inf,9.250770509243011475e-02,7.818157970905303955e-02,1.225944724865257740e-03,1.278711795806884766e+00,1.525206279754638672e+01,5.065490603446960449e-01,inf,inf,1.006972491741180420e-01,3.411242961883544922e-01,9.783064574003219604e-02,inf,1.437365300000000000e+07,2.560045421123504639e-01,3.228268623352050781e-01,inf,9.726907000000000000e+06,2.241581678390502930e-01,1.083686724305152893e-01,3.318291306495666504e-01,5.355978012084960938e-01,4.233350400000000000e+07
inf,inf,2.052073329687118530e-01,inf,inf,inf,inf,1.486810700000000000e+07,inf,inf,inf,inf,inf,inf,inf,1.083301639556884766e+01,inf,6.067757606506347656e-01,inf,inf,inf,inf,inf,inf,inf,inf,inf,inf,4.027464985847473145e-02,inf,2.027379989624023438e+00,inf,inf,inf,inf,inf,inf,inf,inf,2.870924800000000000e+07,inf,inf,inf,1.734869600000000000e+07,1.634321200000000000e+07,inf,inf,inf,4.048764800000000000e+07
inf,inf,1.539929628372192383e+00,inf,4.014564990997314453e+00,5.440965294837951660e-01,inf,9.684162000000000000e+06,inf,inf,inf,inf,inf,inf,inf,8.753906250000000000e+00,inf,8.772394000000000000e+06,inf,inf,inf,inf,inf,inf,inf,inf,inf,inf,1.351659595966339111e-01,inf,2.121051549911499023e+00,inf,inf,inf,inf,inf,inf,inf,inf,2.206382800000000000e+07,inf,inf,inf,1.600175400000000000e+07,9.586076000000000000e+06,inf,inf,inf,3.926926400000000000e+07
inf,inf,1.547957658767700195e+00,3.123278617858886719e-01,5.244110226631164551e-01,3.108406066894531250e-02,6.055627465248107910e-01,9.333757311105728149e-02,5.680360198020935059e-01,inf,6.276043653488159180e-01,4.553575217723846436e-01,4.115093946456909180e-01,1.339160930365324020e-02,9.022419929504394531e+00,6.075285673141479492e-01,6.663209795951843262e-01,7.974132500000000000e+06,1.936690807342529297e-01,inf,inf,inf,7.332847714424133301e-01,1.535825610160827637e+00,2.121748542785644531e+01,inf,inf,6.496459245681762695e-01,1.001019835472106934e+00,3.824630677700042725e-01,7.267091870307922363e-01,1.345617866516113281e+01,inf,inf,5.105817914009094238e-01,2.582413554191589355e-01,4.146997928619384766e-01,5.848166346549987793e-01,inf,1.036830100000000000e+07,1.921952515840530396e-01,7.514001727104187012e-01,inf,7.481266500000000000e+06,6.350077986717224121e-01,7.558659315109252930e-01,6.762418150901794434e-01,8.150401711463928223e-01,3.872598000000000000e+07
inf,inf,3.876791894435882568e-01,7.319302558898925781e-01,8.726532757282257080e-02,7.512077689170837402e-01,3.940742015838623047e-01,6.566010000000000000e+06,inf,inf,2.134621620178222656e+01,5.577112436294555664e-01,inf,inf,inf,6.303584098815917969e+00,5.282079577445983887e-01,4.445568919181823730e-01,7.213766574859619141e-01,inf,4.918155670166015625e-01,inf,6.316943764686584473e-01,3.997315406799316406e+00,1.240963077545166016e+01,inf,inf,5.913274884223937988e-01,3.007132411003112793e-01,4.073231220245361328e-01,3.385492563247680664e-01,1.310832214355468750e+01,inf,inf,inf,3.231931924819946289e-01,inf,1.963181197643280029e-01,inf,1.410106800000000000e+07,inf,7.234678864479064941e-01,inf,6.099700000000000000e+06,3.859750032424926758e-01,inf,4.048530161380767822e-01,1.861276179552078247e-01,4.833782911300659180e-01
inf,4.846802055835723877e-01,2.513864934444427490e-01,1.111412048339843750e+00,3.574731647968292236e-01,7.404540777206420898e-01,4.405546188354492188e-01,7.444079518318176270e-01,5.468686223030090332e-01,5.982310175895690918e-01,8.091025799512863159e-02,6.582604646682739258e-01,7.454094290733337402e-01,6.782555580139160156e-01,5.136299729347229004e-01,3.438412189483642578e+00,4.429921507835388184e-01,1.287699043750762939e-01,2.552805840969085693e-01,inf,3.603005409240722656e-01,inf,6.479762196540832520e-01,5.184863567352294922e+00,1.291762828826904297e+01,4.370829463005065918e-01,1.586701720952987671e-01,1.765537142753601074e+00,2.394787669181823730e-01,7.296787947416305542e-02,1.682239055633544922e+00,7.528352737426757812e-01,4.110648930072784424e-01,inf,7.823019027709960938e-01,5.217747688293457031e-01,8.003045320510864258e-01,1.521785408258438110e-01,inf,4.276148676872253418e-01,4.622050225734710693e-01,3.832958936691284180e-01,inf,3.450119197368621826e-01,1.083063259720802307e-01,5.529259443283081055e-01,4.961510598659515381e-01,6.335062384605407715e-01,3.369860800000000000e+07
8.944393396377563477e-01,inf,4.342003166675567627e-01,1.651831507682800293e+00,3.985772132873535156e-01,5.745040774345397949e-01,2.522651255130767822e-01,5.050961375236511230e-01,1.820492297410964966e-01,inf,3.555446243286132812e+01,2.723095417022705078e-01,inf,1.716175198554992676e+00,inf,1.849507141113281250e+01,3.768663704395294189e-01,2.719663381576538086e-01,1.752127856016159058e-01,5.707663893699645996e-01,inf,7.684028744697570801e-01,6.087271571159362793e-01,2.028133392333984375e+00,1.720327949523925781e+01,5.134353637695312500e-01,1.509038209915161133e+00,2.565451860427856445e-01,1.079365909099578857e-01,3.572056889533996582e-01,5.647199749946594238e-01,2.311512756347656250e+01,3.688577115535736084e-01,6.466124057769775391e-01,7.231639027595520020e-01,2.228742390871047974e-01,inf,2.423014789819717407e-01,8.099455833435058594e-01,1.032525800000000000e+07,3.025279343128204346e-01,2.814010977745056152e-01,9.208158403635025024e-02,1.050710900000000000e+07,2.034002542495727539e-01,inf,3.013610839843750000e-01,4.719865322113037109e-01,2.891448800000000000e+07
inf,inf,9.845840930938720703e-02,4.395735561847686768e-01,1.298923730850219727e+00,4.387490153312683105e-01,1.627921909093856812e-01,8.664675951004028320e-01,1.205084025859832764e-01,inf,1.877623945474624634e-01,2.433496564626693726e-01,6.382722854614257812e-01,inf,5.021264076232910156e+00,2.320924043655395508e+00,1.118493527173995972e-01,3.099619448184967041e-01,1.507398020476102829e-02,inf,inf,inf,4.437895119190216064e-01,6.125477552413940430e-01,6.947011351585388184e-01,1.523207724094390869e-01,1.224688410758972168e+00,4.491118341684341431e-02,1.421186476945877075e-01,2.543237507343292236e-01,2.831161618232727051e-01,inf,4.673008918762207031e-01,inf,inf,4.470869600772857666e-01,3.861777186393737793e-01,8.992137759923934937e-02,inf,1.226661700000000000e+07,5.943533778190612793e-01,6.312274932861328125e-01,inf,9.082760000000000000e+06,2.106094658374786377e-01,5.380296707153320312e-01,3.593781292438507080e-01,5.383626222610473633e-01,4.150932800000000000e+07
inf,inf,1.174412295222282410e-02,inf,inf,inf,inf,1.359880200000000000e+07,inf,inf,inf,inf,inf,inf,inf,9.589563369750976562e+00,inf,4.436672031879425049e-01,inf,inf,inf,inf,inf,inf,inf,inf,inf,inf,1.460611168295145035e-02,inf,2.994136810302734375e+00,inf,inf,inf,inf,inf,inf,inf,inf,1.634567700000000000e+07,inf,inf,inf,1.782149200000000000e+07,1.740447200000000000e+07,inf,inf,inf,3.960696000000000000e+07
inf,inf,7.493662834167480469e-01,inf,3.583584547042846680e+00,inf,inf,8.989621000000000000e+06,inf,inf,inf,inf,inf,inf,inf,8.716377258300781250e+00,inf,7.958324000000000000e+06,inf,inf,inf,inf,inf,inf,inf,inf,inf,inf,3.189593181014060974e-02,inf,1.961329698562622070e+00,inf,inf,inf,inf,inf,inf,inf,inf,1.799450400000000000e+07,inf,inf,inf,9.443919000000000000e+06,9.115976000000000000e+06,inf,inf,inf,3.649320000000000000e+07
inf,inf,8.276314735412597656e-01,1.917178332805633545e-01,4.005867987871170044e-02,7.721545696258544922e-01,6.626873612403869629e-01,8.211014500000000000e+06,6.370071768760681152e-01,5.133131027221679688e+01,6.597074866294860840e-01,7.296005487442016602e-01,6.149172782897949219e-01,5.185360908508300781e-01,2.497174978256225586e+00,5.914747714996337891e-01,5.687140226364135742e-01,7.327980500000000000e+06,2.918183505535125732e-01,inf,inf,inf,7.564432621002197266e-01,3.118189573287963867e+00,1.913970756530761719e+01,inf,1.383823603391647339e-01,6.076562404632568359e-01,1.035619258880615234e+00,4.711844027042388916e-01,8.582662045955657959e-02,inf,inf,inf,8.291409611701965332e-01,3.329022526741027832e-01,3.732330724596977234e-02,inf,inf,8.388142500000000000e+06,4.054734110832214355e-01,8.235586881637573242e-01,inf,6.549493000000000000e+06,6.160995364189147949e-01,4.870267212390899658e-01,6.625404953956604004e-01,7.263368964195251465e-01,3.595242400000000000e+07
inf,inf,5.508499220013618469e-02,7.862201929092407227e-01,6.251326799392700195e-01,5.129030346870422363e-01,2.150523364543914795e-01,8.177889585494995117e-01,5.082051157951354980e-01,inf,3.630043029785156250e+01,5.509896278381347656e-01,inf,5.957584977149963379e-01,inf,6.181428432464599609e+00,5.084778666496276855e-01,3.314978778362274170e-01,7.079170942306518555e-01,inf,2.426019906997680664e-01,inf,4.016865491867065430e-01,7.762872219085693359e+00,1.182611083984375000e+01,9.000058174133300781e-01,inf,7.389218807220458984e-01,2.567117512226104736e-01,4.812565445899963379e-01,2.041414529085159302e-01,1.054477310180664062e+01,2.867454886436462402e-01,inf,8.673534989356994629e-01,3.423011898994445801e-01,5.131344199180603027e-01,inf,9.047647714614868164e-01,1.282368700000000000e+07,4.661327302455902100e-01,5.271298289299011230e-01,inf,6.998712000000000000e+06,2.990952134132385254e-01,4.583746719360351562e+01,3.551286756992340088e-01,1.749812215566635132e-01,4.212625324726104736e-01
inf,4.286584258079528809e-01,2.352935522794723511e-01,1.726207137107849121e+00,2.486983314156532288e-02,6.375625133514404297e-01,3.672090470790863037e-01,1.546502560377120972e-01,8.155431598424911499e-02,5.583460330963134766e-01,4.524584487080574036e-02,2.819118797779083252e-01,8.146024346351623535e-01,6.965637952089309692e-02,8.335037231445312500e-01,inf,4.843391180038452148e-01,6.912386417388916016e-02,3.190924823284149170e-01,inf,3.616005778312683105e-01,inf,7.492806911468505859e-01,6.868084907531738281e+00,3.058000373840332031e+01,1.241146326065063477e+00,3.896841108798980713e-01,3.787235617637634277e-01,9.356781095266342163e-02,2.930750548839569092e-01,3.436245322227478027e-01,5.928159356117248535e-01,9.722854942083358765e-02,inf,inf,2.221836447715759277e-01,3.178420364856719971e-01,inf,inf,3.898187279701232910e-01,6.135904788970947266e-01,3.626876473426818848e-01,inf,6.285104155540466309e-01,1.556525081396102905e-01,7.786092758178710938e-01,5.351112484931945801e-01,5.531792044639587402e-01,3.444770400000000000e+07
5.390090942382812500e-01,inf,3.454843163490295410e-01,1.860171794891357422e+00,7.230243682861328125e-01,6.223641633987426758e-01,2.867783904075622559e-01,3.607930615544319153e-02,1.020529773086309433e-02,inf,3.989103317260742188e+01,6.517603397369384766e-01,inf,1.569087266921997070e+00,inf,7.152279853820800781e+00,4.034858345985412598e-01,4.244624078273773193e-02,3.244292438030242920e-01,5.704709887504577637e-01,inf,7.750886678695678711e-01,9.003940224647521973e-02,6.864359378814697266e+00,2.293075180053710938e+01,2.248409271240234375e+00,2.151785612106323242e+00,1.343364082276821136e-02,1.425411850214004517e-01,2.755474746227264404e-01,3.521417677402496338e-01,inf,2.847172692418098450e-02,6.413166522979736328e-01,6.567744612693786621e-01,3.263244032859802246e-01,inf,5.953963994979858398e-01,inf,9.423061000000000000e+06,4.971378743648529053e-01,4.000486135482788086e-01,7.579286582767963409e-03,8.640481000000000000e+06,2.871718406677246094e-01,inf,4.203963279724121094e-01,5.557900667190551758e-01,2.687874000000000000e+07
inf,inf,1.445684581995010376e-01,6.765387058258056641e-01,9.128894805908203125e-01,6.375196576118469238e-02,3.140384554862976074e-01,3.561910092830657959e-01,2.385184466838836670e-01,inf,5.051515698432922363e-01,1.220566704869270325e-01,6.477926969528198242e-01,inf,3.932232856750488281e+00,1.688727188110351562e+01,1.737019121646881104e-01,4.074409231543540955e-02,3.291042745113372803e-01,inf,inf,inf,4.036046564579010010e-01,6.462391614913940430e-01,6.631844639778137207e-01,3.901071250438690186e-01,1.544911742210388184e+00,2.658814005553722382e-02,6.900971382856369019e-02,1.733983159065246582e-01,1.912641078233718872e-01,inf,1.700913608074188232e-01,inf,inf,2.284319549798965454e-01,2.689932882785797119e-01,inf,inf,1.783651200000000000e+07,5.509089231491088867e-01,6.846641302108764648e-01,inf,8.750063000000000000e+06,9.484786540269851685e-02,5.773748755455017090e-01,2.898791432380676270e-01,4.522631466388702393e-01,4.290777200000000000e+07
inf,inf,4.161576926708221436e-01,inf,inf,inf,inf,1.142145300000000000e+07,inf,inf,inf,inf,inf,inf,inf,9.679978370666503906e+00,inf,2.704537510871887207e-01,inf,inf,inf,inf,inf,inf,inf,inf,inf,inf,1.310229500000000000e+07,inf,2.695175886154174805e+00,inf,inf,inf,inf,inf,inf,inf,inf,2.888781200000000000e+07,inf,inf,inf,2.265847200000000000e+07,1.625734800000000000e+07,inf,inf,inf,3.807351200000000000e+07
inf,inf,8.308613896369934082e-01,inf,3.826232910156250000e+00,inf,inf,8.641863000000000000e+06,inf,inf,inf,inf,inf,inf,inf,1.656981277465820312e+01,inf,7.256592000000000000e+06,inf,inf,inf,inf,inf,inf,inf,inf,inf,inf,4.466026723384857178e-01,inf,2.186199665069580078e+00,inf,inf,inf,inf,inf,inf,inf,inf,1.831440400000000000e+07,inf,1.186426067352294922e+01,inf,1.618099800000000000e+07,8.773706000000000000e+06,inf,inf,inf,3.528694400000000000e+07
inf,inf,8.323578238487243652e-01,2.085079699754714966e-01,5.754487589001655579e-02,6.973604559898376465e-01,6.604576706886291504e-01,4.829013000000000000e+06,5.037644505500793457e-01,5.878147125244140625e+01,8.962196707725524902e-01,7.758188843727111816e-01,5.755320787429809570e-01,4.209676086902618408e-01,3.193680763244628906e+00,6.131467223167419434e-01,5.938420295715332031e-01,7.229748000000000000e+06,4.233446717262268066e-01,inf,inf,inf,6.769648194313049316e-01,2.864506006240844727e+00,1.894727516174316406e+01,inf,6.191586330533027649e-02,5.066758990287780762e-01,8.167280554771423340e-01,5.679945945739746094e-01,3.492656350135803223e-01,1.162021541595458984e+01,inf,inf,5.288743972778320312e-01,5.714086890220642090e-01,1.383787989616394043e-01,inf,inf,1.871240800000000000e+07,4.719935059547424316e-01,7.992406487464904785e-01,inf,8.737934000000000000e+06,6.206793189048767090e-01,6.992578506469726562e-01,6.723023056983947754e-01,7.839930057525634766e-01,3.276075600000000000e+07
inf,inf,1.887209415435791016e-01,7.885912656784057617e-01,1.482058167457580566e-01,3.596989214420318604e-01,7.354239225387573242e-01,5.842968225479125977e-01,4.502318799495697021e-01,inf,4.448481369018554688e+01,6.274313330650329590e-01,inf,4.111291170120239258e-01,1.858738517761230469e+01,8.657283782958984375e+00,5.456680059432983398e-01,4.132081270217895508e-01,6.896820664405822754e-01,inf,6.310114264488220215e-01,inf,5.877876877784729004e-01,3.161642849445343018e-01,1.749732589721679688e+01,inf,3.342428803443908691e-02,1.014675378799438477e+00,2.525697648525238037e-01,4.597864151000976562e-01,1.934053659439086914e+00,1.595867919921875000e+01,1.017078608274459839e-01,inf,inf,3.272804915904998779e-01,4.010971486568450928e-01,inf,4.872691631317138672e-01,1.796130400000000000e+07,6.276045441627502441e-01,4.991942346096038818e-01,inf,7.157378000000000000e+06,3.608861267566680908e-01,inf,2.655190527439117432e-01,3.274481892585754395e-01,3.446234762668609619e-01
inf,3.744114935398101807e-01,1.954893618822097778e-01,1.775979161262512207e+00,6.361990571022033691e-01,5.791238546371459961e-01,1.256340146064758301e-01,5.283519625663757324e-02,1.717063039541244507e-01,5.772219896316528320e-01,2.635601349174976349e-02,5.835446715354919434e-01,7.161262035369873047e-01,1.228789016604423523e-01,5.050356388092041016e-01,5.160387516021728516e+00,3.922155797481536865e-01,1.319043636322021484e-01,3.699844479560852051e-01,inf,3.479825556278228760e-01,inf,5.717466473579406738e-01,3.056746006011962891e+00,2.946959304809570312e+01,2.620596587657928467e-01,3.753523230552673340e-01,5.470505952835083008e-01,1.757524311542510986e-01,2.717458605766296387e-01,9.372442960739135742e-02,7.306652665138244629e-01,5.569683313369750977e-01,inf,inf,2.661785185337066650e-01,5.107938051223754883e-01,inf,inf,3.699780404567718506e-01,3.161422610282897949e-01,3.204447329044342041e-01,inf,9.986676275730133057e-02,2.508541047573089600e-01,3.024225234985351562e-01,4.674888551235198975e-01,4.875313937664031982e-01,3.264956000000000000e+07
5.615985989570617676e-01,inf,2.903832495212554932e-01,2.563930749893188477e+00,6.328819990158081055e-01,3.180845081806182861e-01,2.607772052288055420e-01,5.126406550407409668e-01,1.797338128089904785e-01,inf,4.910602188110351562e+01,1.326013505458831787e-01,inf,3.956555128097534180e+00,1.503846645355224609e+01,2.058418273925781250e+01,4.230487346649169922e-01,1.986861228942871094e-01,4.555769860744476318e-01,5.416340827941894531e-01,inf,7.598005533218383789e-01,1.151140197180211544e-03,4.903694629669189453e+00,2.742955780029296875e+01,inf,1.186362504959106445e+00,3.142652809619903564e-01,1.512775123119354248e-01,2.561396658420562744e-01,1.282553225755691528e-01,inf,8.930129408836364746e-01,6.403248310089111328e-01,8.128100037574768066e-01,2.569007873535156250e-01,inf,8.236231207847595215e-01,inf,1.257085500000000000e+07,5.134772062301635742e-01,4.420621693134307861e-01,2.294943928718566895e-01,1.412926200000000000e+07,2.957147657871246338e-01,7.030852508544921875e+01,3.769319951534271240e-01,1.956009715795516968e-01,2.404501600000000000e+07
inf,inf,4.175872355699539185e-02,7.280909419059753418e-01,1.251179218292236328e+00,6.373366117477416992e-01,3.075043559074401855e-01,3.757555782794952393e-01,1.342976987361907959e-01,inf,8.143093585968017578e-01,1.222062408924102783e-01,6.475534439086914062e-01,inf,inf,4.988049507141113281e+00,2.313416600227355957e-01,1.025127768516540527e-01,2.129151821136474609e-01,inf,inf,inf,4.435067474842071533e-01,6.264518499374389648e-01,6.546581983566284180e-01,2.249198257923126221e-01,1.484255313873291016e+00,3.468297421932220459e-01,1.027396321296691895e-01,9.246772527694702148e-02,3.749570548534393311e-01,inf,1.156546324491500854e-01,inf,inf,1.249427273869514465e-01,inf,inf,inf,1.847636400000000000e+07,1.024911776185035706e-01,4.997250139713287354e-01,inf,1.226579100000000000e+07,1.099918559193611145e-01,3.340892493724822998e-01,3.617782592773437500e-01,3.670859336853027344e-01,4.342580800000000000e+07
inf,inf,3.391073048114776611e-01,inf,inf,inf,inf,1.262382600000000000e+07,inf,inf,inf,inf,inf,inf,inf,inf,inf,4.359906017780303955e-01,inf,inf,inf,inf,inf,inf,inf,inf,inf,inf,1.259150654077529907e-01,inf,2.644746541976928711e+00,inf,inf,inf,inf,inf,inf,inf,inf,2.270079600000000000e+07,inf,inf,inf,2.046092000000000000e+07,1.384147500000000000e+07,inf,inf,inf,2.891105200000000000e+07
inf,inf,inf,inf,inf,6.308668255805969238e-01,inf,5.842236000000000000e+06,inf,inf,inf,inf,inf,inf,inf,2.405005693435668945e+00,inf,7.648686500000000000e+06,inf,inf,inf,inf,inf,inf,inf,inf,inf,inf,4.243351817131042480e-01,inf,2.059905290603637695e+00,inf,inf,inf,inf,inf,inf,inf,inf,1.828444800000000000e+07,inf,inf,inf,1.423672700000000000e+07,7.783486000000000000e+06,inf,inf,inf,3.789726400000000000e+07
4.863634705543518066e-01,inf,8.575183153152465820e-02,2.198297344148159027e-02,2.533160522580146790e-02,2.365396767854690552e-01,5.967653989791870117e-01,2.558250000000000000e+06,6.006292700767517090e-01,3.167010688781738281e+01,1.368663907051086426e+00,8.007152676582336426e-01,5.819228887557983398e-01,5.350891351699829102e-01,2.421464204788208008e+00,5.105337500572204590e-01,5.752150416374206543e-01,7.398750500000000000e+06,4.257960915565490723e-01,inf,inf,inf,inf,1.148062586784362793e+00,2.507734107971191406e+01,inf,6.973429769277572632e-02,6.097522377967834473e-01,2.383031129837036133e+00,6.787202954292297363e-01,4.620852470397949219e-01,inf,inf,inf,5.969786047935485840e-01,4.401742219924926758e-01,1.490965187549591064e-01,inf,inf,9.434596000000000000e+06,inf,7.958170175552368164e-01,inf,6.094169000000000000e+06,6.616113781929016113e-01,5.711496472358703613e-01,6.983718276023864746e-01,8.132137060165405273e-01,3.516378400000000000e+07
7.877703309059143066e-01,inf,1.863569766283035278e-01,7.593170404434204102e-01,1.655158281326293945e+00,3.237691521644592285e-01,inf,7.123590707778930664e-01,4.077361524105072021e-01,inf,4.807120132446289062e+01,3.426471352577209473e-01,inf,2.957805991172790527e-01,6.678193092346191406e+00,7.745201110839843750e+00,4.999022483825683594e-01,4.646054208278656006e-01,7.003539800643920898e-01,inf,4.543413817882537842e-01,inf,8.453901410102844238e-01,1.618656396865844727e+00,1.629546165466308594e+01,8.093019723892211914e-01,9.954275190830230713e-02,1.695186614990234375e+00,2.702989280223846436e-01,6.115919947624206543e-01,4.014042913913726807e-01,inf,1.043819934129714966e-01,inf,8.290354013442993164e-01,1.347903460264205933e-01,inf,inf,2.725567817687988281e-01,1.582371700000000000e+07,inf,4.032491445541381836e-01,inf,6.263652000000000000e+06,3.602339029312133789e-01,7.211215972900390625e+01,3.359465301036834717e-01,2.632142901420593262e-01,8.818200975656509399e-02
6.036428213119506836e-01,1.076841875910758972e-01,2.791446447372436523e-01,1.799916267395019531e+00,1.795185729861259460e-02,7.302930355072021484e-01,4.555363357067108154e-01,4.427795484662055969e-02,1.066674590110778809e-01,5.417546629905700684e-01,6.533966064453125000e-01,5.262813568115234375e-01,7.830862402915954590e-01,2.003365904092788696e-01,9.767155051231384277e-01,4.566037654876708984e+00,7.300735116004943848e-01,7.595612853765487671e-02,1.264369934797286987e-01,inf,3.022078275680541992e-01,inf,inf,3.370092868804931641e+00,3.926139068603515625e+01,1.131737232208251953e+00,5.069607496261596680e-01,1.650076508522033691e+00,2.595331966876983643e-01,2.762016355991363525e-01,7.945215702056884766e-01,7.535424828529357910e-01,5.026281476020812988e-01,inf,inf,1.299850493669509888e-01,8.111712336540222168e-01,inf,inf,4.438643753528594971e-01,8.470159769058227539e-01,2.713313400745391846e-01,inf,4.870632588863372803e-01,5.657613277435302734e-03,4.148386716842651367e-01,3.980051577091217041e-01,4.372270703315734863e-01,1.689461600000000000e+07
1.117909908294677734e+00,inf,3.287950456142425537e-01,2.748743534088134766e+00,1.532356381416320801e+00,6.628271341323852539e-01,7.178010791540145874e-02,3.299481868743896484e-01,3.458739444613456726e-02,inf,2.792364311218261719e+01,2.035094946622848511e-01,inf,1.997690796852111816e+00,inf,1.399685573577880859e+01,6.224299669265747070e-01,2.629525065422058105e-01,3.200812041759490967e-01,5.382466912269592285e-01,inf,7.564495205879211426e-01,inf,3.662701845169067383e+00,inf,2.159570306539535522e-01,4.483741223812103271e-01,3.928211629390716553e-01,4.756256192922592163e-02,2.443190962076187134e-01,8.462003618478775024e-02,inf,inf,7.083241939544677734e-01,5.992546081542968750e-01,1.772428750991821289e-01,inf,8.229833245277404785e-01,inf,1.211185600000000000e+07,7.268823683261871338e-02,1.235873699188232422e-01,2.781795561313629150e-01,1.175755600000000000e+07,2.815078198909759521e-01,4.193016529083251953e+00,4.239040017127990723e-01,2.364965826272964478e-01,2.158692000000000000e+07
inf,inf,1.447591185569763184e-01,7.657625675201416016e-01,2.917861640453338623e-01,4.766855835914611816e-01,3.315298557281494141e-01,1.293627142906188965e+00,1.086548343300819397e-01,inf,5.975705385208129883e-01,5.692213028669357300e-02,6.085204482078552246e-01,inf,inf,1.797126412391662598e+00,1.250288784503936768e-01,2.381431683897972107e-02,8.451221883296966553e-02,inf,inf,inf,inf,6.619343161582946777e-01,5.174362659454345703e-01,6.186348851770162582e-03,8.651115298271179199e-01,1.498931050300598145e+00,7.199583202600479126e-02,1.383073776960372925e-01,3.405127525329589844e-01,inf,4.335779547691345215e-01,inf,inf,9.261656552553176880e-02,inf,inf,inf,1.548963100000000000e+07,2.921563684940338135e-01,4.985150098800659180e-01,inf,1.064027900000000000e+07,1.593386381864547729e-01,4.077932834625244141e-01,4.276281297206878662e-01,4.465003609657287598e-01,3.838173200000000000e+07
inf,inf,1.807320564985275269e-01,inf,inf,inf,inf,1.083445700000000000e+07,inf,inf,inf,inf,inf,inf,inf,inf,inf,1.026505157351493835e-01,6.629484176635742188e+00,inf,inf,inf,inf,inf,inf,inf,inf,inf,8.308564126491546631e-02,inf,3.345105886459350586e+00,inf,inf,inf,inf,inf,inf,inf,inf,2.619094400000000000e+07,inf,inf,inf,2.067098000000000000e+07,1.235610000000000000e+07,inf,inf,inf,3.177228800000000000e+07
inf,inf,7.114881873130798340e-01,inf,inf,4.382938146591186523e-01,inf,5.958680000000000000e+06,inf,inf,inf,inf,inf,inf,inf,4.834611892700195312e+00,inf,7.464806000000000000e+06,inf,inf,inf,inf,inf,5.498097896575927734e+00,inf,inf,inf,inf,4.194710552692413330e-01,inf,2.853442907333374023e+00,inf,inf,inf,inf,inf,inf,inf,inf,1.591506900000000000e+07,inf,5.982440948486328125e+00,inf,1.775314000000000000e+07,7.340608500000000000e+06,inf,inf,inf,3.443885600000000000e+07
inf,inf,7.407667636871337891e-01,2.513211369514465332e-01,2.695616148412227631e-02,1.542531847953796387e+00,5.881906151771545410e-01,3.216516000000000000e+06,5.255389213562011719e-01,inf,1.329769134521484375e+00,6.909171342849731445e-01,6.304658055305480957e-01,4.934781491756439209e-01,inf,5.430333018302917480e-01,6.669459342956542969e-01,7.338244500000000000e+06,3.103448450565338135e-01,inf,inf,inf,inf,2.845399618148803711e+00,3.106985855102539062e+01,inf,inf,6.541765332221984863e-01,1.569328457117080688e-01,4.984715580940246582e-01,5.117314457893371582e-01,inf,9.954540133476257324e-01,inf,6.836088299751281738e-01,4.227622747421264648e-01,inf,inf,inf,1.942903600000000000e+07,7.254640758037567139e-02,7.663499116897583008e-01,inf,8.122254000000000000e+06,6.408334374427795410e-01,6.928505897521972656e-01,6.343442201614379883e-01,6.913202404975891113e-01,3.126493200000000000e+07
inf,inf,3.419874310493469238e-01,7.703500986099243164e-01,1.077420637011528015e-02,6.964429020881652832e-01,6.029145121574401855e-01,6.265432834625244141e-01,4.048702120780944824e-01,inf,3.103024101257324219e+01,5.524352192878723145e-01,inf,5.048969388008117676e-01,inf,7.942077636718750000e+01,3.634371459484100342e-01,4.105001688003540039e-01,7.118260860443115234e-01,inf,4.361392855644226074e-01,inf,8.820255994796752930e-01,7.411361217498779297e+00,2.552901268005371094e+01,7.586125135421752930e-01,4.992012679576873779e-01,1.476820588111877441e+00,2.230376958847045898e+00,2.029148489236831665e-01,2.652186453342437744e-01,inf,4.544955730438232422e+00,inf,8.333880305290222168e-01,2.486849576234817505e-01,inf,inf,5.702443718910217285e-01,2.017086000000000000e+07,5.626620054244995117e-01,6.341403126716613770e-01,inf,6.378735000000000000e+06,3.851318061351776123e-01,2.244958114624023438e+01,4.021742045879364014e-01,1.941976994276046753e-01,1.321138255298137665e-02
8.552250266075134277e-01,1.476458609104156494e-01,2.486334294080734253e-01,2.737801313400268555e+00,9.684776514768600464e-02,5.025523900985717773e-01,1.742511242628097534e-02,1.832910478115081787e-01,5.729944631457328796e-02,4.339389503002166748e-01,9.224088490009307861e-02,6.264054179191589355e-01,7.329550385475158691e-01,1.824434101581573486e-01,7.625890970230102539e-01,6.749992370605468750e+00,5.827752947807312012e-01,6.481803953647613525e-02,3.438592553138732910e-01,inf,3.687115907669067383e-01,inf,inf,6.408681869506835938e-01,1.987013053894042969e+01,1.934774160385131836e+00,4.280112087726593018e-01,1.438864946365356445e+00,6.376044452190399170e-02,1.162676736712455750e-01,1.266184449195861816e+00,7.463019490242004395e-01,1.074563622474670410e+00,inf,inf,3.355244547128677368e-02,6.952680945396423340e-01,inf,inf,2.970958948135375977e-01,1.851258754730224609e+00,2.737051844596862793e-01,inf,2.169316262006759644e-01,7.680691033601760864e-02,3.011185526847839355e-01,5.214440226554870605e-01,4.030903875827789307e-01,2.431695600000000000e+07
2.211374640464782715e-01,inf,2.557094395160675049e-01,3.236029624938964844e+00,1.456842124462127686e-01,3.655363619327545166e-01,4.713292419910430908e-02,5.745267271995544434e-01,1.383773982524871826e-01,inf,3.186820411682128906e+01,5.445643067359924316e-01,inf,1.717800855636596680e+00,inf,1.423776435852050781e+01,5.907793045043945312e-01,3.008729517459869385e-01,1.427243500947952271e-01,5.216391086578369141e-01,inf,7.138076424598693848e-01,inf,2.878276109695434570e+00,1.162435913085937500e+01,3.522532284259796143e-01,1.791934370994567871e+00,3.381233662366867065e-02,9.303075820207595825e-02,9.659973531961441040e-02,7.290738075971603394e-02,inf,1.249417901039123535e+00,7.513614892959594727e-01,7.426174879074096680e-01,3.404512703418731689e-01,inf,8.327953219413757324e-01,inf,1.404389100000000000e+07,1.894546747207641602e-01,4.348803758621215820e-01,5.238741040229797363e-01,1.211186000000000000e+07,2.226988673210144043e-01,1.118029479980468750e+02,4.453340768814086914e-01,3.231068253517150879e-01,2.159282400000000000e+07
5.126571059226989746e-01,inf,7.500360608100891113e-01,6.842861175537109375e-01,7.345430850982666016e-01,5.576169490814208984e-01,1.761324256658554077e-01,2.951160669326782227e-01,4.793969094753265381e-01,inf,8.048439621925354004e-01,3.149949610233306885e-01,5.101801156997680664e-01,inf,8.393484115600585938e+00,1.916749191284179688e+01,8.430163562297821045e-02,5.177095532417297363e-02,2.482472211122512817e-01,inf,inf,inf,inf,6.903845071792602539e-01,5.116780400276184082e-01,7.635200619697570801e-01,8.912991881370544434e-01,2.874636650085449219e-01,3.395544290542602539e-01,6.987779140472412109e-01,2.278247475624084473e-01,inf,5.079483985900878906e-01,inf,inf,2.472218871116638184e-01,inf,inf,inf,2.502764000000000000e+07,3.679480254650115967e-01,4.324935674667358398e-01,inf,1.073033700000000000e+07,1.163212284445762634e-01,4.201939702033996582e-01,2.249273657798767090e-01,3.278026580810546875e-01,2.795654800000000000e+07
inf,inf,5.838550329208374023e-01,inf,inf,inf,inf,1.046438900000000000e+07,inf,inf,inf,inf,inf,inf,inf,1.332289409637451172e+01,inf,5.181671380996704102e-01,inf,inf,inf,inf,inf,1.207823242187500000e+03,inf,inf,inf,inf,4.991375505924224854e-01,inf,3.314635276794433594e+00,inf,inf,inf,inf,inf,inf,inf,inf,2.923272800000000000e+07,inf,inf,inf,1.718377200000000000e+07,1.503353600000000000e+07,inf,inf,inf,2.830330400000000000e+07
inf,inf,1.392033934593200684e+00,inf,inf,inf,inf,6.549080000000000000e+06,inf,inf,inf,inf,inf,inf,inf,1.198044109344482422e+01,inf,7.571751500000000000e+06,inf,inf,inf,inf,inf,7.609999847412109375e+01,inf,inf,inf,inf,7.106012701988220215e-01,inf,2.884229183197021484e+00,inf,inf,inf,inf,inf,inf,inf,inf,2.112427600000000000e+07,inf,inf,inf,1.129354000000000000e+07,9.232214000000000000e+06,inf,inf,inf,2.937242800000000000e+07
inf,inf,1.344158530235290527e+00,7.266840338706970215e-01,2.233038842678070068e-01,6.420695781707763672e-01,inf,6.051444000000000000e+06,inf,inf,inf,inf,inf,inf,inf,4.200872039794921875e+01,inf,7.155540500000000000e+06,inf,inf,inf,inf,inf,6.463221073150634766e+00,inf,inf,inf,inf,2.458401679992675781e+00,inf,2.168456554412841797e+00,inf,inf,inf,inf,inf,3.504922151565551758e+00,inf,inf,1.919388800000000000e+07,inf,3.295868301391601562e+01,inf,6.018144000000000000e+06,5.341624021530151367e-01,inf,inf,inf,2.318385200000000000e+07
4.666596055030822754e-01,inf,3.334112405776977539e+00,2.605111122131347656e+00,2.671483516693115234e+00,4.012497425079345703e+00,6.093161106109619141e-01,2.521956264972686768e-01,7.330173254013061523e-01,inf,1.905439186096191406e+01,7.964313626289367676e-01,inf,7.757379412651062012e-01,inf,8.056931495666503906e-01,4.062169492244720459e-01,8.310326500000000000e+06,3.334608674049377441e-01,inf,2.108852416276931763e-01,inf,6.568208336830139160e-01,3.211345970630645752e-01,7.909864902496337891e+00,7.232847809791564941e-01,1.632426381111145020e-01,6.632526516914367676e-01,2.002426087856292725e-01,7.264875769615173340e-01,4.176168739795684814e-01,inf,inf,inf,8.966258764266967773e-01,5.814617276191711426e-01,inf,inf,inf,9.883744000000000000e+06,7.072957158088684082e-01,8.341100811958312988e-01,inf,6.112147000000000000e+06,2.769959717988967896e-02,1.829988509416580200e-01,7.922245264053344727e-01,5.162245035171508789e-01,3.105309009552001953e-01
1.372814655303955078e+00,9.819993972778320312e-01,2.747440636157989502e-01,4.445538222789764404e-01,5.075737833976745605e-01,5.951085686683654785e-01,4.728628098964691162e-01,5.865668058395385742e-01,inf,5.931193828582763672e-01,5.104428902268409729e-02,3.766406178474426270e-01,8.138036131858825684e-01,1.064261049032211304e-01,2.493099421262741089e-01,8.026994705200195312e+00,3.003895282745361328e-01,4.764707684516906738e-01,5.131467580795288086e-01,inf,4.285692870616912842e-01,inf,inf,2.597748994827270508e+00,inf,2.824237823486328125e+00,5.375068783760070801e-01,inf,7.489362359046936035e-01,3.867463469505310059e-01,1.415469527244567871e+00,3.146403133869171143e-01,inf,inf,inf,4.130878746509552002e-01,6.268643140792846680e-01,inf,7.890874147415161133e-01,6.503647565841674805e-02,2.051367950439453125e+01,3.993965312838554382e-02,inf,5.108899474143981934e-01,9.349536299705505371e-01,5.753724575042724609e-01,4.516395330429077148e-01,2.665026783943176270e-01,1.960705200000000000e+07
4.953061342239379883e-01,inf,3.382052481174468994e-02,4.969670772552490234e+00,7.913308143615722656e-01,5.854638218879699707e-01,4.458841681480407715e-02,7.311935424804687500e-01,4.602254331111907959e-01,inf,3.973094940185546875e+01,5.707099437713623047e-01,inf,1.430769801139831543e+00,inf,6.676485061645507812e+00,6.183587908744812012e-01,2.132949531078338623e-01,8.545017987489700317e-02,3.930071890354156494e-01,inf,6.305268406867980957e-01,inf,1.549563407897949219e+00,inf,4.361958056688308716e-02,2.082825154066085815e-01,inf,4.698436334729194641e-02,5.995143949985504150e-02,4.343196153640747070e-01,inf,inf,6.337589025497436523e-01,5.447400808334350586e-01,1.733836233615875244e-01,inf,7.239386439323425293e-01,inf,1.102367300000000000e+07,1.085506156086921692e-01,1.770027726888656616e-01,7.936254739761352539e-01,9.075843000000000000e+06,3.521344900131225586e+00,2.132607460021972656e+00,4.303298294544219971e-01,1.793350875377655029e-01,2.080836400000000000e+07
8.381319046020507812e-01,inf,1.038545727729797363e+00,3.845567107200622559e-01,5.826907157897949219e-01,2.514154016971588135e-01,8.359946608543395996e-01,7.592626661062240601e-02,5.757843255996704102e-01,inf,4.309200346469879150e-01,2.338096797466278076e-01,4.777036011219024658e-01,inf,5.183313369750976562e+00,9.327039718627929688e-01,6.777967810630798340e-01,1.132466793060302734e-01,2.928538806736469269e-02,inf,inf,inf,inf,6.268898248672485352e-01,4.997494518756866455e-01,1.786221146583557129e+00,1.797971129417419434e+00,3.341153860092163086e-01,6.701625883579254150e-02,2.323830276727676392e-01,9.132187366485595703e-01,inf,3.765921890735626221e-01,inf,inf,1.579298973083496094e-01,inf,inf,inf,1.816024800000000000e+07,6.708931922912597656e-01,3.404596447944641113e-01,inf,1.099109500000000000e+07,2.668035924434661865e-01,4.471567273139953613e-01,3.106506764888763428e-01,3.668154180049896240e-01,2.610053200000000000e+07
inf,inf,5.958540439605712891e-01,inf,inf,inf,inf,9.292383000000000000e+06,inf,inf,inf,inf,inf,inf,inf,inf,inf,6.282749772071838379e-02,inf,inf,inf,inf,inf,inf,inf,inf,inf,inf,1.152257300000000000e+07,inf,3.104404211044311523e+00,inf,inf,inf,inf,inf,inf,inf,inf,2.542298400000000000e+07,inf,inf,inf,1.981907200000000000e+07,1.169957900000000000e+07,inf,inf,inf,2.440021200000000000e+07
inf,inf,inf,inf,inf,5.790228843688964844e-01,inf,6.122741000000000000e+06,inf,inf,inf,inf,inf,inf,inf,6.536249637603759766e+00,inf,9.200328000000000000e+06,inf,inf,inf,inf,inf,inf,inf,inf,inf,1.541952252388000488e+00,3.781963586807250977e-01,inf,2.193519115447998047e+00,inf,inf,inf,inf,inf,inf,inf,inf,1.556725300000000000e+07,inf,inf,inf,1.925513200000000000e+07,7.876506000000000000e+06,inf,inf,inf,2.439351200000000000e+07
5.974829792976379395e-01,inf,5.017793774604797363e-01,9.052430987358093262e-01,1.287891268730163574e-01,3.254173099994659424e-01,5.654535293579101562e-01,5.704557000000000000e+06,4.257816672325134277e-01,inf,9.920529127120971680e-01,7.066423892974853516e-01,5.061002373695373535e-01,4.489344060420989990e-01,inf,7.089509963989257812e-01,5.794962644577026367e-01,7.012058000000000000e+06,5.020573735237121582e-01,inf,inf,inf,inf,1.596769213676452637e+00,5.377912044525146484e+00,inf,3.481504917144775391e-01,4.878572225570678711e-01,7.992102622985839844e+00,7.492706775665283203e-01,5.989432334899902344e-01,inf,inf,inf,7.650979757308959961e-01,5.390084385871887207e-01,4.933192729949951172e+00,inf,inf,1.615145100000000000e+07,4.864346235990524292e-02,7.476891875267028809e-01,inf,9.520675000000000000e+06,3.436989188194274902e-01,6.074089407920837402e-01,6.808676123619079590e-01,7.183129787445068359e-01,2.181632800000000000e+07
5.991819873452186584e-02,inf,5.449005365371704102e-01,3.573698282241821289e+00,2.293224632740020752e-01,9.096956253051757812e-01,5.554819107055664062e-01,3.458355000000000000e+06,6.397747248411178589e-02,inf,2.558065605163574219e+01,2.288959324359893799e-01,inf,3.016689121723175049e-01,inf,2.412778282165527344e+01,1.020272731781005859e+00,4.438920021057128906e-01,6.946331858634948730e-01,inf,6.158457398414611816e-01,inf,6.337285041809082031e-01,4.906663894653320312e+00,inf,7.631928920745849609e-01,2.688610181212425232e-02,4.930349886417388916e-01,2.876089513301849365e-01,1.017074957489967346e-01,3.017189204692840576e-01,inf,inf,inf,5.659998655319213867e-01,1.352772563695907593e-01,inf,inf,8.585983514785766602e-01,1.304885100000000000e+07,2.655653357505798340e-01,2.500568866729736328e+00,inf,6.995234000000000000e+06,4.635441303253173828e-01,inf,2.439179420471191406e-01,3.744576871395111084e-01,1.216650158166885376e-01
1.879399865865707397e-01,5.304247140884399414e-01,1.586529463529586792e-01,4.203973770141601562e+00,7.096737623214721680e-01,5.951275229454040527e-01,2.645835578441619873e-01,7.895801663398742676e-01,1.062487810850143433e-01,5.874802470207214355e-01,6.429430842399597168e-01,3.970097899436950684e-01,4.289371669292449951e-01,1.253582090139389038e-01,6.836671829223632812e-01,1.175218391418457031e+01,8.895545452833175659e-02,1.051833573728799820e-02,5.838307552039623260e-03,inf,4.542898833751678467e-01,inf,inf,1.469763070344924927e-01,inf,3.945205688476562500e+00,inf,7.276313900947570801e-01,9.649100899696350098e-02,2.654937207698822021e-01,8.290526866912841797e-01,7.993512153625488281e-01,inf,inf,inf,1.376967728137969971e-01,6.964499354362487793e-01,inf,inf,2.341165989637374878e-01,7.133524417877197266e-01,5.063597559928894043e-01,inf,4.962721094489097595e-02,1.462078839540481567e-01,4.047336959838867188e+01,2.262034714221954346e-01,4.087277650833129883e-01,1.723197200000000000e+07
1.511935740709304810e-01,inf,3.943383991718292236e-01,5.926815867424011230e-01,3.521559834480285645e-01,4.213881790637969971e-01,8.430729806423187256e-02,1.915826350450515747e-01,2.376130223274230957e-01,inf,2.973682975769042969e+01,5.120636820793151855e-01,inf,1.925985455513000488e+00,inf,1.376923370361328125e+01,5.785638093948364258e-01,1.840482652187347412e-01,4.561402499675750732e-01,5.577156543731689453e-01,inf,6.397692561149597168e-01,inf,2.526775598526000977e+00,inf,inf,inf,7.571786642074584961e-02,1.894907057285308838e-01,1.804407685995101929e-01,1.113075494766235352e+00,inf,inf,6.808791160583496094e-01,7.542417645454406738e-01,inf,inf,7.147048711776733398e-01,inf,1.157771900000000000e+07,1.071654781699180603e-01,1.719490170478820801e+00,2.907562553882598877e-01,1.319685200000000000e+07,1.950432956218719482e-01,4.116962432861328125e+00,6.726007163524627686e-02,3.570385873317718506e-01,1.723434800000000000e+07
6.101862788200378418e-01,inf,1.189424037933349609e+00,3.187978029251098633e+00,9.117491245269775391e-01,7.179096341133117676e-01,7.316966354846954346e-02,2.710565328598022461e-01,1.149920344352722168e+00,inf,6.113460659980773926e-01,1.085137128829956055e-01,2.085918039083480835e-01,inf,inf,3.079487800598144531e+01,1.879891991615295410e+00,4.047229513525962830e-02,1.151116937398910522e-01,inf,inf,inf,inf,6.803707480430603027e-01,5.751618742942810059e-01,5.470265746116638184e-01,5.990188717842102051e-01,2.541700899600982666e-01,5.897306650876998901e-02,6.167887449264526367e-01,4.697279632091522217e-01,inf,2.419138699769973755e-01,inf,inf,inf,inf,inf,inf,2.064877200000000000e+07,7.488821148872375488e-01,5.815824270248413086e-01,inf,1.396435000000000000e+07,5.597466230392456055e-01,7.055285573005676270e-01,3.655534684658050537e-01,2.970899343490600586e-01,2.221802800000000000e+07
inf,inf,7.098656892776489258e-01,inf,inf,inf,inf,6.891141000000000000e+06,inf,inf,inf,inf,inf,inf,inf,4.504263687133789062e+01,inf,7.123632431030273438e-01,inf,inf,inf,inf,inf,inf,inf,inf,inf,inf,3.261126577854156494e-01,inf,1.995358943939208984e+00,inf,inf,inf,inf,inf,inf,inf,inf,2.921377600000000000e+07,inf,inf,inf,1.801242400000000000e+07,9.254155000000000000e+06,inf,inf,inf,2.388710000000000000e+07
inf,inf,3.558485269546508789e+00,inf,inf,6.509070992469787598e-01,inf,5.547092000000000000e+06,inf,inf,inf,inf,inf,inf,inf,1.803694915771484375e+01,inf,6.726466000000000000e+06,inf,inf,inf,inf,inf,inf,inf,inf,inf,inf,7.558221220970153809e-01,inf,1.947392106056213379e+00,inf,inf,inf,inf,inf,inf,inf,inf,1.903545600000000000e+07,inf,inf,inf,1.068887500000000000e+07,7.474818000000000000e+06,inf,inf,inf,2.231663600000000000e+07
1.792027950286865234e-01,inf,1.971190333366394043e+00,1.491394996643066406e+00,3.595597809180617332e-03,2.094597816467285156e-01,5.730751752853393555e-01,2.600451558828353882e-02,3.654083013534545898e-01,inf,8.717653751373291016e-01,7.110961675643920898e-01,2.454574704170227051e-01,1.769680827856063843e-01,inf,6.338614821434020996e-01,2.959235906600952148e-01,6.821914000000000000e+06,2.263448387384414673e-01,inf,inf,inf,inf,3.280269861221313477e+00,3.376280546188354492e+00,inf,1.694810949265956879e-02,inf,2.391267567873001099e-01,4.515473544597625732e-01,5.228128433227539062e-01,inf,inf,inf,4.580487906932830811e-01,inf,1.405150055885314941e+00,inf,inf,2.238706800000000000e+07,4.455411434173583984e-01,6.141981482505798340e-01,inf,5.480288000000000000e+06,3.381896615028381348e-01,8.220189809799194336e-02,3.624529540538787842e-01,inf,2.083378800000000000e+07
2.756699174642562866e-02,inf,5.013551712036132812e-01,4.169562816619873047e+00,4.571315944194793701e-01,3.001751005649566650e-01,4.551193714141845703e-01,7.509828805923461914e-01,3.113690018653869629e-01,inf,1.550020980834960938e+01,4.293581247329711914e-01,inf,3.047283291816711426e-01,2.577899694442749023e+00,3.615027999877929688e+01,1.131304264068603516e+00,3.064113259315490723e-01,6.499165892601013184e-01,inf,2.564239501953125000e-01,inf,6.318230628967285156e-01,6.797869205474853516e-01,inf,5.660752654075622559e-01,5.444895625114440918e-01,5.625805258750915527e-01,2.057368680834770203e-02,1.599539220333099365e-01,1.154434233903884888e-01,inf,inf,inf,6.362980604171752930e-01,inf,inf,inf,3.370040953159332275e-01,1.651967000000000000e+07,2.326876819133758545e-01,3.321394920349121094e+00,inf,6.148890000000000000e+06,5.050474405288696289e-01,inf,2.804703116416931152e-01,6.197184324264526367e-01,6.866981834173202515e-02
1.600785553455352783e-01,6.090212464332580566e-01,3.875092864036560059e-01,5.607903957366943359e+00,3.452846705913543701e-01,3.900664746761322021e-01,4.267883300781250000e-02,4.533386230468750000e-01,3.117974698543548584e-01,3.965157270431518555e-01,5.784672498703002930e-01,6.579390764236450195e-01,4.998451769351959229e-01,2.384828329086303711e-01,3.340521156787872314e-01,5.844675445556640625e+01,6.139907054603099823e-03,4.779162257909774780e-02,1.335780918598175049e-01,inf,3.619906902313232422e-01,inf,inf,9.698920845985412598e-01,inf,3.601791143417358398e+00,3.210154771804809570e-01,1.471884131431579590e+00,3.919831514358520508e-01,1.537643074989318848e-01,6.142662763595581055e-01,7.522488236427307129e-01,inf,inf,inf,8.575257062911987305e-01,6.335979700088500977e-01,inf,inf,5.038094520568847656e-02,1.195414423942565918e+00,3.208536207675933838e-01,inf,5.967446565628051758e-01,3.175932765007019043e-01,5.816219449043273926e-01,2.076398581266403198e-01,3.026517927646636963e-01,1.798182400000000000e+07
2.469095438718795776e-01,inf,1.888499408960342407e-01,7.059808373451232910e-01,5.148641467094421387e-01,6.892408728599548340e-01,9.787247329950332642e-02,4.845187000000000000e+06,6.053773760795593262e-01,inf,1.756200218200683594e+01,7.830901741981506348e-01,inf,2.684602022171020508e+00,inf,inf,2.053892761468887329e-01,4.000653624534606934e-01,3.045670390129089355e-01,6.173401474952697754e-01,inf,6.562913656234741211e-01,inf,2.816290378570556641e+00,inf,2.047569453716278076e-01,inf,5.167045593261718750e-01,3.105303645133972168e-01,1.472347825765609741e-01,1.802046149969100952e-01,inf,inf,6.612565517425537109e-01,5.976396799087524414e-01,inf,inf,7.834849953651428223e-01,inf,1.102447900000000000e+07,7.914235591888427734e-01,5.708524227142333984e+00,1.538083404302597046e-01,8.415231000000000000e+06,7.112213643267750740e-04,7.902158737182617188e+00,9.913724660873413086e-02,1.978567838668823242e-01,1.561545600000000000e+07
inf,inf,1.440100193023681641e+00,5.031464099884033203e+00,7.742298841476440430e-01,6.011006832122802734e-01,2.147979661822319031e-02,7.569022178649902344e-01,7.697097659111022949e-01,inf,5.136951208114624023e-01,1.574440598487854004e-01,2.128036171197891235e-01,inf,inf,inf,2.273798942565917969e+00,1.322228610515594482e-01,5.087822675704956055e-01,inf,inf,inf,inf,6.449182033538818359e-01,6.029369831085205078e-01,4.229437351226806641e+00,inf,3.166601061820983887e-01,2.429887801408767700e-01,1.084578633308410645e-01,2.311149090528488159e-01,inf,1.775586903095245361e-01,inf,inf,inf,inf,inf,inf,2.279808800000000000e+07,7.667693495750427246e-01,3.982332646846771240e-01,inf,7.712470000000000000e+06,4.959391355514526367e-01,1.166612058877944946e-01,3.368002176284790039e-01,1.466174125671386719e-01,2.146985600000000000e+07
inf,inf,1.630066871643066406e+00,inf,inf,inf,inf,4.528072000000000000e+06,inf,inf,inf,inf,inf,inf,inf,inf,inf,1.286732703447341919e-01,inf,inf,inf,inf,inf,2.234810302734375000e+03,inf,inf,inf,inf,1.160365119576454163e-01,inf,2.160403490066528320e+00,inf,inf,inf,inf,inf,inf,inf,inf,2.689352000000000000e+07,inf,inf,inf,1.825392400000000000e+07,1.080891500000000000e+07,inf,inf,inf,2.793278800000000000e+07
inf,inf,4.158096790313720703e+00,inf,inf,6.863403916358947754e-01,inf,4.116787000000000000e+06,inf,inf,inf,inf,inf,inf,inf,2.843082427978515625e+01,inf,7.212033000000000000e+06,inf,inf,inf,inf,inf,inf,inf,inf,inf,inf,5.031735301017761230e-01,inf,1.811525821685791016e+00,inf,inf,inf,inf,inf,inf,inf,inf,1.977281200000000000e+07,inf,inf,inf,1.556220800000000000e+07,6.450860000000000000e+06,inf,inf,inf,2.129882000000000000e+07
4.837280511856079102e-01,inf,4.508978366851806641e+00,1.556869149208068848e+00,1.062829280272126198e-03,1.957139521837234497e-01,5.398166179656982422e-01,7.001691460609436035e-01,2.404845086857676506e-03,inf,2.090040922164916992e+00,5.735254883766174316e-01,4.610236268490552902e-03,1.244260966777801514e-01,2.476545333862304688e+01,5.610018372535705566e-01,2.650800347328186035e-01,7.040040500000000000e+06,4.169189929962158203e-01,inf,inf,inf,inf,1.781122684478759766e+00,2.826766014099121094e+00,inf,1.467872411012649536e-01,6.964816451072692871e-01,1.120873212814331055e+00,5.206393599510192871e-01,5.175048708915710449e-01,inf,inf,inf,4.912860393524169922e-01,inf,3.068291187286376953e+00,inf,inf,1.509058700000000000e+07,9.974628686904907227e-01,3.980005681514739990e-01,inf,7.991365500000000000e+06,3.319594860076904297e-01,3.659103214740753174e-01,4.062463641166687012e-01,inf,2.362621600000000000e+07
4.797736406326293945e-01,inf,1.296698689460754395e+00,5.275171279907226562e+00,2.955067157745361328e-01,6.604810953140258789e-01,3.390308618545532227e-01,7.821987271308898926e-01,3.679930269718170166e-01,inf,2.033865356445312500e+01,3.283839523792266846e-01,inf,5.568489059805870056e-02,inf,inf,1.485026836395263672e+00,3.860124349594116211e-01,5.789796113967895508e-01,inf,1.742005348205566406e-01,inf,4.519505500793457031e-01,4.480196475982666016e+00,inf,6.184972524642944336e-01,1.168251559138298035e-01,1.015670776367187500e+00,2.075721025466918945e-01,1.351408064365386963e-01,2.473411709070205688e-01,inf,inf,inf,5.178986787796020508e-01,inf,inf,inf,3.767428100109100342e-01,1.231803100000000000e+07,1.315678358078002930e-01,6.726285934448242188e+00,inf,6.417608000000000000e+06,2.467565983533859253e-01,inf,6.217715144157409668e-01,6.656476259231567383e-01,1.040119230747222900e-01
1.771302074193954468e-01,2.136698365211486816e-01,1.226272583007812500e+00,7.074292182922363281e+00,2.824504673480987549e-01,7.020605206489562988e-01,3.288872167468070984e-02,5.906345844268798828e-01,7.927119135856628418e-01,2.361928522586822510e-01,2.803726792335510254e-01,2.756883800029754639e-01,3.078384697437286377e-01,4.864124655723571777e-01,9.339609146118164062e-01,inf,5.715017914772033691e-01,3.616731464862823486e-01,4.521778225898742676e-02,inf,4.573576450347900391e-01,inf,inf,2.735609769821166992e+00,inf,3.287983417510986328e+00,inf,1.525538086891174316e+00,1.723660081624984741e-01,2.839255630970001221e-01,9.114920496940612793e-01,7.129074931144714355e-01,inf,inf,inf,5.357224345207214355e-01,6.222469210624694824e-01,inf,inf,1.849713772535324097e-01,2.231731176376342773e+00,1.353272646665573120e-01,inf,4.333285689353942871e-01,2.956005036830902100e-01,2.727778255939483643e-01,3.926449120044708252e-01,1.800833791494369507e-01,1.549382900000000000e+07
4.435959160327911377e-01,inf,2.304594516754150391e+00,7.125272154808044434e-01,2.613506615161895752e-01,6.316044926643371582e-01,1.320733577013015747e-01,8.307453393936157227e-01,1.890631556510925293e+00,inf,3.444430541992187500e+01,2.261187881231307983e-01,inf,4.301088809967041016e+00,8.973928451538085938e+00,inf,1.202193140983581543e+00,2.442439794540405273e-01,1.925786286592483521e-01,6.385497450828552246e-01,inf,6.132779121398925781e-01,inf,5.225770473480224609e+00,inf,2.171249866485595703e+00,1.564656496047973633e+00,1.715992093086242676e-01,2.463709115982055664e-01,1.025959700345993042e-01,1.533067822456359863e-01,inf,inf,7.709347009658813477e-01,2.203311175107955933e-01,inf,inf,7.951774597167968750e-01,inf,8.115689000000000000e+06,1.247204661369323730e+00,6.241225719451904297e+00,1.165324598550796509e-01,1.047202300000000000e+07,2.709207832813262939e-01,1.398329925537109375e+02,2.064523994922637939e-01,2.387945055961608887e-01,1.358863600000000000e+07
5.342840552330017090e-01,inf,1.969621062278747559e+00,4.241731166839599609e+00,8.700186610221862793e-01,5.096245408058166504e-01,2.468819469213485718e-01,8.341105282306671143e-02,3.920164346694946289e+00,inf,1.452515721321105957e+00,1.728551387786865234e-01,inf,inf,inf,inf,2.904888391494750977e+00,3.308229148387908936e-01,3.180587887763977051e-01,inf,inf,inf,inf,2.201737165451049805e-01,6.587008237838745117e-01,5.760932445526123047e+00,1.411922574043273926e+00,3.540776297450065613e-02,4.126131162047386169e-02,9.412312507629394531e-02,2.268990427255630493e-01,inf,2.724917232990264893e-01,inf,inf,inf,inf,inf,inf,1.772189600000000000e+07,1.392137527465820312e+00,2.981706857681274414e-01,inf,9.117087000000000000e+06,4.591998457908630371e-01,3.257414698600769043e-01,3.580696284770965576e-01,1.980770379304885864e-01,1.469139600000000000e+07
inf,inf,2.906875133514404297e+00,inf,inf,inf,inf,7.285866000000000000e+06,inf,inf,inf,inf,inf,inf,inf,inf,inf,1.318140923976898193e-01,inf,inf,inf,inf,inf,inf,inf,inf,inf,inf,1.077691838145256042e-01,inf,2.280220508575439453e+00,inf,inf,inf,inf,inf,inf,inf,inf,2.117662400000000000e+07,inf,inf,inf,1.755051600000000000e+07,8.335962000000000000e+06,inf,inf,inf,1.451750400000000000e+07
inf,inf,4.392093181610107422e+00,inf,inf,7.134078145027160645e-01,inf,1.301614600000000000e+07,inf,inf,inf,inf,inf,inf,inf,3.123316764831542969e+01,inf,7.413030500000000000e+06,inf,inf,inf,inf,inf,inf,inf,inf,inf,inf,2.867453098297119141e-01,inf,1.816104412078857422e+00,inf,inf,inf,inf,inf,inf,inf,inf,1.281932700000000000e+07,inf,inf,inf,1.065496300000000000e+07,6.601760500000000000e+06,inf,inf,inf,1.142334500000000000e+07
1.084141358733177185e-01,inf,6.872042655944824219e+00,2.276545524597167969e+00,2.462265729904174805e+00,1.842248290777206421e-01,3.795035183429718018e-01,1.518590000000000000e+05,1.558754891157150269e-01,inf,7.152653932571411133e-01,5.630151629447937012e-01,inf,6.021755337715148926e-01,inf,4.719138741493225098e-01,7.589587569236755371e-01,6.997675000000000000e+06,8.702320046722888947e-03,inf,inf,inf,inf,4.708669185638427734e+00,1.670041441917419434e+00,inf,1.893962740898132324e+00,6.357424855232238770e-01,6.949194073677062988e-01,5.481168031692504883e-01,5.206747651100158691e-01,inf,inf,inf,6.422505378723144531e-01,inf,1.124761104583740234e+01,inf,inf,1.692305200000000000e+07,1.348597645759582520e+00,2.317261248826980591e-01,inf,6.109185000000000000e+06,2.395988553762435913e-01,2.877305150032043457e-01,1.585568338632583618e-01,inf,1.251377400000000000e+07
1.576570570468902588e-01,inf,2.339335441589355469e+00,7.878098964691162109e+00,2.609821557998657227e-01,6.042528748512268066e-01,1.929394006729125977e+00,4.691177234053611755e-02,1.028800606727600098e+00,inf,1.890320968627929688e+01,1.930145323276519775e-01,inf,2.115640193223953247e-01,8.976789093017578125e+01,4.447605133056640625e+01,2.139505386352539062e+00,5.016159415245056152e-01,5.272674560546875000e-01,inf,7.101353257894515991e-02,inf,4.665984809398651123e-01,5.489051342010498047e+00,inf,inf,1.250910758972167969e+00,3.803133070468902588e-01,5.096489191055297852e-02,1.828990578651428223e-01,4.607937335968017578e-01,inf,inf,inf,6.515103578567504883e-01,inf,inf,inf,5.778964757919311523e-01,4.955699500000000000e+06,2.404448240995407104e-01,9.226331710815429688e+00,inf,6.272330000000000000e+06,3.503973782062530518e-01,1.513516902923583984e+00,7.770090699195861816e-01,7.132045030593872070e-01,6.205968260765075684e-01
2.673344016075134277e-01,2.166028320789337158e-01,1.074991583824157715e+00,8.572287559509277344e+00,7.490961551666259766e-01,5.496068000793457031e-01,4.143421947956085205e-01,1.130314469337463379e+00,7.674977779388427734e-01,4.181079864501953125e-01,2.674583792686462402e-01,4.044902920722961426e-01,6.804279685020446777e-01,3.922913596034049988e-02,1.851376533508300781e+00,9.827214241027832031e+00,8.052443861961364746e-01,3.181801140308380127e-01,2.346834689378738403e-01,inf,4.927721619606018066e-01,inf,inf,8.998476982116699219e+00,inf,1.016348481178283691e+00,1.747780106961727142e-02,8.455081842839717865e-03,8.145233243703842163e-02,4.090670347213745117e-01,8.078780770301818848e-01,6.523479819297790527e-01,inf,inf,inf,5.907237529754638672e-01,5.837669372558593750e-01,inf,inf,2.036486519500613213e-03,1.147053599357604980e+00,1.663283258676528931e-01,inf,1.553721700000000000e+07,1.538375914096832275e-01,7.679498195648193359e-02,2.272758781909942627e-01,3.086867630481719971e-01,1.266822700000000000e+07
4.837835133075714111e-01,inf,5.867146849632263184e-01,6.277384757995605469e-01,1.033035635948181152e+00,5.360611677169799805e-01,4.408791959285736084e-01,4.926367950439453125e+01,1.459876656532287598e+00,inf,3.617594909667968750e+01,4.621983468532562256e-01,inf,4.142251014709472656e+00,inf,2.068401527404785156e+01,1.195855498313903809e+00,3.348259627819061279e-01,1.693656295537948608e-01,6.127085685729980469e-01,inf,6.262518167495727539e-01,inf,6.891863346099853516e+00,inf,3.408895730972290039e+00,1.108647733926773071e-01,inf,1.347074359655380249e-01,3.482124805450439453e-01,1.439426243305206299e-01,inf,inf,7.692271471023559570e-01,inf,inf,inf,7.940179705619812012e-01,inf,7.675785000000000000e+06,2.020629167556762695e+00,9.262571334838867188e+00,4.332143664360046387e-01,7.967160344123840332e-01,2.044590860605239868e-01,8.569287061691284180e-01,6.473996043205261230e-01,2.512353099882602692e-02,9.570974000000000000e+06
3.155528604984283447e-01,inf,1.179875135421752930e+00,4.353884220123291016e+00,1.038374304771423340e+00,4.820671677589416504e-01,inf,1.443511128425598145e+00,1.110888123512268066e+00,inf,8.439008891582489014e-02,9.509264677762985229e-02,inf,inf,1.830427703857421875e+02,2.161485099792480469e+01,3.917147874832153320e+00,2.194365561008453369e-01,3.178645670413970947e-01,inf,inf,inf,inf,1.570628583431243896e-01,5.869593024253845215e-01,7.355478763580322266e+00,2.194584131240844727e+00,5.103855133056640625e-01,1.878005638718605042e-02,1.201176829636096954e-02,5.370587483048439026e-02,inf,1.940594762563705444e-01,inf,8.651284575462341309e-01,inf,inf,inf,inf,1.915529200000000000e+07,1.462156176567077637e+00,1.707443445920944214e-01,inf,7.233269000000000000e+06,3.762758970260620117e-01,3.008886277675628662e-01,1.009187102317810059e+00,1.067695468664169312e-01,1.603619400000000000e+07
inf,inf,2.121694564819335938e+00,inf,inf,inf,inf,4.968766000000000000e+06,inf,inf,inf,inf,inf,inf,inf,2.081983947753906250e+01,inf,3.489781022071838379e-01,inf,inf,inf,inf,inf,inf,inf,inf,inf,inf,1.047177800000000000e+07,inf,2.057556629180908203e+00,inf,inf,inf,inf,inf,inf,inf,inf,2.645116800000000000e+07,inf,inf,inf,9.789391000000000000e+06,1.032461700000000000e+07,inf,inf,inf,1.246610300000000000e+07
inf,inf,4.884737491607666016e+00,inf,inf,inf,inf,1.859721000000000000e+06,inf,inf,inf,inf,inf,inf,inf,2.006331634521484375e+01,inf,6.616053000000000000e+06,inf,inf,inf,inf,inf,inf,inf,inf,inf,inf,4.104745090007781982e-01,inf,2.386314868927001953e+00,inf,inf,inf,inf,inf,inf,inf,inf,1.346455900000000000e+07,inf,inf,inf,2.038080400000000000e+07,6.985066000000000000e+06,inf,inf,inf,1.219855500000000000e+07
inf,inf,4.539690494537353516e+00,inf,6.349316239356994629e-02,7.292494177818298340e-01,6.414205431938171387e-01,1.763093000000000000e+06,inf,inf,inf,1.450596523284912109e+01,inf,inf,1.191050796508789062e+02,6.085504889488220215e-01,4.360710978507995605e-01,7.080285000000000000e+06,inf,inf,inf,inf,inf,2.622202873229980469e+00,inf,inf,inf,inf,7.508504986763000488e-01,inf,1.327548742294311523e+00,inf,inf,inf,inf,inf,4.627614974975585938e+00,inf,inf,1.700689600000000000e+07,inf,1.617171466350555420e-01,inf,1.396632500000000000e+07,2.658510208129882812e-01,4.530005753040313721e-01,inf,inf,1.949017200000000000e+07
5.597893595695495605e-01,inf,1.054842233657836914e+00,1.423120021820068359e+00,3.690212666988372803e-01,2.955574095249176025e-01,1.707467794418334961e+00,9.824613332748413086e-01,3.150092661380767822e-01,inf,1.683828926086425781e+01,8.790546059608459473e-01,inf,3.534157574176788330e-01,1.888857460021972656e+01,inf,1.018932104110717773e+00,3.122220764160156250e+02,1.393678784370422363e-01,inf,2.318600378930568695e-02,inf,5.726171731948852539e-01,2.234719276428222656e+00,2.015881299972534180e+00,6.484687924385070801e-01,2.581664621829986572e-01,5.454236865043640137e-01,9.665770828723907471e-02,7.666142582893371582e-01,5.731672048568725586e-01,inf,inf,inf,6.351383924484252930e-01,inf,inf,inf,6.458142399787902832e-01,6.535548500000000000e+06,3.992483615875244141e-01,9.513875007629394531e+00,inf,8.878116000000000000e+06,1.116163134574890137e+00,1.289003849029541016e+00,3.972375690937042236e-01,7.158127427101135254e-01,3.701061606407165527e-01
5.235684514045715332e-01,7.155130803585052490e-02,1.350046753883361816e+00,1.108016586303710938e+01,6.489108204841613770e-01,7.171009778976440430e-01,1.882647126913070679e-01,9.015585184097290039e-01,9.968176484107971191e-01,3.949219584465026855e-01,3.108217716217041016e-01,7.276530265808105469e-01,inf,4.769660830497741699e-01,9.438982009887695312e-01,inf,2.327366471290588379e-01,5.892537832260131836e-01,6.341146826744079590e-01,inf,4.807975590229034424e-01,inf,inf,2.794194221496582031e+00,inf,inf,2.250289916992187500e-01,1.817089468240737915e-01,4.996265470981597900e-02,3.667038381099700928e-01,6.566628217697143555e-01,4.356069564819335938e-01,inf,inf,inf,5.609440803527832031e-01,6.192889809608459473e-01,inf,inf,4.350327849388122559e-01,2.740104675292968750e+00,1.321229524910449982e-02,inf,7.643735408782958984e-01,6.302908062934875488e-01,1.463836729526519775e-01,4.050742685794830322e-01,3.606186509132385254e-01,1.067175300000000000e+07
9.074195623397827148e-01,inf,6.426639556884765625e-01,6.684906482696533203e-01,3.882741332054138184e-01,5.596052408218383789e-01,8.846576809883117676e-01,8.183987736701965332e-01,1.114534735679626465e+00,inf,1.038085746765136719e+01,6.008887290954589844e-01,7.592766880989074707e-01,5.509271621704101562e+00,inf,inf,1.114649891853332520e+00,4.252595305442810059e-01,2.038633823394775391e-01,6.059621572494506836e-01,inf,5.677009820938110352e-01,inf,3.978562116622924805e+00,inf,2.713124454021453857e-01,1.630429476499557495e-01,1.059499979019165039e+00,1.661995947360992432e-01,4.776417911052703857e-01,6.056712865829467773e-01,inf,inf,7.387402057647705078e-01,8.054037690162658691e-01,inf,inf,7.690197825431823730e-01,inf,1.029299400000000000e+07,8.558388948440551758e-01,4.760507106781005859e+00,5.450627207756042480e-01,4.300722800000000000e+07,3.728999495506286621e-01,1.335378646850585938e+01,6.680942773818969727e-01,4.821150377392768860e-02,9.346791000000000000e+06
inf,inf,1.338173747062683105e+00,6.550905704498291016e+00,3.195792734622955322e-01,5.387874841690063477e-01,3.989679515361785889e-01,9.105501174926757812e-01,1.481824040412902832e+00,inf,1.132104516029357910e+00,1.133102923631668091e-01,inf,inf,3.793456268310546875e+01,inf,3.395993471145629883e+00,2.062445580959320068e-01,3.359052166342735291e-02,inf,inf,inf,inf,3.521471321582794189e-01,3.212019801139831543e-02,inf,3.679809570312500000e-01,1.200994700193405151e-01,5.888481065630912781e-02,4.071314930915832520e-01,5.953886508941650391e-01,inf,1.708364114165306091e-02,inf,inf,inf,inf,inf,inf,1.905247200000000000e+07,1.333704352378845215e+00,2.596895582973957062e-02,inf,2.040729600000000000e+07,5.397287607192993164e-01,4.898885488510131836e-01,9.645703434944152832e-01,7.861369103193283081e-02,1.489742800000000000e+07
inf,inf,1.296416640281677246e+00,inf,inf,inf,inf,4.261679000000000000e+06,inf,inf,inf,inf,inf,inf,inf,inf,inf,2.087076604366302490e-01,inf,inf,inf,inf,inf,inf,inf,inf,inf,inf,8.154427500000000000e+06,inf,1.958267450332641602e+00,inf,inf,inf,inf,inf,inf,inf,inf,2.452778000000000000e+07,inf,inf,inf,7.783018500000000000e+06,7.364737500000000000e+06,inf,inf,inf,1.372541400000000000e+07
inf,inf,2.907837629318237305e+00,inf,inf,5.478472709655761719e-01,inf,3.030767000000000000e+06,inf,inf,inf,inf,inf,inf,inf,inf,inf,7.687054000000000000e+06,inf,inf,inf,inf,inf,inf,inf,inf,inf,inf,7.376826554536819458e-02,inf,2.262713432312011719e+00,inf,inf,inf,inf,inf,inf,inf,inf,1.491223100000000000e+07,inf,inf,inf,2.271069200000000000e+07,6.025337500000000000e+06,2.269419555664062500e+02,inf,inf,1.604349300000000000e+07
4.065055251121520996e-01,inf,6.748326778411865234e+00,3.402129888534545898e+00,9.703228622674942017e-02,3.856266662478446960e-02,3.685490787029266357e-01,6.348024606704711914e-01,4.613202065229415894e-02,inf,1.105106277465820312e+02,6.456997990608215332e-01,inf,9.854571521282196045e-02,inf,5.250430703163146973e-01,inf,6.297274000000000000e+06,3.392943441867828369e-01,inf,inf,inf,inf,4.555295944213867188e+00,3.747164011001586914e+00,inf,inf,7.913199663162231445e-01,3.186731040477752686e-01,7.464475035667419434e-01,6.322873234748840332e-01,inf,inf,inf,6.356679201126098633e-01,inf,5.294776439666748047e+00,inf,inf,1.237575300000000000e+07,1.425705790519714355e+00,1.457774192094802856e-01,inf,7.513511000000000000e+06,3.236016035079956055e-01,3.111487329006195068e-01,3.151572346687316895e-01,inf,1.971929200000000000e+07
5.060241222381591797e-01,inf,4.977733790874481201e-01,1.557349243164062500e+03,7.108690142631530762e-01,7.109610438346862793e-01,1.993853569030761719e+00,1.463440000000000000e+06,1.137695312500000000e+00,inf,1.316656951904296875e+02,1.137252226471900940e-01,inf,inf,inf,inf,inf,5.853994488716125488e-01,6.507437825202941895e-01,inf,2.891752123832702637e-02,inf,inf,1.076610088348388672e+01,inf,inf,1.360344409942626953e+00,5.073897242546081543e-01,1.111282780766487122e-01,2.181486040353775024e-01,2.228583544492721558e-01,inf,inf,inf,6.791551709175109863e-01,inf,inf,inf,1.290548443794250488e-01,1.229470700000000000e+07,3.089778423309326172e-01,1.001683235168457031e+01,inf,6.541657000000000000e+06,5.981626510620117188e-01,1.091338729858398438e+02,1.333189249038696289e+00,6.999930739402770996e-01,1.564686149358749390e-01
