9.081848754882812500e+02,2.352044189453125000e+03,7.204295654296875000e+02,4.506702148437500000e+03,2.032536376953125000e+03,4.948703613281250000e+02,2.584066162109375000e+02,1.070477752685546875e+02,1.040598632812500000e+04,1.499955078125000000e+03,4.986397705078125000e+02,3.605967773437500000e+03,1.142519287109375000e+03,9.105097656250000000e+02,2.522442016601562500e+02,2.074642578125000000e+03,5.415720214843750000e+02,3.514467468261718750e+02,8.548350219726562500e+02,2.238002685546875000e+03,1.336490234375000000e+03,1.017584594726562500e+03,3.673495483398437500e+02,1.380894409179687500e+03,2.128784790039062500e+02,2.325925292968750000e+02,5.562575073242187500e+02,1.934794921875000000e+02,1.862620483398437500e+03,1.170652832031250000e+03,5.122320312500000000e+03,1.632834228515625000e+03,2.174541625976562500e+02,2.809429687500000000e+03,5.686390991210937500e+02,3.374107910156250000e+03,5.004788085937500000e+03,3.725946044921875000e+02,1.097780273437500000e+03,2.440160827636718750e+02,2.208936279296875000e+03,5.047253417968750000e+03,9.160023193359375000e+02,1.598872985839843750e+02,2.552705322265625000e+03,2.216593994140625000e+03,6.636968383789062500e+02,1.098437622070312500e+03,5.150332031250000000e+02
1.048479858398437500e+03,7.781501464843750000e+03,8.905330810546875000e+02,1.101690332031250000e+04,1.481887695312500000e+03,5.105100097656250000e+02,2.526010589599609375e+02,1.454062042236328125e+02,9.143825195312500000e+03,4.840403320312500000e+03,7.035096435546875000e+02,2.692818359375000000e+03,1.332598022460937500e+03,7.945830688476562500e+02,1.329738769531250000e+02,1.612148193359375000e+03,4.744468994140625000e+02,2.806643676757812500e+02,2.068861816406250000e+03,3.620881347656250000e+03,2.937418457031250000e+03,1.036535400390625000e+03,5.817637939453125000e+02,1.239499877929687500e+03,4.561545410156250000e+02,3.183965759277343750e+02,8.059417724609375000e+02,5.518015747070312500e+02,2.457013671875000000e+03,1.029691894531250000e+03,8.521953125000000000e+03,6.990322753906250000e+03,1.685112609863281250e+02,2.511711669921875000e+03,4.662725219726562500e+02,1.280910522460937500e+03,3.918688720703125000e+03,2.801088867187500000e+02,1.261527465820312500e+03,6.795035400390625000e+02,2.364282470703125000e+03,4.577879394531250000e+03,2.171557861328125000e+03,6.928592529296875000e+02,3.570137939453125000e+03,2.295186035156250000e+03,5.174395751953125000e+02,1.490848632812500000e+03,2.329552917480468750e+02
1.154146728515625000e+03,3.445437500000000000e+03,9.401248779296875000e+02,6.933712890625000000e+03,2.017274414062500000e+03,3.889583740234375000e+02,4.370661926269531250e+02,1.886710205078125000e+02,7.373416015625000000e+03,2.928771240234375000e+03,7.330868530273437500e+02,3.249050292968750000e+03,1.482833251953125000e+03,7.142355957031250000e+02,4.722106323242187500e+02,1.925645019531250000e+03,6.912783203125000000e+02,2.598732299804687500e+02,8.160152587890625000e+02,2.971236083984375000e+03,2.966044921875000000e+03,1.449752441406250000e+03,1.015607604980468750e+03,1.393985839843750000e+03,3.659083862304687500e+02,2.457294311523437500e+02,9.391976928710937500e+02,3.838897094726562500e+02,2.693296386718750000e+03,1.079945068359375000e+03,6.910461425781250000e+03,4.675698730468750000e+03,2.122754821777343750e+02,4.806018554687500000e+03,7.996210327148437500e+02,1.294945800781250000e+03,3.221490722656250000e+03,3.155292053222656250e+02,1.726875976562500000e+03,2.496044464111328125e+02,2.242442871093750000e+03,4.717433593750000000e+03,4.452235839843750000e+03,3.051496582031250000e+02,5.100373046875000000e+03,2.451290039062500000e+03,6.157587890625000000e+02,2.726354248046875000e+03,3.161252746582031250e+02
1.213579589843750000e+03,4.309892089843750000e+03,9.774552612304687500e+02,1.940499804687500000e+04,2.653209960937500000e+03,4.785422973632812500e+02,3.658613586425781250e+02,1.344961395263671875e+02,8.768368164062500000e+03,2.603783203125000000e+03,1.012796997070312500e+03,4.097214355468750000e+03,1.582901611328125000e+03,8.545266723632812500e+02,6.175059814453125000e+02,2.527868652343750000e+03,6.374831542968750000e+02,4.823887939453125000e+02,9.560560913085937500e+02,3.629802001953125000e+03,2.170142578125000000e+03,1.430869262695312500e+03,1.144240966796875000e+03,1.988332641601562500e+03,9.714122314453125000e+02,4.426192626953125000e+02,9.275963745117187500e+02,3.891997070312500000e+02,2.737148681640625000e+03,1.891743164062500000e+03,6.174429687500000000e+03,4.606979492187500000e+03,3.055486450195312500e+02,2.546457519531250000e+03,6.702288208007812500e+02,2.329115478515625000e+03,3.326127441406250000e+03,2.996703186035156250e+02,1.294448120117187500e+03,3.738788757324218750e+02,2.986917480468750000e+03,5.796877929687500000e+03,2.236900390625000000e+03,3.370696716308593750e+02,3.353860107421875000e+03,3.286939697265625000e+03,6.303476562500000000e+02,1.635128540039062500e+03,5.170256347656250000e+02
1.320134033203125000e+03,7.637647949218750000e+03,9.010593261718750000e+02,1.255409570312500000e+04,3.048641601562500000e+03,4.520877685546875000e+02,2.952082519531250000e+02,1.265012817382812500e+02,1.108327246093750000e+04,4.252580566406250000e+03,1.014040222167968750e+03,4.082024658203125000e+03,1.499703613281250000e+03,9.227401733398437500e+02,9.894219970703125000e+01,1.939412841796875000e+03,7.350529785156250000e+02,4.504959411621093750e+02,1.260839111328125000e+03,3.496063964843750000e+03,2.287141113281250000e+03,9.237017822265625000e+02,8.641582031250000000e+02,1.766585571289062500e+03,8.257884521484375000e+02,3.589137878417968750e+02,1.155016235351562500e+03,5.648370971679687500e+02,2.929586425781250000e+03,1.657290527343750000e+03,9.072216796875000000e+03,1.443212500000000000e+04,2.349065856933593750e+02,2.502242431640625000e+03,8.704272460937500000e+02,1.204664794921875000e+03,5.650063476562500000e+03,2.632805786132812500e+02,2.433454345703125000e+03,3.807612915039062500e+02,3.621608642578125000e+03,6.209646484375000000e+03,3.340724609375000000e+03,4.414592590332031250e+02,4.358893066406250000e+03,2.439131835937500000e+03,4.839767150878906250e+02,1.452462158203125000e+03,6.040553588867187500e+02
1.012769653320312500e+03,4.759027343750000000e+03,8.654213867187500000e+02,1.215249023437500000e+04,2.197875244140625000e+03,4.007164916992187500e+02,2.826982421875000000e+02,1.552614746093750000e+02,7.923270996093750000e+03,3.872238281250000000e+03,9.247563476562500000e+02,3.232704589843750000e+03,1.491872192382812500e+03,7.882337036132812500e+02,5.572473144531250000e+01,2.163168457031250000e+03,5.827380371093750000e+02,2.293644104003906250e+02,8.603142089843750000e+02,2.743145751953125000e+03,3.430461425781250000e+03,9.090843505859375000e+02,4.759498901367187500e+02,1.396606323242187500e+03,6.040385742187500000e+02,3.448340148925781250e+02,1.010761169433593750e+03,5.423448486328125000e+02,2.414026367187500000e+03,9.520430908203125000e+02,7.550563476562500000e+03,5.614258789062500000e+03,3.468484497070312500e+02,4.170350585937500000e+03,7.181553344726562500e+02,1.003324523925781250e+03,3.622212402343750000e+03,2.832163391113281250e+02,2.519918212890625000e+03,6.370094604492187500e+02,2.891374267578125000e+03,6.522462890625000000e+03,3.720102294921875000e+03,3.129513244628906250e+02,3.452511962890625000e+03,2.243684082031250000e+03,5.116062011718750000e+02,1.789587890625000000e+03,5.639882202148437500e+02
1.176369628906250000e+03,4.077963378906250000e+03,9.091330566406250000e+02,2.148457226562500000e+04,3.352245117187500000e+03,5.616576538085937500e+02,4.844800109863281250e+02,1.499919738769531250e+02,7.709766113281250000e+03,2.192296630859375000e+03,1.097072387695312500e+03,4.848833984375000000e+03,1.689399047851562500e+03,6.503999633789062500e+02,5.704390258789062500e+02,2.868229492187500000e+03,7.619932861328125000e+02,2.401343688964843750e+02,8.788505859375000000e+02,2.971277587890625000e+03,2.445812744140625000e+03,1.214249511718750000e+03,3.747813110351562500e+02,1.789205322265625000e+03,9.576533203125000000e+02,2.949427185058593750e+02,1.188225341796875000e+03,4.949942626953125000e+02,2.473555175781250000e+03,1.873259521484375000e+03,5.373330566406250000e+03,4.694437988281250000e+03,1.949066925048828125e+02,2.667303710937500000e+03,5.920256958007812500e+02,2.157228515625000000e+03,3.194055664062500000e+03,3.481068725585937500e+02,1.735884765625000000e+03,2.439753112792968750e+02,2.916630371093750000e+03,5.456883789062500000e+03,1.973240478515625000e+03,1.011417694091796875e+02,4.234852050781250000e+03,2.967317626953125000e+03,6.073302001953125000e+02,3.395969238281250000e+03,5.540249023437500000e+02
8.225406494140625000e+02,2.873205566406250000e+03,9.050560302734375000e+02,3.387427343750000000e+04,2.613577148437500000e+03,4.790125732421875000e+02,3.226618957519531250e+02,1.790641479492187500e+02,5.813348632812500000e+03,1.747985229492187500e+03,5.152507934570312500e+02,3.029731933593750000e+03,1.201794555664062500e+03,5.280479736328125000e+02,4.649704589843750000e+02,2.080583984375000000e+03,4.213577880859375000e+02,3.827503356933593750e+02,1.068857421875000000e+03,2.267385253906250000e+03,1.460057373046875000e+03,1.360653076171875000e+03,3.765850219726562500e+02,1.525645263671875000e+03,5.110073852539062500e+02,3.467820739746093750e+02,7.687456665039062500e+02,2.950700073242187500e+02,2.041392211914062500e+03,8.219433593750000000e+02,6.433835937500000000e+03,3.463656250000000000e+03,2.963045959472656250e+02,2.670093261718750000e+03,7.627119140625000000e+02,1.705658447265625000e+03,4.296940429687500000e+03,2.633796691894531250e+02,5.124889648437500000e+03,4.199815979003906250e+02,2.260706542968750000e+03,4.432875000000000000e+03,1.636806518554687500e+03,9.536685180664062500e+01,2.432200927734375000e+03,1.725288085937500000e+03,4.881494140625000000e+02,1.274693847656250000e+03,6.630711669921875000e+02
9.214443359375000000e+02,7.836907714843750000e+03,1.372439086914062500e+03,1.777635156250000000e+04,2.954170898437500000e+03,3.637535400390625000e+02,2.368589019775390625e+02,1.575691833496093750e+02,1.248395898437500000e+04,6.707237304687500000e+03,6.341143188476562500e+02,3.179451660156250000e+03,1.294647705078125000e+03,7.775673217773437500e+02,1.774984375000000000e+03,1.587578491210937500e+03,5.897957763671875000e+02,2.633989257812500000e+02,7.805883178710937500e+02,4.344641113281250000e+03,3.857174804687500000e+03,1.171759277343750000e+03,3.895108032226562500e+02,1.868709594726562500e+03,5.328799438476562500e+02,1.106023437500000000e+03,1.605511108398437500e+03,5.526408081054687500e+02,2.455035644531250000e+03,1.441901367187500000e+03,8.538996093750000000e+03,1.508496679687500000e+04,2.520775299072265625e+02,2.894712402343750000e+03,3.730391845703125000e+02,1.099916992187500000e+03,4.164062011718750000e+03,2.705856628417968750e+02,2.654876464843750000e+03,7.398126220703125000e+02,4.407514648437500000e+03,7.532024902343750000e+03,3.083913085937500000e+03,5.556878051757812500e+02,4.478592285156250000e+03,2.300210693359375000e+03,4.545162353515625000e+02,2.140698730468750000e+03,3.963417358398437500e+02
1.137620849609375000e+03,4.259670898437500000e+03,8.431302490234375000e+02,9.124081054687500000e+03,4.657400878906250000e+03,4.025788574218750000e+02,2.646634521484375000e+02,1.453400268554687500e+02,7.823602539062500000e+03,3.310034423828125000e+03,1.041330810546875000e+03,3.549094238281250000e+03,2.202038818359375000e+03,7.024968261718750000e+02,6.305151367187500000e+02,4.038778564453125000e+03,9.589307861328125000e+02,2.454443664550781250e+02,9.104153442382812500e+02,2.832059082031250000e+03,3.120777587890625000e+03,1.198842041015625000e+03,5.609020996093750000e+02,1.468421142578125000e+03,4.878584899902343750e+02,3.041581115722656250e+02,1.422326904296875000e+03,3.609868469238281250e+02,2.353892333984375000e+03,1.026392333984375000e+03,5.903508789062500000e+03,4.850960449218750000e+03,2.643088684082031250e+02,4.333581542968750000e+03,1.824831542968750000e+02,1.796977050781250000e+03,3.543225585937500000e+03,2.785719604492187500e+02,1.590748535156250000e+03,3.172916564941406250e+02,3.792043945312500000e+03,6.260871093750000000e+03,4.655221679687500000e+03,2.915205078125000000e+02,3.580438964843750000e+03,2.349607666015625000e+03,5.512810058593750000e+02,1.786756591796875000e+03,4.614530334472656250e+02
1.249955078125000000e+03,4.448282226562500000e+03,9.525274658203125000e+02,4.507420312500000000e+04,4.261539062500000000e+03,6.257892456054687500e+02,4.391305847167968750e+02,1.581032104492187500e+02,1.125536132812500000e+04,3.038169921875000000e+03,1.000563110351562500e+03,4.488065917968750000e+03,1.704209838867187500e+03,7.845477294921875000e+02,2.457919311523437500e+02,2.529456787109375000e+03,7.013750000000000000e+02,3.085834350585937500e+02,1.285084228515625000e+03,3.130408691406250000e+03,2.411241210937500000e+03,1.268347900390625000e+03,4.588910522460937500e+02,2.158321777343750000e+03,1.014567016601562500e+03,3.058426513671875000e+02,1.549728271484375000e+03,2.268801269531250000e+02,3.264562500000000000e+03,1.195435180664062500e+03,7.903087402343750000e+03,5.015342773437500000e+03,2.329308624267578125e+02,2.454999511718750000e+03,1.379105224609375000e+02,1.119688232421875000e+03,3.437116210937500000e+03,3.461903076171875000e+02,5.864972656250000000e+03,3.626169738769531250e+02,3.373913574218750000e+03,6.517539062500000000e+03,3.377371337890625000e+03,2.655119323730468750e+02,3.190729736328125000e+03,2.997970947265625000e+03,4.773985900878906250e+02,1.910576904296875000e+03,6.728995971679687500e+02
1.219198120117187500e+03,7.761355468750000000e+03,9.838294677734375000e+02,2.005557421875000000e+04,3.818204833984375000e+03,4.766173706054687500e+02,3.587302246093750000e+02,1.828691864013671875e+02,1.276241503906250000e+04,6.390553710937500000e+03,1.124710693359375000e+03,3.959902343750000000e+03,1.442117187500000000e+03,8.757169189453125000e+02,1.291430664062500000e+02,2.086628173828125000e+03,5.932468261718750000e+02,2.451128082275390625e+02,1.931069213867187500e+03,3.941952636718750000e+03,1.817170898437500000e+03,8.489924316406250000e+02,3.692119140625000000e+02,1.806507080078125000e+03,9.583151855468750000e+02,5.285559082031250000e+02,1.774554199218750000e+03,5.590348510742187500e+02,3.140052734375000000e+03,1.574578369140625000e+03,8.882971679687500000e+03,6.612417968750000000e+03,2.917426147460937500e+02,2.265426757812500000e+03,1.543200683593750000e+02,1.130654907226562500e+03,5.575826171875000000e+03,2.948275756835937500e+02,3.512591796875000000e+03,4.338141479492187500e+02,3.033463134765625000e+03,6.199873046875000000e+03,3.762155273437500000e+03,3.872473754882812500e+02,3.758955078125000000e+03,2.157676513671875000e+03,4.764980468750000000e+02,1.445249267578125000e+03,6.623024902343750000e+02
1.083553955078125000e+03,4.642107910156250000e+03,1.010740783691406250e+03,9.061957031250000000e+03,2.314721679687500000e+03,4.170009765625000000e+02,2.879244384765625000e+02,1.241898117065429688e+02,7.969357421875000000e+03,3.802619873046875000e+03,1.157661376953125000e+03,3.028077148437500000e+03,1.358005737304687500e+03,7.762072143554687500e+02,1.139171142578125000e+02,2.033921386718750000e+03,3.983870849609375000e+02,2.201553497314453125e+02,5.092711181640625000e+02,2.398969970703125000e+03,3.027743164062500000e+03,7.779554443359375000e+02,4.009284057617187500e+02,1.385251464843750000e+03,8.924526367187500000e+02,2.844545593261718750e+02,1.315142822265625000e+03,5.160758056640625000e+02,2.250234375000000000e+03,1.010532348632812500e+03,7.182330566406250000e+03,5.079907714843750000e+03,3.084124755859375000e+02,3.783568847656250000e+03,1.632548828125000000e+02,8.633193359375000000e+02,3.657536132812500000e+03,2.702517700195312500e+02,1.786241699218750000e+03,3.345729370117187500e+02,2.294941894531250000e+03,5.620363769531250000e+03,3.770795166015625000e+03,3.082906494140625000e+02,2.656768798828125000e+03,1.967430908203125000e+03,4.713421325683593750e+02,1.762629150390625000e+03,6.268818969726562500e+02
1.461824584960937500e+03,3.857736816406250000e+03,7.659870605468750000e+02,1.824721093750000000e+04,2.472395996093750000e+03,5.117046508789062500e+02,2.437206420898437500e+02,1.065592269897460938e+02,7.106803710937500000e+03,2.379729492187500000e+03,1.052208496093750000e+03,3.573758300781250000e+03,1.574208618164062500e+03,7.059639892578125000e+02,3.993544311523437500e+02,3.786602050781250000e+03,5.510201416015625000e+02,2.193027191162109375e+02,9.902321166992187500e+02,2.989927001953125000e+03,1.691669433593750000e+03,1.047240844726562500e+03,4.056723632812500000e+02,1.867946655273437500e+03,5.307669067382812500e+02,3.210456848144531250e+02,1.309741333007812500e+03,3.842527465820312500e+02,2.017307739257812500e+03,1.432961669921875000e+03,5.238593261718750000e+03,1.107203613281250000e+03,1.733044128417968750e+02,2.373253173828125000e+03,2.745131835937500000e+02,2.515642089843750000e+03,3.199645507812500000e+03,2.767647094726562500e+02,1.539408081054687500e+03,2.670319519042968750e+02,2.912169433593750000e+03,4.460414550781250000e+03,2.557458496093750000e+03,1.353610229492187500e+02,3.306002197265625000e+03,2.237271484375000000e+03,4.586972351074218750e+02,2.731405029296875000e+03,5.536203613281250000e+02
8.746473999023437500e+02,2.688162597656250000e+03,7.275400390625000000e+02,2.552154687500000000e+04,2.734841308593750000e+03,4.101047973632812500e+02,2.229312286376953125e+02,1.267542266845703125e+02,5.323852539062500000e+03,1.704137817382812500e+03,5.218345336914062500e+02,2.497299804687500000e+03,1.172476684570312500e+03,5.625328979492187500e+02,1.487810058593750000e+02,2.098702392578125000e+03,3.322872314453125000e+02,2.511373596191406250e+02,7.093953247070312500e+02,2.257187500000000000e+03,1.168928222656250000e+03,1.237807983398437500e+03,4.368466796875000000e+02,1.511895629882812500e+03,6.372867431640625000e+02,1.677395019531250000e+02,6.691638183593750000e+02,2.239165344238281250e+02,1.889993164062500000e+03,6.380007934570312500e+02,5.757523437500000000e+03,1.560372070312500000e+03,1.249531555175781250e+02,2.458146972656250000e+03,8.886440429687500000e+02,8.980782470703125000e+02,3.566529296875000000e+03,2.824262390136718750e+02,4.064062500000000000e+03,3.837194213867187500e+02,2.777252685546875000e+03,4.171309570312500000e+03,1.685863891601562500e+03,1.126272277832031250e+02,2.123610351562500000e+03,1.476496826171875000e+03,4.256083984375000000e+02,1.385713867187500000e+03,6.699554443359375000e+02
9.469273071289062500e+02,7.846329101562500000e+03,1.107670410156250000e+03,1.240961132812500000e+04,2.647970703125000000e+03,3.286926879882812500e+02,2.840673828125000000e+02,1.306596069335937500e+02,9.255809570312500000e+03,7.662489257812500000e+03,6.922477416992187500e+02,2.900647949218750000e+03,1.136212768554687500e+03,9.914848022460937500e+02,1.243316406250000000e+03,1.572978759765625000e+03,4.728056640625000000e+02,2.483120880126953125e+02,6.104472656250000000e+02,3.735495605468750000e+03,3.001698974609375000e+03,1.027687377929687500e+03,5.213314819335937500e+02,1.520664306640625000e+03,6.378395996093750000e+02,1.144596679687500000e+03,1.048571533203125000e+03,5.540172119140625000e+02,2.138845947265625000e+03,1.492628417968750000e+03,8.358825195312500000e+03,7.227310546875000000e+03,1.826432800292968750e+02,2.689426513671875000e+03,1.141328125000000000e+03,1.044047363281250000e+03,4.010182128906250000e+03,2.542860717773437500e+02,2.464465332031250000e+03,7.934951171875000000e+02,2.913992431640625000e+03,5.905987792968750000e+03,3.075673095703125000e+03,5.288845214843750000e+02,3.247150390625000000e+03,2.012099487304687500e+03,4.703523559570312500e+02,1.793010009765625000e+03,3.962691650390625000e+02
1.464187988281250000e+03,4.137625488281250000e+03,9.083048095703125000e+02,6.823269042968750000e+03,2.762500000000000000e+03,3.842297363281250000e+02,2.929774169921875000e+02,1.236873397827148438e+02,6.455854492187500000e+03,3.194604736328125000e+03,1.089340698242187500e+03,2.919885986328125000e+03,1.694000366210937500e+03,5.810553588867187500e+02,5.297005615234375000e+02,2.909016601562500000e+03,5.702060546875000000e+02,2.332923583984375000e+02,7.451467285156250000e+02,2.477793457031250000e+03,2.294121093750000000e+03,1.215343750000000000e+03,6.232033081054687500e+02,1.482509521484375000e+03,4.849688415527343750e+02,3.616117858886718750e+02,1.090119995117187500e+03,2.575445861816406250e+02,2.216536132812500000e+03,8.146536254882812500e+02,5.919533203125000000e+03,3.209136718750000000e+03,4.618966674804687500e+02,3.712054687500000000e+03,8.769750976562500000e+02,9.755520019531250000e+02,3.332968750000000000e+03,2.680398864746093750e+02,1.220538208007812500e+03,3.881445617675781250e+02,3.079727539062500000e+03,5.080634277343750000e+03,4.666564453125000000e+03,2.489356536865234375e+02,3.247120605468750000e+03,1.860450927734375000e+03,4.856775512695312500e+02,1.798213623046875000e+03,4.694026489257812500e+02
1.301555419921875000e+03,4.406406738281250000e+03,9.819499511718750000e+02,4.348988281250000000e+04,3.403033203125000000e+03,5.575657958984375000e+02,2.923994750976562500e+02,1.665742187500000000e+02,9.889998046875000000e+03,3.073324707031250000e+03,1.054779785156250000e+03,4.135242187500000000e+03,1.533608032226562500e+03,7.472033691406250000e+02,6.915100097656250000e+02,2.439193115234375000e+03,9.046170043945312500e+02,2.355036773681640625e+02,8.390802612304687500e+02,2.692472412109375000e+03,1.933407836914062500e+03,1.220987060546875000e+03,5.669055786132812500e+02,2.118044921875000000e+03,5.500129394531250000e+02,4.967269897460937500e+02,1.569751953125000000e+03,2.419828186035156250e+02,2.741068359375000000e+03,1.724038330078125000e+03,6.653535156250000000e+03,2.952524902343750000e+03,3.618540344238281250e+02,2.608836425781250000e+03,3.405109863281250000e+02,1.098529663085937500e+03,3.373472167968750000e+03,2.880768127441406250e+02,4.260895019531250000e+03,3.422400817871093750e+02,3.120843261718750000e+03,6.296197753906250000e+03,2.892607421875000000e+03,2.248085021972656250e+02,2.919366943359375000e+03,2.679183837890625000e+03,5.584821166992187500e+02,2.244210205078125000e+03,6.609218750000000000e+02
1.408393310546875000e+03,7.690848144531250000e+03,9.926597900390625000e+02,1.671740234375000000e+04,2.995007080078125000e+03,4.374880371093750000e+02,2.331000518798828125e+02,1.473097839355468750e+02,1.022022753906250000e+04,5.028923828125000000e+03,1.014488525390625000e+03,3.528506835937500000e+03,1.392385986328125000e+03,8.346785888671875000e+02,1.818686523437500000e+02,1.996772216796875000e+03,6.247457275390625000e+02,2.325568084716796875e+02,1.151510498046875000e+03,3.047657470703125000e+03,1.974250732421875000e+03,9.569584960937500000e+02,6.690549316406250000e+02,1.955177368164062500e+03,5.982836914062500000e+02,7.779059448242187500e+02,1.338430419921875000e+03,5.550567016601562500e+02,2.533403564453125000e+03,1.492955810546875000e+03,8.222383789062500000e+03,4.780002929687500000e+03,2.856132202148437500e+02,2.208838867187500000e+03,4.585855712890625000e+02,1.202221923828125000e+03,4.721417968750000000e+03,2.776976318359375000e+02,2.629205322265625000e+03,6.765260009765625000e+02,2.605633789062500000e+03,5.890878906250000000e+03,3.515571044921875000e+03,3.263787841796875000e+02,3.184243408203125000e+03,2.389116943359375000e+03,6.027150878906250000e+02,1.610291992187500000e+03,6.504672851562500000e+02
1.193313842773437500e+03,4.751583007812500000e+03,1.119310302734375000e+03,1.029260058593750000e+04,1.988839843750000000e+03,4.345272216796875000e+02,2.148896484375000000e+02,1.074866561889648438e+02,8.091980957031250000e+03,3.911206298828125000e+03,9.519296875000000000e+02,2.806962890625000000e+03,1.372308227539062500e+03,1.059207519531250000e+03,1.226377563476562500e+02,1.893338745117187500e+03,3.904847412109375000e+02,2.405162658691406250e+02,4.980415039062500000e+02,2.444485351562500000e+03,1.712021484375000000e+03,1.098476318359375000e+03,4.593510742187500000e+02,1.508561035156250000e+03,4.609418334960937500e+02,3.119087829589843750e+02,1.368888549804687500e+03,4.729205932617187500e+02,2.466453613281250000e+03,1.013044799804687500e+03,6.971654296875000000e+03,3.755950195312500000e+03,3.517545166015625000e+02,3.892654296875000000e+03,6.552677001953125000e+02,9.553101196289062500e+02,3.707223144531250000e+03,2.839855041503906250e+02,1.611175537109375000e+03,6.304820556640625000e+02,2.222060302734375000e+03,5.202792968750000000e+03,2.802973144531250000e+03,2.661617431640625000e+02,2.439073242187500000e+03,1.674025878906250000e+03,4.862564697265625000e+02,1.345503417968750000e+03,4.667984924316406250e+02
1.524753540039062500e+03,3.914545410156250000e+03,9.571008911132812500e+02,2.836780078125000000e+04,2.063726074218750000e+03,5.759143066406250000e+02,3.405130615234375000e+02,1.420625000000000000e+02,6.771448730468750000e+03,2.439202148437500000e+03,1.067329101562500000e+03,3.729068603515625000e+03,1.397989990234375000e+03,8.042567138671875000e+02,6.336402587890625000e+02,2.758735839843750000e+03,3.939992675781250000e+02,2.197744750976562500e+02,7.035862426757812500e+02,2.153831542968750000e+03,1.554625732421875000e+03,9.859279785156250000e+02,4.958092041015625000e+02,2.055937988281250000e+03,8.607683105468750000e+02,3.819629516601562500e+02,1.254345214843750000e+03,1.771112976074218750e+02,2.099248535156250000e+03,9.193289794921875000e+02,5.691558593750000000e+03,1.842522949218750000e+03,1.886452636718750000e+02,2.217406738281250000e+03,5.370875854492187500e+02,9.115773925781250000e+02,3.034686035156250000e+03,2.660536499023437500e+02,1.165385620117187500e+03,2.350858154296875000e+02,2.820771972656250000e+03,5.319754394531250000e+03,2.608233886718750000e+03,9.890005493164062500e+01,3.854896240234375000e+03,1.754657958984375000e+03,5.497460937500000000e+02,3.142472167968750000e+03,5.607767944335937500e+02
9.169745483398437500e+02,2.630681396484375000e+03,7.804218139648437500e+02,1.763608984375000000e+04,2.400977539062500000e+03,3.646786499023437500e+02,2.268869628906250000e+02,8.626609802246093750e+01,1.241572167968750000e+04,1.657293090820312500e+03,5.405164794921875000e+02,3.380056640625000000e+03,1.091232910156250000e+03,1.013433166503906250e+03,2.318992919921875000e+02,1.915298095703125000e+03,5.547265625000000000e+02,2.182288513183593750e+02,4.464873046875000000e+02,2.191069580078125000e+03,1.506632812500000000e+03,9.259786376953125000e+02,5.825764770507812500e+02,1.646335937500000000e+03,5.847974853515625000e+02,2.022853088378906250e+02,9.852495727539062500e+02,1.978646240234375000e+02,1.841843383789062500e+03,1.378620361328125000e+03,5.625393554687500000e+03,1.568090332031250000e+03,3.924804687500000000e+02,2.553226562500000000e+03,3.974011230468750000e+02,1.529977783203125000e+03,3.183648193359375000e+03,2.754261779785156250e+02,2.491791992187500000e+03,3.543193359375000000e+02,2.753278808593750000e+03,4.635048339843750000e+03,1.535215454101562500e+03,9.404078674316406250e+01,2.420096679687500000e+03,2.225564697265625000e+03,6.280313720703125000e+02,1.301258666992187500e+03,6.638189697265625000e+02
1.066612792968750000e+03,7.851798339843750000e+03,9.685230712890625000e+02,1.032852148437500000e+04,1.868040283203125000e+03,3.206540527343750000e+02,2.241635284423828125e+02,3.062444152832031250e+02,9.735093750000000000e+03,7.506169921875000000e+03,8.402767944335937500e+02,2.694214843750000000e+03,1.082428466796875000e+03,8.360910644531250000e+02,6.753018188476562500e+02,1.458807861328125000e+03,4.334197998046875000e+02,2.331027374267578125e+02,1.049295410156250000e+03,2.950119140625000000e+03,1.821093505859375000e+03,9.378382568359375000e+02,5.598931884765625000e+02,1.370624511718750000e+03,5.187345581054687500e+02,1.135586181640625000e+03,8.233769531250000000e+02,5.441287841796875000e+02,2.207504882812500000e+03,1.351494262695312500e+03,7.834991699218750000e+03,5.015210937500000000e+03,2.102391967773437500e+02,2.446145019531250000e+03,4.914501953125000000e+02,1.208287597656250000e+03,3.591701904296875000e+03,2.652694091796875000e+02,2.268207031250000000e+03,8.061793212890625000e+02,2.287479248046875000e+03,4.716214355468750000e+03,2.662654296875000000e+03,3.248703613281250000e+02,2.777859130859375000e+03,2.247642089843750000e+03,5.194973754882812500e+02,1.412322021484375000e+03,4.322446289062500000e+02
1.537744628906250000e+03,3.976186279296875000e+03,9.835983886718750000e+02,7.514717773437500000e+03,2.706380371093750000e+03,4.080663452148437500e+02,2.647275390625000000e+02,1.527914123535156250e+02,7.242047851562500000e+03,3.349676269531250000e+03,1.086730712890625000e+03,3.123913574218750000e+03,1.602410522460937500e+03,8.075206298828125000e+02,6.406566772460937500e+02,2.608383300781250000e+03,5.514323730468750000e+02,2.438958892822265625e+02,7.143754272460937500e+02,2.287021240234375000e+03,1.545064208984375000e+03,1.771165283203125000e+03,6.086220092773437500e+02,1.527559326171875000e+03,4.932913513183593750e+02,4.054506835937500000e+02,1.323123535156250000e+03,2.355880737304687500e+02,2.240514160156250000e+03,1.007962524414062500e+03,5.814800781250000000e+03,2.563340820312500000e+03,2.194371643066406250e+02,4.298669433593750000e+03,6.413946533203125000e+02,1.760943115234375000e+03,2.895752441406250000e+03,2.784251098632812500e+02,1.244241455078125000e+03,2.201401062011718750e+02,2.986569091796875000e+03,4.829077636718750000e+03,4.638106445312500000e+03,1.733693237304687500e+02,3.008464843750000000e+03,2.153420410156250000e+03,6.117674560546875000e+02,2.207235595703125000e+03,4.691698608398437500e+02
1.354596435546875000e+03,4.920943359375000000e+03,1.043730712890625000e+03,4.517790625000000000e+04,4.111007812500000000e+03,5.593460693359375000e+02,2.166863403320312500e+02,1.575818786621093750e+02,9.587252929687500000e+03,3.218510986328125000e+03,1.150203247070312500e+03,4.229479492187500000e+03,1.508696289062500000e+03,9.505405273437500000e+02,7.296359863281250000e+02,2.354127685546875000e+03,7.518739013671875000e+02,2.696943664550781250e+02,9.943792114257812500e+02,2.676274902343750000e+03,1.609170898437500000e+03,1.061527832031250000e+03,6.481310424804687500e+02,2.418554687500000000e+03,4.635365295410156250e+02,5.825427246093750000e+02,1.807311401367187500e+03,2.292396545410156250e+02,2.689332519531250000e+03,1.960520019531250000e+03,6.827221679687500000e+03,2.536272216796875000e+03,1.975624389648437500e+02,2.418613037109375000e+03,5.963756103515625000e+02,1.385477416992187500e+03,2.945959960937500000e+03,2.823194580078125000e+02,4.702626953125000000e+03,2.746725158691406250e+02,2.540078369140625000e+03,7.175299804687500000e+03,2.755838623046875000e+03,1.421403656005859375e+02,2.972504394531250000e+03,2.944290771484375000e+03,5.423393554687500000e+02,1.924724121093750000e+03,6.570223999023437500e+02
1.357338256835937500e+03,7.838676757812500000e+03,1.059239746093750000e+03,1.914132617187500000e+04,3.745889648437500000e+03,5.094102783203125000e+02,2.055995025634765625e+02,3.915783386230468750e+02,1.110750292968750000e+04,8.753147460937500000e+03,9.680670166015625000e+02,5.241982910156250000e+03,1.617762207031250000e+03,1.143161865234375000e+03,1.124448852539062500e+03,1.993979492187500000e+03,6.133082275390625000e+02,3.102726440429687500e+02,1.240039062500000000e+03,4.163787109375000000e+03,5.364605468750000000e+03,1.209311523437500000e+03,4.616732177734375000e+02,2.181366699218750000e+03,7.116958007812500000e+02,7.620963745117187500e+02,1.792627441406250000e+03,5.391348266601562500e+02,2.917890869140625000e+03,1.721594726562500000e+03,8.139677246093750000e+03,5.943331542968750000e+03,2.588993835449218750e+02,2.548536865234375000e+03,1.123880859375000000e+03,1.198702514648437500e+03,3.154729003906250000e+03,2.872920227050781250e+02,3.001411865234375000e+03,7.353406982421875000e+02,3.511399169921875000e+03,7.593075195312500000e+03,3.557899902343750000e+03,2.785038452148437500e+02,3.407235839843750000e+03,2.780375000000000000e+03,4.482536926269531250e+02,2.806335205078125000e+03,6.615257568359375000e+02
1.279460083007812500e+03,5.076801757812500000e+03,9.887858276367187500e+02,1.428982519531250000e+04,2.830819335937500000e+03,4.343283691406250000e+02,1.999078674316406250e+02,1.666416473388671875e+02,1.029260058593750000e+04,3.990053955078125000e+03,7.913318481445312500e+02,3.888667968750000000e+03,1.610316162109375000e+03,9.712365112304687500e+02,5.377310791015625000e+02,1.750817016601562500e+03,4.564874267578125000e+02,2.212633361816406250e+02,1.045665649414062500e+03,2.457443115234375000e+03,4.975396484375000000e+03,1.038755615234375000e+03,4.324620361328125000e+02,1.763323120117187500e+03,3.983137512207031250e+02,6.324257202148437500e+02,1.186034423828125000e+03,2.828418579101562500e+02,2.387591796875000000e+03,1.000299926757812500e+03,6.528562988281250000e+03,4.146995117187500000e+03,2.126851806640625000e+02,3.650223632812500000e+03,1.237159912109375000e+03,1.018057495117187500e+03,2.804306640625000000e+03,2.903611145019531250e+02,1.600845458984375000e+03,4.293300781250000000e+02,2.352399169921875000e+03,6.354935546875000000e+03,3.518407714843750000e+03,1.836938171386718750e+02,2.606209228515625000e+03,2.362403076171875000e+03,4.782726745605468750e+02,2.077301513671875000e+03,4.513845825195312500e+02
1.579729736328125000e+03,4.799906738281250000e+03,1.407567749023437500e+03,2.428865039062500000e+04,3.677388183593750000e+03,7.018104248046875000e+02,1.881246337890625000e+02,1.304584960937500000e+02,6.608246093750000000e+03,2.644525878906250000e+03,7.937686767578125000e+02,4.899545898437500000e+03,1.669639770507812500e+03,9.458063964843750000e+02,1.074023559570312500e+03,2.603870605468750000e+03,1.270794921875000000e+03,2.172728424072265625e+02,9.331853637695312500e+02,2.760020507812500000e+03,6.848450195312500000e+03,8.405721435546875000e+02,8.300040283203125000e+02,2.400094726562500000e+03,5.218331298828125000e+02,6.498478393554687500e+02,1.610670776367187500e+03,1.837278442382812500e+02,2.132611328125000000e+03,2.043223632812500000e+03,5.325160156250000000e+03,2.208704345703125000e+03,1.885675811767578125e+02,2.606840820312500000e+03,5.461128540039062500e+02,2.269258789062500000e+03,3.301097167968750000e+03,2.760119018554687500e+02,1.382347412109375000e+03,3.161211242675781250e+02,3.119280029296875000e+03,6.331127441406250000e+03,2.289692382812500000e+03,9.659233093261718750e+01,3.304951171875000000e+03,2.721434814453125000e+03,5.106693115234375000e+02,1.747857543945312500e+03,4.619800109863281250e+02
1.131304321289062500e+03,3.299145996093750000e+03,1.248536499023437500e+03,3.651650781250000000e+04,2.125944335937500000e+03,4.328750000000000000e+02,2.017396697998046875e+02,6.956605529785156250e+01,4.570044921875000000e+03,1.911643676757812500e+03,4.570768737792968750e+02,2.769021484375000000e+03,1.124211425781250000e+03,5.111718444824218750e+02,-5.787231445312500000e+00,1.631864135742187500e+03,3.506701660156250000e+02,2.493890991210937500e+02,1.115304321289062500e+03,1.993066894531250000e+03,6.396885253906250000e+03,9.640058593750000000e+02,5.301250610351562500e+02,1.690406372070312500e+03,6.948250122070312500e+02,2.089564208984375000e+02,6.760230712890625000e+02,2.198487548828125000e+02,1.791249267578125000e+03,8.031873779296875000e+02,5.634900390625000000e+03,1.827473632812500000e+03,1.663791198730468750e+02,2.368261718750000000e+03,3.448984375000000000e+02,1.281526977539062500e+03,2.921988037109375000e+03,3.114247741699218750e+02,4.652359375000000000e+03,2.809366760253906250e+02,1.914635498046875000e+03,4.441293457031250000e+03,1.895038452148437500e+03,9.367640686035156250e+01,2.331993652343750000e+03,1.567503417968750000e+03,4.701617126464843750e+02,1.886698974609375000e+03,6.650128173828125000e+02
9.538445434570312500e+02,7.858379882812500000e+03,1.045838378906250000e+03,1.408798046875000000e+04,1.745551513671875000e+03,2.890686645507812500e+02,1.956724090576171875e+02,1.739545898437500000e+02,5.840101562500000000e+03,8.670999023437500000e+03,6.405747070312500000e+02,2.043030029296875000e+03,9.115688476562500000e+02,8.174988403320312500e+02,1.574322021484375000e+03,1.062095336914062500e+03,3.524185791015625000e+02,2.193204498291015625e+02,5.960206909179687500e+02,3.174780761718750000e+03,2.596190673828125000e+03,7.368170166015625000e+02,4.001758422851562500e+02,1.528595458984375000e+03,2.743971862792968750e+02,1.208557128906250000e+03,1.999675781250000000e+03,4.626210327148437500e+02,1.979892944335937500e+03,1.410074951171875000e+03,7.181755859375000000e+03,6.314345703125000000e+03,2.215877990722656250e+02,2.353181640625000000e+03,4.035151367187500000e+02,8.234312744140625000e+02,3.282643066406250000e+03,2.547147216796875000e+02,2.386727539062500000e+03,7.777166748046875000e+02,2.733956542968750000e+03,4.446213867187500000e+03,2.948996337890625000e+03,2.611138610839843750e+02,2.611638183593750000e+03,2.719091796875000000e+03,4.540338134765625000e+02,1.348838623046875000e+03,5.003484191894531250e+02
1.305513427734375000e+03,4.458803710937500000e+03,9.489831542968750000e+02,8.156813476562500000e+03,2.717094726562500000e+03,4.466564331054687500e+02,2.738332214355468750e+02,8.504261779785156250e+01,3.383511718750000000e+03,3.167581787109375000e+03,8.747855224609375000e+02,2.300542480468750000e+03,1.224681030273437500e+03,8.097853393554687500e+02,1.206417968750000000e+03,1.377182861328125000e+03,3.928438720703125000e+02,2.142767944335937500e+02,6.009357910156250000e+02,2.032470092773437500e+03,1.392396484375000000e+03,6.023582763671875000e+02,5.916346435546875000e+02,1.389208740234375000e+03,4.427215576171875000e+02,1.045008789062500000e+03,1.101702758789062500e+03,2.067605895996093750e+02,2.096122070312500000e+03,8.811790771484375000e+02,5.535562500000000000e+03,2.724604980468750000e+03,2.204737854003906250e+02,4.079591552734375000e+03,1.701707397460937500e+03,1.248383300781250000e+03,3.371058105468750000e+03,2.690555419921875000e+02,8.594819335937500000e+02,3.649362182617187500e+02,2.301118164062500000e+03,4.879357421875000000e+03,4.677317382812500000e+03,1.381667175292968750e+02,3.832260742187500000e+03,2.666636230468750000e+03,4.900002441406250000e+02,1.004041137695312500e+03,4.132135314941406250e+02
1.175273681640625000e+03,4.404827148437500000e+03,1.175546264648437500e+03,3.511264453125000000e+04,3.734497070312500000e+03,7.603549194335937500e+02,2.448996429443359375e+02,1.447315673828125000e+02,9.677915039062500000e+03,3.213139404296875000e+03,1.184700805664062500e+03,4.313883300781250000e+03,1.625184570312500000e+03,9.528477172851562500e+02,9.464248046875000000e+02,2.417508300781250000e+03,1.210078369140625000e+03,2.341795196533203125e+02,1.054260986328125000e+03,3.207374267578125000e+03,4.059483886718750000e+03,1.059199829101562500e+03,6.597933959960937500e+02,2.646487304687500000e+03,5.885966186523437500e+02,6.960803222656250000e+02,1.803569458007812500e+03,2.308919372558593750e+02,2.602821777343750000e+03,1.799251464843750000e+03,5.760710937500000000e+03,2.639502441406250000e+03,2.591295166015625000e+02,2.949907714843750000e+03,6.372649536132812500e+02,2.256048095703125000e+03,3.012155029296875000e+03,3.010840148925781250e+02,1.691264770507812500e+03,3.493758850097656250e+02,2.951809082031250000e+03,9.854878906250000000e+03,2.786463867187500000e+03,1.255726165771484375e+02,3.098192871093750000e+03,4.489307617187500000e+03,6.124475097656250000e+02,1.540032226562500000e+03,6.458186035156250000e+02
1.528837158203125000e+03,7.868383789062500000e+03,1.452961669921875000e+03,2.074159375000000000e+04,3.699362060546875000e+03,5.005387573242187500e+02,2.430017700195312500e+02,1.769568328857421875e+02,1.277265332031250000e+04,6.830156250000000000e+03,9.168168945312500000e+02,3.973787841796875000e+03,1.797800781250000000e+03,1.222493286132812500e+03,1.702658935546875000e+03,2.464772949218750000e+03,7.959754638671875000e+02,2.324533081054687500e+02,1.072216186523437500e+03,3.620947998046875000e+03,4.089809814453125000e+03,1.225400878906250000e+03,6.542436523437500000e+02,2.291235839843750000e+03,8.524400634765625000e+02,9.745695800781250000e+02,1.316662719726562500e+03,5.208474731445312500e+02,2.595596679687500000e+03,1.717754028320312500e+03,7.574619628906250000e+03,6.250880859375000000e+03,3.709921264648437500e+02,2.223333740234375000e+03,6.388180541992187500e+02,1.234028320312500000e+03,3.309325195312500000e+03,2.790712280273437500e+02,2.033765991210937500e+03,8.381687011718750000e+02,2.940362548828125000e+03,6.193910644531250000e+03,3.637135009765625000e+03,2.669538574218750000e+02,3.794028320312500000e+03,3.124417968750000000e+03,6.172332763671875000e+02,9.518128662109375000e+02,6.486118774414062500e+02
1.551389770507812500e+03,4.671101074218750000e+03,1.025722656250000000e+03,1.357379687500000000e+04,2.506775146484375000e+03,5.493317260742187500e+02,2.281488342285156250e+02,1.764907226562500000e+02,8.563242187500000000e+03,4.013093750000000000e+03,1.066566528320312500e+03,3.300277099609375000e+03,1.686123046875000000e+03,1.498346191406250000e+03,8.238953857421875000e+02,2.178165527343750000e+03,4.554641113281250000e+02,2.873660888671875000e+02,8.996702880859375000e+02,2.812916015625000000e+03,4.148703125000000000e+03,2.125432617187500000e+03,6.010245361328125000e+02,1.995194824218750000e+03,8.380950317382812500e+02,7.846380004882812500e+02,1.632555419921875000e+03,4.209888916015625000e+02,2.622166503906250000e+03,1.199714721679687500e+03,7.387760253906250000e+03,4.561395507812500000e+03,4.191109924316406250e+02,4.022664550781250000e+03,1.025884033203125000e+03,1.110888793945312500e+03,3.471240966796875000e+03,2.891327819824218750e+02,1.874360595703125000e+03,4.506095581054687500e+02,2.595904785156250000e+03,5.217062011718750000e+03,3.233339111328125000e+03,2.522126922607421875e+02,2.662692871093750000e+03,2.690470214843750000e+03,4.848367004394531250e+02,2.049742675781250000e+03,5.571005859375000000e+02
1.578276733398437500e+03,4.756336425781250000e+03,1.012457885742187500e+03,1.327178515625000000e+04,2.660098388671875000e+03,5.467598266601562500e+02,3.996832275390625000e+02,1.112623291015625000e+02,8.578843750000000000e+03,2.729687988281250000e+03,1.127917602539062500e+03,3.123754150390625000e+03,1.200412231445312500e+03,1.024270385742187500e+03,1.009997863769531250e+03,1.990712158203125000e+03,4.808079833984375000e+02,2.234745483398437500e+02,9.314261474609375000e+02,2.772205566406250000e+03,1.239025878906250000e+03,1.403622924804687500e+03,4.267328491210937500e+02,2.240944335937500000e+03,1.039054565429687500e+03,6.619685058593750000e+02,9.926239624023437500e+02,1.901354675292968750e+02,2.324836181640625000e+03,9.232324829101562500e+02,5.248250000000000000e+03,3.039580566406250000e+03,2.250217437744140625e+02,2.100712890625000000e+03,3.984206542968750000e+02,1.072629028320312500e+03,3.023850097656250000e+03,2.722049255371093750e+02,1.310337646484375000e+03,3.436694641113281250e+02,2.638704833984375000e+03,5.750160644531250000e+03,2.629302001953125000e+03,1.189788742065429688e+02,6.180116210937500000e+03,2.599007080078125000e+03,5.932734375000000000e+02,7.169576416015625000e+02,5.703565673828125000e+02
9.472312011718750000e+02,3.530226562500000000e+03,7.822197875976562500e+02,6.069497070312500000e+03,2.506108886718750000e+03,3.232692871093750000e+02,2.294998168945312500e+02,1.198327331542968750e+02,1.221952832031250000e+04,1.738981201171875000e+03,9.331989746093750000e+02,2.852677734375000000e+03,1.314758911132812500e+03,1.689077636718750000e+03,2.332290649414062500e+02,2.818895019531250000e+03,1.144329833984375000e+03,2.241408996582031250e+02,8.920493774414062500e+02,2.440437011718750000e+03,9.160444335937500000e+02,1.248513671875000000e+03,5.955675048828125000e+02,1.848584960937500000e+03,5.733236083984375000e+02,2.392269592285156250e+02,8.153900146484375000e+02,2.000292358398437500e+02,2.027495239257812500e+03,1.328133300781250000e+03,5.332306152343750000e+03,1.955937011718750000e+03,1.867538604736328125e+02,3.043974609375000000e+03,4.896365966796875000e+02,2.156771972656250000e+03,3.188957031250000000e+03,2.792255554199218750e+02,1.393729003906250000e+03,2.762749938964843750e+02,2.798989501953125000e+03,9.312942382812500000e+03,1.715634033203125000e+03,9.451310729980468750e+01,4.103214355468750000e+03,3.066896484375000000e+03,9.055797729492187500e+02,9.497247314453125000e+02,6.629520874023437500e+02
1.258400512695312500e+03,7.893015625000000000e+03,1.810084960937500000e+03,1.515864843750000000e+04,2.134215576171875000e+03,4.279521484375000000e+02,2.245740509033203125e+02,1.274929199218750000e+02,7.439395019531250000e+03,8.884936523437500000e+03,1.267332763671875000e+03,2.366266357421875000e+03,1.458559082031250000e+03,9.838444824218750000e+02,1.030535278320312500e+03,1.923029541015625000e+03,7.028273925781250000e+02,2.759423828125000000e+02,1.120124511718750000e+03,3.780720947265625000e+03,4.205705566406250000e+03,1.291706787109375000e+03,5.780897827148437500e+02,1.682298217773437500e+03,7.432950439453125000e+02,1.194166015625000000e+03,1.213592651367187500e+03,5.479208984375000000e+02,2.703608398437500000e+03,1.603673706054687500e+03,8.216153320312500000e+03,6.700327636718750000e+03,2.555220947265625000e+02,2.502206054687500000e+03,7.802520751953125000e+02,1.140745361328125000e+03,3.335107177734375000e+03,2.605782470703125000e+02,2.663983154296875000e+03,7.891568603515625000e+02,3.259545654296875000e+03,5.874922851562500000e+03,3.183989257812500000e+03,3.289297485351562500e+02,3.410774658203125000e+03,3.144980468750000000e+03,6.164384765625000000e+02,8.098487548828125000e+02,5.240349121093750000e+02
1.812044189453125000e+03,5.154269531250000000e+03,1.157060302734375000e+03,1.069468457031250000e+04,5.876750976562500000e+03,4.339578247070312500e+02,3.719100646972656250e+02,2.832157592773437500e+02,9.018113281250000000e+03,3.588679687500000000e+03,1.007849975585937500e+03,2.707853027343750000e+03,1.646807373046875000e+03,1.108165893554687500e+03,1.236931274414062500e+03,1.904781250000000000e+03,3.674605712890625000e+02,3.313904418945312500e+02,8.651299438476562500e+02,2.219967773437500000e+03,2.167255371093750000e+03,2.298982666015625000e+03,5.656493530273437500e+02,1.554725341796875000e+03,5.672308349609375000e+02,1.205655517578125000e+03,1.180276977539062500e+03,2.566654663085937500e+02,2.924924072265625000e+03,1.208904907226562500e+03,6.561660156250000000e+03,3.981453857421875000e+03,2.673167419433593750e+02,4.942139160156250000e+03,7.035706787109375000e+02,1.227581176757812500e+03,3.033279296875000000e+03,2.946333923339843750e+02,1.929174438476562500e+03,4.254334716796875000e+02,2.565497802734375000e+03,5.569296386718750000e+03,4.453382812500000000e+03,1.554335937500000000e+02,4.571759765625000000e+03,2.753482421875000000e+03,6.003941040039062500e+02,1.142312988281250000e+03,5.200845947265625000e+02
1.643131225585937500e+03,4.108865234375000000e+03,1.269171875000000000e+03,2.431567578125000000e+04,3.663616699218750000e+03,4.770671386718750000e+02,3.658949279785156250e+02,1.895001068115234375e+02,1.223630175781250000e+04,3.702200927734375000e+03,1.157290893554687500e+03,3.745685302734375000e+03,1.913623291015625000e+03,8.326707763671875000e+02,9.347042236328125000e+02,2.964329589843750000e+03,1.168637695312500000e+03,2.792527465820312500e+02,1.140899291992187500e+03,2.989376464843750000e+03,2.430025390625000000e+03,2.052092285156250000e+03,7.284266357421875000e+02,2.519105468750000000e+03,7.800945434570312500e+02,6.531528930664062500e+02,1.363660766601562500e+03,2.325010070800781250e+02,3.021016113281250000e+03,1.838221679687500000e+03,5.962170898437500000e+03,3.671169433593750000e+03,3.157630004882812500e+02,2.707356689453125000e+03,9.005369873046875000e+02,1.416682739257812500e+03,3.159228027343750000e+03,2.960161743164062500e+02,2.057358154296875000e+03,3.903365783691406250e+02,3.676656250000000000e+03,7.410981933593750000e+03,3.572295166015625000e+03,1.304276428222656250e+02,3.523465820312500000e+03,4.401752929687500000e+03,7.391729736328125000e+02,9.208925781250000000e+02,6.698709106445312500e+02
1.680686645507812500e+03,7.845107421875000000e+03,1.361514648437500000e+03,1.705851171875000000e+04,4.325799804687500000e+03,7.021417236328125000e+02,3.361156005859375000e+02,2.954463500976562500e+02,1.732543359375000000e+04,1.075140625000000000e+04,1.239902343750000000e+03,5.077393554687500000e+03,1.784368774414062500e+03,1.604949951171875000e+03,3.392276855468750000e+03,3.007880615234375000e+03,1.133136840820312500e+03,2.722733764648437500e+02,1.375903564453125000e+03,4.435209960937500000e+03,6.296057617187500000e+03,2.166912353515625000e+03,6.294310913085937500e+02,2.483335693359375000e+03,9.281478271484375000e+02,1.482823242187500000e+03,2.033249633789062500e+03,5.492866210937500000e+02,3.883018554687500000e+03,1.866601806640625000e+03,8.823635742187500000e+03,9.183479492187500000e+03,5.808416748046875000e+02,2.650811523437500000e+03,9.202535400390625000e+02,1.214375000000000000e+03,4.373764160156250000e+03,2.943147888183593750e+02,2.520562255859375000e+03,8.786875000000000000e+02,4.298646484375000000e+03,8.626537109375000000e+03,3.714533691406250000e+03,2.962540283203125000e+02,4.284137695312500000e+03,3.303641601562500000e+03,4.673725280761718750e+02,2.142183349609375000e+03,6.533162841796875000e+02
1.316896484375000000e+03,4.704053710937500000e+03,9.889714355468750000e+02,1.519262792968750000e+04,2.806348876953125000e+03,4.884132080078125000e+02,2.678600463867187500e+02,1.699222259521484375e+02,9.630121093750000000e+03,4.550306152343750000e+03,1.266906494140625000e+03,3.444769775390625000e+03,1.758059570312500000e+03,1.498270019531250000e+03,4.530745239257812500e+02,2.650882080078125000e+03,8.736762084960937500e+02,2.003324584960937500e+02,1.049378417968750000e+03,3.313409423828125000e+03,4.224843750000000000e+03,2.422113281250000000e+03,5.086497802734375000e+02,2.273887451171875000e+03,1.071809082031250000e+03,6.826997070312500000e+02,1.809212158203125000e+03,2.865645141601562500e+02,2.963762451171875000e+03,1.130490600585937500e+03,7.307743164062500000e+03,5.598840820312500000e+03,5.623951416015625000e+02,4.890295898437500000e+03,6.936640625000000000e+02,1.069875976562500000e+03,3.652008300781250000e+03,2.887327575683593750e+02,3.097231689453125000e+03,6.350451660156250000e+02,3.009049560546875000e+03,1.024019824218750000e+04,4.608018066406250000e+03,1.871981048583984375e+02,2.844955566406250000e+03,3.095397460937500000e+03,4.717201538085937500e+02,1.197366577148437500e+03,6.304382324218750000e+02
1.545122070312500000e+03,4.033965332031250000e+03,1.246309448242187500e+03,1.883396093750000000e+04,5.342828125000000000e+03,4.363717651367187500e+02,3.695761718750000000e+02,1.915845794677734375e+02,1.143796484375000000e+04,3.239742431640625000e+03,1.187975830078125000e+03,3.815525390625000000e+03,1.788249877929687500e+03,8.907494506835937500e+02,1.063776489257812500e+03,4.209470214843750000e+03,1.126131835937500000e+03,2.031171875000000000e+02,1.009620117187500000e+03,2.584200195312500000e+03,2.101147460937500000e+03,1.707878051757812500e+03,6.722578125000000000e+02,2.268978759765625000e+03,1.060301147460937500e+03,3.849733276367187500e+02,1.449797607421875000e+03,1.890489196777343750e+02,2.789795654296875000e+03,1.451917968750000000e+03,5.683373046875000000e+03,3.092184570312500000e+03,2.400537109375000000e+02,2.748225097656250000e+03,9.970708007812500000e+02,1.536024291992187500e+03,3.268537109375000000e+03,2.948805236816406250e+02,1.764277343750000000e+03,2.705162658691406250e+02,3.395720458984375000e+03,6.865764648437500000e+03,1.684527832031250000e+03,1.031763763427734375e+02,2.914785644531250000e+03,2.996462402343750000e+03,4.648627929687500000e+02,8.068399658203125000e+02,6.088282470703125000e+02
1.123346435546875000e+03,3.124056884765625000e+03,9.130609130859375000e+02,3.977259765625000000e+04,2.849613281250000000e+03,4.785033569335937500e+02,2.517556915283203125e+02,1.354261169433593750e+02,6.635849609375000000e+03,2.339784667968750000e+03,1.027003417968750000e+03,2.840690673828125000e+03,1.452691894531250000e+03,7.867112426757812500e+02,9.000938720703125000e+02,2.234905273437500000e+03,6.755040283203125000e+02,2.719702758789062500e+02,9.823820190429687500e+02,2.549957031250000000e+03,5.877025390625000000e+03,1.782321289062500000e+03,5.371146240234375000e+02,2.039688964843750000e+03,7.459019775390625000e+02,3.327023010253906250e+02,9.321522216796875000e+02,2.378848571777343750e+02,2.342291259765625000e+03,8.936923828125000000e+02,6.775964355468750000e+03,2.776203613281250000e+03,3.358362731933593750e+02,2.651328613281250000e+03,1.377358886718750000e+03,1.323066040039062500e+03,3.586339355468750000e+03,2.868580932617187500e+02,5.449946289062500000e+03,4.218738403320312500e+02,2.443373535156250000e+03,5.018009765625000000e+03,2.444185058593750000e+03,1.064923858642578125e+02,2.259344238281250000e+03,2.063050781250000000e+03,4.494101257324218750e+02,1.265709228515625000e+03,6.721275634765625000e+02
1.491501708984375000e+03,7.841898437500000000e+03,2.138016601562500000e+03,1.648659570312500000e+04,3.249887207031250000e+03,5.724506225585937500e+02,2.319951324462890625e+02,2.098451232910156250e+02,1.386738671875000000e+04,1.082327343750000000e+04,1.141484985351562500e+03,2.965662109375000000e+03,1.394458984375000000e+03,1.211543457031250000e+03,4.106880859375000000e+03,1.602725341796875000e+03,6.723470458984375000e+02,2.322513732910156250e+02,9.029116821289062500e+02,3.936464843750000000e+03,4.949103515625000000e+03,1.483606323242187500e+03,6.721516113281250000e+02,2.399866943359375000e+03,8.170821533203125000e+02,1.357458007812500000e+03,1.141640502929687500e+03,4.727196350097656250e+02,3.555642089843750000e+03,1.561190551757812500e+03,8.131522949218750000e+03,1.242218457031250000e+04,5.055124816894531250e+02,2.505844970703125000e+03,1.053931884765625000e+03,1.230622314453125000e+03,3.241979248046875000e+03,2.676998901367187500e+02,2.753743652343750000e+03,8.958861083984375000e+02,4.362531250000000000e+03,6.708735351562500000e+03,2.981781250000000000e+03,2.711004943847656250e+02,4.025659179687500000e+03,3.223388427734375000e+03,4.499080200195312500e+02,9.558619384765625000e+02,4.888641052246093750e+02
1.557378173828125000e+03,4.749197753906250000e+03,1.185828857421875000e+03,1.476128417968750000e+04,3.636111083984375000e+03,4.976395874023437500e+02,3.126363830566406250e+02,2.718418884277343750e+02,1.362852734375000000e+04,4.078021972656250000e+03,1.117202392578125000e+03,3.192760742187500000e+03,2.386964599609375000e+03,1.055312377929687500e+03,9.184682617187500000e+02,3.686436279296875000e+03,1.223296630859375000e+03,2.348348388671875000e+02,1.294469482421875000e+03,3.836501953125000000e+03,2.984256103515625000e+03,2.415277343750000000e+03,7.706360473632812500e+02,2.026299804687500000e+03,4.940411987304687500e+02,4.845918579101562500e+02,1.907816284179687500e+03,2.156072998046875000e+02,3.659435058593750000e+03,1.623246459960937500e+03,5.921569335937500000e+03,4.888068847656250000e+03,4.699295349121093750e+02,6.351498046875000000e+03,1.486724853515625000e+03,1.634695068359375000e+03,3.496452880859375000e+03,3.086400146484375000e+02,2.225209960937500000e+03,3.402336120605468750e+02,3.913861816406250000e+03,7.901916015625000000e+03,4.647200683593750000e+03,1.494791412353515625e+02,3.150312255859375000e+03,3.379367431640625000e+03,5.824885864257812500e+02,1.141342407226562500e+03,4.943681945800781250e+02
1.720926757812500000e+03,5.296174316406250000e+03,1.301038940429687500e+03,2.895483007812500000e+04,4.657437500000000000e+03,5.567374267578125000e+02,4.221318969726562500e+02,2.412133178710937500e+02,1.275452050781250000e+04,4.099550292968750000e+03,1.111820556640625000e+03,5.344828613281250000e+03,2.154935546875000000e+03,1.180784912109375000e+03,1.076217895507812500e+03,2.986446289062500000e+03,1.320699218750000000e+03,3.087137451171875000e+02,1.537185058593750000e+03,3.794288085937500000e+03,2.802134765625000000e+03,2.269667724609375000e+03,7.349142456054687500e+02,2.826936035156250000e+03,6.778271484375000000e+02,8.668661499023437500e+02,2.018275024414062500e+03,2.819809265136718750e+02,4.748854980468750000e+03,2.209831054687500000e+03,7.893805175781250000e+03,4.775084472656250000e+03,4.297728576660156250e+02,2.505170410156250000e+03,1.328820068359375000e+03,1.655896972656250000e+03,3.621623291015625000e+03,3.778687133789062500e+02,8.149876953125000000e+03,4.323987426757812500e+02,3.466348388671875000e+03,1.277719238281250000e+04,3.108473632812500000e+03,1.200770111083984375e+02,3.290788574218750000e+03,4.023703857421875000e+03,5.847011108398437500e+02,9.768798828125000000e+02,6.395788574218750000e+02
1.608026733398437500e+03,7.815326171875000000e+03,1.660795166015625000e+03,7.185005371093750000e+03,3.977608642578125000e+03,5.833323364257812500e+02,3.188057250976562500e+02,2.090494384765625000e+02,1.457505078125000000e+04,1.075511132812500000e+04,1.328786865234375000e+03,4.388148925781250000e+03,1.830440673828125000e+03,1.377989746093750000e+03,2.916440429687500000e+03,3.344049560546875000e+03,1.178484130859375000e+03,2.970293273925781250e+02,1.936179809570312500e+03,4.172043457031250000e+03,6.427325195312500000e+03,2.193164550781250000e+03,8.044712524414062500e+02,2.649744140625000000e+03,1.050650024414062500e+03,1.595610229492187500e+03,1.495927368164062500e+03,5.273043823242187500e+02,3.943942626953125000e+03,1.593216552734375000e+03,8.711312500000000000e+03,8.741156250000000000e+03,6.072229003906250000e+02,3.461102783203125000e+03,7.830957031250000000e+02,1.368013305664062500e+03,4.539027832031250000e+03,3.176239318847656250e+02,6.198023437500000000e+03,8.564515380859375000e+02,3.895725097656250000e+03,5.940693359375000000e+03,2.997535888671875000e+03,2.655329284667968750e+02,3.573353271484375000e+03,3.428624023437500000e+03,5.054263000488281250e+02,2.077803955078125000e+03,6.417102050781250000e+02
1.357809448242187500e+03,5.139785156250000000e+03,1.033319702148437500e+03,1.273022558593750000e+04,2.460666259765625000e+03,5.032787475585937500e+02,2.458475799560546875e+02,1.518228149414062500e+02,1.014207617187500000e+04,4.344434570312500000e+03,1.309666259765625000e+03,3.275382080078125000e+03,1.719002441406250000e+03,1.668177490234375000e+03,4.260726928710937500e+02,2.533141601562500000e+03,9.760600585937500000e+02,2.477397155761718750e+02,1.229131958007812500e+03,4.261491210937500000e+03,4.046409912109375000e+03,2.386873535156250000e+03,7.047937011718750000e+02,2.436732177734375000e+03,1.065291381835937500e+03,8.781893310546875000e+02,1.415698730468750000e+03,2.694207458496093750e+02,2.742921386718750000e+03,1.058775634765625000e+03,7.154075195312500000e+03,5.037247070312500000e+03,5.575704345703125000e+02,4.689837890625000000e+03,7.081325073242187500e+02,1.105986938476562500e+03,3.972724365234375000e+03,3.119752807617187500e+02,2.680656494140625000e+03,6.643511962890625000e+02,2.840324707031250000e+03,3.709069335937500000e+03,4.584434082031250000e+03,1.578421630859375000e+02,2.571380371093750000e+03,3.054230224609375000e+03,5.070806274414062500e+02,1.180727050781250000e+03,6.077772216796875000e+02
1.721048095703125000e+03,3.323854980468750000e+03,1.562342895507812500e+03,5.471109375000000000e+03,2.635614013671875000e+03,4.060206909179687500e+02,4.505750732421875000e+02,1.518539733886718750e+02,1.062468261718750000e+04,3.147288818359375000e+03,1.215203125000000000e+03,3.249850097656250000e+03,1.524589111328125000e+03,1.008365112304687500e+03,1.046668701171875000e+03,3.716087402343750000e+03,1.005196411132812500e+03,2.295731353759765625e+02,1.113938598632812500e+03,2.684229492187500000e+03,2.149266113281250000e+03,1.729523437500000000e+03,7.729084472656250000e+02,2.274001464843750000e+03,1.075152343750000000e+03,4.529898681640625000e+02,7.771588134765625000e+02,1.971257019042968750e+02,2.249200683593750000e+03,1.771855224609375000e+03,4.944225585937500000e+03,2.653612548828125000e+03,2.470662231445312500e+02,2.545142578125000000e+03,1.617522705078125000e+03,2.333612548828125000e+03,3.324925292968750000e+03,3.266667480468750000e+02,1.676981933593750000e+03,2.608989562988281250e+02,2.888468505859375000e+03,5.149949707031250000e+03,1.361176269531250000e+03,1.031251373291015625e+02,3.066945556640625000e+03,2.717914794921875000e+03,6.105646362304687500e+02,8.739964599609375000e+02,5.836577148437500000e+02
9.984360961914062500e+02,2.155063964843750000e+03,1.045172851562500000e+03,2.113806445312500000e+04,2.218535400390625000e+03,2.897297363281250000e+02,2.231017150878906250e+02,1.076938629150390625e+02,3.787147460937500000e+03,1.999016357421875000e+03,9.796011962890625000e+02,2.628086914062500000e+03,1.218775024414062500e+03,7.790152587890625000e+02,5.601763305664062500e+02,2.324118408203125000e+03,7.388627929687500000e+02,2.639728088378906250e+02,8.058444213867187500e+02,2.364170410156250000e+03,5.382245117187500000e+03,1.765693237304687500e+03,5.169291992187500000e+02,2.095858886718750000e+03,6.239175415039062500e+02,2.530029296875000000e+02,5.145451660156250000e+02,2.257449951171875000e+02,1.915832275390625000e+03,1.033536254882812500e+03,6.054302734375000000e+03,2.340959716796875000e+03,5.242324829101562500e+02,2.603036132812500000e+03,5.337487792968750000e+02,1.044064208984375000e+03,3.662921630859375000e+03,2.580355529785156250e+02,8.067620117187500000e+03,3.922323608398437500e+02,2.202160644531250000e+03,3.568988769531250000e+03,1.392853637695312500e+03,9.666868591308593750e+01,1.964458496093750000e+03,1.592252197265625000e+03,5.465941162109375000e+02,1.097874877929687500e+03,6.678458862304687500e+02
1.227374023437500000e+03,7.848142089843750000e+03,1.850809448242187500e+03,1.287609960937500000e+04,2.634403076171875000e+03,3.682924194335937500e+02,2.188630828857421875e+02,7.306107177734375000e+02,1.257668164062500000e+04,1.072335058593750000e+04,1.121097412109375000e+03,2.936934814453125000e+03,1.203644165039062500e+03,1.060501098632812500e+03,2.920096435546875000e+03,1.696266723632812500e+03,8.734702148437500000e+02,2.250631866455078125e+02,9.241879272460937500e+02,3.174020996093750000e+03,4.354316894531250000e+03,1.435311401367187500e+03,6.081752319335937500e+02,2.451806396484375000e+03,7.594851074218750000e+02,1.295273193359375000e+03,2.353774169921875000e+03,4.645075073242187500e+02,2.649193603515625000e+03,1.268127441406250000e+03,7.922588867187500000e+03,9.827845703125000000e+03,4.380773010253906250e+02,2.735301757812500000e+03,4.373040771484375000e+02,1.264226562500000000e+03,3.096990722656250000e+03,2.603360595703125000e+02,2.893287597656250000e+03,8.779284667968750000e+02,4.058187011718750000e+03,4.004396484375000000e+03,3.388889892578125000e+03,2.654617004394531250e+02,3.852639648437500000e+03,2.573091308593750000e+03,5.088740844726562500e+02,8.684675292968750000e+02,5.021754150390625000e+02
1.452234863281250000e+03,4.282889648437500000e+03,1.208966918945312500e+03,6.171302734375000000e+03,2.894800781250000000e+03,5.578121948242187500e+02,4.256178894042968750e+02,1.903964385986328125e+02,1.183395507812500000e+04,4.136997558593750000e+03,1.087107666015625000e+03,2.908047851562500000e+03,2.863006103515625000e+03,1.109860229492187500e+03,1.165119873046875000e+03,5.539621093750000000e+03,1.366383666992187500e+03,2.308306427001953125e+02,1.530902099609375000e+03,4.690627929687500000e+03,2.473527099609375000e+03,2.396223144531250000e+03,8.294928588867187500e+02,2.107088867187500000e+03,5.141784057617187500e+02,4.214324340820312500e+02,1.338615722656250000e+03,2.356935729980468750e+02,3.094151855468750000e+03,1.483634765625000000e+03,5.826737304687500000e+03,4.047288330078125000e+03,4.954072875976562500e+02,7.554861328125000000e+03,1.880225585937500000e+03,1.224116821289062500e+03,3.636904052734375000e+03,3.811700134277343750e+02,2.686545166015625000e+03,3.629600830078125000e+02,4.100179199218750000e+03,4.124731445312500000e+03,4.637324707031250000e+03,1.522000427246093750e+02,2.942009033203125000e+03,2.456302490234375000e+03,5.970859985351562500e+02,8.886755371093750000e+02,4.680458374023437500e+02
1.814085449218750000e+03,4.314918457031250000e+03,1.350485473632812500e+03,2.934976953125000000e+04,3.997997070312500000e+03,5.733112792968750000e+02,3.589206237792968750e+02,2.025581512451171875e+02,1.096277636718750000e+04,4.087139404296875000e+03,1.104682739257812500e+03,5.598270996093750000e+03,2.347380126953125000e+03,1.268560302734375000e+03,1.117577880859375000e+03,4.400758300781250000e+03,1.341737060546875000e+03,3.091155395507812500e+02,1.713868896484375000e+03,4.495550292968750000e+03,3.011157958984375000e+03,2.265014648437500000e+03,6.203739013671875000e+02,3.501307617187500000e+03,6.022416381835937500e+02,9.487758789062500000e+02,1.442905517578125000e+03,2.578318176269531250e+02,4.401137207031250000e+03,1.046715209960937500e+03,7.312386230468750000e+03,4.696846191406250000e+03,3.878524169921875000e+02,2.743572753906250000e+03,1.184479492187500000e+03,1.305787597656250000e+03,4.026055175781250000e+03,3.655776062011718750e+02,8.927211914062500000e+03,4.386491088867187500e+02,3.646181152343750000e+03,9.246122070312500000e+03,2.597306152343750000e+03,1.484208374023437500e+02,3.024231445312500000e+03,3.000354003906250000e+03,5.960084228515625000e+02,9.901054687500000000e+02,6.459580078125000000e+02
1.613866088867187500e+03,7.657486816406250000e+03,1.504098754882812500e+03,1.550964257812500000e+04,3.813144531250000000e+03,5.664949340820312500e+02,2.925684814453125000e+02,2.268692932128906250e+02,1.610172265625000000e+04,1.088398632812500000e+04,1.308738647460937500e+03,6.392078125000000000e+03,2.031063720703125000e+03,1.456429199218750000e+03,2.539281738281250000e+03,4.401883300781250000e+03,1.510853881835937500e+03,3.068941650390625000e+02,2.911488037109375000e+03,4.559730957031250000e+03,6.801875488281250000e+03,2.263023193359375000e+03,9.055457763671875000e+02,2.780297119140625000e+03,1.004104614257812500e+03,1.631579589843750000e+03,3.496685058593750000e+03,5.329135131835937500e+02,3.861934814453125000e+03,1.609489501953125000e+03,9.148742187500000000e+03,1.109947656250000000e+04,6.079896240234375000e+02,3.886743164062500000e+03,5.394134521484375000e+02,1.499769409179687500e+03,4.704754882812500000e+03,3.617476806640625000e+02,6.173644531250000000e+03,8.761367187500000000e+02,4.651877441406250000e+03,1.144393164062500000e+04,4.101570312500000000e+03,2.647200927734375000e+02,3.990041748046875000e+03,2.634579345703125000e+03,4.832937622070312500e+02,2.255164062500000000e+03,6.177924804687500000e+02
1.189134765625000000e+03,3.776379638671875000e+03,9.550135498046875000e+02,1.387758203125000000e+04,1.815271850585937500e+03,5.648643798828125000e+02,2.388785095214843750e+02,1.477685699462890625e+02,8.827097656250000000e+03,4.975074707031250000e+03,1.293780151367187500e+03,3.419639648437500000e+03,1.567222900390625000e+03,1.810493530273437500e+03,3.485946655273437500e+02,2.818878906250000000e+03,1.333079223632812500e+03,2.677122497558593750e+02,1.606652587890625000e+03,3.988207519531250000e+03,4.129908203125000000e+03,2.564602294921875000e+03,5.225049438476562500e+02,2.464292480468750000e+03,1.048447998046875000e+03,1.014748901367187500e+03,3.193864257812500000e+03,4.338878784179687500e+02,2.798184082031250000e+03,9.726976318359375000e+02,8.292633789062500000e+03,4.862677734375000000e+03,5.421550292968750000e+02,6.044612304687500000e+03,5.564711914062500000e+02,9.181054077148437500e+02,4.290230468750000000e+03,2.901148376464843750e+02,3.136390136718750000e+03,6.733345947265625000e+02,3.025619384765625000e+03,1.307416210937500000e+04,3.134898437500000000e+03,2.441674041748046875e+02,2.340350341796875000e+03,1.926099609375000000e+03,4.982510375976562500e+02,1.437158691406250000e+03,5.992014160156250000e+02
2.141777343750000000e+03,4.028595703125000000e+03,1.482911376953125000e+03,9.132286132812500000e+03,3.404009765625000000e+03,3.629415893554687500e+02,3.419771118164062500e+02,1.568526000976562500e+02,1.106216503906250000e+04,3.301115966796875000e+03,1.160481933593750000e+03,5.592933593750000000e+03,2.438705078125000000e+03,1.246471679687500000e+03,1.122510375976562500e+03,5.955361328125000000e+03,1.286332641601562500e+03,2.433512420654296875e+02,1.454620971679687500e+03,2.966332275390625000e+03,2.164459960937500000e+03,1.961847656250000000e+03,7.073288574218750000e+02,2.827445556640625000e+03,1.066439331054687500e+03,5.025968627929687500e+02,2.135187011718750000e+03,1.983004150390625000e+02,3.073566406250000000e+03,1.225810791015625000e+03,5.044128906250000000e+03,3.353833496093750000e+03,2.887765502929687500e+02,2.986683837890625000e+03,1.885239013671875000e+03,1.925605468750000000e+03,3.836057617187500000e+03,3.080660400390625000e+02,2.558911865234375000e+03,3.164154663085937500e+02,4.053463867187500000e+03,7.066201171875000000e+03,3.957072021484375000e+03,1.141550827026367188e+02,2.709701904296875000e+03,2.018256347656250000e+03,7.329885253906250000e+02,8.541446533203125000e+02,5.909115600585937500e+02
8.581220703125000000e+02,1.768167846679687500e+03,8.027525634765625000e+02,1.197011718750000000e+04,1.908528198242187500e+03,2.659589233398437500e+02,2.397807617187500000e+02,1.001893463134765625e+02,4.767469238281250000e+03,2.354855468750000000e+03,9.832335205078125000e+02,2.251249755859375000e+03,1.409475341796875000e+03,8.663615112304687500e+02,8.781431274414062500e+02,2.716934082031250000e+03,9.714197998046875000e+02,2.510602874755859375e+02,1.107806396484375000e+03,3.003374267578125000e+03,6.380763671875000000e+03,2.099937255859375000e+03,5.152595825195312500e+02,2.403708740234375000e+03,6.168430175781250000e+02,3.928953857421875000e+02,1.091246704101562500e+03,2.005072631835937500e+02,2.492957275390625000e+03,4.338394775390625000e+02,5.935127441406250000e+03,3.146155761718750000e+03,4.755646362304687500e+02,2.963962402343750000e+03,7.798665771484375000e+02,7.654685058593750000e+02,4.052256591796875000e+03,2.507487487792968750e+02,8.921156250000000000e+03,4.303304748535156250e+02,2.341202148437500000e+03,3.940859863281250000e+03,1.438510375976562500e+03,9.307405090332031250e+01,1.811373779296875000e+03,1.281188598632812500e+03,5.528915405273437500e+02,1.536591064453125000e+03,6.669586181640625000e+02
1.246972778320312500e+03,7.747317871093750000e+03,1.411563964843750000e+03,1.401133105468750000e+04,1.819014038085937500e+03,2.860195922851562500e+02,2.125892486572265625e+02,1.277960052490234375e+02,8.820202148437500000e+03,1.065611914062500000e+04,1.093716796875000000e+03,1.722025390625000000e+03,1.224580566406250000e+03,1.276360107421875000e+03,3.162864257812500000e+03,1.753172851562500000e+03,1.135739013671875000e+03,2.178075256347656250e+02,1.140910156250000000e+03,4.432216796875000000e+03,4.872590820312500000e+03,1.456106201171875000e+03,5.544374389648437500e+02,3.098616699218750000e+03,7.376342773437500000e+02,1.356630126953125000e+03,3.367001953125000000e+03,5.420452880859375000e+02,2.626079833984375000e+03,9.377739257812500000e+02,8.596576171875000000e+03,7.987129882812500000e+03,5.270969238281250000e+02,3.164087158203125000e+03,7.752229614257812500e+02,1.027706054687500000e+03,3.033772949218750000e+03,2.602811889648437500e+02,3.177231201171875000e+03,9.009342041015625000e+02,4.170600097656250000e+03,6.331084472656250000e+03,2.544566406250000000e+03,3.248740844726562500e+02,3.589804199218750000e+03,1.499486328125000000e+03,5.013296813964843750e+02,8.876478271484375000e+02,5.141999511718750000e+02
1.271689086914062500e+03,3.184946777343750000e+03,8.136199340820312500e+02,1.342887500000000000e+04,2.808343017578125000e+03,3.255043945312500000e+02,2.744187011718750000e+02,1.730860443115234375e+02,9.309097656250000000e+03,4.041514160156250000e+03,1.096633911132812500e+03,3.046112304687500000e+03,3.377702392578125000e+03,1.195117065429687500e+03,1.044254882812500000e+03,5.731550781250000000e+03,1.299233642578125000e+03,2.286025695800781250e+02,1.627305175781250000e+03,4.543008789062500000e+03,3.134541748046875000e+03,2.418337402343750000e+03,6.107769165039062500e+02,2.664757324218750000e+03,4.914885253906250000e+02,3.250251770019531250e+02,1.231937744140625000e+03,2.423662719726562500e+02,3.295282226562500000e+03,5.920135498046875000e+02,5.193326171875000000e+03,4.533644042968750000e+03,4.900510559082031250e+02,9.818875000000000000e+03,1.208943115234375000e+03,9.286652832031250000e+02,4.361112304687500000e+03,3.174756774902343750e+02,3.032507324218750000e+03,3.151018981933593750e+02,4.522376953125000000e+03,8.180529785156250000e+03,4.682135253906250000e+03,1.603257751464843750e+02,2.412900634765625000e+03,2.179122314453125000e+03,6.762824707031250000e+02,1.120444580078125000e+03,4.412000732421875000e+02
1.634729370117187500e+03,3.572444335937500000e+03,9.610433349609375000e+02,2.123287695312500000e+04,3.558733886718750000e+03,4.669608154296875000e+02,3.039064331054687500e+02,2.277090301513671875e+02,1.039943847656250000e+04,3.673403808593750000e+03,1.096304687500000000e+03,4.704095214843750000e+03,2.146492431640625000e+03,1.270843872070312500e+03,9.332959594726562500e+02,5.462919921875000000e+03,1.563145141601562500e+03,3.143908691406250000e+02,1.694072753906250000e+03,4.670572265625000000e+03,3.585615722656250000e+03,2.236005615234375000e+03,6.374172363281250000e+02,3.540926269531250000e+03,5.883109130859375000e+02,5.492961425781250000e+02,1.414901855468750000e+03,2.425925598144531250e+02,3.374047363281250000e+03,7.799773559570312500e+02,5.479143066406250000e+03,4.221750000000000000e+03,3.654315795898437500e+02,2.855153564453125000e+03,5.258379516601562500e+02,1.982509155273437500e+03,4.363687500000000000e+03,3.247965698242187500e+02,2.795696777343750000e+03,3.743474731445312500e+02,4.673049804687500000e+03,4.553603027343750000e+03,3.158656738281250000e+03,1.385919342041015625e+02,2.880486083984375000e+03,2.254877197265625000e+03,6.483093261718750000e+02,9.791329345703125000e+02,6.333820800781250000e+02
2.523846679687500000e+03,6.956732421875000000e+03,8.761704101562500000e+02,1.469185449218750000e+04,3.587584960937500000e+03,6.601651000976562500e+02,2.829895019531250000e+02,2.075012359619140625e+02,1.640924414062500000e+04,1.093541894531250000e+04,1.269115234375000000e+03,5.912724609375000000e+03,1.817776123046875000e+03,1.225207885742187500e+03,1.925957763671875000e+03,4.384078125000000000e+03,1.393728637695312500e+03,2.973954467773437500e+02,2.729241210937500000e+03,4.484783203125000000e+03,6.943553710937500000e+03,2.214036132812500000e+03,1.148709228515625000e+03,2.762646728515625000e+03,9.320238037109375000e+02,8.305784912109375000e+02,3.114219238281250000e+03,5.313969726562500000e+02,3.634319091796875000e+03,1.506887695312500000e+03,1.014910156250000000e+04,1.420799804687500000e+04,5.585510253906250000e+02,4.166173828125000000e+03,5.457293701171875000e+02,1.196403930664062500e+03,4.929573730468750000e+03,3.470852661132812500e+02,5.533781250000000000e+03,4.988305053710937500e+02,5.343952148437500000e+03,9.462371093750000000e+03,4.051674316406250000e+03,2.719344177246093750e+02,4.249138671875000000e+03,2.275159179687500000e+03,5.074528198242187500e+02,2.292962402343750000e+03,6.043542480468750000e+02
3.017019287109375000e+03,3.493500732421875000e+03,8.501920166015625000e+02,1.289501757812500000e+04,1.718844238281250000e+03,3.848510742187500000e+02,2.328926849365234375e+02,1.371707153320312500e+02,7.488673339843750000e+03,3.910718261718750000e+03,1.233386230468750000e+03,2.348719238281250000e+03,1.441947265625000000e+03,1.489843505859375000e+03,1.047308227539062500e+03,2.885764160156250000e+03,8.409736328125000000e+02,2.428688049316406250e+02,1.247056274414062500e+03,3.787739013671875000e+03,4.186755371093750000e+03,2.378810791015625000e+03,8.705735473632812500e+02,2.542752197265625000e+03,9.820821533203125000e+02,4.472299804687500000e+02,1.140814331054687500e+03,2.583205261230468750e+02,2.694280273437500000e+03,4.235267639160156250e+02,6.363897460937500000e+03,4.993755859375000000e+03,5.336558837890625000e+02,5.960187011718750000e+03,1.307973754882812500e+03,7.606648559570312500e+02,4.185798339843750000e+03,2.922692260742187500e+02,1.029317382812500000e+03,5.491486816406250000e+02,3.036920410156250000e+03,7.929339843750000000e+03,2.913142578125000000e+03,1.441027832031250000e+02,2.225579833984375000e+03,1.814518432617187500e+03,4.891975708007812500e+02,1.299149414062500000e+03,5.568420410156250000e+02
2.215083496093750000e+03,3.320005371093750000e+03,8.059854736328125000e+02,8.380269531250000000e+03,1.974031372070312500e+03,3.688817138671875000e+02,2.705247192382812500e+02,1.252901229858398438e+02,7.512862304687500000e+03,3.139878662109375000e+03,1.138559326171875000e+03,2.651807128906250000e+03,1.618117797851562500e+03,9.720757446289062500e+02,6.015140991210937500e+02,5.922798339843750000e+03,1.316716064453125000e+03,2.236322479248046875e+02,1.099097900390625000e+03,2.657609375000000000e+03,2.113936035156250000e+03,1.808100097656250000e+03,6.325168457031250000e+02,2.240295166015625000e+03,1.047265380859375000e+03,1.381628112792968750e+02,6.830294189453125000e+02,1.863632812500000000e+02,2.442743164062500000e+03,9.497528076171875000e+02,1.210696679687500000e+04,3.804247314453125000e+03,2.911471252441406250e+02,2.923575683593750000e+03,7.791171264648437500e+02,1.292835449218750000e+03,3.982284179687500000e+03,2.637988586425781250e+02,1.396968261718750000e+03,2.559858245849609375e+02,4.265611816406250000e+03,4.405033691406250000e+03,2.835334472656250000e+03,9.993734741210937500e+01,2.591712158203125000e+03,2.394113037109375000e+03,7.117021484375000000e+02,1.167720458984375000e+03,5.485904541015625000e+02
8.272841796875000000e+02,1.612356201171875000e+03,9.808217773437500000e+02,7.580845214843750000e+03,1.535750366210937500e+03,5.513937377929687500e+02,2.284298400878906250e+02,8.855458068847656250e+01,4.078455078125000000e+03,2.947922607421875000e+03,9.698112182617187500e+02,1.823880126953125000e+03,1.305064086914062500e+03,6.589136962890625000e+02,3.104204711914062500e+02,2.807938476562500000e+03,1.217991821289062500e+03,2.928039245605468750e+02,1.102028808593750000e+03,3.237822265625000000e+03,6.365172851562500000e+03,1.802806640625000000e+03,6.413920288085937500e+02,2.252058105468750000e+03,5.900010986328125000e+02,1.475914001464843750e+02,5.810820312500000000e+02,2.382322998046875000e+02,2.574750488281250000e+03,2.930900573730468750e+02,5.292201660156250000e+03,2.655297851562500000e+03,3.359428710937500000e+02,2.885036376953125000e+03,4.296419677734375000e+02,8.287005004882812500e+02,3.311172851562500000e+03,2.492091369628906250e+02,1.522525268554687500e+03,3.913479003906250000e+02,2.768101806640625000e+03,3.782961425781250000e+03,1.227271850585937500e+03,1.067918853759765625e+02,1.941506225585937500e+03,1.077261718750000000e+03,6.055341796875000000e+02,1.486683837890625000e+03,6.661268310546875000e+02
1.590846069335937500e+03,7.713682617187500000e+03,8.159417724609375000e+02,1.349199902343750000e+04,1.552407226562500000e+03,3.095216064453125000e+02,2.132505493164062500e+02,1.235475769042968750e+02,7.785664062500000000e+03,1.063944433593750000e+04,1.042110107421875000e+03,2.281365966796875000e+03,1.150762939453125000e+03,1.680430175781250000e+03,9.898201293945312500e+02,1.835286743164062500e+03,7.946334228515625000e+02,2.476130523681640625e+02,1.190907226562500000e+03,3.964309570312500000e+03,4.936742675781250000e+03,1.533039672851562500e+03,5.212454833984375000e+02,2.155855224609375000e+03,6.947600708007812500e+02,1.214701293945312500e+03,1.167534301757812500e+03,3.929362182617187500e+02,2.779121093750000000e+03,1.030580810546875000e+03,8.596509765625000000e+03,1.253393945312500000e+04,3.629141235351562500e+02,3.232811523437500000e+03,5.573001708984375000e+02,8.174849853515625000e+02,4.664596191406250000e+03,2.571967163085937500e+02,3.598854736328125000e+03,8.371687011718750000e+02,3.841958984375000000e+03,6.846646484375000000e+03,2.620995117187500000e+03,2.355243835449218750e+02,3.709644531250000000e+03,1.327016113281250000e+03,4.992905273437500000e+02,9.803248291015625000e+02,5.256302490234375000e+02
6.156072265625000000e+03,2.758617675781250000e+03,8.279623413085937500e+02,1.232448046875000000e+04,2.327805908203125000e+03,3.115495605468750000e+02,2.581862182617187500e+02,2.226656799316406250e+02,8.970623046875000000e+03,4.006363281250000000e+03,9.813847656250000000e+02,2.000288574218750000e+03,2.873225585937500000e+03,1.099569335937500000e+03,1.027158935546875000e+03,5.608768554687500000e+03,1.167974731445312500e+03,2.480064239501953125e+02,1.294393554687500000e+03,4.244605468750000000e+03,2.858813476562500000e+03,2.303092041015625000e+03,1.712451904296875000e+03,2.178427490234375000e+03,4.786150207519531250e+02,3.378345642089843750e+02,1.090517822265625000e+03,2.199151000976562500e+02,2.997676025390625000e+03,6.194069213867187500e+02,4.866710937500000000e+03,4.772987792968750000e+03,3.536362915039062500e+02,9.331505859375000000e+03,1.283320312500000000e+03,6.992752685546875000e+02,3.733910156250000000e+03,3.164000244140625000e+02,6.821675781250000000e+03,2.875690307617187500e+02,5.431616210937500000e+03,6.849044921875000000e+03,4.656437988281250000e+03,1.318432922363281250e+02,2.211905761718750000e+03,1.383823608398437500e+03,5.929345703125000000e+02,9.714871826171875000e+02,4.101370239257812500e+02
2.893111816406250000e+03,3.171169921875000000e+03,9.529507446289062500e+02,1.160837988281250000e+04,3.184960937500000000e+03,7.312097167968750000e+02,2.627232666015625000e+02,1.627429199218750000e+02,9.703791992187500000e+03,3.785793701171875000e+03,1.082203979492187500e+03,3.299311035156250000e+03,1.819150634765625000e+03,1.157576049804687500e+03,8.828693847656250000e+02,5.384068847656250000e+03,1.463373901367187500e+03,2.810619812011718750e+02,1.301537719726562500e+03,4.155690429687500000e+03,2.797343261718750000e+03,2.267563964843750000e+03,8.987677612304687500e+02,2.749782958984375000e+03,5.816803588867187500e+02,4.787658996582031250e+02,1.040868896484375000e+03,2.472466125488281250e+02,2.799487792968750000e+03,9.504526367187500000e+02,5.217155273437500000e+03,4.009547363281250000e+03,6.295091552734375000e+02,2.663574707031250000e+03,6.316798706054687500e+02,1.046624023437500000e+03,3.679156738281250000e+03,3.089692077636718750e+02,2.646098876953125000e+03,5.443271484375000000e+02,4.869854003906250000e+03,4.366770996093750000e+03,2.557691406250000000e+03,1.335153808593750000e+02,2.745326416015625000e+03,1.809258056640625000e+03,7.143815917968750000e+02,9.908559570312500000e+02,6.547206420898437500e+02
3.176596679687500000e+03,6.156541015625000000e+03,1.261796508789062500e+03,1.420947851562500000e+04,3.121252685546875000e+03,4.391395874023437500e+02,2.594563293457031250e+02,1.742775268554687500e+02,1.589633203125000000e+04,1.089255273437500000e+04,1.202255981445312500e+03,4.942134277343750000e+03,1.716975341796875000e+03,1.475822509765625000e+03,2.058398925781250000e+03,3.834112304687500000e+03,1.355839599609375000e+03,2.617134704589843750e+02,1.779103271484375000e+03,4.249101074218750000e+03,6.789113281250000000e+03,2.197541259765625000e+03,1.472609008789062500e+03,2.688088867187500000e+03,8.563619384765625000e+02,1.632162597656250000e+03,1.129215942382812500e+03,5.612873535156250000e+02,3.198802734375000000e+03,1.424978271484375000e+03,9.507687500000000000e+03,1.193513769531250000e+04,5.965114746093750000e+02,3.821024658203125000e+03,6.178518676757812500e+02,8.684318237304687500e+02,4.927448730468750000e+03,3.068582458496093750e+02,4.304792968750000000e+03,8.815860595703125000e+02,5.315231445312500000e+03,8.348039062500000000e+03,3.376145263671875000e+03,3.457408752441406250e+02,3.969078857421875000e+03,2.670655517578125000e+03,5.398639526367187500e+02,2.255344482421875000e+03,5.809556884765625000e+02
4.847952148437500000e+03,3.432096435546875000e+03,8.000864257812500000e+02,1.215454785156250000e+04,1.616788574218750000e+03,3.700291137695312500e+02,2.264090423583984375e+02,1.318643493652343750e+02,8.704224609375000000e+03,4.012429687500000000e+03,1.202768310546875000e+03,2.557271484375000000e+03,1.461112792968750000e+03,2.082883300781250000e+03,4.238814697265625000e+02,2.828737792968750000e+03,8.441131591796875000e+02,2.214536437988281250e+02,9.791998901367187500e+02,3.917666015625000000e+03,4.058496582031250000e+03,2.655053710937500000e+03,1.458540161132812500e+03,2.272320312500000000e+03,9.092484130859375000e+02,1.199608764648437500e+03,7.722919921875000000e+02,3.832707519531250000e+02,2.782481689453125000e+03,4.509258728027343750e+02,6.780232910156250000e+03,4.833323730468750000e+03,5.737485351562500000e+02,5.844077148437500000e+03,5.912610473632812500e+02,6.667100219726562500e+02,3.599241210937500000e+03,2.770444335937500000e+02,2.989969970703125000e+03,5.589112548828125000e+02,4.336890136718750000e+03,5.776053222656250000e+03,3.255488769531250000e+03,2.469024505615234375e+02,2.142017822265625000e+03,1.608872070312500000e+03,5.122220458984375000e+02,1.413870361328125000e+03,5.384360351562500000e+02
3.317554443359375000e+03,2.386823486328125000e+03,8.465493164062500000e+02,7.907796875000000000e+03,1.632332275390625000e+03,3.882864990234375000e+02,2.801224365234375000e+02,7.368487548828125000e+01,8.244954101562500000e+03,3.108636474609375000e+03,1.113080932617187500e+03,1.884915283203125000e+03,1.535300537109375000e+03,9.467179565429687500e+02,1.023258117675781250e+03,5.922336914062500000e+03,1.274929809570312500e+03,2.206344299316406250e+02,8.880491943359375000e+02,2.517568847656250000e+03,2.037706787109375000e+03,1.774179931640625000e+03,8.014503173828125000e+02,1.982491577148437500e+03,9.375213623046875000e+02,5.886225585937500000e+02,4.969766235351562500e+02,2.141026611328125000e+02,2.061986328125000000e+03,6.514641113281250000e+02,4.416534179687500000e+03,2.561903808593750000e+03,3.673668518066406250e+02,2.736013183593750000e+03,1.486872314453125000e+03,7.834649658203125000e+02,3.306040527343750000e+03,2.676859130859375000e+02,2.135306152343750000e+03,5.710573730468750000e+02,3.682927734375000000e+03,4.384785156250000000e+03,2.013903320312500000e+03,1.333303070068359375e+02,2.278579345703125000e+03,1.115151977539062500e+03,6.213148193359375000e+02,8.430753173828125000e+02,4.998894653320312500e+02
7.684837646484375000e+02,1.337545776367187500e+03,8.542768554687500000e+02,6.543524414062500000e+03,1.597154296875000000e+03,3.854612426757812500e+02,2.273405303955078125e+02,8.979188537597656250e+01,3.815940429687500000e+03,2.224330078125000000e+03,8.187266235351562500e+02,1.417251220703125000e+03,1.291860229492187500e+03,9.015613403320312500e+02,7.247332763671875000e+02,2.800611328125000000e+03,8.832214355468750000e+02,2.693374633789062500e+02,8.980601806640625000e+02,2.747704589843750000e+03,5.630026855468750000e+03,1.932403198242187500e+03,6.298604125976562500e+02,2.069970703125000000e+03,5.919144287109375000e+02,4.890758056640625000e+02,4.392053222656250000e+02,2.256436462402343750e+02,2.163810546875000000e+03,2.809110717773437500e+02,5.454405761718750000e+03,2.391173828125000000e+03,3.602151489257812500e+02,2.890039062500000000e+03,6.972860107421875000e+02,7.776637573242187500e+02,3.795846191406250000e+03,2.418614501953125000e+02,6.993648437500000000e+03,5.481354980468750000e+02,2.260440429687500000e+03,4.013457519531250000e+03,1.151444335937500000e+03,1.092129364013671875e+02,1.707712280273437500e+03,1.227793457031250000e+03,5.670192871093750000e+02,1.117781127929687500e+03,6.645517578125000000e+02
1.625843383789062500e+03,7.659705566406250000e+03,1.262436767578125000e+03,1.295827050781250000e+04,1.423493164062500000e+03,3.110274658203125000e+02,2.142196655273437500e+02,1.421327514648437500e+02,7.359487304687500000e+03,1.054535156250000000e+04,8.970351562500000000e+02,1.243535644531250000e+03,1.333071289062500000e+03,1.163939697265625000e+03,2.519863281250000000e+03,1.934361694335937500e+03,1.032625732421875000e+03,2.291772460937500000e+02,7.812192993164062500e+02,3.837248291015625000e+03,5.155501953125000000e+03,1.510269287109375000e+03,6.059785156250000000e+02,2.150075439453125000e+03,6.398614501953125000e+02,1.363713745117187500e+03,6.146533203125000000e+02,5.522970581054687500e+02,2.808872558593750000e+03,9.347332153320312500e+02,8.721996093750000000e+03,7.270692382812500000e+03,5.355971069335937500e+02,2.802999511718750000e+03,6.093862915039062500e+02,7.235479736328125000e+02,3.081509765625000000e+03,2.619720153808593750e+02,3.176694824218750000e+03,9.059715576171875000e+02,4.255087890625000000e+03,5.982125000000000000e+03,2.077140136718750000e+03,4.916404418945312500e+02,3.481126953125000000e+03,1.762080688476562500e+03,5.223934326171875000e+02,1.050560668945312500e+03,4.981927795410156250e+02
6.190666015625000000e+03,2.494597167968750000e+03,8.501208496093750000e+02,1.181086621093750000e+04,1.686767089843750000e+03,3.048162231445312500e+02,2.653809814453125000e+02,1.376502990722656250e+02,7.314349609375000000e+03,3.951860351562500000e+03,8.518023681640625000e+02,4.370821777343750000e+03,3.475175292968750000e+03,1.239138793945312500e+03,8.821156616210937500e+02,5.849313476562500000e+03,1.016588134765625000e+03,2.299770812988281250e+02,9.674396972656250000e+02,4.156920410156250000e+03,2.965519531250000000e+03,2.389504150390625000e+03,1.640886718750000000e+03,2.414611083984375000e+03,4.833024902343750000e+02,3.032647094726562500e+02,7.214996337890625000e+02,2.707386474609375000e+02,2.670929687500000000e+03,4.664004211425781250e+02,6.675886718750000000e+03,3.943144531250000000e+03,5.035414428710937500e+02,8.656301757812500000e+03,1.134932983398437500e+03,6.516979980468750000e+02,3.378376708984375000e+03,2.949020996093750000e+02,2.308003906250000000e+03,3.836320800781250000e+02,5.235117675781250000e+03,5.666416503906250000e+03,4.353639648437500000e+03,2.155954437255859375e+02,2.112855712890625000e+03,1.711404663085937500e+03,5.719764404296875000e+02,1.466419433593750000e+03,3.668978271484375000e+02
2.910292480468750000e+03,2.880436035156250000e+03,9.256610717773437500e+02,8.742691406250000000e+03,2.818476318359375000e+03,4.388226928710937500e+02,2.929256591796875000e+02,3.301813354492187500e+02,8.121153320312500000e+03,3.849785156250000000e+03,1.072256835937500000e+03,5.466266601562500000e+03,2.074853027343750000e+03,1.217698730468750000e+03,9.525544433593750000e+02,4.946128906250000000e+03,1.543465942382812500e+03,3.020885009765625000e+02,1.201091430664062500e+03,3.968532226562500000e+03,2.969429199218750000e+03,2.299150146484375000e+03,8.536606445312500000e+02,2.843075195312500000e+03,5.932972412109375000e+02,6.448666992187500000e+02,8.868791503906250000e+02,2.922620544433593750e+02,2.971883300781250000e+03,6.153068847656250000e+02,7.877128906250000000e+03,3.809859375000000000e+03,4.404039916992187500e+02,2.587856933593750000e+03,6.378943481445312500e+02,1.021447998046875000e+03,3.508947753906250000e+03,3.235936279296875000e+02,8.210423828125000000e+03,5.638538818359375000e+02,3.546714111328125000e+03,4.598027343750000000e+03,2.354318359375000000e+03,1.871611328125000000e+02,2.421712158203125000e+03,2.533124511718750000e+03,5.495089111328125000e+02,1.167726440429687500e+03,6.626252441406250000e+02
3.084033203125000000e+03,4.970650878906250000e+03,1.182431762695312500e+03,1.356948242187500000e+04,2.339029785156250000e+03,4.007086181640625000e+02,2.561469726562500000e+02,1.926242828369140625e+02,1.430119921875000000e+04,1.087633593750000000e+04,1.227683105468750000e+03,4.998945312500000000e+03,1.864336425781250000e+03,1.357604492187500000e+03,3.382714843750000000e+02,3.563660888671875000e+03,1.141262451171875000e+03,2.843261413574218750e+02,1.435394653320312500e+03,4.047615722656250000e+03,6.953451171875000000e+03,2.230282958984375000e+03,1.363698486328125000e+03,2.284079833984375000e+03,9.826835937500000000e+02,1.394653076171875000e+03,7.940610351562500000e+02,5.579090576171875000e+02,2.976919433593750000e+03,1.297478515625000000e+03,9.075418945312500000e+03,7.963297851562500000e+03,6.116924438476562500e+02,3.677529296875000000e+03,6.209068603515625000e+02,7.305800781250000000e+02,4.443402832031250000e+03,2.653090209960937500e+02,5.834738769531250000e+03,6.927733154296875000e+02,4.741692382812500000e+03,8.514421875000000000e+03,2.339580810546875000e+03,3.122088928222656250e+02,3.379266113281250000e+03,1.942043334960937500e+03,5.088771667480468750e+02,2.305458251953125000e+03,4.411476440429687500e+02
4.672417480468750000e+03,3.271126708984375000e+03,7.646132812500000000e+02,1.166446875000000000e+04,1.459428222656250000e+03,3.366494750976562500e+02,2.227126922607421875e+02,8.914543151855468750e+01,7.990465332031250000e+03,3.981176513671875000e+03,1.045326904296875000e+03,1.923633056640625000e+03,1.222527099609375000e+03,1.602743652343750000e+03,8.259437255859375000e+02,2.717194580078125000e+03,5.804805908203125000e+02,2.334194183349609375e+02,7.374840698242187500e+02,3.597296142578125000e+03,3.955501953125000000e+03,2.436197753906250000e+03,1.349588012695312500e+03,1.482291015625000000e+03,9.267277832031250000e+02,5.422576904296875000e+02,5.824295043945312500e+02,3.655460815429687500e+02,2.717631347656250000e+03,4.032450866699218750e+02,6.367663085937500000e+03,4.216617187500000000e+03,5.471529541015625000e+02,5.147064453125000000e+03,1.281610595703125000e+03,6.915245361328125000e+02,3.755883300781250000e+03,2.872018737792968750e+02,2.300211181640625000e+03,5.579971313476562500e+02,3.531921386718750000e+03,7.676815429687500000e+03,3.287884521484375000e+03,2.172352294921875000e+02,1.900264892578125000e+03,1.523274536132812500e+03,5.018798522949218750e+02,1.351132690429687500e+03,5.782663574218750000e+02
3.199955566406250000e+03,1.901011230468750000e+03,7.615687255859375000e+02,8.077753417968750000e+03,1.386953125000000000e+03,3.289195556640625000e+02,2.862965698242187500e+02,3.903578186035156250e+01,6.476994140625000000e+03,3.005649902343750000e+03,1.155907958984375000e+03,1.601451904296875000e+03,1.432332153320312500e+03,7.856994018554687500e+02,5.679628295898437500e+02,5.910304687500000000e+03,1.194070556640625000e+03,2.257919769287109375e+02,7.562265625000000000e+02,2.322182128906250000e+03,1.775831542968750000e+03,1.745213745117187500e+03,8.042047119140625000e+02,1.808668701171875000e+03,1.043093627929687500e+03,1.498213500976562500e+02,4.009445190429687500e+02,1.779529724121093750e+02,2.073798095703125000e+03,4.224828186035156250e+02,4.965491210937500000e+03,2.244904296875000000e+03,3.327165832519531250e+02,2.596155029296875000e+03,1.247754150390625000e+03,8.940417480468750000e+02,3.187593750000000000e+03,2.538502502441406250e+02,1.491229370117187500e+03,2.879210510253906250e+02,3.757982421875000000e+03,4.076105957031250000e+03,9.726198730468750000e+02,9.298965454101562500e+01,2.055372558593750000e+03,1.274972167968750000e+03,5.640447387695312500e+02,8.125202636718750000e+02,5.365567626953125000e+02
7.453507080078125000e+02,1.320468261718750000e+03,9.251121215820312500e+02,6.650310058593750000e+03,1.404578735351562500e+03,3.692220458984375000e+02,2.235134735107421875e+02,1.216721038818359375e+02,4.058784179687500000e+03,2.389716552734375000e+03,8.342104492187500000e+02,2.501885009765625000e+03,1.380025878906250000e+03,1.017597045898437500e+03,4.453352050781250000e+02,2.798465332031250000e+03,1.150224853515625000e+03,2.757282104492187500e+02,8.842553100585937500e+02,2.902135498046875000e+03,6.212323242187500000e+03,1.923295776367187500e+03,6.210679931640625000e+02,2.354172119140625000e+03,5.707502441406250000e+02,2.719354248046875000e+02,4.034048461914062500e+02,2.183101196289062500e+02,2.152618164062500000e+03,2.478043212890625000e+02,5.423434570312500000e+03,2.418975097656250000e+03,4.030994262695312500e+02,2.898690673828125000e+03,5.034907836914062500e+02,7.475411376953125000e+02,3.371004882812500000e+03,2.523593139648437500e+02,7.472296875000000000e+03,4.829015502929687500e+02,2.532890625000000000e+03,3.820398925781250000e+03,1.124683837890625000e+03,9.557575988769531250e+01,1.747840942382812500e+03,1.096682373046875000e+03,5.385473632812500000e+02,1.145701782226562500e+03,6.619798583984375000e+02
1.153399414062500000e+03,7.589145996093750000e+03,8.873729248046875000e+02,1.223283398437500000e+04,1.115606689453125000e+03,3.018021240234375000e+02,2.112519073486328125e+02,9.079359436035156250e+01,5.900461425781250000e+03,1.039300488281250000e+04,1.243354248046875000e+03,1.703966064453125000e+03,1.237493408203125000e+03,1.133123046875000000e+03,1.119055175781250000e+02,1.847923828125000000e+03,6.124632568359375000e+02,2.254667053222656250e+02,7.276779785156250000e+02,3.220266845703125000e+03,5.602573242187500000e+03,1.445140747070312500e+03,5.188894042968750000e+02,1.761147460937500000e+03,6.441822509765625000e+02,9.784674072265625000e+02,4.511309204101562500e+02,4.982143859863281250e+02,2.754599121093750000e+03,7.185015258789062500e+02,7.551346679687500000e+03,5.904875976562500000e+03,4.267463989257812500e+02,2.694847167968750000e+03,3.984783935546875000e+02,7.012320556640625000e+02,3.283732177734375000e+03,2.462375183105468750e+02,2.958509765625000000e+03,8.814749755859375000e+02,3.171818359375000000e+03,5.770327148437500000e+03,1.784380371093750000e+03,2.785246582031250000e+02,2.931491943359375000e+03,1.376299438476562500e+03,5.345714111328125000e+02,1.064203613281250000e+03,2.577913818359375000e+02
6.396087890625000000e+03,1.976640380859375000e+03,8.000762939453125000e+02,1.115251171875000000e+04,1.585255126953125000e+03,3.118848876953125000e+02,2.722321472167968750e+02,1.250151290893554688e+02,7.008895507812500000e+03,3.922120849609375000e+03,8.387856445312500000e+02,4.077234863281250000e+03,3.232260498046875000e+03,1.157108642578125000e+03,1.008528381347656250e+03,5.668811523437500000e+03,8.721868286132812500e+02,2.336440582275390625e+02,9.308088378906250000e+02,4.061582031250000000e+03,3.826208984375000000e+03,2.344173339843750000e+03,1.917196777343750000e+03,2.252084960937500000e+03,4.821192321777343750e+02,3.528193359375000000e+02,5.735561523437500000e+02,2.674216613769531250e+02,2.508720214843750000e+03,4.730562438964843750e+02,6.335265625000000000e+03,3.501428955078125000e+03,4.844390869140625000e+02,6.835713867187500000e+03,1.544472656250000000e+03,6.088402709960937500e+02,3.327610107421875000e+03,3.021674499511718750e+02,2.199453125000000000e+03,3.696245422363281250e+02,4.729482421875000000e+03,7.958703125000000000e+03,4.017318359375000000e+03,1.794060821533203125e+02,2.088656738281250000e+03,1.329412231445312500e+03,6.060529785156250000e+02,1.657565917968750000e+03,3.293902893066406250e+02
1.783470092773437500e+03,2.596417724609375000e+03,1.010039489746093750e+03,7.481307617187500000e+03,2.196171142578125000e+03,3.464341430664062500e+02,2.663059692382812500e+02,2.454181060791015625e+02,7.528875000000000000e+03,3.831132080078125000e+03,1.083152832031250000e+03,3.611045166015625000e+03,1.891237792968750000e+03,1.060891235351562500e+03,8.410060424804687500e+02,4.732737792968750000e+03,1.700943847656250000e+03,3.201889038085937500e+02,1.152599121093750000e+03,3.916102539062500000e+03,3.154911376953125000e+03,2.221173828125000000e+03,7.691538085937500000e+02,2.394857666015625000e+03,7.885091552734375000e+02,4.859880065917968750e+02,6.080263671875000000e+02,2.723834838867187500e+02,2.662837646484375000e+03,6.511118164062500000e+02,6.650283691406250000e+03,3.270040527343750000e+03,4.049917602539062500e+02,2.450382568359375000e+03,7.856867065429687500e+02,7.779429931640625000e+02,3.424714599609375000e+03,2.879578857421875000e+02,7.209704101562500000e+03,4.727060546875000000e+02,3.127253173828125000e+03,4.822781250000000000e+03,1.911063964843750000e+03,1.623577880859375000e+02,2.348807861328125000e+03,1.588890625000000000e+03,6.067141723632812500e+02,9.381818847656250000e+02,5.856587524414062500e+02
1.884953613281250000e+03,4.737666992187500000e+03,1.066201049804687500e+03,1.316183984375000000e+04,1.964240356445312500e+03,4.474963989257812500e+02,2.503346099853515625e+02,1.653206787109375000e+02,1.035660449218750000e+04,1.077283886718750000e+04,1.214743530273437500e+03,3.134451660156250000e+03,1.650913574218750000e+03,1.360458618164062500e+03,4.103287963867187500e+02,3.705187011718750000e+03,1.322107910156250000e+03,2.683074951171875000e+02,2.052331298828125000e+03,4.043282226562500000e+03,6.889302246093750000e+03,2.176129150390625000e+03,1.187151245117187500e+03,2.031534423828125000e+03,9.084351806640625000e+02,1.422864013671875000e+03,6.945576171875000000e+02,5.582727661132812500e+02,3.027224365234375000e+03,8.727235717773437500e+02,9.563578125000000000e+03,6.289047851562500000e+03,6.101647338867187500e+02,3.315585937500000000e+03,7.215612182617187500e+02,7.046790161132812500e+02,5.817638671875000000e+03,2.505187683105468750e+02,5.622939453125000000e+03,7.992841796875000000e+02,4.687434570312500000e+03,7.870163085937500000e+03,1.689667724609375000e+03,3.154141540527343750e+02,3.016625732421875000e+03,1.685504272460937500e+03,4.906003112792968750e+02,2.287664550781250000e+03,4.848066406250000000e+02
1.824915283203125000e+03,2.798003662109375000e+03,7.735926513671875000e+02,1.106600585937500000e+04,1.425984741210937500e+03,3.763431396484375000e+02,2.302926635742187500e+02,9.092222595214843750e+01,5.398744140625000000e+03,3.957619140625000000e+03,1.047952148437500000e+03,2.145856689453125000e+03,1.339218261718750000e+03,1.462863281250000000e+03,4.566637573242187500e+02,2.678087402343750000e+03,6.784000244140625000e+02,2.278078308105468750e+02,1.058701904296875000e+03,3.541915039062500000e+03,4.007151367187500000e+03,2.422072753906250000e+03,7.666192016601562500e+02,1.754486450195312500e+03,8.809810791015625000e+02,1.059167968750000000e+03,6.081414794921875000e+02,4.552512207031250000e+02,2.516722167968750000e+03,3.262300720214843750e+02,7.826342773437500000e+03,3.895290771484375000e+03,6.087232666015625000e+02,4.645110351562500000e+03,7.776364746093750000e+02,6.382608032226562500e+02,4.715205566406250000e+03,3.194595031738281250e+02,2.265258300781250000e+03,4.856893920898437500e+02,2.960069335937500000e+03,5.585952636718750000e+03,2.678087890625000000e+03,2.708914489746093750e+02,1.792140502929687500e+03,1.326502807617187500e+03,4.837950439453125000e+02,1.286116210937500000e+03,5.254952392578125000e+02
2.995396972656250000e+03,2.228700195312500000e+03,8.146788330078125000e+02,8.000947265625000000e+03,1.533517089843750000e+03,3.203590087890625000e+02,2.429675292968750000e+02,4.908012390136718750e+01,6.849320312500000000e+03,2.688609375000000000e+03,1.127608276367187500e+03,2.470499511718750000e+03,1.495504760742187500e+03,8.524762573242187500e+02,8.970739746093750000e+02,5.836378906250000000e+03,1.286587890625000000e+03,2.239454803466796875e+02,8.875861816406250000e+02,2.583133789062500000e+03,2.086959716796875000e+03,1.899760498046875000e+03,7.218000488281250000e+02,1.961153808593750000e+03,1.026235473632812500e+03,4.931967773437500000e+02,4.083101806640625000e+02,2.019609069824218750e+02,2.055397705078125000e+03,6.193876342773437500e+02,4.034562988281250000e+03,2.221598632812500000e+03,4.230362548828125000e+02,2.619461425781250000e+03,1.118126464843750000e+03,8.017832031250000000e+02,4.542119628906250000e+03,2.317618103027343750e+02,1.378239624023437500e+03,5.929271240234375000e+02,3.237740478515625000e+03,4.183972656250000000e+03,7.661411743164062500e+02,1.239357757568359375e+02,2.215339355468750000e+03,1.142595825195312500e+03,7.905479125976562500e+02,9.698718261718750000e+02,4.770650024414062500e+02
1.101721923828125000e+03,1.334258178710937500e+03,9.100313720703125000e+02,6.281613281250000000e+03,1.356458984375000000e+03,3.020393066406250000e+02,2.163934631347656250e+02,1.165185012817382812e+02,3.690399902343750000e+03,2.101815429687500000e+03,7.687257690429687500e+02,2.063273681640625000e+03,1.303897094726562500e+03,7.124533081054687500e+02,6.332918701171875000e+02,2.653885742187500000e+03,1.695803466796875000e+03,2.823704223632812500e+02,7.342670288085937500e+02,3.121841796875000000e+03,6.228969238281250000e+03,2.174028076171875000e+03,9.607838745117187500e+02,1.909379028320312500e+03,5.571092529296875000e+02,3.292525939941406250e+02,3.991365966796875000e+02,2.105297546386718750e+02,2.157892578125000000e+03,3.435437011718750000e+02,4.238482421875000000e+03,2.049142333984375000e+03,6.543047485351562500e+02,2.795180664062500000e+03,5.539847412109375000e+02,5.852744140625000000e+02,3.528345703125000000e+03,2.671559448242187500e+02,5.698989257812500000e+03,6.155658569335937500e+02,2.638459960937500000e+03,3.940309082031250000e+03,8.424464111328125000e+02,9.733178710937500000e+01,1.696421386718750000e+03,8.910841064453125000e+02,5.625540771484375000e+02,1.668294189453125000e+03,6.068750000000000000e+02
1.767702148437500000e+03,7.382239257812500000e+03,8.866125488281250000e+02,1.208804980468750000e+04,1.233953735351562500e+03,3.288128662109375000e+02,2.122361755371093750e+02,9.466328430175781250e+01,5.797608398437500000e+03,9.825687500000000000e+03,9.065599365234375000e+02,1.752158691406250000e+03,1.173395385742187500e+03,1.144579223632812500e+03,1.348731689453125000e+03,1.898747192382812500e+03,8.482177124023437500e+02,2.374544219970703125e+02,1.291448730468750000e+03,3.958832519531250000e+03,5.120380371093750000e+03,1.522647094726562500e+03,6.657785644531250000e+02,1.711425537109375000e+03,5.843636474609375000e+02,1.335322265625000000e+03,4.593070068359375000e+02,5.511834716796875000e+02,2.417927490234375000e+03,3.888422241210937500e+02,8.940097656250000000e+03,5.555479492187500000e+03,5.580576171875000000e+02,3.086453613281250000e+03,4.732060546875000000e+02,5.901584472656250000e+02,5.565622558593750000e+03,2.400540466308593750e+02,2.875868164062500000e+03,9.081520996093750000e+02,5.568508300781250000e+03,6.020257812500000000e+03,1.497705810546875000e+03,4.220738525390625000e+02,2.907378662109375000e+03,1.195786132812500000e+03,4.919555358886718750e+02,1.056530029296875000e+03,3.710473022460937500e+02
1.935473388671875000e+03,2.307281982421875000e+03,9.846964111328125000e+02,1.084000000000000000e+04,1.702651367187500000e+03,3.159628906250000000e+02,2.596889648437500000e+02,1.716234130859375000e+02,7.465479003906250000e+03,3.701161621093750000e+03,7.888369140625000000e+02,2.103202148437500000e+03,2.217191894531250000e+03,1.051788940429687500e+03,8.271172485351562500e+02,5.729399414062500000e+03,1.028780883789062500e+03,2.370040740966796875e+02,1.156464843750000000e+03,4.181831054687500000e+03,3.093330078125000000e+03,2.402299072265625000e+03,8.665970458984375000e+02,2.074877685546875000e+03,4.418525695800781250e+02,3.659769287109375000e+02,7.314868164062500000e+02,2.589382934570312500e+02,2.551133789062500000e+03,4.110471191406250000e+02,5.960000488281250000e+03,4.248020019531250000e+03,5.241143798828125000e+02,6.285582031250000000e+03,9.754797363281250000e+02,6.192885742187500000e+02,4.515472167968750000e+03,3.339077148437500000e+02,2.308184082031250000e+03,4.285855712890625000e+02,3.752729492187500000e+03,5.700926757812500000e+03,4.492380859375000000e+03,1.848123321533203125e+02,2.164006347656250000e+03,1.240832397460937500e+03,6.151245117187500000e+02,1.043769287109375000e+03,3.294803771972656250e+02
3.017750976562500000e+03,2.534811523437500000e+03,2.133293945312500000e+03,7.383916503906250000e+03,1.968706420898437500e+03,6.113734130859375000e+02,2.469878082275390625e+02,1.372823028564453125e+02,8.173667968750000000e+03,3.618748046875000000e+03,1.045004638671875000e+03,2.928396484375000000e+03,1.838783935546875000e+03,1.054493530273437500e+03,1.070857177734375000e+03,4.941033203125000000e+03,1.998367919921875000e+03,2.881852416992187500e+02,1.343114013671875000e+03,5.795905273437500000e+03,3.131810058593750000e+03,2.267153808593750000e+03,1.924051025390625000e+03,2.365462402343750000e+03,6.255404052734375000e+02,9.734630737304687500e+02,6.581721191406250000e+02,2.240186767578125000e+02,2.845213623046875000e+03,6.472343750000000000e+02,5.187559570312500000e+03,4.079920654296875000e+03,8.444511108398437500e+02,2.881375732421875000e+03,1.015318359375000000e+03,7.753614501953125000e+02,4.086204589843750000e+03,2.946978454589843750e+02,7.845156250000000000e+03,7.637829589843750000e+02,4.220119628906250000e+03,5.615476074218750000e+03,1.683234619140625000e+03,1.637319641113281250e+02,2.787454101562500000e+03,1.498798583984375000e+03,7.719723510742187500e+02,9.968686523437500000e+02,4.265830688476562500e+02
2.319311767578125000e+03,6.208185546875000000e+03,1.305096557617187500e+03,1.320607714843750000e+04,1.846227539062500000e+03,6.908918457031250000e+02,2.561351318359375000e+02,1.596738891601562500e+02,1.028897070312500000e+04,8.482515625000000000e+03,1.008182983398437500e+03,3.248015136718750000e+03,1.600899169921875000e+03,1.277699707031250000e+03,2.441280761718750000e+03,3.537754882812500000e+03,1.842855834960937500e+03,2.884517517089843750e+02,2.467925292968750000e+03,4.406649414062500000e+03,6.849767089843750000e+03,2.183831054687500000e+03,1.409833740234375000e+03,2.417646484375000000e+03,6.341400756835937500e+02,1.670793579101562500e+03,7.164023437500000000e+02,5.234010009765625000e+02,3.130199218750000000e+03,7.120363159179687500e+02,9.651838867187500000e+03,1.461362695312500000e+04,6.589960937500000000e+02,3.407755859375000000e+03,7.125253295898437500e+02,7.456958007812500000e+02,7.728807617187500000e+03,2.553229064941406250e+02,6.177845703125000000e+03,8.921120605468750000e+02,4.836880371093750000e+03,7.702244628906250000e+03,1.879045898437500000e+03,2.622035522460937500e+02,3.670296630859375000e+03,1.649300537109375000e+03,5.150633544921875000e+02,2.282760498046875000e+03,4.318741455078125000e+02
3.166860839843750000e+03,2.489772949218750000e+03,9.711657714843750000e+02,1.096146484375000000e+04,1.281733154296875000e+03,3.813657836914062500e+02,2.337595062255859375e+02,9.993101501464843750e+01,6.119626464843750000e+03,3.883486328125000000e+03,8.429274291992187500e+02,2.251377441406250000e+03,1.383836547851562500e+03,1.465249389648437500e+03,2.945005493164062500e+02,2.777814453125000000e+03,9.014518432617187500e+02,2.310715484619140625e+02,1.378667724609375000e+03,3.890117187500000000e+03,3.992595947265625000e+03,2.731254882812500000e+03,1.742740112304687500e+03,2.081699951171875000e+03,6.232943115234375000e+02,1.018371398925781250e+03,5.986450195312500000e+02,3.098159179687500000e+02,2.735251464843750000e+03,3.104086914062500000e+02,7.298466796875000000e+03,5.514001464843750000e+03,6.434531860351562500e+02,4.907686523437500000e+03,6.992346191406250000e+02,6.307990112304687500e+02,5.258604003906250000e+03,3.278565673828125000e+02,2.699886474609375000e+03,6.446617431640625000e+02,4.442250000000000000e+03,5.697541015625000000e+03,1.893562255859375000e+03,1.723257598876953125e+02,2.253958251953125000e+03,1.378736206054687500e+03,5.024724426269531250e+02,1.464253906250000000e+03,4.481876831054687500e+02
9.932810058593750000e+02,2.347721191406250000e+03,1.209585815429687500e+03,8.659320312500000000e+03,1.518440917968750000e+03,3.937234497070312500e+02,3.307498168945312500e+02,9.233769226074218750e+01,7.323153808593750000e+03,1.555115478515625000e+03,9.289576416015625000e+02,2.365285644531250000e+03,1.530627685546875000e+03,8.823860473632812500e+02,1.021570190429687500e+03,5.849180664062500000e+03,1.236044677734375000e+03,2.183697967529296875e+02,9.432246093750000000e+02,2.682462158203125000e+03,2.103125244140625000e+03,1.842205566406250000e+03,9.744715576171875000e+02,1.962828002929687500e+03,6.741171875000000000e+02,5.045947875976562500e+02,4.002360839843750000e+02,1.755413513183593750e+02,2.199543457031250000e+03,5.762048950195312500e+02,4.220384277343750000e+03,4.702788085937500000e+03,4.221063537597656250e+02,2.653590576171875000e+03,1.372960815429687500e+03,7.238966674804687500e+02,4.149033203125000000e+03,2.607229919433593750e+02,1.325603515625000000e+03,5.857509765625000000e+02,3.155744384765625000e+03,5.399430664062500000e+03,1.049301269531250000e+03,9.182960510253906250e+01,2.528100585937500000e+03,1.273067016601562500e+03,7.546215820312500000e+02,1.141819946289062500e+03,3.537575073242187500e+02
2.284296875000000000e+03,1.673572143554687500e+03,1.859334228515625000e+03,7.909613769531250000e+03,1.193232177734375000e+03,1.057636962890625000e+03,2.312848663330078125e+02,6.954580688476562500e+01,3.733218750000000000e+03,1.626111816406250000e+03,6.417405395507812500e+02,2.012072509765625000e+03,1.080367187500000000e+03,6.209817504882812500e+02,4.960252685546875000e+02,2.093656738281250000e+03,1.936920288085937500e+03,2.536110687255859375e+02,7.738519287109375000e+02,3.197612792968750000e+03,6.045408203125000000e+03,1.555494873046875000e+03,1.999018798828125000e+03,1.712190429687500000e+03,4.276735229492187500e+02,2.841864929199218750e+02,4.059716796875000000e+02,2.087833557128906250e+02,1.940211425781250000e+03,2.404174194335937500e+02,5.061491699218750000e+03,3.126006591796875000e+03,2.962032775878906250e+02,2.538156250000000000e+03,6.134218139648437500e+02,5.784199218750000000e+02,3.607448974609375000e+03,2.676183166503906250e+02,7.443214843750000000e+03,3.016279602050781250e+02,2.060930664062500000e+03,3.917325195312500000e+03,9.909637451171875000e+02,9.326397705078125000e+01,1.634042358398437500e+03,8.709232177734375000e+02,5.325285644531250000e+02,1.622583007812500000e+03,6.054652709960937500e+02
4.285303222656250000e+03,7.266009765625000000e+03,1.328283325195312500e+03,1.173491113281250000e+04,1.287468017578125000e+03,3.712854614257812500e+02,2.135651092529296875e+02,1.033582916259765625e+02,7.779183593750000000e+03,4.899249511718750000e+03,8.550090942382812500e+02,1.642552001953125000e+03,1.056850585937500000e+03,9.114453735351562500e+02,3.166410644531250000e+03,1.570698120117187500e+03,1.138266235351562500e+03,2.329705047607421875e+02,1.410900756835937500e+03,3.894217773437500000e+03,4.681731933593750000e+03,1.181278076171875000e+03,1.206737182617187500e+03,2.101085449218750000e+03,3.803302307128906250e+02,1.323186279296875000e+03,4.258894042968750000e+02,3.508534240722656250e+02,2.144195800781250000e+03,3.494600830078125000e+02,8.396171875000000000e+03,1.403685156250000000e+04,4.958202514648437500e+02,3.235526123046875000e+03,5.302352905273437500e+02,5.716524047851562500e+02,5.965693847656250000e+03,2.341682128906250000e+02,2.817580810546875000e+03,9.003698730468750000e+02,5.163283203125000000e+03,5.557437500000000000e+03,1.380800048828125000e+03,2.112955322265625000e+02,3.533225341796875000e+03,1.061568847656250000e+03,5.390383300781250000e+02,9.462115478515625000e+02,2.991798706054687500e+02
2.685569824218750000e+03,2.635624267578125000e+03,1.181656860351562500e+03,1.005889550781250000e+04,1.581745117187500000e+03,3.175347290039062500e+02,2.283433685302734375e+02,1.038716125488281250e+02,5.334052246093750000e+03,2.688280273437500000e+03,7.331571044921875000e+02,1.751074218750000000e+03,1.317786254882812500e+03,1.001477172851562500e+03,7.906144409179687500e+02,2.187797363281250000e+03,5.194136962890625000e+02,2.305045776367187500e+02,8.139493408203125000e+02,4.454720214843750000e+03,2.482067382812500000e+03,2.379407226562500000e+03,1.000364807128906250e+03,1.613873657226562500e+03,4.050632019042968750e+02,4.160254821777343750e+02,5.644945678710937500e+02,2.314320678710937500e+02,2.283472900390625000e+03,2.923551025390625000e+02,5.291205078125000000e+03,4.275973632812500000e+03,4.707221069335937500e+02,7.958785156250000000e+03,9.660615234375000000e+02,5.496998901367187500e+02,4.404111328125000000e+03,4.251344604492187500e+02,1.621435791015625000e+03,3.364158325195312500e+02,2.327956298828125000e+03,5.681149902343750000e+03,4.252686035156250000e+03,1.384863891601562500e+02,2.794191162109375000e+03,1.115208251953125000e+03,5.839119262695312500e+02,1.358200439453125000e+03,3.175104370117187500e+02
3.003507568359375000e+03,1.958652954101562500e+03,2.340250488281250000e+03,1.007172949218750000e+04,1.652329101562500000e+03,4.888257446289062500e+02,4.057548522949218750e+02,1.172759628295898438e+02,7.781223144531250000e+03,2.416755859375000000e+03,8.714302978515625000e+02,2.544518066406250000e+03,1.617029663085937500e+03,9.965773315429687500e+02,9.831468505859375000e+02,4.740922851562500000e+03,2.125768554687500000e+03,2.438571624755859375e+02,1.299786865234375000e+03,4.867688964843750000e+03,2.513167968750000000e+03,2.162960449218750000e+03,3.053279296875000000e+03,2.484913574218750000e+03,5.067538146972656250e+02,8.720872192382812500e+02,5.204227905273437500e+02,2.224054565429687500e+02,2.662205566406250000e+03,2.364260253906250000e+02,4.691212402343750000e+03,3.930105712890625000e+03,6.003417358398437500e+02,2.812831787109375000e+03,1.272072265625000000e+03,8.186564331054687500e+02,3.901066406250000000e+03,3.420982055664062500e+02,1.801556884765625000e+03,5.542068481445312500e+02,3.804623779296875000e+03,4.171592773437500000e+03,1.233566162109375000e+03,1.677108154296875000e+02,2.737755371093750000e+03,1.484384155273437500e+03,7.575949096679687500e+02,9.725715332031250000e+02,3.982625122070312500e+02
1.591544433593750000e+03,4.280239257812500000e+03,1.236786865234375000e+03,1.131616210937500000e+04,1.519079711914062500e+03,3.181400146484375000e+02,2.784468688964843750e+02,1.417904968261718750e+02,6.052359863281250000e+03,3.902230957031250000e+03,7.959111328125000000e+02,2.519069824218750000e+03,1.566284423828125000e+03,8.783351440429687500e+02,1.022995361328125000e+03,3.004712890625000000e+03,1.772208862304687500e+03,2.408533325195312500e+02,1.778438964843750000e+03,3.930685058593750000e+03,5.926357421875000000e+03,1.905341674804687500e+03,1.237509887695312500e+03,2.258439208984375000e+03,5.174277343750000000e+02,1.340749633789062500e+03,5.766718750000000000e+02,5.540309448242187500e+02,2.813128417968750000e+03,2.676558837890625000e+02,9.009166992187500000e+03,5.486938964843750000e+03,6.118824462890625000e+02,2.694535644531250000e+03,8.066809082031250000e+02,6.951759033203125000e+02,6.169377929687500000e+03,2.551825256347656250e+02,2.527569091796875000e+03,7.758479003906250000e+02,3.740311279296875000e+03,5.806449218750000000e+03,1.255288940429687500e+03,3.024150390625000000e+02,2.856342285156250000e+03,1.486787353515625000e+03,6.349358520507812500e+02,1.786308959960937500e+03,3.723176879882812500e+02
1.080769165039062500e+03,2.417064453125000000e+03,1.326523071289062500e+03,1.005482617187500000e+04,1.432874145507812500e+03,4.171882934570312500e+02,2.286404724121093750e+02,9.342559814453125000e+01,4.213464355468750000e+03,3.338256103515625000e+03,7.586347045898437500e+02,1.943537109375000000e+03,1.334191284179687500e+03,1.363837890625000000e+03,1.577378540039062500e+02,2.841166992187500000e+03,7.487332763671875000e+02,2.807717590332031250e+02,9.814787597656250000e+02,3.765640625000000000e+03,3.460487548828125000e+03,2.348663085937500000e+03,1.266176513671875000e+03,1.984134765625000000e+03,4.793300170898437500e+02,6.696893920898437500e+02,5.128603515625000000e+02,5.287260742187500000e+02,2.520791992187500000e+03,2.178714599609375000e+02,7.721929199218750000e+03,4.124909179687500000e+03,5.869807128906250000e+02,4.845118164062500000e+03,5.375374145507812500e+02,5.608283691406250000e+02,4.770014160156250000e+03,4.118260192871093750e+02,1.923568115234375000e+03,4.750748901367187500e+02,2.016231445312500000e+03,4.791717773437500000e+03,1.593069580078125000e+03,2.938099975585937500e+02,1.922974853515625000e+03,1.121336425781250000e+03,4.887021484375000000e+02,1.323375244140625000e+03,3.722154541015625000e+02
1.003877502441406250e+03,1.830244628906250000e+03,9.311032104492187500e+02,8.579309570312500000e+03,1.475327392578125000e+03,3.141239013671875000e+02,2.472569427490234375e+02,8.704461669921875000e+01,5.233425781250000000e+03,1.423017578125000000e+03,9.023999633789062500e+02,1.943493896484375000e+03,1.045585815429687500e+03,8.684793701171875000e+02,7.359023437500000000e+02,2.273093017578125000e+03,7.930700683593750000e+02,2.139910583496093750e+02,6.303953857421875000e+02,2.966964843750000000e+03,2.422889160156250000e+03,1.790107421875000000e+03,8.329286499023437500e+02,1.965754272460937500e+03,6.760586547851562500e+02,4.093812866210937500e+02,4.273637084960937500e+02,2.617049560546875000e+02,2.221049316406250000e+03,1.938137817382812500e+02,3.900276855468750000e+03,1.899992187500000000e+03,3.747529296875000000e+02,3.272895019531250000e+03,6.086310424804687500e+02,5.435090332031250000e+02,4.016771484375000000e+03,2.366798095703125000e+02,1.027276611328125000e+03,4.929031982421875000e+02,1.975967529296875000e+03,3.915864257812500000e+03,7.681845092773437500e+02,1.452739868164062500e+02,2.889037353515625000e+03,8.829372558593750000e+02,6.009263305664062500e+02,8.008361816406250000e+02,3.328907470703125000e+02
1.477808593750000000e+03,1.671974121093750000e+03,1.299261352539062500e+03,7.468849121093750000e+03,1.143269897460937500e+03,2.808466796875000000e+02,2.286558380126953125e+02,5.277029418945312500e+01,3.824999023437500000e+03,1.160463134765625000e+03,6.113551025390625000e+02,1.909253662109375000e+03,1.124236450195312500e+03,1.490410888671875000e+03,5.799434204101562500e+02,4.598381347656250000e+03,1.909157714843750000e+03,2.363459014892578125e+02,6.708909301757812500e+02,2.925278808593750000e+03,3.865360351562500000e+03,1.524116821289062500e+03,1.325536499023437500e+03,1.393971923828125000e+03,3.670928344726562500e+02,2.363335266113281250e+02,2.721248168945312500e+02,1.955875854492187500e+02,1.909920410156250000e+03,1.985226440429687500e+02,3.872613769531250000e+03,1.279459960937500000e+03,4.941252441406250000e+02,3.132659912109375000e+03,9.192122802734375000e+02,6.485420532226562500e+02,3.426141357421875000e+03,2.669820251464843750e+02,1.287603393554687500e+03,3.982193603515625000e+02,2.428041015625000000e+03,3.794616699218750000e+03,5.245465087890625000e+02,1.067388153076171875e+02,2.938796630859375000e+03,9.022891845703125000e+02,8.918891601562500000e+02,8.325968017578125000e+02,5.114792480468750000e+02
9.842167358398437500e+02,2.873331054687500000e+03,1.180667358398437500e+03,9.705411132812500000e+03,1.101029907226562500e+03,3.344246826171875000e+02,2.213021240234375000e+02,7.343652343750000000e+01,4.174982910156250000e+03,3.808382324218750000e+03,8.789745483398437500e+02,1.756510498046875000e+03,1.211224243164062500e+03,8.536503906250000000e+02,1.334924194335937500e+03,2.065853759765625000e+03,9.310875244140625000e+02,3.678286743164062500e+02,1.019920043945312500e+03,2.854653564453125000e+03,4.536488281250000000e+03,1.184704101562500000e+03,7.775382080078125000e+02,1.610354736328125000e+03,3.850505676269531250e+02,1.261027587890625000e+03,3.420418701171875000e+02,5.562973022460937500e+02,2.088009277343750000e+03,1.997857055664062500e+02,8.806888671875000000e+03,4.251547363281250000e+03,4.890534667968750000e+02,2.888674804687500000e+03,5.326419677734375000e+02,5.742939453125000000e+02,5.313946777343750000e+03,2.320074462890625000e+02,6.022925781250000000e+03,8.983812255859375000e+02,2.105709960937500000e+03,4.592335449218750000e+03,6.457299804687500000e+02,5.688979492187500000e+02,1.929067871093750000e+03,1.036834228515625000e+03,5.919543457031250000e+02,8.892734375000000000e+02,2.629390258789062500e+02
1.199543701171875000e+03,2.042306762695312500e+03,1.178215942382812500e+03,9.175662109375000000e+03,1.368246582031250000e+03,3.361734619140625000e+02,2.133563995361328125e+02,8.084173583984375000e+01,4.168281250000000000e+03,2.053918945312500000e+03,6.762102661132812500e+02,1.517969970703125000e+03,1.210187744140625000e+03,8.807216186523437500e+02,4.938511352539062500e+02,1.993846557617187500e+03,4.534653320312500000e+02,2.831352539062500000e+02,6.689475097656250000e+02,3.982328613281250000e+03,2.283097167968750000e+03,2.286024414062500000e+03,7.675032958984375000e+02,1.368388916015625000e+03,3.839149169921875000e+02,4.088937988281250000e+02,3.782186279296875000e+02,2.796866455078125000e+02,2.242679199218750000e+03,1.991528930664062500e+02,4.860073730468750000e+03,2.360150878906250000e+03,4.077542114257812500e+02,6.558572265625000000e+03,5.930146484375000000e+02,5.480700683593750000e+02,4.307006835937500000e+03,4.462015380859375000e+02,1.187162109375000000e+03,3.533239746093750000e+02,1.687320190429687500e+03,4.296794433593750000e+03,1.766726196289062500e+03,2.013679962158203125e+02,2.001697509765625000e+03,9.824567871093750000e+02,5.859257812500000000e+02,1.044169311523437500e+03,2.629752807617187500e+02
1.650440917968750000e+03,1.906077148437500000e+03,1.445019897460937500e+03,9.050220703125000000e+03,1.447194091796875000e+03,3.252501831054687500e+02,2.736582641601562500e+02,9.914241027832031250e+01,6.654003417968750000e+03,1.876186279296875000e+03,7.670007324218750000e+02,2.209103027343750000e+03,1.415037841796875000e+03,8.463088989257812500e+02,8.662986450195312500e+02,4.196923828125000000e+03,1.984245605468750000e+03,3.032107543945312500e+02,1.067175292968750000e+03,3.550693359375000000e+03,2.627593750000000000e+03,2.037013793945312500e+03,1.252495971679687500e+03,2.109233154296875000e+03,5.004592895507812500e+02,8.029067993164062500e+02,4.799744262695312500e+02,2.583590393066406250e+02,2.340333984375000000e+03,3.120402221679687500e+02,4.050217773437500000e+03,1.961023681640625000e+03,7.686993408203125000e+02,2.905317382812500000e+03,1.030576171875000000e+03,6.599164428710937500e+02,3.800724365234375000e+03,2.518828125000000000e+02,1.768706420898437500e+03,6.301505126953125000e+02,2.770229248046875000e+03,4.282085449218750000e+03,1.004875610351562500e+03,2.130790863037109375e+02,2.857455810546875000e+03,1.360163696289062500e+03,9.408663330078125000e+02,9.369791259765625000e+02,3.390202026367187500e+02
1.750852294921875000e+03,5.368985839843750000e+03,1.137060668945312500e+03,1.180188769531250000e+04,1.523156127929687500e+03,5.846835327148437500e+02,2.426557312011718750e+02,1.051504516601562500e+02,5.769811523437500000e+03,3.991441406250000000e+03,7.430054321289062500e+02,2.314351074218750000e+03,1.364983642578125000e+03,1.227876220703125000e+03,1.280502685546875000e+03,2.716515625000000000e+03,1.711380004882812500e+03,4.006929931640625000e+02,1.898066528320312500e+03,3.911541748046875000e+03,6.756185546875000000e+03,1.957220336914062500e+03,1.095258911132812500e+03,2.289990478515625000e+03,4.982825927734375000e+02,1.602137451171875000e+03,6.767666015625000000e+02,5.438480834960937500e+02,2.799423828125000000e+03,2.881641540527343750e+02,9.764870117187500000e+03,4.926356933593750000e+03,6.019549560546875000e+02,2.802360351562500000e+03,6.195524902343750000e+02,6.427775268554687500e+02,7.885064453125000000e+03,2.620874023437500000e+02,1.571870849609375000e+03,8.915336914062500000e+02,2.777907226562500000e+03,5.112713867187500000e+03,1.195995239257812500e+03,2.748477783203125000e+02,2.259314941406250000e+03,1.519920532226562500e+03,4.954295654296875000e+02,2.221985351562500000e+03,3.644882202148437500e+02
9.208020629882812500e+02,2.207887207031250000e+03,8.706704101562500000e+02,9.780217773437500000e+03,1.286577758789062500e+03,3.096453857421875000e+02,2.318876037597656250e+02,8.464189147949218750e+01,4.861416015625000000e+03,3.217276367187500000e+03,6.840867309570312500e+02,1.641260986328125000e+03,1.176748535156250000e+03,1.308035644531250000e+03,1.968691406250000000e+02,2.665172851562500000e+03,7.141351318359375000e+02,2.052754821777343750e+02,1.082952880859375000e+03,3.654712646484375000e+03,4.093604736328125000e+03,2.450382324218750000e+03,8.867384033203125000e+02,2.211810058593750000e+03,3.875520935058593750e+02,1.103058959960937500e+03,5.311340332031250000e+02,2.969607543945312500e+02,2.554721191406250000e+03,2.150704345703125000e+02,6.702369628906250000e+03,3.522314941406250000e+03,4.910515747070312500e+02,4.409298339843750000e+03,4.800781250000000000e+02,6.376246948242187500e+02,4.918361328125000000e+03,3.840183715820312500e+02,2.290693603515625000e+03,5.809160156250000000e+02,1.874985473632812500e+03,4.406396484375000000e+03,1.647686035156250000e+03,1.630993041992187500e+02,1.824906494140625000e+03,1.439834228515625000e+03,4.879707031250000000e+02,1.221917236328125000e+03,3.405248413085937500e+02
1.342824218750000000e+03,2.018111572265625000e+03,8.051925659179687500e+02,8.632683593750000000e+03,1.377030883789062500e+03,3.747160644531250000e+02,2.570087585449218750e+02,6.720568847656250000e+01,4.083597656250000000e+03,1.376403564453125000e+03,9.078062133789062500e+02,1.292555664062500000e+03,1.172559082031250000e+03,8.008100585937500000e+02,8.412296142578125000e+02,2.985859619140625000e+03,9.237482299804687500e+02,2.081883239746093750e+02,7.612766723632812500e+02,2.423654052734375000e+03,2.075030761718750000e+03,1.779928955078125000e+03,6.914006958007812500e+02,1.506655029296875000e+03,6.214318237304687500e+02,4.992363281250000000e+02,3.814241333007812500e+02,1.666469116210937500e+02,2.021015747070312500e+03,2.890345458984375000e+02,4.183500000000000000e+03,1.917172607421875000e+03,5.254523925781250000e+02,2.293371337890625000e+03,9.625053710937500000e+02,5.801342773437500000e+02,4.302813476562500000e+03,2.223910827636718750e+02,9.772199707031250000e+02,6.831991577148437500e+02,1.934134033203125000e+03,4.103388183593750000e+03,6.928854980468750000e+02,8.362257385253906250e+01,2.528777343750000000e+03,2.451438720703125000e+03,7.797200317382812500e+02,1.458593505859375000e+03,3.178983764648437500e+02
1.141636352539062500e+03,1.725093627929687500e+03,9.533605346679687500e+02,8.023161132812500000e+03,1.170076660156250000e+03,5.591600952148437500e+02,2.153576660156250000e+02,7.644825744628906250e+01,3.540696289062500000e+03,1.393826904296875000e+03,6.105077514648437500e+02,1.153837890625000000e+03,1.021118896484375000e+03,5.965430908203125000e+02,5.438407592773437500e+02,2.117565917968750000e+03,1.700780761718750000e+03,3.225187377929687500e+02,6.942154541015625000e+02,2.509312744140625000e+03,6.334524414062500000e+03,1.793762084960937500e+03,1.142453125000000000e+03,1.068344482421875000e+03,5.138915405273437500e+02,3.371595153808593750e+02,3.923003540039062500e+02,2.353316650390625000e+02,1.866629272460937500e+03,1.974108276367187500e+02,3.988825683593750000e+03,1.751289062500000000e+03,5.906766967773437500e+02,2.605280517578125000e+03,5.371877441406250000e+02,5.748876953125000000e+02,3.607628173828125000e+03,2.718827209472656250e+02,4.437431640625000000e+03,5.041403503417968750e+02,1.776328002929687500e+03,3.811470214843750000e+03,7.070334472656250000e+02,9.382463073730468750e+01,1.926460693359375000e+03,9.276507568359375000e+02,5.659678344726562500e+02,1.499450073242187500e+03,5.450216064453125000e+02
9.045953979492187500e+02,6.434476074218750000e+03,1.048957031250000000e+03,1.055282226562500000e+04,1.131384399414062500e+03,3.476621093750000000e+02,2.067813720703125000e+02,8.865365600585937500e+01,3.814707031250000000e+03,4.228010742187500000e+03,7.718704833984375000e+02,1.156508056640625000e+03,9.788029785156250000e+02,9.610626831054687500e+02,1.663537841796875000e+03,1.605062377929687500e+03,6.867573242187500000e+02,2.390043029785156250e+02,1.092769287109375000e+03,2.662633056640625000e+03,5.347793945312500000e+03,1.251810546875000000e+03,6.554012451171875000e+02,1.201634155273437500e+03,3.592111206054687500e+02,1.297705078125000000e+03,3.632567138671875000e+02,3.683107299804687500e+02,2.273375000000000000e+03,2.437158813476562500e+02,8.008375000000000000e+03,5.025384765625000000e+03,5.373510742187500000e+02,2.874041992187500000e+03,4.354102783203125000e+02,6.474031372070312500e+02,6.051129882812500000e+03,2.421854248046875000e+02,2.530262695312500000e+03,9.078358154296875000e+02,2.397392578125000000e+03,4.542810058593750000e+03,8.204371337890625000e+02,2.250164642333984375e+02,2.148994628906250000e+03,8.790123291015625000e+02,4.706619262695312500e+02,1.051601074218750000e+03,2.743808593750000000e+02
1.069848388671875000e+03,2.037258422851562500e+03,9.213587036132812500e+02,7.582753417968750000e+03,1.364892578125000000e+03,3.110698852539062500e+02,2.273361358642578125e+02,7.393167114257812500e+01,4.427630859375000000e+03,2.347052246093750000e+03,6.311080932617187500e+02,1.153526367187500000e+03,1.298859130859375000e+03,7.885048217773437500e+02,5.884154663085937500e+02,2.752166748046875000e+03,7.509575195312500000e+02,2.243755493164062500e+02,7.580219116210937500e+02,3.928768554687500000e+03,2.910637451171875000e+03,2.295286376953125000e+03,6.331932983398437500e+02,1.595209350585937500e+03,3.249861145019531250e+02,2.361323242187500000e+02,3.536817626953125000e+02,2.174829406738281250e+02,2.028419677734375000e+03,2.413325805664062500e+02,5.413928710937500000e+03,2.581848632812500000e+03,4.197922973632812500e+02,4.923974121093750000e+03,6.498118896484375000e+02,5.647377929687500000e+02,4.380487792968750000e+03,3.949234008789062500e+02,1.336037353515625000e+03,3.364404296875000000e+02,2.258985107421875000e+03,4.333706542968750000e+03,2.216465820312500000e+03,1.284062500000000000e+02,1.642167114257812500e+03,1.290812988281250000e+03,5.067022705078125000e+02,1.127813354492187500e+03,2.382729644775390625e+02
1.331621459960937500e+03,1.844109252929687500e+03,1.088284667968750000e+03,1.001223046875000000e+04,1.433577758789062500e+03,3.941125488281250000e+02,2.739856567382812500e+02,4.254211425781250000e+01,4.728664550781250000e+03,2.006479003906250000e+03,7.038682250976562500e+02,1.852780517578125000e+03,1.154029907226562500e+03,9.433830566406250000e+02,1.039341308593750000e+03,2.553576660156250000e+03,1.859517822265625000e+03,2.594653625488281250e+02,1.086323242187500000e+03,3.144813476562500000e+03,2.397101562500000000e+03,2.060696289062500000e+03,1.022264587402343750e+03,1.981711547851562500e+03,4.867991638183593750e+02,8.837750244140625000e+02,5.500512695312500000e+02,2.364356079101562500e+02,2.337650634765625000e+03,2.737890930175781250e+02,4.584861816406250000e+03,2.237499511718750000e+03,8.388901367187500000e+02,2.487145019531250000e+03,7.447442016601562500e+02,5.727300415039062500e+02,3.866630615234375000e+03,2.537802124023437500e+02,3.465072265625000000e+03,6.957424316406250000e+02,2.242030273437500000e+03,4.098633300781250000e+03,9.794343261718750000e+02,1.176829681396484375e+02,2.553568115234375000e+03,2.883219238281250000e+03,6.323064575195312500e+02,1.053927490234375000e+03,3.276040039062500000e+02
1.394082031250000000e+03,5.368690429687500000e+03,1.036246337890625000e+03,1.185917382812500000e+04,1.409690673828125000e+03,3.205178222656250000e+02,2.580818786621093750e+02,6.909288024902343750e+01,5.609280273437500000e+03,4.023500976562500000e+03,8.005344238281250000e+02,2.584026855468750000e+03,1.225540527343750000e+03,1.062489013671875000e+03,4.647785644531250000e+02,2.456534667968750000e+03,1.408444335937500000e+03,2.500707702636718750e+02,1.632871215820312500e+03,3.524593261718750000e+03,6.405877929687500000e+03,1.926590698242187500e+03,9.443460693359375000e+02,2.235810302734375000e+03,4.471288146972656250e+02,1.129687622070312500e+03,6.813603515625000000e+02,5.376395874023437500e+02,2.479517578125000000e+03,2.586922912597656250e+02,9.000829101562500000e+03,5.152571777343750000e+03,4.585053710937500000e+02,2.309131835937500000e+03,5.338723144531250000e+02,1.646867431640625000e+03,6.746045410156250000e+03,2.595690307617187500e+02,3.228434082031250000e+03,8.207250976562500000e+02,2.505806640625000000e+03,5.272127929687500000e+03,1.246003662109375000e+03,2.785328063964843750e+02,2.638895019531250000e+03,2.200475585937500000e+03,5.178839111328125000e+02,2.009832275390625000e+03,4.262205200195312500e+02
1.059122558593750000e+03,2.318784667968750000e+03,8.871926879882812500e+02,9.678191406250000000e+03,1.249282348632812500e+03,3.274606323242187500e+02,2.250291137695312500e+02,6.281716918945312500e+01,4.254006835937500000e+03,3.819020263671875000e+03,7.233262329101562500e+02,1.696019531250000000e+03,1.067856811523437500e+03,1.401608886718750000e+03,5.518004760742187500e+02,2.560481689453125000e+03,8.563273315429687500e+02,2.200938110351562500e+02,1.074864135742187500e+03,3.632929931640625000e+03,3.488572021484375000e+03,2.783493896484375000e+03,7.935998535156250000e+02,2.487378662109375000e+03,3.854738464355468750e+02,5.380488891601562500e+02,5.798057861328125000e+02,3.767843627929687500e+02,2.262276123046875000e+03,2.403192749023437500e+02,6.761719726562500000e+03,3.159999023437500000e+03,4.746654052734375000e+02,3.122834960937500000e+03,5.490297851562500000e+02,9.935635986328125000e+02,4.725082031250000000e+03,3.847822875976562500e+02,1.984802734375000000e+03,6.034183349609375000e+02,1.835922241210937500e+03,4.284906250000000000e+03,1.531429199218750000e+03,2.374604644775390625e+02,1.574916748046875000e+03,1.543754638671875000e+03,4.914371643066406250e+02,1.386015136718750000e+03,3.249942016601562500e+02
1.129603027343750000e+03,1.870839355468750000e+03,7.822749023437500000e+02,8.092490722656250000e+03,1.300380615234375000e+03,3.168641967773437500e+02,2.770303955078125000e+02,3.268156433105468750e+01,4.899754882812500000e+03,3.414337158203125000e+03,1.010443359375000000e+03,1.578808593750000000e+03,1.196458496093750000e+03,8.095867919921875000e+02,7.471981201171875000e+02,3.953178710937500000e+03,1.009533874511718750e+03,2.148450164794921875e+02,7.323497314453125000e+02,2.519521484375000000e+03,2.019800048828125000e+03,1.834070800781250000e+03,6.176020507812500000e+02,1.682579223632812500e+03,7.768334960937500000e+02,2.976602783203125000e+02,3.387254638671875000e+02,1.893954467773437500e+02,1.953324218750000000e+03,2.353660888671875000e+02,3.898078125000000000e+03,1.910802001953125000e+03,3.984654541015625000e+02,2.257662109375000000e+03,6.959207153320312500e+02,6.073106079101562500e+02,4.047949707031250000e+03,2.248974609375000000e+02,1.069775756835937500e+03,4.605281982421875000e+02,2.241153320312500000e+03,4.070720214843750000e+03,6.649474487304687500e+02,1.219385757446289062e+02,2.019486450195312500e+03,1.732333007812500000e+03,5.379407958984375000e+02,7.976289062500000000e+02,3.605074462890625000e+02
9.174596557617187500e+02,1.722821411132812500e+03,1.251700805664062500e+03,8.302051757812500000e+03,1.190570678710937500e+03,3.052274780273437500e+02,2.209400939941406250e+02,3.484820556640625000e+01,3.530790039062500000e+03,1.949206298828125000e+03,6.401596069335937500e+02,1.183387451171875000e+03,1.128354248046875000e+03,5.977514648437500000e+02,3.675687255859375000e+02,2.332674804687500000e+03,1.697273315429687500e+03,2.855042114257812500e+02,7.157346191406250000e+02,2.250116699218750000e+03,5.119130859375000000e+03,1.904132324218750000e+03,1.024304443359375000e+03,1.556375732421875000e+03,3.693706054687500000e+02,2.300461730957031250e+02,3.205924682617187500e+02,2.176924438476562500e+02,2.061104980468750000e+03,1.929739379882812500e+02,4.081300292968750000e+03,1.626708496093750000e+03,4.949354248046875000e+02,2.532979248046875000e+03,5.356145629882812500e+02,6.453496093750000000e+02,3.581428222656250000e+03,2.754191894531250000e+02,2.888797119140625000e+03,3.759165039062500000e+02,2.026052246093750000e+03,3.762701171875000000e+03,5.575114135742187500e+02,9.792494201660156250e+01,1.600835327148437500e+03,1.065952392578125000e+03,4.751790466308593750e+02,1.083301757812500000e+03,5.210936279296875000e+02
7.663117675781250000e+02,4.128904785156250000e+03,1.110910034179687500e+03,1.075495703125000000e+04,1.082388183593750000e+03,2.866177978515625000e+02,2.079289245605468750e+02,2.374319458007812500e+01,3.540606933593750000e+03,3.511221435546875000e+03,7.054853515625000000e+02,1.174109130859375000e+03,1.012632324218750000e+03,7.788801269531250000e+02,1.796924438476562500e+02,1.616918701171875000e+03,7.448918457031250000e+02,2.285210113525390625e+02,8.488013916015625000e+02,2.287929443359375000e+03,4.601064453125000000e+03,1.210583251953125000e+03,5.826145629882812500e+02,1.199130737304687500e+03,2.588120422363281250e+02,1.046267944335937500e+03,4.153204956054687500e+02,5.455162353515625000e+02,2.078188964843750000e+03,2.055133666992187500e+02,8.288229492187500000e+03,4.619605957031250000e+03,4.129866027832031250e+02,2.691591308593750000e+03,4.104337158203125000e+02,1.982000854492187500e+03,5.367871582031250000e+03,2.464054870605468750e+02,2.211079345703125000e+03,8.673990478515625000e+02,2.142637695312500000e+03,4.339792480468750000e+03,6.330158081054687500e+02,3.417028808593750000e+02,1.881211914062500000e+03,1.654430419921875000e+03,4.651434020996093750e+02,9.781605224609375000e+02,2.364170837402343750e+02
1.114456054687500000e+03,2.151997070312500000e+03,1.133475952148437500e+03,7.354128906250000000e+03,1.396315185546875000e+03,2.777702026367187500e+02,2.264146728515625000e+02,1.354037475585937500e+01,3.850321289062500000e+03,1.295343750000000000e+03,6.734417724609375000e+02,1.420845703125000000e+03,1.313758178710937500e+03,8.746796264648437500e+02,3.989571533203125000e+02,2.968553955078125000e+03,8.324290161132812500e+02,2.101001739501953125e+02,6.943823852539062500e+02,3.737395507812500000e+03,2.310704345703125000e+03,2.366739013671875000e+03,5.611825561523437500e+02,2.191471191406250000e+03,2.937912902832031250e+02,4.883724975585937500e+02,4.026510620117187500e+02,2.244966125488281250e+02,1.997117065429687500e+03,2.387094726562500000e+02,4.826998046875000000e+03,2.147541748046875000e+03,4.131264648437500000e+02,2.771918945312500000e+03,9.527553710937500000e+02,1.039493164062500000e+03,3.979711425781250000e+03,3.887532348632812500e+02,1.373445922851562500e+03,2.476712036132812500e+02,2.440464599609375000e+03,4.323011718750000000e+03,1.662685913085937500e+03,1.597904052734375000e+02,1.701762939453125000e+03,1.267496948242187500e+03,4.862003173828125000e+02,1.465493896484375000e+03,2.073461456298828125e+02
1.141507324218750000e+03,1.942855224609375000e+03,1.072033203125000000e+03,1.003267382812500000e+04,1.677406738281250000e+03,3.672911987304687500e+02,3.254361877441406250e+02,8.125582885742187500e+01,5.259655761718750000e+03,1.426839843750000000e+03,8.804531250000000000e+02,1.743621582031250000e+03,1.317163818359375000e+03,9.341898193359375000e+02,1.741097900390625000e+03,2.899878906250000000e+03,1.804058471679687500e+03,2.556256408691406250e+02,1.122986083984375000e+03,3.419831054687500000e+03,2.488744140625000000e+03,2.058207519531250000e+03,8.913589477539062500e+02,3.332977539062500000e+03,4.027330017089843750e+02,1.507687988281250000e+03,4.727368164062500000e+02,2.276437683105468750e+02,2.419856445312500000e+03,2.636101989746093750e+02,4.271382812500000000e+03,2.133807861328125000e+03,7.267807617187500000e+02,2.581051269531250000e+03,1.212961059570312500e+03,8.349881591796875000e+02,3.678726074218750000e+03,2.802048034667968750e+02,3.650724853515625000e+03,5.408294067382812500e+02,2.506960449218750000e+03,4.175182617187500000e+03,7.939037475585937500e+02,1.391157226562500000e+02,1.967001220703125000e+03,1.922985351562500000e+03,5.228568115234375000e+02,1.246000122070312500e+03,2.241729278564453125e+02
9.906058349609375000e+02,3.391610839843750000e+03,9.689050292968750000e+02,1.147830566406250000e+04,2.123138427734375000e+03,3.868717651367187500e+02,2.634389648437500000e+02,1.111734771728515625e+02,5.039541992187500000e+03,1.701760986328125000e+03,8.175438232421875000e+02,1.628316406250000000e+03,1.284228637695312500e+03,8.362841796875000000e+02,4.611633300781250000e+03,2.557072998046875000e+03,1.233511352539062500e+03,2.838967895507812500e+02,1.584303588867187500e+03,3.672973144531250000e+03,5.863087890625000000e+03,1.919308837890625000e+03,8.331054077148437500e+02,3.435918457031250000e+03,4.224377746582031250e+02,1.745864257812500000e+03,6.542712402343750000e+02,5.415526123046875000e+02,2.697417968750000000e+03,2.334518432617187500e+02,8.669623046875000000e+03,4.830323730468750000e+03,4.422938537597656250e+02,2.325043701171875000e+03,1.078277832031250000e+03,2.006145996093750000e+03,5.655555664062500000e+03,2.592332763671875000e+02,2.501956054687500000e+03,6.462592773437500000e+02,2.361622070312500000e+03,4.354895996093750000e+03,8.149677734375000000e+02,2.677996520996093750e+02,2.035146728515625000e+03,2.677465820312500000e+03,4.729698181152343750e+02,1.923557250976562500e+03,2.215195465087890625e+02
1.083177490234375000e+03,2.165125732421875000e+03,6.039144287109375000e+02,9.413933593750000000e+03,1.468015258789062500e+03,3.381787719726562500e+02,2.194395294189453125e+02,1.986106109619140625e+02,4.411005371093750000e+03,2.844171630859375000e+03,6.203724975585937500e+02,1.535610351562500000e+03,1.068015502929687500e+03,1.256651733398437500e+03,1.492676513671875000e+03,2.288554931640625000e+03,6.840220947265625000e+02,2.262277679443359375e+02,8.879014892578125000e+02,3.440794189453125000e+03,3.303494140625000000e+03,2.340918701171875000e+03,7.855209350585937500e+02,3.211892578125000000e+03,3.900511779785156250e+02,1.329537841796875000e+03,5.256661987304687500e+02,2.836371154785156250e+02,2.255664550781250000e+03,2.051976318359375000e+02,6.048992187500000000e+03,2.784260742187500000e+03,4.490667724609375000e+02,2.190253906250000000e+03,1.174170898437500000e+03,1.405889892578125000e+03,4.364631347656250000e+03,3.549231262207031250e+02,1.564555053710937500e+03,3.912148437500000000e+02,1.821204956054687500e+03,4.411368652343750000e+03,9.298693847656250000e+02,1.625818481445312500e+02,1.611757690429687500e+03,1.620587768554687500e+03,4.625150146484375000e+02,1.245229980468750000e+03,1.743064270019531250e+02
1.120606689453125000e+03,1.947775024414062500e+03,9.367730712890625000e+02,7.998047363281250000e+03,1.686123413085937500e+03,3.138195800781250000e+02,2.953563232421875000e+02,2.317169189453125000e+00,4.216633789062500000e+03,1.421771484375000000e+03,4.579758605957031250e+02,1.597179687500000000e+03,1.230081542968750000e+03,8.795943603515625000e+02,3.333097656250000000e+03,4.384170898437500000e+03,1.072964843750000000e+03,2.135521240234375000e+02,8.049337158203125000e+02,2.894044433593750000e+03,2.089054687500000000e+03,1.711583007812500000e+03,7.473508300781250000e+02,2.643113769531250000e+03,2.322936096191406250e+02,9.243476562500000000e+02,4.601400756835937500e+02,1.912351989746093750e+02,1.977970947265625000e+03,2.507951660156250000e+02,3.932384277343750000e+03,1.820023925781250000e+03,3.933939208984375000e+02,2.421935302734375000e+03,1.763777099609375000e+03,8.042864990234375000e+02,3.857997558593750000e+03,2.314799194335937500e+02,1.105740966796875000e+03,5.164505615234375000e+02,2.329808837890625000e+03,6.905056640625000000e+03,4.991983032226562500e+02,9.321878051757812500e+01,1.888836425781250000e+03,1.740786621093750000e+03,5.789129028320312500e+02,8.029987792968750000e+02,1.909450531005859375e+02
7.628959960937500000e+02,1.752673461914062500e+03,1.155410034179687500e+03,8.594000000000000000e+03,1.210511230468750000e+03,3.431127319335937500e+02,2.226339416503906250e+02,9.530882263183593750e+01,3.473306640625000000e+03,1.504580566406250000e+03,4.378706054687500000e+02,1.270195312500000000e+03,1.072546997070312500e+03,5.851854248046875000e+02,1.633822021484375000e+03,2.273802490234375000e+03,1.240104614257812500e+03,2.805902099609375000e+02,7.157170410156250000e+02,2.130214355468750000e+03,4.672832031250000000e+03,1.305125366210937500e+03,8.609100341796875000e+02,1.959693481445312500e+03,1.774626464843750000e+02,5.170463867187500000e+02,4.276730346679687500e+02,2.332729492187500000e+02,2.039922729492187500e+03,1.969213256835937500e+02,4.430587402343750000e+03,1.457537109375000000e+03,2.608280334472656250e+02,2.457977539062500000e+03,3.000495605468750000e+02,6.441178588867187500e+02,3.354261718750000000e+03,2.797248535156250000e+02,1.775789428710937500e+03,1.512359771728515625e+02,1.995875732421875000e+03,3.722384765625000000e+03,2.850481567382812500e+02,9.570817565917968750e+01,1.608323120117187500e+03,9.878121337890625000e+02,4.869004821777343750e+02,9.682218017578125000e+02,1.657991943359375000e+02
7.185786132812500000e+02,2.878984619140625000e+03,8.777214355468750000e+02,9.955178710937500000e+03,1.540953735351562500e+03,3.062673950195312500e+02,2.050796203613281250e+02,-3.648803710937500000e+00,3.405968261718750000e+03,2.330477539062500000e+03,5.678213500976562500e+02,1.100501953125000000e+03,1.167077270507812500e+03,6.302656860351562500e+02,4.619229980468750000e+03,1.569946044921875000e+03,6.553037109375000000e+02,2.304551239013671875e+02,8.457581787109375000e+02,3.184720947265625000e+03,4.320059570312500000e+03,1.091075927734375000e+03,5.690661621093750000e+02,2.849565917968750000e+03,1.548713378906250000e+02,1.371116943359375000e+03,3.281624145507812500e+02,3.886856079101562500e+02,1.994166992187500000e+03,1.814164428710937500e+02,7.515349121093750000e+03,4.161742187500000000e+03,4.310052185058593750e+02,2.656199218750000000e+03,2.057616455078125000e+03,1.734103515625000000e+03,5.043080078125000000e+03,2.381835021972656250e+02,1.993880126953125000e+03,8.437147216796875000e+02,1.994612792968750000e+03,3.879208007812500000e+03,3.877807617187500000e+02,2.370791320800781250e+02,1.661526123046875000e+03,1.245403564453125000e+03,4.504102478027343750e+02,9.318902587890625000e+02,1.933018188476562500e+02
9.021403808593750000e+02,2.113430664062500000e+03,6.902208862304687500e+02,7.737083984375000000e+03,1.299109741210937500e+03,2.853223876953125000e+02,2.202935943603515625e+02,9.047462158203125000e+02,3.635697753906250000e+03,1.502991943359375000e+03,4.832873229980468750e+02,1.327832275390625000e+03,1.267494140625000000e+03,8.227601318359375000e+02,7.201082763671875000e+02,2.775553955078125000e+03,8.651670532226562500e+02,2.148512115478515625e+02,6.952409667968750000e+02,3.850450927734375000e+03,2.282495117187500000e+03,2.230529052734375000e+03,5.026655883789062500e+02,2.375450927734375000e+03,1.684043884277343750e+02,8.509169921875000000e+02,3.592106323242187500e+02,2.123177795410156250e+02,2.020458129882812500e+03,1.785897827148437500e+02,4.531967773437500000e+03,2.623018798828125000e+03,2.931889648437500000e+02,2.307036376953125000e+03,1.072531250000000000e+03,1.009795959472656250e+03,3.844193115234375000e+03,3.668540649414062500e+02,1.375687866210937500e+03,2.342463989257812500e+02,2.371194335937500000e+03,4.648944824218750000e+03,9.811059570312500000e+02,1.231900939941406250e+02,1.725989868164062500e+03,1.071447875976562500e+03,4.711562805175781250e+02,1.156203491210937500e+03,1.460414886474609375e+02
8.643182373046875000e+02,1.934011230468750000e+03,7.716757812500000000e+02,9.792253906250000000e+03,1.585855224609375000e+03,3.521943359375000000e+02,2.803644104003906250e+02,-7.983200073242187500e+00,4.183780273437500000e+03,1.503209472656250000e+03,4.088150634765625000e+02,2.096007324218750000e+03,1.182127075195312500e+03,8.333292236328125000e+02,1.840427734375000000e+03,2.691169921875000000e+03,1.460392944335937500e+03,2.489997406005859375e+02,1.034523681640625000e+03,3.211869140625000000e+03,2.236705566406250000e+03,1.994094604492187500e+03,6.244600830078125000e+02,4.017322265625000000e+03,4.122145996093750000e+02,1.295098999023437500e+03,4.951605529785156250e+02,2.399111022949218750e+02,2.345231689453125000e+03,2.430451049804687500e+02,4.197760742187500000e+03,2.324358886718750000e+03,7.914335937500000000e+02,2.675602783203125000e+03,1.777467407226562500e+03,8.941137695312500000e+02,3.498496337890625000e+03,2.644634704589843750e+02,1.920292846679687500e+03,5.845731201171875000e+02,2.422761718750000000e+03,4.704050781250000000e+03,6.112465820312500000e+02,1.103709411621093750e+02,1.981837280273437500e+03,2.052802246093750000e+03,5.786458740234375000e+02,1.075449462890625000e+03,2.446929168701171875e+02
8.491901855468750000e+02,2.719561523437500000e+03,9.208999023437500000e+02,1.128551953125000000e+04,1.653399047851562500e+03,4.070895996093750000e+02,2.361065673828125000e+02,7.581733703613281250e+01,4.694558105468750000e+03,2.858963378906250000e+03,5.634855957031250000e+02,1.590757080078125000e+03,1.523687744140625000e+03,9.745491333007812500e+02,2.957983154296875000e+03,2.269260498046875000e+03,6.958319091796875000e+02,2.525964965820312500e+02,1.326119628906250000e+03,3.401916992187500000e+03,5.720270996093750000e+03,1.888224853515625000e+03,6.243305664062500000e+02,2.650319091796875000e+03,1.606412506103515625e+02,1.689501953125000000e+03,5.284383544921875000e+02,2.879744567871093750e+02,2.556586669921875000e+03,2.204251098632812500e+02,8.071949218750000000e+03,6.347816406250000000e+03,5.627321777343750000e+02,2.428787841796875000e+03,1.159041503906250000e+03,1.408098754882812500e+03,5.246729492187500000e+03,2.586763305664062500e+02,2.855322998046875000e+03,8.072255859375000000e+02,3.059773681640625000e+03,5.034063476562500000e+03,6.012061157226562500e+02,1.493742675781250000e+02,2.520658203125000000e+03,1.778452758789062500e+03,4.808936767578125000e+02,1.829724853515625000e+03,1.902176513671875000e+02
8.292211914062500000e+02,2.076091796875000000e+03,5.884737548828125000e+02,9.011326171875000000e+03,1.276998779296875000e+03,3.454993896484375000e+02,2.157900543212890625e+02,2.837707519531250000e+01,3.857915527343750000e+03,1.696822021484375000e+03,5.132296752929687500e+02,1.209936523437500000e+03,1.078807617187500000e+03,1.270081176757812500e+03,1.732189453125000000e+03,2.043144165039062500e+03,5.055939941406250000e+02,2.019059448242187500e+02,7.121548461914062500e+02,3.403753417968750000e+03,3.218443359375000000e+03,2.324158935546875000e+03,4.494191284179687500e+02,2.217082519531250000e+03,2.251773834228515625e+02,8.121824951171875000e+02,4.593343505859375000e+02,5.541401367187500000e+02,2.190676757812500000e+03,1.993636474609375000e+02,7.375394042968750000e+03,3.883822265625000000e+03,4.246064147949218750e+02,2.163520996093750000e+03,9.004857177734375000e+02,1.027283813476562500e+03,4.057728027343750000e+03,3.571305541992187500e+02,1.338563232421875000e+03,4.109057617187500000e+02,1.888653320312500000e+03,4.030711914062500000e+03,7.130946044921875000e+02,3.109863891601562500e+02,1.705338134765625000e+03,1.168709594726562500e+03,4.635237121582031250e+02,1.257076538085937500e+03,1.861351928710937500e+02
6.828879394531250000e+02,1.804214965820312500e+03,5.595087280273437500e+02,6.991021484375000000e+03,1.074173339843750000e+03,3.232761840820312500e+02,2.316423187255859375e+02,2.690264892578125000e+01,3.538553710937500000e+03,1.357017822265625000e+03,8.475089111328125000e+02,8.218161621093750000e+02,1.057022827148437500e+03,7.319577026367187500e+02,6.005253906250000000e+02,2.888897460937500000e+03,8.142523193359375000e+02,2.160731811523437500e+02,6.045553588867187500e+02,2.352218750000000000e+03,2.092226318359375000e+03,1.598669921875000000e+03,3.870307617187500000e+02,1.300370849609375000e+03,4.758916320800781250e+02,1.775778503417968750e+02,3.362155761718750000e+02,2.591461791992187500e+02,1.822635375976562500e+03,1.893833618164062500e+02,3.987089843750000000e+03,2.671067382812500000e+03,6.056026611328125000e+02,2.278922607421875000e+03,2.790571289062500000e+02,5.218679199218750000e+02,3.573535644531250000e+03,2.265097656250000000e+02,7.871079101562500000e+02,5.190092773437500000e+02,1.958948242187500000e+03,3.830952636718750000e+03,3.830897216796875000e+02,2.131092224121093750e+02,1.845650512695312500e+03,1.025623901367187500e+03,5.171953735351562500e+02,7.841900634765625000e+02,2.973964233398437500e+02
6.356641845703125000e+02,1.718464111328125000e+03,7.705658569335937500e+02,7.686136718750000000e+03,1.165037109375000000e+03,3.640516357421875000e+02,2.084750213623046875e+02,7.190856933593750000e-01,3.415363769531250000e+03,1.411975341796875000e+03,6.065018310546875000e+02,5.406259765625000000e+02,9.807081298828125000e+02,6.756805419921875000e+02,9.944287109375000000e+01,2.139809326171875000e+03,8.378568115234375000e+02,3.132316284179687500e+02,6.187944946289062500e+02,1.802446044921875000e+03,4.041584716796875000e+03,1.293773925781250000e+03,5.808132934570312500e+02,1.245366943359375000e+03,4.523822021484375000e+02,1.486976928710937500e+02,3.182465820312500000e+02,3.077481689453125000e+02,1.833611694335937500e+03,2.007117309570312500e+02,3.923874023437500000e+03,1.815060058593750000e+03,2.498171539306640625e+02,2.404762695312500000e+03,3.663210449218750000e+02,5.309716796875000000e+02,3.248867431640625000e+03,2.773182067871093750e+02,1.116747680664062500e+03,1.994491424560546875e+02,1.629839233398437500e+03,3.742939453125000000e+03,2.344760742187500000e+02,1.354693145751953125e+02,1.576541503906250000e+03,6.477880859375000000e+02,4.791961364746093750e+02,9.165039062500000000e+02,2.960501098632812500e+02
7.526428222656250000e+02,2.571723144531250000e+03,6.345126342773437500e+02,1.007485839843750000e+04,1.089930053710937500e+03,2.922346801757812500e+02,2.043815307617187500e+02,4.036102294921875000e+00,3.364637695312500000e+03,2.090544677734375000e+03,4.651953125000000000e+02,4.929479980468750000e+02,1.296364257812500000e+03,7.576835937500000000e+02,1.583192138671875000e+02,1.590093627929687500e+03,4.622762451171875000e+02,2.616453247070312500e+02,7.222575073242187500e+02,1.935013793945312500e+03,4.464102539062500000e+03,1.163132568359375000e+03,4.786064453125000000e+02,1.073756958007812500e+03,3.030255737304687500e+02,1.148541870117187500e+03,3.332078857421875000e+02,2.160288391113281250e+02,1.806020996093750000e+03,2.007548828125000000e+02,6.399688476562500000e+03,5.655782714843750000e+03,4.781920776367187500e+02,2.566469726562500000e+03,3.254228515625000000e+02,1.451518798828125000e+03,4.804954101562500000e+03,2.468522644042968750e+02,2.126191894531250000e+03,8.954604492187500000e+02,2.561971679687500000e+03,4.012278808593750000e+03,2.980516357421875000e+02,1.493871765136718750e+02,2.191110839843750000e+03,1.186506958007812500e+03,4.594592895507812500e+02,9.149547119140625000e+02,1.628380432128906250e+02
8.011162109375000000e+02,1.943122680664062500e+03,6.340682983398437500e+02,7.128445800781250000e+03,1.080077270507812500e+03,2.510250244140625000e+02,2.261589202880859375e+02,6.537643432617187500e+00,3.404400878906250000e+03,1.410660888671875000e+03,4.893768615722656250e+02,9.067807617187500000e+02,1.053646118164062500e+03,8.462053222656250000e+02,4.916221923828125000e+02,2.510588867187500000e+03,6.872612304687500000e+02,2.689785461425781250e+02,5.620724487304687500e+02,3.532155029296875000e+03,2.072247802734375000e+03,2.328362548828125000e+03,4.591309814453125000e+02,1.453739501953125000e+03,3.318647460937500000e+02,3.439405212402343750e+02,3.186737670898437500e+02,5.540054931640625000e+02,1.777662475585937500e+03,1.781241455078125000e+02,7.726490234375000000e+03,2.462410400390625000e+03,4.156170654296875000e+02,2.229852539062500000e+03,3.531921386718750000e+02,6.773767700195312500e+02,3.561432128906250000e+03,3.769597778320312500e+02,1.128411743164062500e+03,3.141172790527343750e+02,1.996882446289062500e+03,3.744329589843750000e+03,6.851354980468750000e+02,6.562382202148437500e+02,1.646107055664062500e+03,7.320430908203125000e+02,4.603940124511718750e+02,1.185928466796875000e+03,1.426207275390625000e+02
8.345904541015625000e+02,1.893069335937500000e+03,7.248338623046875000e+02,9.227207031250000000e+03,1.202136718750000000e+03,3.389912109375000000e+02,2.434204254150390625e+02,2.862397766113281250e+01,4.028000488281250000e+03,1.440200439453125000e+03,6.929339599609375000e+02,1.617322021484375000e+03,1.116303588867187500e+03,6.601600341796875000e+02,7.008221435546875000e+02,2.443257080078125000e+03,1.217690185546875000e+03,3.508399047851562500e+02,7.238406982421875000e+02,2.860838378906250000e+03,2.093454101562500000e+03,2.028220581054687500e+03,6.600306396484375000e+02,2.002513183593750000e+03,8.575415039062500000e+02,5.346656494140625000e+02,4.309140014648437500e+02,2.777846679687500000e+02,1.826704467773437500e+03,2.051325073242187500e+02,4.409654296875000000e+03,2.131823486328125000e+03,7.833843383789062500e+02,2.576816406250000000e+03,4.324903564453125000e+02,4.983361206054687500e+02,3.333154541015625000e+03,2.592846679687500000e+02,3.015476318359375000e+03,5.814353637695312500e+02,2.112002441406250000e+03,3.872006835937500000e+03,4.975779418945312500e+02,3.113906555175781250e+02,1.889247192382812500e+03,9.406455078125000000e+02,4.891780090332031250e+02,1.088157226562500000e+03,2.273167266845703125e+02
7.806286621093750000e+02,2.150596923828125000e+03,6.429966430664062500e+02,1.005838085937500000e+04,1.193809692382812500e+03,3.043836059570312500e+02,2.431039123535156250e+02,6.502804565429687500e+01,4.332638671875000000e+03,2.208704833984375000e+03,6.978977050781250000e+02,9.637407226562500000e+02,1.003394897460937500e+03,9.538552856445312500e+02,1.565495605468750000e+02,2.130960449218750000e+03,5.931560058593750000e+02,2.460919189453125000e+02,8.608801879882812500e+02,2.890158935546875000e+03,5.627293945312500000e+03,1.767582763671875000e+03,6.906496582031250000e+02,1.203304931640625000e+03,5.326432495117187500e+02,9.616603393554687500e+02,4.780301513671875000e+02,2.203296508789062500e+02,1.990827270507812500e+03,2.192840576171875000e+02,6.463814453125000000e+03,3.749063964843750000e+03,6.004230346679687500e+02,2.389167480468750000e+03,4.118272705078125000e+02,1.272917358398437500e+03,4.856766601562500000e+03,2.870796203613281250e+02,1.386286010742187500e+03,7.485284423828125000e+02,1.864148559570312500e+03,4.236333007812500000e+03,4.007795410156250000e+02,1.187594528198242188e+02,1.798031372070312500e+03,1.304473632812500000e+03,4.976792907714843750e+02,1.893982299804687500e+03,2.094332122802734375e+02
7.065209960937500000e+02,1.960722778320312500e+03,6.174383544921875000e+02,8.108493164062500000e+03,1.083920654296875000e+03,3.409231567382812500e+02,2.172678680419921875e+02,4.624581909179687500e+01,3.585752441406250000e+03,1.586825073242187500e+03,6.209302368164062500e+02,8.185932617187500000e+02,9.156940917968750000e+02,1.159133178710937500e+03,2.105656127929687500e+02,2.040438842773437500e+03,4.850616455078125000e+02,2.345903015136718750e+02,6.479230346679687500e+02,3.023292480468750000e+03,3.209265380859375000e+03,2.268396972656250000e+03,5.873933715820312500e+02,1.215875244140625000e+03,4.553663330078125000e+02,4.493742675781250000e+02,3.765245971679687500e+02,5.498944091796875000e+02,1.860799560546875000e+03,1.850220336914062500e+02,7.132291503906250000e+03,2.121973144531250000e+03,5.626140136718750000e+02,2.163930664062500000e+03,3.738520507812500000e+02,8.729118041992187500e+02,3.972984375000000000e+03,3.880092773437500000e+02,9.977640380859375000e+02,4.550852050781250000e+02,1.440441894531250000e+03,3.781474609375000000e+03,5.616559448242187500e+02,3.465376586914062500e+02,1.471029418945312500e+03,9.117678222656250000e+02,4.584908447265625000e+02,1.274599853515625000e+03,2.448042907714843750e+02
7.121933593750000000e+02,1.762142700195312500e+03,5.966211547851562500e+02,6.911343750000000000e+03,1.249519775390625000e+03,2.907975463867187500e+02,2.929932250976562500e+02,1.205151367187500000e+01,3.507680664062500000e+03,1.335480957031250000e+03,7.805744018554687500e+02,1.467157226562500000e+03,9.928709716796875000e+02,5.866234130859375000e+02,5.432727050781250000e+02,2.956606933593750000e+03,7.166306152343750000e+02,1.921775817871093750e+02,5.173325195312500000e+02,2.473794189453125000e+03,2.122450439453125000e+03,1.513787597656250000e+03,5.063616943359375000e+02,1.161056152343750000e+03,4.509805908203125000e+02,3.425489196777343750e+02,3.198734130859375000e+02,1.961592407226562500e+02,1.768724609375000000e+03,1.883895263671875000e+02,4.016525878906250000e+03,1.278472412109375000e+03,3.373016662597656250e+02,2.261215576171875000e+03,3.923856201171875000e+02,5.272073974609375000e+02,3.499897216796875000e+03,2.301153564453125000e+02,7.391206054687500000e+02,3.776780395507812500e+02,1.797447998046875000e+03,3.750037109375000000e+03,3.443670043945312500e+02,1.146470947265625000e+02,1.796514160156250000e+03,8.527978515625000000e+02,4.656930847167968750e+02,7.891115722656250000e+02,3.008925170898437500e+02
7.108433837890625000e+02,1.708568237304687500e+03,5.856293945312500000e+02,7.791746093750000000e+03,1.149703979492187500e+03,2.922183837890625000e+02,2.425021362304687500e+02,-2.233033752441406250e+01,3.503682617187500000e+03,1.383708007812500000e+03,5.306627807617187500e+02,1.515780029296875000e+03,9.435162353515625000e+02,7.266751708984375000e+02,1.627164306640625000e+02,2.060641845703125000e+03,7.618872070312500000e+02,2.375661010742187500e+02,5.413471679687500000e+02,1.785899169921875000e+03,3.689142333984375000e+03,1.384882080078125000e+03,5.572355346679687500e+02,1.035416870117187500e+03,3.766893310546875000e+02,1.534754028320312500e+02,3.398895874023437500e+02,1.748572082519531250e+02,1.727077758789062500e+03,2.079724731445312500e+02,3.849558105468750000e+03,1.212576660156250000e+03,5.929237060546875000e+02,2.421598144531250000e+03,3.121820068359375000e+02,4.766684570312500000e+02,3.304262207031250000e+03,2.786634521484375000e+02,2.757412353515625000e+03,3.752047119140625000e+02,1.679418579101562500e+03,3.701655761718750000e+03,2.421425781250000000e+02,9.981777954101562500e+01,1.505469238281250000e+03,6.608032226562500000e+02,5.226343994140625000e+02,1.012523559570312500e+03,3.348819580078125000e+02
